Taxon	Genus	Species	Subunit	Subunit Value	ID	TaxonOriginal	Ic	FN	KP	SF	UN	YG	Tm	AO	Kh	YK	CW	WI	CS	CE	AW	AN	CC	HL	EP	GW	GE	A	B	C	D	E	N
	LYCOPODIACEAE				1	LYCOPODIACEAE																											
	Lycopodium				101	Lycopodium																											
L. annotinum subsp. annotinum	Lycopodium	annotinum	subsp.	annotinum	010101a	L. annotinum subsp. annotinum	b	r	r	-	-	r	r	-	-	-	-	-	r	-	s	r	r	r	-	r	r	-	-	-	-	R	F
L. annotinum subsp. alpestre	Lycopodium	annotinum	subsp.	alpestre	010101b	L. annotinum subsp. alpestre	f	f	s	-	s	r	r	r	r	r	s	-	f	f	s	s	r	s	-	f	f	-	-	R	F	F	S
L. clavatum subsp. clavatum	Lycopodium	clavatum	subsp.	clavatum	010102a	L. clavatum subsp. clavatum	-	-	r	-	-	b	-	-	-	-	-	-	-	-	-	-	-	r	-	-	-	-	-	-	-	R	S
L. clavatum subsp. monostachyon	Lycopodium	clavatum	subsp.	monostachyon	010102b	L. clavatum subsp. monostachyon	-	s	s	-	r	r	r	-	-	-	-	-	r	s	s	r	-	r	-	r	r	-	-	-	-	S	F
L. dendroideum	Lycopodium	dendroideum			10103	L. dendroideum	-	-	-	-	-	-	-	-	-	-	-	-	-	-	r	-	-	r	-	-	-	-	-	-	-	R	F
	Diphasiastrum				102	Diphasiastrum																											
D. complanatum subsp. complanatum	Diphasiastrum	complanatum	subsp.	complanatum	010201a	D. complanatum subsp. complanatum	-	r	r	-	-	-	r	-	-	-	-	-	-	-	r	r	r	r	-	-	-	-	-	-	-	R	F
D. complanatum subsp. montellii	Diphasiastrum	complanatum	subsp.	montellii	010201b	D. complanatum subsp. montellii	-	r	r	-	-	-	-	-	-	-	-	-	-	-	s	f	X	X	-	s	-	-	-	?	R	R	F
D. sitchense	Diphasiastrum	sitchense			10202	D. sitchense	-	-	-	-	-	-	-	-	-	-	-	-	-	-	-	-	-	r	-	?	-	-	-	-	-	R	S
D. alpinum	Diphasiastrum	alpinum			10203	D. alpinum	f	f	f	-	f	s	r	-	-	-	-	-	f	r	f	r	-	r	-	f	f	-	-	R	F	F	F
	Huperzia				103	Huperzia																											
H. selago	Huperzia	selago			10301	H. selago	r	-	r	-	r	-	-	-	-	-	-	-	-	-	-	-	r	r	-	r	r	-	-	-	-	R	F
H. appressa	Huperzia	appressa			10302	H. appressa	f	f	s	-	s	r	r	-	-	-	-	-	-	-	-	-	-	r	-	f	f	-	R	F	F	F	F
H. arctica	Huperzia	arctica			10303	H. arctica	-	-	r	s	r	r	s	s	s	r	f	r	s	?	?	?	s	r	r	f	f	-	S	F	F	F	S
H. haleakalae	Huperzia	haleakalae			10304	H. haleakalae	-	-	-	-	-	-	-	-	-	-	-	-	?	?	r	r	?	-	-	-	-	-	-	-	?	S	F
H. miyoshiana	Huperzia	miyoshiana			10305	H. miyoshiana	-	-	-	-	-	-	-	-	-	-	-	-	-	-	b	-	-	-	-	-	-	-	-	-	-	b	S
	SELAGINELLACEAE				2	SELAGINELLACEAE																											
	Selaginella				201	Selaginella																											
S. selaginoides	Selaginella	selaginoides			20101	S. selaginoides	f	s	s	-	r	-	r	r	-	-	-	-	-	r	r	r	b	r	-	s	s	-	-	-	R	F	F
S. sibirica	Selaginella	sibirica			20102	S. sibirica	-	-	-	-	-	-	-	?	r	r	f	s	f	s	s	f	r	-	-	-	-	-	-	-	R	F	F
S. rupestris	Selaginella	rupestris			20103	S. rupestris	-	-	-	-	-	-	-	-	-	-	-	-	-	-	-	-	-	-	-	r	-	-	-	-	-	R	S
	ISOETACEAE				3	ISOETACEAE																											
	Isoetes				301	Isoetes																											
I. lacustris	Isoetes	lacustris			30101	I. lacustris	-	r	-	-	-	-	-	-	-	-	-	-	-	-	-	-	-	-	-	r	-	-	-	-	-	R	F
I. echinospora	Isoetes	echinospora			30102	I. echinospora	s	-	-	-	-	-	-	-	-	-	-	-	-	-	-	-	-	-	-	-	-	-	-	-	-	R	F
I. muricata	Isoetes	muricata			30103	I. muricata	-	-	-	-	-	-	-	-	-	-	-	-	-	-	r	-	-	r	-	s	r	-	-	-	-	R	F
	EQUISETACEAE				4	EQUISETACEAE																											
	Equisetum				401	Equisetum																											
E. fluviatile	Equisetum	fluviatile			40101	E. fluviatile	f	f	s	-	r	r	r	-	r	r	r	-	s	r	s	s	r	s	-	-	-	-	-	-	?	F	F
E. palustre	Equisetum	palustre			40102	E. palustre	f	s	s	-	r	-	r	r	s	-	r	-	-	f	r	s	r	r	-	-	-	-	-	-	?	S	F
E. pratense	Equisetum	pratense			40103	E. pratense	f	s	s	-	s	r	r	-	-	-	r	-	f	f	s	s	-	r	-	-	-	-	-	-	?	S	F
E. sylvaticum	Equisetum	sylvaticum			40104	E. sylvaticum	r	f	s	-	?	r	r	-	-	-	-	-	s	r	s	-	r	r	-	s	-	-	-	-	R	S	F
E. arvense subsp. arvense	Equisetum	arvense	subsp.	arvense	040105a	E. arvense subsp. arvense	s	f	r	**	r	r	r	-	-	-	-	-	-	-	-	-	?	s	-	s	s	-	-	-	?	F	F
E. arvense subsp. alpestre	Equisetum	arvense	subsp.	alpestre	040105b	E. arvense subsp. alpestre	f	s	f	f	f	s	s	s	s	r	f	f	f	f	f	s	s	f	s	f	f	R	F	F	F	R	R
E. hyemale subsp. hyemale	Equisetum	hyemale	subsp.	hyemale	040106a	E. hyemale subsp. hyemale	f	r	-	-	-	-	-	-	-	-	-	-	-	-	-	-	-	-	-	-	r	-	-	-	-	R	F
E. hyemale subsp. affine	Equisetum	hyemale	subsp.	affine	040106b	E. hyemale subsp. affine	-	-	-	-	-	-	-	-	-	-	-	-	-	-	b	b	-	-	-	-	-	-	-	-	-	b	S
E. x mackaii	Equisetum	x	mackaii		40107	E. x mackaii	r	-	-	-	-	-	-	-	-	-	-	-	-	-	-	-	-	-	-	X	-	-	-	-	?	R	F
E. variegatum subsp. variegatum	Equisetum	variegatum	subsp.	variegatum	040108a	E. variegatum subsp. variegatum	f	s	s	f	f	r	s	r	s	r	r	f	f	f	s	f	f	f	f	f	f	R	F	F	F	F	F
E. variegatum subsp. alaskanum	Equisetum	variegatum	subsp.	alaskanum	040108b	E. variegatum subsp. alaskanum	-	-	-	-	-	-	-	-	-	-	-	-	-	-	b	-	-	-	-	-	-	-	-	-	-	b	F
E. scirpoides	Equisetum	scirpoides			40109	E. scirpoides	-	r	s	s	s	r	r	?	r	r	r	s	f	f	s	f	s	s	-	s	-	-	-	F	F	F	F
	OPHIOGLOSSACEAE				5	OPHIOGLOSSACEAE																											
	Botrychium				501	Botrychium																											
B. virginianum	Botrychium	virginianum			50101	B. virginianum	-	-	-	-	-	-	-	-	-	-	-	-	-	-	-	-	-	b	-	-	-	-	-	-	-	b	S
B. multifidum (subsp. multifidum)	Botrychium	multifidum	(subsp.	multifidum)	50102	B. multifidum (subsp. multifidum)	-	-	-	-	-	b	-	-	-	-	-	-	-	-	-	-	-	r	-	r	-	-	-	-	-	R	S
B. lanceolatum (subsp. lanceolatum)	Botrychium	lanceolatum	(subsp.	lanceolatum)	50103	B. lanceolatum (subsp. lanceolatum)	s	-	-	-	-	-	-	-	-	-	-	-	-	r	r	-	-	r	-	s	r	-	-	?	R	R	S
B. boreale	Botrychium	boreale			50104	B. boreale	r	r	r	r	?	r	r	-	-	-	r	-	-	-	-	-	-	-	-	s	r	-	-	R	S	F	F
B. pinnatum	Botrychium	pinnatum			50105	B. pinnatum	-	-	-	-	-	-	-	-	-	-	-	-	-	r	r	b	-	-	-	-	-	-	-	-	-	R	F
B. lunaria	Botrychium	lunaria			50106	B. lunaria	f	s	s	?	r	-	r	b	-	r	s	-	-	s	r	r	-	r	-	f	f	-	-	R	F	F	F
B. minganense	Botrychium	minganense			50107	B. minganense	?	-	-	-	-	-	-	-	-	-	-	-	-	r	s	r	-	r	-	?	-	-	-	-	-	R	S
B. ascendens	Botrychium	ascendens			50108	B. ascendens	-	-	-	-	-	-	-	-	-	-	-	-	-	-	-	-	b	-	-	-	-	-	-	-	-	b	R
B. simplex	Botrychium	simplex			50109	B. simplex	-	-	-	-	-	-	-	-	-	-	-	-	-	-	-	-	-	-	-	r	r	-	-	-	-	R	R
	Ophioglossum				502	Ophioglossum																											
O. azoricum	Ophioglossum	azoricum			50201	O. azoricum	-	-	-	-	-	-	-	-	-	-	-	-	-	-	-	-	-	-	-	-	r	-	-	-	R	-	R
	ADIANTACEAE				6	ADIANTACEAE																											
	Cryptogramma				601	Cryptogramma																											
C. stelleri	Cryptogramma	stelleri			60101	C. stelleri	-	-	r	-	r	-	r	r	r	-	-	-	-	r	r	r	-	b	-	-	-	-	-	-	-	R	S
C. acrostichoides	Cryptogramma	acrostichoides			60102	C. acrostichoides	-	-	-	-	-	-	-	-	-	-	-	-	-	-	?	-	r	-	-	-	-	-	-	-	-	R	F
C. sitchensis	Cryptogramma	sitchensis			60103	C. sitchensis	-	-	-	-	-	-	-	-	-	-	-	-	-	-	r	-	-	-	-	-	-	-	-	-	-	R	F
C. crispa	Cryptogramma	crispa			60104	C. crispa	r	s	-	-	-	-	-	-	-	-	-	-	-	-	-	-	-	-	-	-	-	-	-	-	-	R	F
	THELYPTERIDACEAE				7	THELYPTERIDACEAE																											
	Phegopteris				701	Phegopteris																											
P. connectilis	Phegopteris	connectilis			70101	P. connectilis	s	s	-	-	-	-	-	-	-	-	-	-	-	r	s	-	-	r	-	s	s	-	-	-	-	R	F
	ASPLENIACEAE				8	ASPLENIACEAE																											
	Asplenium				801	Asplenium																											
A. viride	Asplenium	viride			80101	A. viride	-	r	-	-	?	-	r	-	-	-	-	-	-	-	r	-	-	b	-	s	r	-	-	-	R	R	F
A. septentrionale	Asplenium	septentrionale			80102	A. septentrionale	b	-	-	-	-	-	-	-	-	-	-	-	-	-	-	-	-	-	-	-	-	-	-	-	-	b	S
	WOODSIACEAE				9	WOODSIACEAE																											
	Matteuccia				901	Matteuccia																											
M. struthiopteris (subsp. struthiopteris)	Matteuccia	struthiopteris	(subsp.	struthiopteris)	90101	M. struthiopteris (subsp. struthiopteris)	-	-	-	-	-	-	b	-	-	-	-	-	-	-	-	-	-	-	-	-	-	-	-	-	-	b	F
	Athyrium				902	Athyrium																											
A. filix-femina subsp. filix-femina	Athyrium	filix-femina	subsp.	filix-femina	090201a	A. filix-femina subsp. filix-femina	r	s	r	-	-	-	-	-	-	-	-	-	-	-	-	-	-	-	-	-	-	-	-	-	-	R	F
A. filix-femina subsp. cyclosorum	Athyrium	filix-femina	subsp.	cyclosorum	090201b	A. filix-femina subsp. cyclosorum	-	-	-	-	-	-	-	-	-	-	-	-	r	r	s	-	-	r	-	-	-	-	-	-	-	R	F
A. filix-femina subsp. angustum	Athyrium	filix-femina	subsp.	angustum	090201c	A. filix-femina subsp. angustum	-	-	-	-	-	-	-	-	-	-	-	-	-	-	-	-	-	r	-	r	-	-	-	-	-	R	F
A. distentifolium subsp. distentifolium	Athyrium	distentifolium	subsp.	distentifolium	090202a	A. distentifolium subsp. distentifolium	s	f	b	-	-	-	-	-	-	-	-	-	-	-	-	-	-	-	-	-	-	-	-	-	?	S	F
A. distentifolium subsp. americanum	Athyrium	distentifolium	subsp.	americanum	090202b	A. distentifolium subsp. americanum	-	-	-	-	-	-	-	-	-	-	-	-	-	-	-	-	-	-	-	r	r	-	-	-	?	S	F
	Diplazium				903	Diplazium																											
D. sibiricum	Diplazium	sibiricum			90301	D. sibiricum	-	-	-	-	-	-	r	-	-	-	-	-	-	-	-	-	-	-	-	-	-	-	-	-	-	R	S
	Gymnocarpium				904	Gymnocarpium																											
G. dryopteris	Gymnocarpium	dryopteris			90401	G. dryopteris	f	s	r	-	-	r	r	-	-	-	-	-	-	r	s	r	-	r	-	s	s	-	-	-	R	F	F
G. continentale	Gymnocarpium	continentale			90402	G. continentale	-	-	-	-	-	-	b	-	r	-	r	-	r	-	r	?	-	r	-	-	-	-	-	-	-	R	F
G. x intermedium	Gymnocarpium	x	intermedium		90403	G. x intermedium	-	-	-	-	-	-	-	-	-	-	-	-	-	r	r	r	-	-	-	-	-	-	-	-	-	R	R
	Cystopteris				905	Cystopteris																											
C. fragilis	Cystopteris	fragilis			90501	C. fragilis	f	f	r	s	s	r	s	s	s	r	f	r	f	f	f	f	f	f	s	f	f	-	R	F	F	F	F
C. alpina	Cystopteris	alpina			90502	C. alpina	-	r	-	-	-	-	-	-	-	-	-	-	-	-	-	-	-	-	-	-	-	-	-	-	-	R	R
C. montana	Cystopteris	montana			90503	C. montana	-	s	r	-	-	r	-	-	-	-	-	-	r	s	r	r	-	r	-	r	-	-	-	-	-	R	F
	Woodsia				906	Woodsia																											
W. ilvensis	Woodsia	ilvensis			90601	W. ilvensis	r	r	r	-	-	-	r	r	r	r	s	-	r	s	s	r	r	r	-	f	f	-	-	R	F	F	F
W. alpina	Woodsia	alpina			90602	W. alpina	b	-	-	-	?	-	-	-	r	-	r	-	r	?	r	s	r	s	r	s	s	-	R	R	F	F	F
W. glabella	Woodsia	glabella			90603	W. glabella	-	r	r	r	r	r	r	r	s	-	f	r	f	f	s	f	f	f	f	f	f	-	R	F	F	F	R
	DRYOPTERIDACEAE				10	DRYOPTERIDACEAE																											
	Dryopteris				1001	Dryopteris																											
D. expansa	Dryopteris	expansa			100101	D. expansa	s	f	s	-	-	b	r	-	-	-	r	-	-	r	s	r	-	r	-	s	r	-	-	-	R	F	F
D. carthusiana	Dryopteris	carthusiana			100102	D. carthusiana	-	-	-	-	-	-	-	-	-	-	-	-	-	-	-	-	-	r	-	-	-	-	-	-	-	R	S
D. marginalis	Dryopteris	marginalis			100103	D. marginalis	-	-	-	-	-	-	-	-	-	-	-	-	-	-	-	-	-	-	-	r	r	-	-	-	-	R	R
D. filix-mas	Dryopteris	filix-mas			100104	D. filix-mas	r	r	-	-	-	-	-	-	-	-	-	-	-	-	-	-	-	-	-	s	r	-	-	-	-	R	F
D. fragrans	Dryopteris	fragrans			100105	D. fragrans	-	-	-	-	s	r	s	r	s	r	f	-	f	f	f	f	f	f	s	s	r	-	R	F	F	F	F
	Polystichum				1002	Polystichum																											
P. lonchitis	Polystichum	lonchitis			100201	P. lonchitis	f	s	-	-	-	-	-	-	-	-	-	-	-	-	-	-	-	r	-	s	s	-	-	-	R	F	F
	POLYPODIACEAE				11	POLYPODIACEAE																											
	Polypodium				1101	Polypodium																											
P. sibiricum	Polypodium	sibiricum			110101	P. sibiricum	-	-	-	-	-	-	-	-	-	-	-	-	-	-	r	r	r	r	-	r	-	-	-	-	-	R	F
P. vulgare	Polypodium	vulgare			110102	P. vulgare	s	r	-	-	-	-	-	-	-	-	-	-	-	-	-	-	-	-	-	-	-	-	-	-	-	R	F
	BLECHNACEAE				12	BLECHNACEAE																											
	Blechnum				1201	Blechnum																											
B. spicant	Blechnum	spicant			120101	B. spicant	s	-	-	-	-	-	-	-	-	-	-	-	-	-	-	-	-	-	-	-	-	-	-	-	-	R	F
	PINACEAE				13	PINACEAE																											
	Abies				1301	Abies																											
A. balsamea	Abies	balsamea			130101	A. balsamea	-	-	-	-	-	-	-	-	-	-	-	-	-	-	-	-	-	b	-	-	-	-	-	-	-	b	F
	Picea				1302	Picea																											
P. abies subsp. abies	Picea	abies	subsp.	abies	130201a	P. abies subsp. abies	-	b	s	-	?	-	-	-	-	-	-	-	-	-	-	-	-	-	-	-	-	-	-	-	-	S	F
P. abies subsp. obovata	Picea	abies	subsp.	obovata	130201b	P. abies subsp. obovata	-	-	-	-	r	r	r	-	-	-	-	-	-	-	-	-	-	-	-	-	-	-	-	-	-	S	F
P. glauca	Picea	glauca			130202	P. glauca	-	-	-	-	-	-	-	-	-	-	-	-	-	-	r	r	r	s	-	-	-	-	-	-	-	R	F
P. mariana	Picea	mariana			130203	P. mariana	-	-	-	-	-	-	-	-	-	-	-	-	-	-	r	r	r	s	-	-	-	-	-	-	-	R	F
	Larix				1303	Larix																											
L. sibirica	Larix	sibirica			130301	L. sibirica	-	-	s	-	s	s	?	-	-	-	-	-	-	-	-	-	-	-	-	-	-	-	-	-	-	S	F
L. dahurica	Larix	dahurica			130302	L. dahurica	-	-	-	-	-	?	s	-	-	-	-	-	-	-	-	-	-	-	-	-	-	-	-	-	-	S	F
L. cajanderi	Larix	cajanderi			130303	L. cajanderi	-	-	-	-	-	-	-	r	s	r	r	-	-	-	-	-	-	-	-	-	-	-	-	-	-	S	F
L. laricina	Larix	laricina			130304	L. laricina	-	-	-	-	-	-	-	-	-	-	-	-	-	-	b	r	r	r	-	-	-	-	-	-	-	R	F
	Pinus				1304	Pinus																											
P. sylvestris subsp. lapponica	Pinus	sylvestris	subsp.	lapponica	130401a	P. sylvestris subsp. lapponica	-	r	r	-	-	-	-	-	-	-	-	-	-	-	-	-	-	-	-	-	-	-	-	-	-	R	F
P. sibirica	Pinus	sibirica			130402	P. sibirica	-	-	-	-	r	r	r	-	-	-	-	-	-	-	-	-	-	-	-	-	-	-	-	-	-	R	F
P. pumila	Pinus	pumila			130403	P. pumila	-	-	-	-	-	-	-	-	r	r	r	-	s	-	-	-	-	-	-	-	-	-	-	-	-	R	F
	CUPRESSACEAE				14	CUPRESSACEAE																											
	Juniperus				1401	Juniperus																											
J. communis subsp. communis	Juniperus	communis	subsp.	communis	140101a	J. communis subsp. communis	?	r	-	-	-	r	b	-	-	-	-	-	-	-	-	-	-	-	-	-	-	-	-	-	-	R	F
J. communis subsp. nana	Juniperus	communis	subsp.	nana	140101b	J. communis subsp. nana	f	f	r	-	s	r	b	-	r	b	s	-	-	-	-	-	-	-	-	s	s	-	-	-	R	F	F
J. communis subsp. depressa	Juniperus	communis	subsp.	depressa	140101c	J. communis subsp. depressa	-	-	-	-	-	-	-	-	-	-	-	-	-	-	r	s	r	s	-	-	-	-	-	-	-	S	F
J. horizontalis	Juniperus	horizontalis			140102	J. horizontalis	-	-	-	-	-	-	-	-	-	-	-	-	-	-	-	-	r	r	-	-	-	-	-	-	-	R	F
	NYMPHAEACEAE				15	NYMPHAEACEAE																											
	Nuphar				1501	Nuphar																											
N. pumila	Nuphar	pumila			150101	N. pumila	-	-	r	-	b	-	-	-	-	-	-	-	-	-	-	-	-	-	-	-	-	-	-	-	-	R	F
N. polysepala	Nuphar	polysepala			150102	N. polysepala	-	-	-	-	-	-	-	-	-	-	-	-	-	-	r	r	r	-	-	-	-	-	-	-	-	R	F
N. variegata	Nuphar	variegata			150103	N. variegata	-	-	-	-	-	-	-	-	-	-	-	-	-	-	-	-	b	b	-	-	-	-	-	-	-	b	F
	Nymphaea				1502	Nymphaea																											
N. tetragona	Nymphaea	tetragona			150201	N. tetragona	-	-	-	-	b	-	-	-	-	-	-	-	-	-	-	-	-	-	-	-	-	-	-	-	-	b	F
N. leibergii	Nymphaea	leibergii			150202	N. leibergii	-	-	-	-	-	-	-	-	-	-	-	-	-	-	-	-	-	b	-	-	-	-	-	-	-	b	F
	ARACEAE				16	ARACEAE																											
	Calla				1601	Calla																											
C. palustris	Calla	palustris			160101	C. palustris	-	-	-	-	-	-	-	-	-	-	-	-	-	-	r	r	r	-	-	-	-	-	-	-	-	R	F
	Lemna				1602	Lemna																											
L. minor	Lemna	minor			160201	L. minor	-	-	r	-	r	-	-	-	-	-	-	-	-	-	-	-	-	-	-	-	-	-	-	-	-	R	F
L. turionifera	Lemna	turionifera			160202	L. turionifera	-	-	-	-	-	-	-	-	-	-	-	-	-	-	-	-	-	r	-	-	-	-	-	-	-	R	S
L. trisulca	Lemna	trisulca			160203	L. trisulca	-	-	s	-	r	-	r	-	-	r	-	-	-	-	r	r	r	r	-	-	-	-	-	-	-	R	S
	TOFIELDIACEAE				17	TOFIELDIACEAE																											
	Tofieldia				1701	Tofieldia																											
T. pusilla	Tofieldia	pusilla			170101	T. pusilla	f	f	f	r	s	r	r	r	f	r	s	-	s	-	s	f	f	f	-	f	f	-	-	R	F	F	F
T. coccinea	Tofieldia	coccinea			170102	T. coccinea	-	-	-	-	s	f	f	f	f	s	s	-	f	f	f	f	s	s	r	s	s	-	-	R	S	F	F
	Triantha				1702	Triantha																											
T. glutinosa	Triantha	glutinosa			170201	T. glutinosa	-	-	-	-	-	-	-	-	-	-	-	-	-	-	-	-	r	r	-	-	-	-	-	-	-	R	F
	BUTOMACEAE				18	BUTOMACEAE																											
	Butomus				1801	Butomus																											
B. umbellatus	Butomus	umbellatus			180101	B. umbellatus	-	-	b	-	b	-	-	-	-	-	-	-	-	-	-	-	-	-	-	-	-	-	-	-	-	b	F
	ALISMATACEAE				19	ALISMATACEAE																											
	Alisma				1901	Alisma																											
A. plantago-aquatica	Alisma	plantago-aquatica			190101	A. plantago-aquatica	-	-	r	-	?	r	-	-	-	-	-	-	-	-	-	-	-	-	-	-	-	-	-	-	-	R	S
A. triviale	Alisma	triviale			190102	A. triviale	-	-	-	-	-	-	-	-	-	-	-	-	-	-	r	-	-	b	-	-	-	-	-	-	-	R	S
A. lanceolatum	Alisma	lanceolatum			190103	A. lanceolatum	-	-	-	-	-	b	-	-	-	-	-	-	-	-	-	-	-	-	-	-	-	-	-	-	-	b	S
	Sagittaria				1902	Sagittaria																											
S. cuneata	Sagittaria	cuneata			190201	S. cuneata	-	-	-	-	-	-	-	-	-	-	-	-	-	-	-	-	b	-	-	-	-	-	-	-	-	b	F
S. natans	Sagittaria	natans			190202	S. natans	-	-	-	-	-	b	-	-	-	-	-	-	-	-	-	-	-	-	-	-	-	-	-	-	-	b	F
	SCHEUCHZERIACEAE				20	SCHEUCHZERIACEAE																											
	Scheuchzeria				2001	Scheuchzeria																											
S. palustris subsp. americana	Scheuchzeria	palustris	subsp.	americana	200101a	S. palustris subsp. americana	-	-	-	-	-	-	-	-	-	-	-	-	-	-	-	-	-	b	-	-	-	-	-	-	-	b	F
	JUNCAGINACEAE				21	JUNCAGINACEAE																											
	Triglochin				2101	Triglochin																											
T. maritima	Triglochin	maritima			210101	T. maritima	r	s	s	-	-	-	r	-	-	-	?	-	-	?	r	r	r	s	-	-	-	-	-	-	-	S	F
T. palustris	Triglochin	palustris			210102	T. palustris	f	s	f	-	s	-	b	-	-	-	-	-	r	s	s	r	r	s	-	s	r	-	-	-	-	S	F
	RUPPIACEAE				22	RUPPIACEAE																											
	Ruppia				2201	Ruppia																											
R. maritima	Ruppia	maritima			220101	R. maritima	r	-	-	-	-	-	-	-	-	-	-	-	-	r	-	-	-	-	-	-	-	-	-	-	-	R	S
R. cirrhosa	Ruppia	cirrhosa			220102	R. cirrhosa	r	-	-	-	-	-	-	-	-	-	-	-	-	-	r	-	-	-	-	-	-	-	-	-	-	R	S
	ZOSTERACEAE				23	ZOSTERACEAE																											
	Zostera				2301	Zostera																											
Z. marina	Zostera	marina			230101	Z. marina	-	-	-	-	-	-	-	-	-	-	-	-	?	?	-	-	-	-	-	r	-	-	-	-	-	R	S
Z. angustifolia	Zostera	angustifolia			230102	Z. angustifolia	r	r	-	-	-	-	-	-	-	-	-	-	?	r	r	-	-	s	-	r	-	-	-	-	-	R	F
	POTAMOGETONACEAE				24	POTAMOGETONACEAE																											
	Potamogeton				2401	Potamogeton																											
P. natans	Potamogeton	natans			240101	P. natans	r	-	r	-	r	r	-	-	-	-	-	-	-	-	-	-	-	b	-	r	-	-	-	-	-	R	F
P. epihydrus	Potamogeton	epihydrus			240102	P. epihydrus	-	-	-	-	-	-	-	-	-	-	-	-	-	-	-	-	-	b	-	-	-	-	-	-	-	b	S
P. gramineus	Potamogeton	gramineus			240103	P. gramineus	s	r	s	-	r	r	r	-	-	r	-	-	-	-	r	r	r	r	-	s	-	-	-	-	-	S	F
P. alpinus subsp. alpinus	Potamogeton	alpinus	subsp.	alpinus	240104a	P. alpinus subsp. alpinus	f	r	s	-	r	?	?	?	?	?	-	-	-	-	-	-	-	-	-	-	-	-	-	-	-	S	F
P. alpinus subsp. tenuifolius	Potamogeton	alpinus	subsp.	tenuifolius	240104b	P. alpinus subsp. tenuifolius	-	-	-	-	-	r	r	r	r	-	s	-	s	s	r	r	r	r	-	s	-	-	-	-	-	S	F
P. perfoliatus subsp. perfoliatus	Potamogeton	perfoliatus	subsp.	perfoliatus	240105a	P. perfoliatus subsp. perfoliatus	r	b	s	-	s	r	r	-	-	r	-	-	-	-	-	-	-	-	-	-	r	-	-	-	-	S	F
P. perfoliatus subsp. richardsonii	Potamogeton	perfoliatus	subsp.	richardsonii	240105b	P. perfoliatus subsp. richardsonii	-	-	-	-	-	-	-	-	-	-	?	-	r	-	r	s	r	-	-	-	-	-	-	-	-	S	F
P. praelongus	Potamogeton	praelongus			240106	P. praelongus	s	r	r	-	r	r	r	-	-	r	r	-	-	-	r	r	r	r	-	-	r	-	-	-	-	R	F
P. lucens	Potamogeton	lucens			240107	P. lucens	-	-	b	-	-	b	-	-	-	-	-	-	-	-	-	-	-	-	-	-	-	-	-	-	-	b	S
P. robbinsii	Potamogeton	robbinsii			240108	P. robbinsii	-	-	-	-	-	-	-	-	-	-	-	-	-	-	-	-	r	-	-	-	-	-	-	-	-	R	R
P. compressus 	Potamogeton	compressus			240109	P. compressus 	-	-	b	-	-	-	-	-	-	-	-	-	-	-	-	-	-	-	-	-	-	-	-	-	-	b	S
P. zosteriformis	Potamogeton	zosteriformis			240110	P. zosteriformis	-	-	-	-	-	-	-	-	-	-	-	-	-	-	-	-	r	-	-	-	-	-	-	-	-	R	S
P. foliosus (subsp. foliosus)	Potamogeton	foliosus	(subsp.	foliosus)	240111	P. foliosus (subsp. foliosus)	-	-	-	-	-	-	-	-	-	-	-	-	-	-	-	-	-	b	-	-	-	-	-	-	-	b	S
P. friesii	Potamogeton	friesii			240112	P. friesii	-	-	r	-	r	-	r	-	-	r	-	-	-	-	-	r	r	-	-	-	-	-	-	-	-	R	S
P. sibiricus	Potamogeton	sibiricus			240113	P. sibiricus	-	-	-	-	-	-	-	-	-	b	-	-	-	-	-	-	-	-	-	-	-	-	-	-	-	b	R
P. subsibiricus	Potamogeton	subsibiricus			240114	P. subsibiricus	-	-	r	-	r	-	s	-	-	r	r	-	r	r	r	r	r	b	-	-	-	-	-	-	-	R	S
P. groenlandicus	Potamogeton	groenlandicus			240115	P. groenlandicus	-	-	-	-	-	-	-	-	-	-	-	-	-	-	-	-	-	-	-	s	r	-	-	-	-	R	-
P. pusillus	Potamogeton	pusillus			240116	P. pusillus	-	-	-	-	-	-	-	-	-	r	-	-	-	-	-	-	b	-	-	-	-	-	-	-	-	b	R
P. berchtoldii	Potamogeton	berchtoldii			240117	P. berchtoldii	r	r	r	-	r	-	-	-	-	r	r	-	r	s	r	r	r	r	-	-	-	-	-	-	-	R	F
	Stuckenia				2402	Stuckenia																											
S. pectinata	Stuckenia	pectinata			240201	S. pectinata	-	-	s	-	-	-	-	-	-	r	-	-	r	-	r	b	r	-	-	-	-	-	-	-	-	S	F
S. x bottnica	Stuckenia	x	bottnica		240202	S. x bottnica	-	-	r	-	-	-	-	-	-	-	-	-	-	-	-	-	-	-	-	-	-	-	-	-	-	R	S
S. vaginata	Stuckenia	vaginata			240203	S. vaginata	-	-	-	-	-	-	-	-	-	r	-	-	-	?	-	b	r	r	-	-	-	-	-	-	-	R	F
S. filiformis subsp. filiformis	Stuckenia	filiformis	subsp.	filiformis	240204a	S. filiformis subsp. filiformis	f	s	r	-	-	-	r	r	-	-	-	-	-	-	-	-	-	-	-	-	-	-	-	-	-	S	F
S. filiformis subsp. borealis	Stuckenia	filiformis	subsp.	borealis	240204b	S. filiformis subsp. borealis	-	-	-	-	-	-	-	-	-	-	r	-	-	r	r	r	s	s	-	s	s	-	-	-	-	S	F
S. filiformis subsp. occidentalis	Stuckenia	filiformis	subsp.	occidentalis	240204c	S. filiformis subsp. occidentalis	-	-	-	-	-	-	-	-	-	-	-	-	-	-	r	r	r	r	-	-	-	-	-	-	-	R	F
S. subretusa	Stuckenia	subretusa			240205	S. subretusa	-	-	r	-	-	-	r	-	-	r	r	-	r	-	s	s	r	-	-	-	-	-	-	-	-	S	F
	Zannichellia				2403	Zannichellia																											
Z. palustris	Zannichellia	palustris			240301	Z. palustris	b	-	-	-	-	-	-	-	-	-	-	-	-	-	r	-	-	r	-	-	-	-	-	-	-	R	F
	MELANTHIACEAE				25	MELANTHIACEAE																											
	Anticlea				2501	Anticlea																											
A. elegans	Anticlea	elegans			250101	A. elegans	-	-	-	-	-	-	-	-	-	-	-	-	-	-	s	f	r	-	-	-	-	-	-	-	R	F	F
A. sibirica	Anticlea	sibirica			250102	A. sibirica	-	-	-	-	-	-	r	r	s	-	-	-	-	-	-	-	-	-	-	-	-	-	-	-	-	R	F
	Veratrum				2502	Veratrum																											
V. album subsp. misae	Veratrum	album	subsp.	misae	250201a	V. album subsp. misae	-	f	f	-	s	s	r	r	r	r	r	-	s	r	-	-	-	-	-	-	-	-	-	-	R	F	F
V. oxysepalum	Veratrum	oxysepalum			250202	V. oxysepalum	-	-	-	-	-	-	-	-	f	r	s	-	-	r	r	b	-	-	-	-	-	-	-	-	-	S	S
V. viride subsp. eschscholtzii	Veratrum	viride	subsp.	eschscholtzii	250203a	V. viride subsp. eschscholtzii	-	-	-	-	-	-	-	-	-	-	-	-	-	-	b	-	-	-	-	-	-	-	-	-	-	b	F
	Paris				2503	Paris																											
P. quadrifolia	Paris	quadrifolia			250301	P. quadrifolia	b	b	-	-	-	-	-	-	-	-	-	-	-	-	-	-	-	-	-	-	-	-	-	-	-	b	F
	LILIACEAE				26	LILIACEAE																											
	Gagea				2601	Gagea																											
G. fragifera	Gagea	fragifera			260101	G. fragifera	-	-	-	-	r	-	-	-	-	-	-	-	-	-	-	-	-	-	-	-	-	-	-	-	-	R	S
	Lloydia				2602	Lloydia																											
L. serotina	Lloydia	serotina			260201	L. serotina	-	-	-	-	s	f	f	f	f	f	f	f	f	f	f	f	-	-	-	-	-	-	-	S	F	F	F
	Fritillaria				2603	Fritillaria																											
F. camschatcensis	Fritillaria	camschatcensis			260301	F. camschatcensis	-	-	-	-	-	-	-	-	-	-	-	-	-	-	b	-	-	-	-	-	-	-	-	-	-	b	F
	Streptopus				2604	Streptopus																											
S. amplexifolius subsp. americanus	Streptopus	amplexifolius	subsp.	americanus	260401a	S. amplexifolius subsp. americanus	-	-	-	-	-	-	-	-	-	-	-	-	-	-	r	-	-	r	-	r	-	-	-	-	-	R	F
S. lanceolatus	Streptopus	lanceolatus			260402	S. lanceolatus	-	-	-	-	-	-	-	-	-	-	-	-	-	-	-	-	-	r	-	-	-	-	-	-	-	R	S
	ORCHIDACEAE				27	ORCHIDACEAE																											
	Cypripedium				2701	Cypripedium																											
C. guttatum	Cypripedium	guttatum			270101	C. guttatum	-	-	-	-	-	-	-	-	-	-	-	-	-	-	-	b	r	-	-	-	-	-	-	-	-	R	F
C. parviflorum var. makasin	Cypripedium	parviflorum	var.	makasin	270102a	C. parviflorum var. makasin	-	-	-	-	-	-	-	-	-	-	-	-	-	-	-	r	-	b	-	-	-	-	-	-	-	R	F
C. passerinum	Cypripedium	passerinum			270103	C. passerinum	-	-	-	-	-	-	-	-	-	-	-	-	-	-	r	r	r	r	-	-	-	-	-	-	-	R	F
	Calypso				2702	Calypso																											
C. bulbosa var. americana	Calypso	bulbosa	var.	americana	270201a	C. bulbosa var. americana	-	-	-	-	-	-	-	-	-	-	-	-	-	-	-	-	-	r	-	-	-	-	-	-	-	R	F
	Corallorhiza				2703	Corallorhiza																											
C. trifida	Corallorhiza	trifida			270301	C. trifida	f	s	s	-	r	s	s	r	s	r	s	-	s	-	r	s	s	s	-	f	r	-	-	-	-	S	F
	Listera				2704	Listera																											
L. borealis	Listera	borealis			270401	L. borealis	-	-	-	-	-	-	-	-	-	-	-	-	-	-	r	r	r	r	-	-	-	-	-	-	-	R	F
L. cordata var. cordata	Listera	cordata	var.	cordata	270402a	L. cordata var. cordata	f	s	r	-	-	-	-	-	-	-	-	-	-	-	-	-	-	r	-	s	r	-	-	-	-	S	F
L. cordata var. nephrophylla	Listera	cordata	var.	nephrophylla	270402b	L. cordata var. nephrophylla	-	-	-	-	-	-	-	-	-	-	-	-	-	-	r	-	-	-	-	-	-	-	-	-	-	R	F
L. ovata	Listera	ovata			270403	L. ovata	s	-	-	-	-	-	-	-	-	-	-	-	-	-	-	-	-	-	-	-	-	-	-	-	-	R	F
	Epipactis				2705	Epipactis																											
E. atrorubens	Epipactis	atrorubens			270501	E. atrorubens	-	r	-	-	-	-	-	-	-	-	-	-	-	-	-	-	-	-	-	-	-	-	-	-	-	R	S
	Spiranthes				2706	Spiranthes																											
S. romanzoffiana	Spiranthes	romanzoffiana			270601	S. romanzoffiana	-	-	-	-	-	-	-	-	-	-	-	-	-	-	b	r	-	r	-	-	-	-	-	-	-	R	F
	Goodyera				2707	Goodyera																											
G. repens	Goodyera	repens			270701	G. repens	-	b	-	-	-	-	-	-	-	-	-	-	-	-	-	-	-	-	-	-	-	-	-	-	-	b	F
	Chamorchis				2708	Chamorchis																											
C. alpina	Chamorchis	alpina			270801	C. alpina	-	r	-	-	-	-	-	-	-	-	-	-	-	-	-	-	-	-	-	-	-	-	-	-	-	R	S
	Pseudorchis				2709	Pseudorchis																											
P. albida	Pseudorchis	albida			270901	P. albida	-	r	-	-	-	-	-	-	-	-	-	-	-	-	-	-	-	-	-	-	-	-	-	-	-	R	S
P. straminea	Pseudorchis	straminea			270902	P. straminea	f	s	-	-	-	-	-	-	-	-	-	-	-	-	-	-	-	r	-	s	s	-	-	-	S	F	F
	Limnorchis				2710	Limnorchis																											
L. dilatata	Limnorchis	dilatata			271001	L. dilatata	-	-	-	-	-	-	-	-	-	-	-	-	-	-	-	?	-	r	-	-	-	-	-	-	-	R	F
L. huronensis	Limnorchis	huronensis			271002	L. huronensis	-	-	-	-	-	-	-	-	-	-	-	-	-	-	-	-	-	r	-	-	-	-	-	-	-	R	F
L. aquilonis	Limnorchis	aquilonis			271003	L. aquilonis	-	-	-	-	-	-	-	-	-	-	-	-	-	-	r	r	r	s	-	-	-	-	-	-	-	R	F
L. hyperborea	Limnorchis	hyperborea			271004	L. hyperborea	f	-	-	-	-	-	-	-	-	-	-	-	-	-	-	-	-	-	-	s	s	-	-	-	S	F	F
	Lysiella				2711	Lysiella																											
L. obtusata	Lysiella	obtusata			271101	L. obtusata	-	-	-	-	-	-	-	-	-	-	-	-	-	-	s	s	s	s	-	-	-	-	-	-	-	S	F
L. oligantha	Lysiella	oligantha			271102	L. oligantha	-	-	-	-	-	-	-	-	r	-	-	-	b	-	-	-	-	-	-	-	-	-	-	-	-	R	R
	Galearis				2712	Galearis																											
G. rotundifolia	Galearis	rotundifolia			271201	G. rotundifolia	-	-	-	-	-	-	-	-	-	-	-	-	-	-	r	r	r	r	-	r	-	-	-	-	R	R	F
	Gymnadenia				2713	Gymnadenia																											
G. conopsea	Gymnadenia	conopsea			271301	G. conopsea	-	s	-	-	-	-	-	-	-	-	-	-	-	-	-	-	-	-	-	-	-	-	-	-	-	S	F
	Coeloglossum				2714	Coeloglossum																											
C. viride	Coeloglossum	viride			271401	C. viride	f	s	s	-	s	r	r	r	f	-	r	-	s	r	s	b	-	r	-	-	-	-	-	-	R	F	F
C. viride subsp. viride	Coeloglossum	viride	subsp.	viride	271401a	C. viride subsp. viride	-	s	s	-	?	-	-	-	-	-	-	-	-	-	-	-	-	-	-	-	-	-	-	-	R	F	F
C. viride subsp. islandicum	Coeloglossum	viride	subsp.	islandicum	271401b	C. viride subsp. islandicum	f	-	-	-	-	-	-	-	-	-	-	-	-	-	-	-	-	-	-	-	-	-	-	-	-	S	S
C. viride subsp. bracteatum	Coeloglossum	viride	subsp.	bracteatum	271401c	C. viride subsp. bracteatum	-	-	-	-	?	?	?	?	?	-	?	-	?	?	s	b	-	r	-	-	-	-	-	-	-	R	F
	Dactylorhiza				2715	Dactylorhiza																											
D. fuchsii	Dactylorhiza	fuchsii			271501	D. fuchsii	-	r	-	-	-	-	-	-	-	-	-	-	-	-	-	-	-	-	-	-	-	-	-	-	-	R	F
D. maculata	Dactylorhiza	maculata			271502	D. maculata	f	s	-	-	-	-	-	-	-	-	-	-	-	-	-	-	-	-	-	-	-	-	-	-	-	S	F
D. incarnata	Dactylorhiza	incarnata			271503	D. incarnata	-	r	-	-	-	-	-	-	-	-	-	-	-	-	-	-	-	-	-	-	-	-	-	-	-	R	F
D. majalis subsp. lapponica	Dactylorhiza	majalis	subsp.	lapponica	271504a	D. majalis subsp. lapponica	-	r	-	-	-	-	-	-	-	-	-	-	-	-	-	-	-	-	-	-	-	-	-	-	-	R	F
D. aristata	Dactylorhiza	aristata			271505	D. aristata	-	-	-	-	-	-	-	-	-	-	-	-	-	-	r	-	-	-	-	-	-	-	-	-	-	R	F
	IRIDACEAE				28	IRIDACEAE																											
	Iris				2801	Iris																											
I. setosa var. setosa	Iris	setosa	var.	setosa	280101a	I. setosa var. setosa	-	-	-	-	-	-	-	-	-	r	r	-	f	r	f	-	-	-	-	-	-	-	-	-	R	F	F
I. setosa var. interior	Iris	setosa	var.	interior	280101b	I. setosa var. interior	-	-	-	-	-	-	-	-	-	-	-	-	-	-	-	r	-	-	-	-	-	-	-	-	-	R	F
	Sisyrinchium				2802	Sisyrinchium																											
S. mucronatum	Sisyrinchium	mucronatum			280201	S. mucronatum	-	-	-	-	-	-	-	-	-	-	-	-	-	-	-	-	-	r	-	-	-	-	-	-	-	R	S
S. groenlandicum	Sisyrinchium	groenlandicum			280202	S. groenlandicum	-	-	-	-	-	-	-	-	-	-	-	-	-	-	-	-	-	-	-	r	-	-	-	-	-	R	-
S. montanum	Sisyrinchium	montanum			280203	S. montanum	-	-	-	-	-	-	-	-	-	-	-	-	-	-	-	-	-	r	-	*	-	-	-	*	-	R	S
	ALLIACEAE				29	ALLIACEAE																											
	Allium				2901	Allium																											
A. strictum	Allium	strictum			290101	A. strictum	-	-	-	-	-	-	b	-	b	-	-	-	-	-	-	-	-	-	-	-	-	-	-	-	-	b	F
A. schoenoprasum northern race	Allium	schoenoprasum	northern	race	290102a	A. schoenoprasum northern race	-	f	f	-	s	r	s	r	s	r	s	-	s	r	s	r	r	r	-	-	-	-	-	-	S	F	F
	RUSCACEAE				30	RUSCACEAE																											
	Maianthemum				3001	Maianthemum																											
M. bifolium	Maianthemum	bifolium			300101	M. bifolium	-	?	b	-	-	r	-	-	-	-	-	-	-	-	-	-	-	-	-	-	-	-	-	-	-	R	F
M. canadense	Maianthemum	canadense			300102	M. canadense	-	-	-	-	-	-	-	-	-	-	-	-	-	-	-	-	-	r	-	-	-	-	-	-	-	R	F
M. trifolium	Maianthemum	trifolium			300103	M. trifolium	-	-	-	-	-	-	-	r	b	-	r	-	s	-	-	-	-	s	-	-	-	-	-	-	-	S	F
M. stellatum	Maianthemum	stellatum			300104	M. stellatum	-	-	-	-	-	-	-	-	-	-	-	-	-	-	-	-	-	r	-	-	-	-	-	-	-	R	F
	SPARGANIACEAE				31	SPARGANIACEAE																											
	Sparganium				3101	Sparganium																											
S. emersum	Sparganium	emersum			310101	S. emersum	-	b	r	-	-	b	-	-	-	-	-	-	-	-	-	-	-	-	-	-	-	-	-	-	-	R	F
S. multipedunculatum	Sparganium	multipedunculatum			310102	S. multipedunculatum	-	-	-	-	-	-	-	-	-	-	-	-	-	-	r	-	r	-	-	-	-	-	-	-	-	R	F
S. angustifolium	Sparganium	angustifolium			310103	S. angustifolium	r	r	r	-	r	-	r	-	r	-	-	-	-	-	r	-	r	r	-	s	r	-	-	-	-	R	F
S. gramineum	Sparganium	gramineum			310104	S. gramineum	-	-	-	-	-	-	-	-	-	-	-	-	r	-	-	-	-	-	-	-	-	-	-	-	-	R	S
S. natans	Sparganium	natans			310105	S. natans	-	-	r	-	r	-	-	-	-	-	-	-	-	-	r	-	r	r	-	-	-	-	-	-	-	R	F
S. hyperboreum	Sparganium	hyperboreum			310106	S. hyperboreum	f	f	s	-	s	s	s	r	r	s	s	-	f	s	s	s	s	s	-	f	r	-	-	-	R	S	F
	JUNCACEAE				32	JUNCACEAE																											
	Juncus				3201	Juncus																											
J. biglumis	Juncus	biglumis			320101	J. biglumis	f	f	f	f	f	f	f	f	f	f	f	f	s	f	s	f	f	f	f	f	f	F	F	F	F	F	S
J. longirostris	Juncus	longirostris			320102	J. longirostris	-	-	-	-	-	-	r	r	r	-	-	-	s	-	-	-	-	-	-	-	-	-	-	-	-	R	?
J. triglumis	Juncus	triglumis			320103	J. triglumis	f	f	r	-	s	r	?	-	-	-	-	-	-	-	-	-	-	-	-	-	-	-	-	S	F	F	F
J. albescens	Juncus	albescens			320104	J. albescens	-	-	-	s	-	-	s	s	f	r	f	r	f	f	f	f	f	f	s	f	f	-	-	S	F	F	F
J. castaneus	Juncus	castaneus			320105	J. castaneus	r	r	s	-	s	f	s	-	-	-	-	-	-	-	-	-	-	-	-	-	-	-	-	-	S	F	F
J. leucochlamys	Juncus	leucochlamys			320106	J. leucochlamys	r	-	-	r	-	-	s	s	f	r	f	r	f	f	f	f	f	f	r	f	s	-	-	R	F	F	F
J. stygius subsp. stygius	Juncus	stygius	subsp.	stygius	320107a	J. stygius subsp. stygius	-	-	-	-	-	b	-	-	-	-	-	-	-	-	-	-	-	-	-	-	-	-	-	-	-	b	F
J. stygius subsp. americanus	Juncus	stygius	subsp.	americanus	320107b	J. stygius subsp. americanus	-	-	-	-	-	-	-	-	-	-	-	-	-	-	-	-	-	r	-	-	-	-	-	-	-	R	F
J. subtilis	Juncus	subtilis			320108	J. subtilis	-	-	-	-	-	-	-	-	-	-	-	-	-	-	-	-	-	r	-	s	r	-	-	-	-	R	S
J. brevicaudatus	Juncus	brevicaudatus			320109	J. brevicaudatus	-	-	-	-	-	-	-	-	-	-	-	-	-	-	-	-	-	r	-	-	-	-	-	-	-	-	R
J. articulatus (subsp. articulatus)	Juncus	articulatus	(subsp.	articulatus)	320110	J. articulatus (subsp. articulatus)	f	-	-	-	-	-	-	-	-	-	-	-	-	-	-	-	-	-	-	-	-	-	-	-	-	R	S
J. alpinoarticulatus	Juncus	alpinoarticulatus			320111	J. alpinoarticulatus	f	s	r	-	-	r	r	-	-	-	-	-	-	s	r	r	r	s	-	r	-	-	-	-	-	S	F
J. alpinoarticulatus subsp. rariflorus	Juncus	alpinoarticulatus	subsp.	rariflorus	320111a	J. alpinoarticulatus subsp. rariflorus	?	-	r	-	-	r	r	-	-	-	-	-	-	-	-	-	-	-	-	-	-	-	-	-	-	R	F
J. alpinoarticulatus subsp. americanus	Juncus	alpinoarticulatus	subsp.	americanus	320111b	J. alpinoarticulatus subsp. americanus	-	-	-	-	-	-	-	-	-	-	-	-	-	s	r	r	r	s	-	r	-	-	-	-	-	S	F
J. alpinoarticulatus subsp. alpestris	Juncus	alpinoarticulatus	subsp.	alpestris	320111c	J. alpinoarticulatus subsp. alpestris	f	s	-	-	-	-	-	-	-	-	-	-	-	-	-	-	-	-	-	-	-	-	-	-	-	S	F
J. alpinoarticulatus subsp. fischerianus	Juncus	alpinoarticulatus	subsp.	fischerianus	320111d	J. alpinoarticulatus subsp. fischerianus	-	-	r	-	-	r	-	-	-	?	-	-	-	-	-	-	-	-	-	-	-	-	-	-	-	R	F
J. nodosus	Juncus	nodosus			320112	J. nodosus	-	-	-	-	-	-	-	-	-	-	-	-	-	-	-	-	-	*	-	-	-	-	-	-	-	*	S
J. bulbosus (subsp. bulbosus)	Juncus	bulbosus	(subsp.	bulbosus)	320113	J. bulbosus (subsp. bulbosus)	s	-	-	-	-	-	-	-	-	-	-	-	-	-	-	-	-	-	-	-	-	-	-	-	-	R	S
J. mertensianus	Juncus	mertensianus			320114	J. mertensianus	-	-	-	-	-	-	-	-	-	-	-	-	-	-	r	-	-	-	-	-	-	-	-	-	-	R	F
J. ranarius	Juncus	ranarius			320115	J. ranarius	r	s	-	-	-	b	-	-	-	-	-	-	-	r	r	-	b	r	-	r	r	-	-	-	-	S	F
J. ranarius var. ossoraicus	Juncus	ranarius	var.	ossoraicus	320115a	J. ranarius var. ossoraicus	-	-	-	-	-	-	-	-	-	-	-	-	-	r	r	-	-	-	-	-	-	-	-	-	-	R	R
J. minutulus	Juncus	minutulus			320116	J. minutulus	-	-	-	-	-	b	-	-	-	-	-	-	-	-	-	-	-	-	-	-	-	-	-	-	-	b	S
J. bufonius	Juncus	bufonius			320117	J. bufonius	*	*	*	-	-	*	*	-	-	-	-	-	**	-	*	-	**	**	-	*	-	-	-	-	-	*	F
J. gerardii subsp. gerardii	Juncus	gerardii	subsp.	gerardii	320118a	J. gerardii subsp. gerardii	-	-	-	-	-	-	-	-	-	-	-	-	-	-	-	-	-	?	-	r	-	-	-	-	-	R	F
J. gerardii subsp. atrofuscus	Juncus	gerardii	subsp.	atrofuscus	320118b	J. gerardii subsp. atrofuscus	-	s	r	-	-	-	-	-	-	-	-	-	-	-	-	-	-	-	-	-	-	-	-	-	-	S	F
J. vaseyi	Juncus	vaseyi			320119	J. vaseyi	-	-	-	-	-	-	-	-	-	-	-	-	-	-	-	-	-	r	-	-	-	-	-	-	-	R	S
J. squarrosus	Juncus	squarrosus			320120	J. squarrosus	r	-	-	**	-	-	-	-	-	-	-	-	-	-	-	-	-	-	-	r	r	-	-	**	-	R	S
J. trifidus	Juncus	trifidus			320121	J. trifidus	f	f	f	-	f	s	r	-	-	-	-	-	-	-	-	-	-	s	-	f	f	-	-	R	F	F	F
J. tenuis	Juncus	tenuis			320122	J. tenuis	-	-	-	-	-	-	-	-	-	-	-	-	-	-	-	-	-	b	-	-	-	-	-	-	-	b	S
J. filiformis	Juncus	filiformis			320123	J. filiformis	f	f	s	-	f	r	-	-	-	-	r	-	-	r	r	b	-	r	-	s	r	-	-	-	-	S	F
J. brachyspathus	Juncus	brachyspathus			320124	J. brachyspathus	-	-	-	-	-	r	b	-	-	?	r	-	-	r	-	-	-	-	-	-	-	-	-	-	-	R	F
J. arcticus subsp. arcticus	Juncus	arcticus	subsp.	arcticus	320125a	J. arcticus subsp. arcticus	s	s	s	r	s	s	s	s	f	r	-	-	-	-	-	-	r	f	-	f	f	-	-	S	F	F	F
J. arcticus subsp. intermedius	Juncus	arcticus	subsp.	intermedius	320125b	J. arcticus subsp. intermedius	f	-	-	-	-	-	-	-	-	-	-	-	-	-	-	-	-	-	-	-	-	-	-	-	-	F	F
J. arcticus subsp. alaskanus	Juncus	arcticus	subsp.	alaskanus	320125c	J. arcticus subsp. alaskanus	-	-	-	-	-	-	-	-	-	-	r	-	s	f	f	f	s	-	-	-	-	-	-	-	S	S	F
J. haenkei	Juncus	haenkei			320126	J. haenkei	-	-	-	-	-	-	-	-	-	-	-	-	s	f	r	-	-	-	-	-	-	-	-	-	-	S	F
J. balticus subsp. balticus	Juncus	balticus	subsp.	balticus	320127a	J. balticus subsp. balticus	?	r	-	-	-	-	-	-	-	-	-	-	-	-	-	-	-	-	-	r	-	-	-	-	-	R	F
J. balticus subsp. littoralis	Juncus	balticus	subsp.	littoralis	320127b	J. balticus subsp. littoralis	-	-	-	-	-	-	-	-	-	-	-	-	-	-	-	-	-	r	-	-	-	-	-	-	-	R	F
J. balticus subsp. ater	Juncus	balticus	subsp.	ater	320127c	J. balticus subsp. ater	-	-	-	-	-	-	-	-	-	-	-	-	-	-	?	?	-	-	-	-	-	-	-	-	-	?	F
J. drummondii	Juncus	drummondii			320128	J. drummondii	-	-	-	-	-	-	-	-	-	-	-	-	-	-	r	-	-	-	-	-	-	-	-	-	-	R	F
	Luzula				3202	Luzula																											
L. pilosa	Luzula	pilosa			320201	L. pilosa	-	r	r	-	-	-	-	-	-	-	-	-	-	-	-	-	-	-	-	-	-	-	-	-	-	R	F
L. rufescens	Luzula	rufescens			320202	L. rufescens	-	-	-	-	-	r	-	r	r	r	f	-	r	s	r	s	-	-	-	-	-	-	-	-	-	S	F
L. luzuloides	Luzula	luzuloides			320203	L. luzuloides	-	*	-	-	-	-	-	-	-	-	-	-	-	-	-	-	-	-	-	-	-	-	-	-	-	*	*
L. parviflora subsp. parviflora	Luzula	parviflora	subsp.	parviflora	320204a	L. parviflora subsp. parviflora	-	s	s	-	s	r	r	r	r	r	s	-	r	-	s	s	s	s	-	f	r	-	-	-	S	F	F
L. parviflora subsp. fastigiata	Luzula	parviflora	subsp.	fastigiata	320204b	L. parviflora subsp. fastigiata	-	-	-	-	-	-	-	-	-	-	-	-	r	r	r	-	-	-	-	-	-	-	-	-	-	R	F
L. parviflora subsp. melanocarpa	Luzula	parviflora	subsp.	melanocarpa	320204c	L. parviflora subsp. melanocarpa	-	-	-	-	-	-	-	-	-	-	-	-	-	-	-	-	-	r	-	-	-	-	-	-	-	R	S
L. wahlenbergii	Luzula	wahlenbergii			320205	L. wahlenbergii	-	f	f	r	f	f	f	f	f	s	f	-	f	f	f	s	s	s	-	-	r	-	-	S	F	F	S
L. piperi	Luzula	piperi			320206	L. piperi	-	-	-	-	-	-	-	-	-	-	-	-	-	-	b	-	-	-	-	-	-	-	-	-	-	b	F
L. spicata (subsp. spicata)	Luzula	spicata	(subsp.	spicata)	320207	L. spicata (subsp. spicata)	f	s	s	-	s	r	-	-	-	-	-	-	-	-	-	-	r	s	-	f	f	-	-	R	F	F	F
L. confusa	Luzula	confusa			320208	L. confusa	-	s	s	f	f	f	f	s	f	f	f	s	s	f	f	f	f	f	f	f	f	F	F	F	F	F	S
L. arcuata subsp. arcuata	Luzula	arcuata	subsp.	arcuata	320209a	L. arcuata subsp. arcuata	f	s	s	s	r	-	-	-	-	-	-	-	-	s	s	-	-	-	-	?	r	-	-	R	F	F	S
L. arcuata subsp. unalaschkensis	Luzula	arcuata	subsp.	unalaschkensis	320209b	L. arcuata subsp. unalaschkensis	-	-	-	-	-	-	-	-	-	-	f	-	f	f	f	s	-	-	-	-	-	-	-	?	F	F	F
L. nivalis	Luzula	nivalis			320210	L. nivalis	-	-	r	f	f	s	f	s	f	f	f	f	f	f	r	f	f	f	f	s	s	F	F	F	F	S	R
L. kjellmaniana	Luzula	kjellmaniana			320211	L. kjellmaniana	-	-	-	-	s	s	s	s	f	r	f	f	s	f	f	f	r	-	-	-	-	-	-	-	S	F	F
L. multiflora subsp. multiflora	Luzula	multiflora	subsp.	multiflora	320212a	L. multiflora subsp. multiflora	*	*	-	-	-	-	-	-	-	-	-	-	-	-	-	-	-	-	-	*	-	-	-	-	-	*	S
L. multiflora subsp. frigida	Luzula	multiflora	subsp.	frigida	320212b	L. multiflora subsp. frigida	f	f	f	-	s	s	-	-	-	-	-	-	-	-	f	s	s	s	-	f	s	-	-	-	S	F	F
L. multiflora subsp. sibirica	Luzula	multiflora	subsp.	sibirica	320212c	L. multiflora subsp. sibirica	-	-	-	-	-	-	r	s	f	s	s	-	f	s	-	-	-	-	-	-	-	-	-	-	R	F	F
L. multiflora var. kjellmanioides	Luzula	multiflora	var.	kjellmanioides	320212d	L. multiflora var. kjellmanioides	-	-	-	-	-	-	-	-	-	-	?	-	r	r	r	-	-	-	-	-	-	-	-	-	-	R	F
L. capitata	Luzula	capitata			320213	L. capitata	-	-	-	-	-	-	-	-	-	-	-	-	r	r	-	-	-	-	-	-	-	-	-	-	-	R	R
L. groenlandica	Luzula	groenlandica			320214	L. groenlandica	-	-	-	-	-	-	-	-	-	-	-	-	-	-	r	-	r	s	-	s	-	-	-	-	S	S	S
L. oligantha	Luzula	oligantha			320215	L. oligantha	-	-	-	-	-	-	-	-	-	-	r	-	-	-	-	-	-	-	-	-	-	-	-	-	-	R	S
L. pallescens	Luzula	pallescens			320216	L. pallescens	-	*	r	-	-	-	-	?	-	-	-	-	-	-	-	-	-	-	-	-	-	-	-	-	-	R	F
L. sudetica	Luzula	sudetica			320217	L. sudetica	f	s	-	-	-	-	-	-	-	-	-	-	-	-	-	-	-	-	-	-	-	-	-	-	-	S	F
	CYPERACEAE				33	CYPERACEAE																											
	Schoenoplectus				3301	Schoenoplectus																											
S. validus	Schoenoplectus	validus			330101	S. validus	-	-	-	-	-	-	-	-	-	-	-	-	-	-	-	-	-	b	-	-	-	-	-	-	-	b	S
S. pungens	Schoenoplectus	pungens			330102	S. pungens	-	-	-	-	-	-	-	-	-	-	-	-	-	-	-	-	-	b	-	-	-	-	-	-	-	b	S
	Bolboschoenus				3302	Bolboschoenus																											
B. planiculmis	Bolboschoenus	planiculmis			330201	B. planiculmis	-	-	-	-	-	-	-	-	-	-	-	-	-	r	-	-	-	-	-	-	-	-	-	-	-	R	F
	Blysmopsis				3303	Blysmopsis																											
B. rufa	Blysmopsis	rufa			330301	B. rufa	-	b	r	-	-	-	-	-	-	-	-	-	-	-	-	-	-	r	-	-	-	-	-	-	-	R	S
	Maximowicziella				3304	Maximowicziella																											
M. japonica	Maximowicziella	japonica			330401	M. japonica	-	-	-	-	-	-	-	-	-	-	?	-	?	s	-	-	-	-	-	-	-	-	-	-	-	R	F
	Eriophorum				3305	Eriophorum																											
E. virginicum	Eriophorum	virginicum			330501	E. virginicum	-	-	-	-	-	-	-	-	-	-	-	-	-	-	-	-	-	b	-	-	-	-	-	-	-	b	S
E. viridicarinatum	Eriophorum	viridicarinatum			330502	E. viridicarinatum	-	-	-	-	-	-	-	-	-	-	-	-	-	-	-	b	-	r	-	-	-	-	-	-	-	R	S
E. gracile subsp. gracile	Eriophorum	gracile	subsp.	gracile	330503a	E. gracile subsp. gracile	-	-	-	-	-	-	-	-	-	-	-	-	-	-	r	b	r	r	-	-	-	-	-	-	-	R	F
E. gracile subsp. asiaticum	Eriophorum	gracile	subsp.	asiaticum	330503b	E. gracile subsp. asiaticum	-	-	-	-	-	r	-	-	-	r	r	-	?	-	-	-	-	-	-	-	-	-	-	-	-	R	F
E. latifolium	Eriophorum	latifolium			330504	E. latifolium	-	r	-	-	-	-	-	-	-	-	-	-	-	-	-	-	-	-	-	-	-	-	-	-	-	R	F
E. angustifolium	Eriophorum	angustifolium			330505	E. angustifolium	f	f	f	-	f	f	f	f	f	f	f	f	f	f	f	f	f	f	r	f	r	-	-	-	R	F	F
E. komarovii	Eriophorum	komarovii			330506	E. komarovii	-	-	-	-	-	-	-	-	-	-	-	-	-	-	r	-	-	-	-	-	-	-	-	-	-	R	F
E. triste	Eriophorum	triste			330507	E. triste	-	-	-	s	-	-	-	-	-	-	-	r	-	-	s	f	r	s	f	r	s	-	R	F	F	R	R
E. x sorenseni	Eriophorum	x	sorenseni		330508	E. x sorenseni	-	-	-	s	-	-	-	-	-	-	-	-	-	-	-	r	r	-	-	r	r	-	-	S	S	R	-
E. scheuchzeri subsp. scheuchzeri	Eriophorum	scheuchzeri	subsp.	scheuchzeri	330509a	E. scheuchzeri subsp. scheuchzeri	f	f	f	-	s	s	r	?	r	s	r	?	r	r	s	s	s	f	-	f	f	-	R	S	F	F	F
E. scheuchzeri subsp. arcticum	Eriophorum	scheuchzeri	subsp.	arcticum	330509b	E. scheuchzeri subsp. arcticum	-	-	r	f	f	s	f	s	f	f	s	f	?	s	f	f	f	r	f	f	f	R	F	F	F	S	R
E. tolmatchevii	Eriophorum	tolmatchevii			330510	E. tolmatchevii	-	-	-	-	-	-	-	r	r	r	s	-	r	r	-	-	-	-	-	-	-	-	-	-	?	R	F
E. chamissonis	Eriophorum	chamissonis			330511	E. chamissonis	-	-	-	-	-	-	-	-	-	-	-	-	-	-	?	-	-	-	-	-	-	-	-	-	-	?	F
E. russeolum subsp. russeolum	Eriophorum	russeolum	subsp.	russeolum	330512a	E. russeolum subsp. russeolum	-	r	f	-	s	r	r	-	-	-	-	-	-	-	-	-	-	r	-	-	-	-	-	-	S	F	F
E. russeolum subsp. leiocarpum	Eriophorum	russeolum	subsp.	leiocarpum	330512b	E. russeolum subsp. leiocarpum	-	-	-	-	-	r	r	r	s	s	f	s	s	f	f	s	s	s	-	-	-	-	-	-	S	F	F
E. x medium	Eriophorum	x	medium		330513	E. x medium	-	r	r	-	r	r	r	-	-	-	-	-	-	-	s	s	-	r	-	-	-	-	-	-	R	F	F
E. x medium nothosubsp. medium	Eriophorum				330513a	E. x medium nothosubsp. medium	-	r	r	-	r	r	r	-	-	-	-	-	-	-	-	-	-	r	-	-	-	-	-	-	R	F	F
E. x medium nothosubsp. album	Eriophorum				330513b	E. x medium nothosubsp. album	-	-	-	-	-	-	-	-	-	-	-	-	-	-	s	s	-	r	-	-	-	-	-	-	R	R	R
E. vaginatum subsp. vaginatum	Eriophorum	vaginatum	subsp.	vaginatum	330514a	E. vaginatum subsp. vaginatum	-	f	f	-	f	s	f	r	f	f	s	r	r	f	f	f	f	-	-	-	-	-	-	-	S	F	F
E. vaginatum subsp. spissum	Eriophorum	vaginatum	subsp.	spissum	330514b	E. vaginatum subsp. spissum	-	-	-	-	-	-	-	-	-	-	-	-	-	-	-	-	s	f	-	r	-	-	-	-	R	F	F
E. callitrix	Eriophorum	callitrix			330515	E. callitrix	-	-	-	-	r	r	r	r	s	r	r	s	r	f	s	s	s	s	r	-	s	-	-	R	F	F	S
E. brachyantherum	Eriophorum	brachyantherum			330516	E. brachyantherum	-	b	r	-	s	s	s	r	r	r	s	r	r	r	s	s	r	s	-	-	-	-	-	-	R	S	F
	Trichophorum				3306	Trichophorum																											
T. alpinum	Trichophorum	alpinum			330601	T. alpinum	-	b	r	-	-	-	-	-	-	-	-	-	-	-	-	r	-	r	-	-	-	-	-	-	-	R	F
T. uniflorum	Trichophorum	uniflorum			330602	T. uniflorum	-	-	-	-	-	-	-	r	-	-	-	-	-	-	-	-	-	-	-	-	-	-	-	-	-	R	R
T. cespitosum (subsp. cespitosum)	Trichophorum	cespitosum	(subsp.	cespitosum)	330603	T. cespitosum (subsp. cespitosum)	f	f	r	-	r	s	b	-	-	-	s	-	s	r	s	f	s	s	-	f	s	-	-	-	R	F	F
	Eleocharis				3307	Eleocharis																											
E. quinqueflora subsp. quinqueflora	Eleocharis	quinqueflora	subsp.	quinqueflora	330701a	E. quinqueflora subsp. quinqueflora	f	s	-	-	-	-	-	-	-	-	-	-	-	-	-	-	-	-	-	-	?	-	-	-	-	R	F
E. quinqueflora subsp. fernaldii	Eleocharis	quinqueflora	subsp.	fernaldii	330701b	E. quinqueflora subsp. fernaldii	-	-	-	-	-	-	-	-	-	-	-	-	-	-	-	r	-	r	-	r	?	-	-	-	-	R	F
E. acicularis (subsp. acicularis)	Eleocharis	acicularis	(subsp.	acicularis)	330702	E. acicularis (subsp. acicularis)	s	r	r	-	-	r	-	r	-	r	r	-	r	r	r	r	s	s	-	s	r	-	-	-	-	S	F
E. palustris	Eleocharis	palustris			330703	E. palustris	s	-	-	-	-	-	r	?	-	r	-	-	-	-	r	r	-	r	-	r	-	-	-	-	-	R	F
E. palustris subsp. palustris	Eleocharis	palustris	subsp.	palustris	330703a	E. palustris subsp. palustris	s	-	-	-	-	-	r	?	-	r	-	-	-	-	r	r	-	-	-	r	-	-	-	-	-	R	F
E. palustris var. vigens	Eleocharis	palustris	var.	vigens	330703b	E. palustris var. vigens	-	-	-	-	-	-	-	-	-	-	-	-	-	-	-	-	-	r	-	-	-	-	-	-	-	R	F
E. macrostachya	Eleocharis	macrostachya			330704	E. macrostachya	-	-	-	-	-	-	-	-	-	-	-	-	-	-	-	-	b	-	-	-	-	-	-	-	-	b	S
E. erythropoda	Eleocharis	erythropoda			330705	E. erythropoda	-	-	-	-	-	-	-	-	-	-	-	-	-	-	b	-	-	-	-	-	-	-	-	-	-	b	S
E. mamillata (subsp. mamillata)	Eleocharis	mamillata	(subsp.	mamillata)	330706	E. mamillata (subsp. mamillata)	-	-	-	-	-	-	-	-	-	-	-	-	-	-	r	-	-	-	-	-	-	-	-	-	-	R	S
E. uniglumis (subsp. uniglumis)	Eleocharis	uniglumis	(subsp.	uniglumis)	330707	E. uniglumis (subsp. uniglumis)	r	s	-	-	-	-	-	-	-	-	-	-	-	s	-	-	r	r	-	r	-	-	-	-	-	R	F
E. sareptana	Eleocharis	sareptana			330708	E. sareptana	-	-	-	-	-	-	r	-	-	-	-	-	-	-	-	-	-	-	-	-	-	-	-	-	-	R	S
E. kamtschatica	Eleocharis	kamtschatica			330709	E. kamtschatica	-	-	-	-	-	-	-	-	-	-	-	-	-	?	b	-	-	b	-	-	-	-	-	-	-	b	R
	Kobresia				3308	Kobresia																											
K. myosuroides	Kobresia	myosuroides			330801	K. myosuroides	f	r	-	-	r	-	s	s	f	r	f	f	s	f	s	f	s	s	f	f	f	-	R	F	F	F	F
K. sibirica	Kobresia	sibirica			330802	K. sibirica	-	-	-	-	r	r	r	s	f	-	r	-	s	s	s	f	s	-	-	-	-	-	-	R	S	F	R
K. filifolia subsp. subfilifolia	Kobresia	filifolia	subsp.	subfilifolia	330803a	K. filifolia subsp. subfilifolia	-	-	-	-	-	-	-	r	s	-	r	-	-	r	r	-	-	-	-	-	-	-	-	-	-	R	F
K. simpliciuscula subsp. subholarctica	Kobresia	simpliciuscula	subsp.	subholarctica	330804a	K. simpliciuscula subsp. subholarctica	-	-	-	r	-	-	-	r	s	-	r	s	s	s	s	f	s	s	r	s	s	-	-	S	F	F	F
	Carex				3309	Carex																											
C. atherodes	Carex	atherodes			3309001	C. atherodes	-	-	-	-	-	-	-	-	-	-	-	-	-	-	-	r	-	-	-	-	-	-	-	-	-	R	R
C. lasiocarpa	Carex	lasiocarpa			3309002	C. lasiocarpa	-	s	r	-	-	-	-	-	-	-	-	-	-	-	-	-	-	b	-	-	-	-	-	-	-	R	F
C. mollissima	Carex	mollissima			3309003	C. mollissima	-	-	-	-	-	r	-	-	-	-	-	-	-	-	-	-	-	-	-	-	-	-	-	-	-	R	S
C. rostrata	Carex	rostrata			3309004	C. rostrata	f	f	s	-	s	r	-	-	r	-	?	-	r	-	-	-	-	-	-	s	-	-	-	-	-	S	F
C. rostrata var. borealis	Carex	rostrata	var.	borealis	3309004a	C. rostrata var. borealis	-	s	-	-	-	-	-	-	-	-	-	-	-	-	-	-	-	-	-	-	-	-	-	-	-	S	F
C. utriculata	Carex	utriculata			3309005	C. utriculata	-	-	-	-	-	-	-	-	-	-	-	-	-	-	f	r	r	r	-	-	-	-	-	-	-	R	F
C. rhynchophysa	Carex	rhynchophysa			3309006	C. rhynchophysa	-	-	r	-	r	-	-	-	-	-	-	-	r	-	-	-	-	-	-	-	-	-	-	-	-	R	F
C. rotundata	Carex	rotundata			3309007	C. rotundata	-	f	f	-	f	s	r	s	s	s	s	-	s	s	f	f	s	r	-	-	-	-	-	-	R	F	F
C. miliaris	Carex	miliaris			3309008	C. miliaris	-	-	-	-	-	-	-	-	-	-	-	-	-	-	-	-	s	f	-	f	s	-	-	-	S	F	F
C. vesicaria	Carex	vesicaria			3309009	C. vesicaria	-	r	r	-	-	-	-	-	-	-	-	-	-	-	-	-	r	-	-	-	-	-	-	-	-	R	F
C. membranacea	Carex	membranacea			3309010	C. membranacea	-	-	-	-	-	-	-	-	-	-	r	f	?	f	f	f	f	f	r	-	-	-	?	F	F	F	F
C. saxatilis subsp. saxatilis	Carex	saxatilis	subsp.	saxatilis	3309011a	C. saxatilis subsp. saxatilis	f	f	r	-	-	-	-	-	-	-	-	-	-	-	-	-	-	-	-	-	-	-	-	-	S	F	F
C. saxatilis subsp. laxa	Carex	saxatilis	subsp.	laxa	3309011b	C. saxatilis subsp. laxa	-	s	?	s	f	s	f	f	f	s	r	-	-	f	f	f	f	r	r	f	f	-	-	S	F	F	F
C. oligosperma	Carex	oligosperma			3309012	C. oligosperma	-	-	-	-	-	-	-	-	-	-	-	-	-	-	-	-	-	r	-	-	-	-	-	-	-	R	S
C. vaginata subsp. vaginata	Carex	vaginata	subsp.	vaginata	3309013a	C. vaginata subsp. vaginata	f	-	?	-	?	-	-	-	-	-	-	-	-	-	-	-	-	-	-	-	-	-	-	-	-	R	F
C. vaginata subsp. algida (ined.)	Carex				3309013b	C. vaginata subsp. algida (ined.)	-	f	f	-	s	s	r	s	f	r	r	?	r	r	s	f	s	f	-	-	r	-	-	-	F	F	F
C. panicea	Carex	panicea			3309014	C. panicea	f	r	-	-	-	-	-	-	-	-	-	-	-	-	-	-	-	-	-	r	-	-	-	-	-	R	F
C. livida	Carex	livida			3309015	C. livida	r	r	-	-	-	-	-	-	-	-	-	-	-	-	-	r	r	r	-	-	-	-	-	-	-	R	F
C. laxa	Carex	laxa			3309016	C. laxa	-	-	-	-	-	-	-	r	-	-	-	-	-	-	-	?	-	-	-	-	-	-	-	-	-	R	F
C. bicolor	Carex	bicolor			3309017	C. bicolor	r	-	r	-	r	-	-	-	-	-	r	-	-	r	r	s	r	s	-	s	s	-	-	-	R	S	S
C. aurea	Carex	aurea			3309018	C. aurea	-	-	-	-	-	-	-	-	-	-	-	-	-	-	-	r	r	r	-	-	-	-	-	-	-	R	F
C. garberi	Carex	garberi			3309019	C. garberi	-	-	-	-	-	-	-	-	-	-	-	-	-	-	-	s	r	r	-	-	-	-	-	-	-	R	F
C. sabynensis	Carex	sabynensis			3309020	C. sabynensis	-	-	?	-	r	r	r	-	-	-	-	-	-	-	-	-	-	-	-	-	-	-	-	-	-	R	F
C. trautvetteriana	Carex	trautvetteriana			3309021	C. trautvetteriana	-	-	-	-	-	-	-	s	f	-	r	-	-	-	-	-	-	-	-	-	-	-	-	-	-	R	F
C. flava	Carex	flava			3309022	C. flava	r	r	-	-	-	-	-	-	-	-	-	-	-	-	-	-	-	-	-	-	-	-	-	-	-	R	F
C. demissa	Carex	demissa			3309023	C. demissa	r	-	-	-	-	-	-	-	-	-	-	-	-	-	-	-	-	-	-	r	-	-	-	-	-	R	S
C. viridula var. viridula	Carex	viridula	var.	viridula	3309024a	C. viridula var. viridula	-	-	-	-	-	-	-	-	-	-	-	-	-	-	-	-	-	-	-	r	-	-	-	-	-	R	F
C. viridula var. pulchella	Carex	viridula	var.	pulchella	3309024b	C. viridula var. pulchella	s	r	-	-	-	-	-	-	-	-	-	-	-	-	-	-	-	-	-	-	-	-	-	-	-	R	F
C. concinna	Carex	concinna			3309025	C. concinna	-	-	-	-	-	-	-	-	-	-	-	-	-	-	-	s	r	r	-	-	-	-	-	-	-	S	F
C. pediformis subsp. pediformis	Carex	pediformis	subsp.	pediformis	3309026a	C. pediformis subsp. pediformis	-	-	-	-	-	-	b	-	-	-	-	-	-	-	-	-	-	-	-	-	-	-	-	-	-	b	F
C. pediformis subsp. reventa	Carex	pediformis	subsp.	reventa	3309026b	C. pediformis subsp. reventa	-	-	-	-	-	-	-	r	s	-	r	-	-	-	-	-	-	-	-	-	-	-	-	-	-	R	S
C. globularis	Carex	globularis			3309027	C. globularis	-	-	s	-	s	r	r	-	r	r	b	-	b	-	-	-	-	-	-	-	-	-	-	-	-	S	F
C. vanheurckii (subsp. vanheurckii)	Carex	vanheurckii	(subsp.	vanheurckii)	3309028	C. vanheurckii (subsp. vanheurckii)	-	-	-	-	-	-	-	-	-	-	-	-	r	-	-	-	-	-	-	-	-	-	-	-	-	R	S
C. deflexa (var. deflexa)	Carex	deflexa	(var.	deflexa)	3309029	C. deflexa (var. deflexa)	-	-	-	-	-	-	-	-	-	-	-	-	-	-	-	-	r	r	-	s	r	-	-	-	-	S	F
C. umbellata	Carex	umbellata			3309030	C. umbellata	-	-	-	-	-	-	-	-	-	-	-	-	-	-	-	-	-	-	-	r	-	-	-	-	-	R	R
C. pilulifera	Carex	pilulifera			3309031	C. pilulifera	r	-	-	-	-	-	-	-	-	-	-	-	-	-	-	-	-	-	-	-	-	-	-	-	-	R	S
C. ericetorum	Carex	ericetorum			3309032	C. ericetorum	-	-	b	-	-	-	-	-	-	-	-	-	-	-	-	-	-	-	-	-	-	-	-	-	-	b	S
C. melanocarpa	Carex	melanocarpa			3309033	C. melanocarpa	-	-	-	-	s	s	s	f	f	r	r	-	r	r	-	-	-	-	-	-	-	-	-	?	S	F	F
C. alba	Carex	alba			3309034	C. alba	-	-	r	-	-	-	r	b	-	-	-	-	-	-	-	-	-	-	-	-	-	-	-	-	-	R	F
C. eburnea	Carex	eburnea			3309035	C. eburnea	-	-	-	-	-	-	-	-	-	-	-	-	-	-	-	b	b	r	-	-	-	-	-	-	-	R	F
C. supina subsp. spaniocarpa	Carex	supina	subsp.	spaniocarpa	3309036a	C. supina subsp. spaniocarpa	-	-	-	-	-	-	r	r	-	r	s	?	-	r	-	r	s	s	r	f	f	-	-	R	S	S	S
C. glacialis	Carex	glacialis			3309037	C. glacialis	f	s	s	r	s	r	s	s	f	-	r	-	-	r	r	s	s	s	r	f	s	-	-	S	F	F	S
C. macrogyna	Carex	macrogyna			3309038	C. macrogyna	-	-	-	-	-	-	r	f	f	-	r	-	-	-	-	-	-	-	-	-	-	-	-	-	?	F	F
C. petricosa var. petricosa	Carex	petricosa	var.	petricosa	3309039a	C. petricosa var. petricosa	-	-	-	-	-	-	-	-	-	-	-	-	-	s	s	f	r	-	-	-	-	-	-	-	R	R	F
C. petricosa var. misandroides	Carex	petricosa	var.	misandroides	3309039b	C. petricosa var. misandroides	-	-	-	-	-	-	-	-	-	-	-	-	-	-	-	-	-	b	-	-	-	-	-	-	-	b	S
C. fuliginosa subsp. misandra	Carex	fuliginosa	subsp.	misandra	3309040a	C. fuliginosa subsp. misandra	-	-	-	f	f	r	f	f	f	r	s	f	r	f	f	f	f	f	f	f	f	R	S	F	F	F	S
C. atrofusca	Carex	atrofusca			3309041	C. atrofusca	-	r	-	-	r	r	r	s	f	-	r	r	r	s	f	f	f	f	r	r	s	-	-	R	F	F	F
C. williamsii	Carex	williamsii			3309042	C. williamsii	-	-	-	-	r	r	r	-	r	r	s	-	r	s	s	f	s	s	-	-	-	-	-	-	R	S	S
C. ledebouriana (subsp. ledebouriana)	Carex	ledebouriana	(subsp.	ledebouriana)	3309043	C. ledebouriana (subsp. ledebouriana)	-	-	r	-	r	r	r	r	f	-	s	-	r	s	-	-	-	-	-	-	-	-	-	-	?	S	F
C. krausei	Carex	krausei			3309044	C. krausei	b	-	-	r	s	r	r	r	r	-	s	-	-	s	s	f	f	s	r	s	s	-	-	S	F	F	F
C. capillaris subsp. capillaris	Carex	capillaris	subsp.	capillaris	3309045a	C. capillaris subsp. capillaris	-	f	f	-	s	r	r	r	r	-	-	-	-	-	-	-	-	-	-	s	r	-	-	-	S	F	F
C. capillaris var. elongata	Carex	capillaris	var.	elongata	3309045b	C. capillaris var. elongata	-	-	-	-	-	-	?	?	s	-	-	-	-	-	s	s	s	s	-	f	s	-	-	-	?	S	F
C. capillaris subsp. fuscidula	Carex	capillaris	subsp.	fuscidula	3309045c	C. capillaris subsp. fuscidula	f	-	r	r	s	r	s	f	f	r	s	-	s	s	r	f	f	f	r	f	f	-	-	R	F	F	F
C. paupercula	Carex	paupercula			3309046	C. paupercula	s	s	s	-	s	r	-	-	-	-	-	-	-	-	-	r	r	r	-	s	-	-	-	-	-	S	F
C. limosa	Carex	limosa			3309047	C. limosa	f	r	r	-	r	r	r	-	-	r	r	-	r	-	b	r	r	r	-	-	-	-	-	-	-	S	F
C. rariflora	Carex	rariflora			3309048	C. rariflora	f	f	f	-	f	f	f	s	f	s	r	-	f	r	f	f	s	f	-	f	f	-	-	-	S	F	F
C. pluriflora	Carex	pluriflora			3309049	C. pluriflora	-	-	-	-	-	-	-	-	-	-	-	-	-	-	r	-	-	-	-	-	-	-	-	-	-	R	F
C. macrochaeta	Carex	macrochaeta			3309050	C. macrochaeta	-	-	-	-	-	-	-	-	-	-	-	-	-	r	r	-	-	-	-	-	-	-	-	-	-	R	F
C. riishirensis	Carex	riishirensis			3309051	C. riishirensis	-	-	-	-	-	-	-	-	-	-	-	-	f	-	-	-	-	-	-	-	-	-	-	-	-	R	F
C. podocarpa	Carex	podocarpa			3309052	C. podocarpa	-	-	-	-	-	-	-	-	r	-	f	f	s	f	s	f	r	-	-	-	-	-	-	-	R	F	F
C. spectabilis	Carex	spectabilis			3309053	C. spectabilis	-	-	-	-	-	-	-	-	-	-	-	-	-	-	?	-	-	-	-	-	-	-	-	-	-	?	S
C. microchaeta subsp. microchaeta	Carex	microchaeta	subsp.	microchaeta	3309054a	C. microchaeta subsp. microchaeta	-	-	-	-	-	-	-	-	-	-	-	-	-	-	r	s	r	-	-	-	-	-	-	-	-	R	F
C. microchaeta subsp. nesophila	Carex	microchaeta	subsp.	nesophila	3309054b	C. microchaeta subsp. nesophila	-	-	-	-	-	-	-	-	-	-	r	r	r	s	f	-	-	-	-	-	-	-	-	-	-	S	F
C. gmelinii	Carex	gmelinii			3309055	C. gmelinii	-	-	-	-	-	-	-	-	-	-	-	-	r	r	s	-	-	-	-	-	-	-	-	-	-	R	F
C. buxbaumii	Carex	buxbaumii			3309056	C. buxbaumii	-	r	-	-	-	-	-	-	-	-	-	-	-	-	-	-	-	r	-	r	-	-	-	-	-	R	F
C. adelostoma	Carex	adelostoma			3309057	C. adelostoma	r	s	-	-	-	-	-	-	-	-	-	-	-	-	-	-	r	r	-	-	-	-	-	-	-	R	F
C. atrata	Carex	atrata			3309058	C. atrata	f	s	r	-	-	-	-	-	-	-	-	-	-	-	-	-	-	-	-	s	r	-	-	-	R	S	F
C. atrosquama	Carex	atrosquama			3309059	C. atrosquama	-	-	-	-	-	-	-	-	-	-	-	-	-	-	-	-	b	-	-	-	-	-	-	-	-	b	F
C. albonigra	Carex	albonigra			3309060	C. albonigra	-	-	-	-	-	-	-	-	-	-	-	-	-	-	-	r	r	-	-	-	-	-	-	-	-	R	S
C. aterrima (subsp. aterrima)	Carex	aterrima	(subsp.	aterrima)	3309061	C. aterrima (subsp. aterrima)	-	-	-	-	-	-	r	-	-	-	-	-	-	-	-	-	-	-	-	-	-	-	-	-	-	R	F
C. sabulosa subsp. leiophylla	Carex	sabulosa	subsp.	leiophylla	3309062a	C. sabulosa subsp. leiophylla	-	-	-	-	-	-	-	r	r	-	-	-	-	-	-	-	-	-	-	-	-	-	-	-	-	R	S
C. stylosa var. stylosa	Carex	stylosa	var.	stylosa	3309063a	C. stylosa var. stylosa	-	-	-	-	-	-	-	-	-	-	-	-	-	r	s	s	-	-	-	-	-	-	-	-	R	S	F
C. stylosa var. nigritella	Carex	stylosa	var.	nigritella	3309063b	C. stylosa var. nigritella	-	-	-	-	-	-	-	-	-	-	-	-	-	-	-	-	-	r	-	s	r	-	-	-	-	S	F
C. meyeriana	Carex	meyeriana			3309064	C. meyeriana	-	-	-	-	-	-	b	b	-	-	-	-	-	-	-	-	-	-	-	-	-	-	-	-	-	b	S
C. holostoma	Carex	holostoma			3309065	C. holostoma	-	-	-	-	-	-	r	-	-	-	r	-	r	r	r	r	s	s	-	s	-	-	-	-	S	S	S
C. media	Carex	media			3309066	C. media	-	r	r	-	r	r	r	-	-	-	?	-	r	r	r	s	r	r	-	-	-	-	-	-	-	S	F
C. norvegica subsp. norvegica	Carex	norvegica	subsp.	norvegica	3309067a	C. norvegica subsp. norvegica	f	f	r	-	r	r	-	-	-	-	-	-	-	-	-	-	-	-	-	r	r	-	-	-	R	F	F
C. norvegica subsp. inserrulata	Carex	norvegica	subsp.	inserrulata	3309067b	C. norvegica subsp. inserrulata	-	-	-	-	-	-	-	-	-	-	-	-	-	-	-	-	r	s	-	f	s	-	-	-	R	F	F
C. norvegica subsp. conicorostrata	Carex	norvegica	subsp.	conicorostrata	3309067c	C. norvegica subsp. conicorostrata	-	-	-	-	-	-	-	-	-	-	-	-	-	r	?	-	-	-	-	-	-	-	-	-	-	R	-
C. paleacea	Carex	paleacea			3309068	C. paleacea	-	b	-	-	-	-	-	-	-	-	-	-	-	-	-	-	-	r	-	-	-	-	-	-	-	R	S
C. lyngbyei subsp. lyngbyei	Carex	lyngbyei	subsp.	lyngbyei	3309069a	C. lyngbyei subsp. lyngbyei	f	-	-	-	-	-	-	-	-	-	-	-	-	-	-	-	-	-	-	r	r	-	-	-	-	R	F
C. lyngbyei subsp. cryptocarpa	Carex	lyngbyei	subsp.	cryptocarpa	3309069b	C. lyngbyei subsp. cryptocarpa	-	-	-	-	-	-	-	-	-	-	-	-	s	s	f	-	-	-	-	-	-	-	-	-	-	S	F
C. salina	Carex	salina			3309070	C. salina	-	f	-	-	-	-	-	-	-	-	-	-	-	-	-	-	-	r	-	-	-	-	-	-	-	S	F
C. ramenskii	Carex	ramenskii			3309071	C. ramenskii	s	-	-	-	-	-	-	-	-	-	-	-	-	r	r	-	-	-	-	r	-	-	-	-	-	R	F
C. ramenskii Pacific race	Carex	ramenskii	Pacific	race	3309071a	C. ramenskii Pacific race	-	-	-	-	-	-	-	-	-	-	-	-	-	r	r	-	-	-	-	-	-	-	-	-	-	R	F
C. ramenskii Atlantic race	Carex	ramenskii	Atlantic	race	3309071b	C. ramenskii Atlantic race	s	-	-	-	-	-	-	-	-	-	-	-	-	-	-	-	-	-	-	r	-	-	-	-	-	R	S
C. subspathacea	Carex	subspathacea			3309072	C. subspathacea	f	f	s	s	s	r	r	r	s	s	s	-	s	f	s	f	s	s	r	f	f	-	-	S	F	F	F
C. recta	Carex	recta			3309073	C. recta	-	-	-	-	-	-	-	-	-	-	-	-	-	-	-	-	-	r	-	-	-	-	-	-	-	R	F
C. sp. aff. halophila	Carex	sp.	aff.	halophila	3309074	C. sp. aff. halophila	-	s	-	-	-	-	-	-	-	-	-	-	-	-	-	-	-	-	-	-	-	-	-	-	-	R	F
C. acuta	Carex	acuta			3309075	C. acuta	-	-	r	-	r	r	r	-	-	-	-	-	-	-	-	-	-	-	-	-	-	-	-	-	-	R	F
C. nigra var. nigra	Carex	nigra	var.	nigra	3309076a	C. nigra var. nigra	f	s	r	-	-	-	-	-	-	-	-	-	-	-	-	-	-	-	-	r	-	-	-	-	-	S	F
C. nigra var. juncea	Carex	nigra	var.	juncea	3309076b	C. nigra var. juncea	-	f	f	-	s	f	r	-	-	-	-	-	-	-	-	-	-	-	-	-	-	-	-	-	-	F	F
C. appendiculata	Carex	appendiculata			3309077	C. appendiculata	-	-	-	-	-	-	r	-	-	r	r	-	r	-	-	-	-	-	-	-	-	-	-	-	-	R	F
C. aquatilis	Carex	aquatilis			3309078	C. aquatilis	-	f	f	-	s	s	r	-	-	-	X	-	r	X	f	f	s	s	-	r	-	-	-	-	R	F	F
C. sitchensis	Carex	sitchensis			3309079	C. sitchensis	-	-	-	-	-	-	-	-	-	-	-	-	-	-	r	-	-	-	-	-	-	-	-	-	-	R	S
C. concolor	Carex	concolor			3309080	C. concolor	-	s	f	r	f	f	f	f	f	s	f	s	f	f	s	f	f	f	f	s	s	-	R	F	F	F	S
C. schmidtii	Carex	schmidtii			3309081	C. schmidtii	-	-	-	-	-	-	-	-	-	-	-	-	b	-	-	-	-	-	-	-	-	-	-	-	-	b	F
C. minuta	Carex	minuta			3309082	C. minuta	-	-	-	-	-	-	-	-	-	r	-	-	-	-	-	-	-	-	-	-	-	-	-	-	-	R	F
C. cespitosa	Carex	cespitosa			3309083	C. cespitosa	-	r	?	-	?	r	?	-	-	?	-	-	-	-	-	-	-	-	-	-	-	-	-	-	-	R	F
C. bigelowii subsp. bigelowii	Carex	bigelowii	subsp.	bigelowii	3309084a	C. bigelowii subsp. bigelowii	-	s	-	-	-	-	-	-	-	-	-	-	-	-	-	-	s	f	r	f	f	-	-	-	S	F	F
C. bigelowii subsp. rigida	Carex	bigelowii	subsp.	rigida	3309084b	C. bigelowii subsp. rigida	f	f	-	-	-	-	-	-	-	-	-	-	-	-	-	-	-	-	-	f	f	-	-	R	F	F	F
C. bigelowii subsp. ensifolia	Carex	bigelowii	subsp.	ensifolia	3309084c	C. bigelowii subsp. ensifolia	-	-	f	r	f	f	f	f	f	f	f	f	f	f	f	f	s	-	-	-	-	-	-	R	F	F	F
C. bigelowii subsp. lugens	Carex	bigelowii	subsp.	lugens		C. bigelowii subsp. lugens	-	-	-	-	-	-	-	r	r	s	f	f	f	f	f	f	s	-	-	-	-	-	-	-	S	F	F
C. bigelowii subsp. arctisibirica	Carex	bigelowii	subsp.	arctisibirica		C. bigelowii subsp. arctisibirica	-	-	f	r	f	f	f	f	f	s	-	-	-	-	-	-	-	-	-	-	-	-	-	R	F	F	F
C. bigelowii subsp. rigidioides	Carex	bigelowii	subsp.	rigidioides		C. bigelowii subsp. rigidioides	-	-	-	-	-	-	-	r	s	r	-	-	-	-	-	-	-	-	-	-	-	-	-	-	-	R	F
C. bigelowii taxon soczavaeana	Carex	bigelowii	taxon	soczavaeana		C. bigelowii taxon soczavaeana	-	-	-	-	-	-	-	-	-	r	s	-	f	r	-	-	-	-	-	-	-	-	-	-	-	S	F
C. eleusinoides	Carex	eleusinoides			3309085	C. eleusinoides	-	-	-	-	-	-	r	-	s	?	r	-	r	s	r	b	-	-	-	-	-	-	-	-	-	R	S
C. lenticularis	Carex	lenticularis			3309086	C. lenticularis	-	-	-	-	-	-	-	-	-	-	-	-	-	-	-	-	r	-	-	-	-	-	-	-	-	R	F
C. kelloggii	Carex	kelloggii			3309087	C. kelloggii	-	-	-	-	-	-	-	-	-	-	-	-	-	-	r	-	-	-	-	-	-	-	-	-	-	R	S
C. rufina	Carex	rufina			3309088	C. rufina	f	-	-	-	-	-	-	-	-	-	-	-	-	-	-	-	-	s	-	s	s	-	-	-	R	S	S
C. diandra	Carex	diandra			3309089	C. diandra	-	-	r	-	r	-	r	-	-	b	-	-	-	-	-	r	r	r	-	-	-	-	-	-	-	R	S
C. pseudocuraica	Carex	pseudocuraica			3309090	C. pseudocuraica	-	-	-	-	-	-	-	-	-	b	-	-	-	-	-	-	-	-	-	-	-	-	-	-	-	b	S
C. praecox	Carex	praecox			3309091	C. praecox	-	-	-	-	b	-	-	-	-	-	-	-	-	-	-	-	-	-	-	-	-	-	-	-	-	b	S
C. pallida	Carex	pallida			3309092	C. pallida	-	-	-	-	-	-	-	-	-	r	r	-	-	-	-	-	-	-	-	-	-	-	-	-	-	R	F
C. chordorrhiza	Carex	chordorrhiza			3309093	C. chordorrhiza	f	r	s	-	s	f	s	s	f	s	r	-	r	r	f	f	f	s	-	r	-	-	-	-	R	F	F
C. duriuscula	Carex	duriuscula			3309094	C. duriuscula	-	-	-	-	-	-	-	-	-	-	s	s	r	-	-	-	-	-	-	-	-	-	-	-	-	S	F
C. enervis (subsp. enervis)	Carex	enervis	(subsp.	enervis)	3309095	C. enervis (subsp. enervis)	-	-	-	-	-	-	-	-	-	-	-	-	-	r	-	-	-	-	-	-	-	-	-	-	-	R	F
C. maritima	Carex	maritima			3309096	C. maritima	f	s	s	s	s	r	r	s	f	r	s	r	-	s	s	f	f	f	s	s	f	-	R	S	F	F	F
C. lidii	Carex	lidii			3309097	C. lidii	-	-	-	s	-	-	-	-	-	-	-	-	-	-	-	-	-	-	-	-	r	-	R	R	-	R	-
C. langeana	Carex	langeana			3309098	C. langeana	-	-	-	-	-	-	-	-	-	-	-	-	-	-	-	-	-	r	-	r	-	-	-	-	-	R	R
C. disperma	Carex	disperma			3309099	C. disperma	-	-	-	-	-	?	-	-	-	-	-	-	-	-	-	b	r	r	-	r	-	-	-	-	-	R	F
C. macloviana	Carex	macloviana			3309100	C. macloviana	s	-	-	-	-	-	-	-	-	-	-	-	-	-	-	-	-	s	-	f	f	-	-	-	S	S	S
C. pachystachya	Carex	pachystachya			3309101	C. pachystachya	-	-	-	-	-	-	-	-	-	-	-	-	-	-	-	b	?	-	-	-	-	-	-	-	-	b	F
C. praticola	Carex	praticola			3309102	C. praticola	-	-	-	-	-	-	-	-	-	-	-	-	-	-	-	-	-	b	-	r	r	-	-	-	-	R	S
C. foenea	Carex	foenea			3309103	C. foenea	-	-	-	-	-	-	-	-	-	-	-	-	-	-	b	-	-	r	-	-	-	-	-	-	-	R	F
C. sterilis	Carex	sterilis			3309104	C. sterilis	-	-	-	-	-	-	-	-	-	-	-	-	-	-	-	-	?	?	-	-	-	-	-	-	-	?	F
C. interior	Carex	interior			3309105	C. interior	-	-	-	-	-	-	-	-	-	-	-	-	-	-	-	-	-	r	-	-	-	-	-	-	-	R	F
C. echinata (subsp. echinata)	Carex	echinata	(subsp.	echinata)	3309106	C. echinata (subsp. echinata)	f	b	-	-	-	-	-	-	-	-	-	-	-	-	-	-	-	-	-	-	-	-	-	-	-	R	F
C. mackenziei	Carex	mackenziei			3309107	C. mackenziei	s	s	r	-	-	-	-	-	-	-	r	-	s	-	s	-	r	r	-	r	-	-	-	-	-	S	F
C. canescens (subsp. canescens)	Carex	canescens	(subsp.	canescens)	3309108	C. canescens (subsp. canescens)	f	f	f	-	s	s	r	-	-	-	r	-	r	-	r	r	r	s	-	s	r	-	-	-	-	S	F
C. lapponica	Carex	lapponica			3309109	C. lapponica	-	r	s	-	r	r	r	-	-	-	-	-	r	r	r	r	r	b	-	-	-	-	-	-	-	S	F
C. bonanzensis	Carex	bonanzensis			3309110	C. bonanzensis	-	-	-	-	-	-	b	-	-	r	-	r	-	-	-	r	r	-	-	-	-	-	-	-	-	R	S
C. arcta	Carex	arcta			3309111	C. arcta	-	-	-	-	-	-	-	-	-	-	-	-	-	-	-	-	-	r	-	-	-	-	-	-	-	R	S
C. kreczetoviczii	Carex	kreczetoviczii			3309112	C. kreczetoviczii	-	-	-	-	-	-	-	-	-	-	-	-	r	-	-	-	-	-	-	-	-	-	-	-	-	R	S
C. brunnescens subsp. brunnescens	Carex	brunnescens	subsp.	brunnescens	3309113a	C. brunnescens subsp. brunnescens	r	f	f	-	s	r	r	-	-	-	-	-	-	-	-	-	?	r	-	s	r	-	-	-	S	F	F
C. brunnescens subsp. vitilis	Carex	brunnescens	subsp.	vitilis	3309113b	C. brunnescens subsp. vitilis	-	s	-	-	-	-	-	-	-	-	-	-	-	-	-	-	-	-	-	-	-	-	-	-	-	R	F
C. brunnescens subsp. alaskana	Carex	brunnescens	subsp.	alaskana	3309113c	C. brunnescens subsp. alaskana	-	-	-	-	-	-	-	-	-	-	-	-	-	-	r	-	?	-	-	-	-	-	-	-	-	R	S
C. trisperma	Carex	trisperma			3309114	C. trisperma	-	-	-	-	-	-	-	-	-	-	-	-	-	-	-	-	r	-	-	r	-	-	-	-	-	R	S
C. loliacea	Carex	loliacea			3309115	C. loliacea	-	-	-	-	r	r	r	-	-	-	-	-	-	-	-	r	-	-	-	-	-	-	-	-	-	R	F
C. tenuiflora	Carex	tenuiflora			3309116	C. tenuiflora	-	-	r	-	r	r	r	-	-	r	r	-	-	-	r	-	r	r	-	-	-	-	-	-	-	R	F
C. heleonastes	Carex	heleonastes			3309117	C. heleonastes	-	?	r	-	r	-	-	-	-	-	-	-	-	-	-	r	-	r	-	-	-	-	-	-	-	R	F
C. marina subsp. marina	Carex	marina	subsp.	marina	3309118a	C. marina subsp. marina	-	-	-	-	r	s	s	s	s	r	s	-	r	r	r	s	s	s	r	r	-	-	-	S	F	F	R
C. marina subsp. pseudolagopina	Carex	marina	subsp.	pseudolagopina	3309118b	C. marina subsp. pseudolagopina	-	-	-	r	-	-	-	-	-	-	-	-	-	-	-	-	-	-	r	s	s	-	-	S	F	F	R
C. glareosa (subsp. glareosa)	Carex	glareosa	(subsp.	glareosa)	3309119	C. glareosa (subsp. glareosa)	f	f	s	r	-	-	r	r	r	r	s	X	r	f	f	f	r	s	r	f	s	-	-	R	F	F	F
C. lachenalii	Carex	lachenalii			3309120	C. lachenalii	f	f	f	s	f	f	s	s	f	s	f	f	f	f	f	f	s	f	r	f	f	-	-	S	F	F	F
C. ursina	Carex	ursina			3309121	C. ursina	-	-	-	f	s	r	r	r	r	r	r	s	-	s	r	f	f	f	s	s	s	-	R	F	F	S	-
C. dioica	Carex	dioica			3309122	C. dioica	f	s	r	-	-	-	-	-	-	-	-	-	-	-	-	-	-	-	-	-	-	-	-	-	-	S	F
C. gynocrates	Carex	gynocrates			3309123	C. gynocrates	-	-	-	-	-	-	r	r	s	-	s	-	r	r	r	s	s	r	-	f	-	-	-	-	S	F	F
C. parallela subsp. parallela	Carex	parallela	subsp.	parallela	3309124a	C. parallela subsp. parallela	-	r	s	s	s	?	-	-	-	-	-	-	-	-	-	-	-	-	-	-	s	-	-	S	F	F	S
C. parallela subsp. redowskiana	Carex	parallela	subsp.	redowskiana	3309124b	C. parallela subsp. redowskiana	-	-	s	-	f	r	r	s	f	-	-	-	-	r	-	-	-	-	-	-	-	-	-	-	R	F	S
C. microglochin	Carex	microglochin			3309125	C. microglochin	f	r	-	-	-	-	-	b	-	-	-	-	-	-	r	s	r	s	-	f	s	-	-	-	R	S	F
C. pauciflora	Carex	pauciflora			3309126	C. pauciflora	-	r	r	-	-	-	-	-	-	-	-	-	-	-	-	-	-	b	-	-	-	-	-	-	-	R	F
C. obtusata	Carex	obtusata			3309127	C. obtusata	-	-	r	-	r	-	-	r	-	r	X	s	s	s	s	f	r	-	-	-	-	-	-	-	?	S	F
C. rupestris	Carex	rupestris			3309128	C. rupestris	s	s	r	f	f	r	f	s	f	r	f	f	s	f	r	f	f	f	s	f	f	-	R	F	F	F	F
C. micropoda	Carex	micropoda			3309129	C. micropoda	-	-	-	-	-	-	-	-	-	-	-	-	r	f	r	b	-	-	-	-	-	-	-	-	-	S	F
C. leptalea (subsp. leptalea)	Carex	leptalea	(subsp.	leptalea)	3309130	C. leptalea (subsp. leptalea)	-	-	-	-	-	-	-	-	-	-	-	-	-	-	-	r	r	r	-	-	-	-	-	-	-	R	F
C. filifolia	Carex	filifolia			3309131	C. filifolia	-	-	-	-	-	-	-	-	-	-	-	-	-	-	-	b	r	-	-	-	-	-	-	-	-	R	F
C. anthoxanthea	Carex	anthoxanthea			3309132	C. anthoxanthea	-	-	-	-	-	-	-	-	-	-	-	-	-	r	r	-	-	-	-	-	-	-	-	-	-	R	S
C. scirpoidea subsp. scirpoidea	Carex	scirpoidea	subsp.	scirpoidea	3309133a	C. scirpoidea subsp. scirpoidea	-	-	-	-	-	-	-	-	-	r	r	X	r	f	X	X	f	f	r	f	f	-	-	R	S	F	F
C. scirpoidea subsp. stenochlaena	Carex	scirpoidea	subsp.	stenochlaena	3309133b	C. scirpoidea subsp. stenochlaena	-	-	-	-	-	-	-	-	-	-	-	-	-	-	X	X	-	-	-	-	-	-	-	-	?	F	F
C. pulicaris	Carex	pulicaris			3309134	C. pulicaris	r	-	-	-	-	-	-	-	-	-	-	-	-	-	-	-	-	-	-	-	-	-	-	-	-	R	R
C. capitata	Carex	capitata			3309135	C. capitata	f	r	s	-	r	r	r	s	f	r	-	-	-	r	r	s	r	r	-	r	-	-	-	-	-	S	F
C. arctogena	Carex	arctogena			3309136	C. arctogena	-	r	-	-	-	-	-	-	-	-	-	-	-	-	-	-	-	r	-	f	r	-	-	-	S	S	S
C. nardina subsp. nardina	Carex	nardina	subsp.	nardina	3309137a	C. nardina subsp. nardina	r	-	-	-	-	-	-	-	-	-	-	-	-	-	-	-	-	?	-	?	?	-	-	-	-	R	S
C. nardina subsp. hepburnii	Carex	nardina	subsp.	hepburnii	3309137b	C. nardina subsp. hepburnii	-	-	-	f	-	-	-	-	-	-	r	X	-	X	r	f	s	f	f	f	f	-	R	F	F	F	S
	POACEAE				34	POACEAE																											
	Elymus				3401	Elymus																											
E. mutabilis	Elymus	mutabilis			340101	E. mutabilis	-	b	s	-	s	r	r	r	-	-	-	-	-	-	-	-	-	-	-	-	-	-	-	-	-	S	F
E. trachycaulus subsp. trachycaulus	Elymus	trachycaulus	subsp.	trachycaulus	340102a	E. trachycaulus subsp. trachycaulus	-	-	-	-	-	-	-	-	-	-	-	-	-	r	?	r	r	r	-	-	-	-	-	-	-	R	F
E. trachycaulus subsp. novae-angliae	Elymus	trachycaulus	subsp.	novae-angliae	340102b	E. trachycaulus subsp. novae-angliae	-	-	-	-	-	-	-	-	-	-	-	-	-	r	-	-	-	r	-	-	-	-	-	-	-	R	F
E. trachycaulus subsp. subsecundus	Elymus	trachycaulus	subsp.	subsecundus	340102c	E. trachycaulus subsp. subsecundus	-	-	-	-	-	-	-	-	-	-	-	-	-	-	r	-	-	-	-	-	-	-	-	-	-	R	F
E. trachycaulus subsp. virescens	Elymus	trachycaulus	subsp.	virescens	340102d	E. trachycaulus subsp. virescens	-	-	-	-	-	-	-	-	-	-	-	-	-	-	-	-	-	-	-	s	r	-	-	?	S	F	F
E. violaceus	Elymus	violaceus			340103	E. violaceus	-	-	-	-	-	-	-	-	-	-	-	-	-	-	r	s	-	r	-	r	-	-	-	?	S	F	F
E. alaskanus subsp. alaskanus	Elymus	alaskanus	subsp.	alaskanus	340104a	E. alaskanus subsp. alaskanus	-	-	-	-	-	-	-	-	-	-	-	r	-	r	r	s	s	-	-	-	-	-	-	-	R	F	F
E. alaskanus subsp. borealis	Elymus	alaskanus	subsp.	borealis	340104b	E. alaskanus subsp. borealis	b	?	r	-	s	r	s	f	f	?	f	f	s	f	f	r	r	-	-	-	-	-	-	-	R	F	F
E. alaskanus subsp. hyperarcticus	Elymus	alaskanus	subsp.	hyperarcticus	340104c	E. alaskanus subsp. hyperarcticus	-	-	-	-	-	r	r	r	s	-	s	s	r	s	r	f	r	r	r	r	s	-	R	F	F	F	F
E. alaskanus subsp. villosus	Elymus	alaskanus	subsp.	villosus	340104d	E. alaskanus subsp. villosus	-	-	-	-	-	-	s	r	r	-	s	s	r	s	-	-	-	-	-	-	-	-	-	-	R	F	F
E. alaskanus subsp. caeruleus	Elymus	alaskanus	subsp.	caeruleus	340104e	E. alaskanus subsp. caeruleus	-	-	-	-	-	-	-	-	-	-	-	r	-	-	-	-	-	-	-	-	-	-	-	R	R	-	-
E. macrourus	Elymus	macrourus			340105	E. macrourus	-	-	r	-	s	s	r	r	s	r	f	-	f	f	s	f	s	-	-	-	-	-	-	?	R	F	F
E. macrourus subsp. macrourus	Elymus	macrourus	subsp.	macrourus	340105a	E. macrourus subsp. macrourus	-	-	r	-	r	-	r	r	s	r	f	-	f	f	r	-	-	-	-	-	-	-	-	-	R	F	F
E. macrourus subsp. neplianus	Elymus	macrourus	subsp.	neplianus	340105b	E. macrourus subsp. neplianus	-	-	-	-	-	-	-	-	-	r	r	-	-	-	-	-	-	-	-	-	-	-	-	?	R	R	?
E. macrourus subsp. turuchanensis	Elymus	macrourus	subsp.	turuchanensis	340105c	E. macrourus subsp. turuchanensis	-	-	r	-	s	s	r	-	-	-	-	-	-	-	-	-	-	-	-	-	-	-	-	-	R	F	F
E. macrourus taxon sericeus	Elymus	macrourus	taxon	sericeus	340105d	E. macrourus taxon sericeus	-	-	-	-	-	-	-	-	-	-	-	-	-	-	s	f	s	-	-	-	-	-	-	-	R	F	F
E. jacutensis	Elymus	jacutensis			340106	E. jacutensis	-	-	-	-	-	-	r	-	-	-	r	-	r	r	-	-	-	-	-	-	-	-	-	-	-	R	F
E. fibrosus subsp. fibrosus	Elymus	fibrosus	subsp.	fibrosus	340107a	E. fibrosus subsp. fibrosus	-	-	r	-	s	-	-	-	-	-	-	-	-	-	-	-	-	-	-	-	-	-	-	-	-	R	F
E. fibrosus subsp. subfibrosus	Elymus	fibrosus	subsp.	subfibrosus	340107b	E. fibrosus subsp. subfibrosus	-	-	-	-	-	r	r	r	s	r	-	-	r	-	-	-	-	-	-	-	-	-	-	-	-	R	F
E. caninus	Elymus	caninus			340108	E. caninus	r	r	-	-	-	-	-	-	-	-	-	-	-	-	-	-	-	-	-	-	-	-	-	-	-	R	F
E. confusus	Elymus	confusus			340109	E. confusus	-	-	-	-	-	-	-	-	-	r	r	-	r	-	-	-	-	-	-	-	-	-	-	-	-	R	F
	Pseudoroegneria				3402	Pseudoroegneria																											
P. spicata (subsp. spicata)	Pseudoroegneria	spicata	(subsp.	spicata)	340201	P. spicata (subsp. spicata)	-	-	-	-	-	-	-	-	-	-	-	-	-	-	-	r	-	-	-	-	-	-	-	-	-	R	S
P. strigosa subsp. jacutorum	Pseudoroegneria	strigosa	subsp.	jacutorum	340202a	P. strigosa subsp. jacutorum	-	-	-	-	-	-	-	-	-	r	-	-	-	-	-	-	-	-	-	-	-	-	-	-	-	R	S
	Elytrigia				3403	Elytrigia																											
E. repens (subsp. repens)	Elytrigia	repens	(subsp.	repens)	340301	E. repens (subsp. repens)	*	*	*	-	*	-	-	-	-	-	-	-	-	-	*	-	-	*	-	*	-	-	-	-	-	*	F
	Hystrix				3404	Hystrix																											
H. sibirica	Hystrix	sibirica			340401	H. sibirica	-	-	-	-	-	-	r	b	-	-	-	-	-	-	-	-	-	-	-	-	-	-	-	-	-	R	S
	Leymus				3405	Leymus																											
L. mollis subsp. mollis	Leymus	mollis	subsp.	mollis	340501a	L. mollis subsp. mollis	-	-	-	-	-	-	-	-	-	-	-	-	-	-	s	-	r	r	-	f	r	-	-	-	R	F	F
L. mollis subsp. villosissimus	Leymus	mollis	subsp.	villosissimus	340501b	L. mollis subsp. villosissimus	-	-	-	-	-	-	-	r	r	s	f	-	f	f	f	f	s	f	r	-	-	-	-	?	S	F	F
L. interior	Leymus	interior			340502	L. interior	-	-	-	-	-	-	r	s	f	-	s	r	s	s	-	-	-	-	-	-	-	-	-	-	R	F	F
L. arenarius	Leymus	arenarius			340503	L. arenarius	f	f	s	-	r	-	-	-	-	-	-	-	-	-	-	-	-	-	-	r	-	-	-	-	?	F	F
L. innovatus subsp. innovatus	Leymus	innovatus	subsp.	innovatus	340504a	L. innovatus subsp. innovatus	-	-	-	-	-	-	-	-	-	-	-	-	-	-	-	-	-	s	-	-	-	-	-	-	-	S	F
L. innovatus subsp. velutinus	Leymus	innovatus	subsp.	velutinus	340504b	L. innovatus subsp. velutinus	-	-	-	-	-	-	-	-	-	-	-	-	-	-	-	s	r	-	-	-	-	-	-	-	-	R	S
	Hordeum				3406	Hordeum																											
H. jubatum	Hordeum	jubatum			340601	H. jubatum	**	-	-	-	-	-	-	-	-	-	**	**	*	**	*	*	r	r	-	-	-	-	-	-	-	R	F
H. brachyantherum	Hordeum	brachyantherum			340602	H. brachyantherum	-	-	-	-	-	-	-	-	-	-	-	-	-	-	*	-	-	-	-	-	-	-	-	-	-	*	S
H. brevisubulatum	Hordeum	brevisubulatum			340603	H. brevisubulatum	-	-	-	-	-	-	-	-	*	-	-	-	-	-	-	-	-	-	-	-	-	-	-	-	-	*	S
	Bromopsis				3407	Bromopsis																											
B. pumpelliana	Bromopsis	pumpelliana			340701	B. pumpelliana	-	-	r	-	r	r	s	s	f	r	s	f	f	f	s	f	r	-	-	-	-	-	-	R	S	F	F
B. pumpelliana subsp. pumpelliana	Bromopsis	pumpelliana	subsp.	pumpelliana	340701a	B. pumpelliana subsp. pumpelliana	-	-	-	-	-	-	-	-	-	-	-	-	-	-	r	s	r	-	-	-	-	-	-	-	?	S	F
B. pumpelliana subsp. sibirica	Bromopsis	pumpelliana	subsp.	sibirica	340701b	B. pumpelliana subsp. sibirica	-	-	-	-	-	-	-	r	-	r	s	s	f	s	-	-	-	-	-	-	-	-	-	?	S	F	F
B. pumpelliana subsp. taimyrensis	Bromopsis	pumpelliana	subsp.	taimyrensis	340701c	B. pumpelliana subsp. taimyrensis	-	-	r	-	r	-	s	s	f	-	-	-	-	-	-	-	-	-	-	-	-	-	-	?	S	F	F
B. pumpelliana subsp. vogulica	Bromopsis	pumpelliana	subsp.	vogulica	340701d	B. pumpelliana subsp. vogulica	-	-	r	-	r	r	-	-	-	-	-	-	-	-	-	-	-	-	-	-	-	-	-	-	R	S	S
B. pumpelliana subsp. arctica	Bromopsis	pumpelliana	subsp.	arctica	340701e	B. pumpelliana subsp. arctica	-	-	-	-	-	-	-	-	r	-	r	f	s	f	s	f	s	-	-	-	-	-	-	R	F	F	F
B. pumpelliana subsp. ornans	Bromopsis	pumpelliana	subsp.	ornans	340701f	B. pumpelliana subsp. ornans	-	-	-	-	-	-	-	-	-	-	-	-	-	r	-	-	-	-	-	-	-	-	-	-	-	R	S
B. pumpelliana subsp. dicksonii	Bromopsis	pumpelliana	subsp.	dicksonii	340701g	B. pumpelliana subsp. dicksonii	-	-	-	-	-	-	-	-	-	-	-	-	-	-	b	-	-	-	-	-	-	-	-	-	-	b	R
B. inermis	Bromopsis	inermis			340702	B. inermis	*	*	*	-	*	-	*	-	-	-	-	-	-	-	**	-	-	-	-	**	-	-	-	-	-	*	S
B. ciliata	Bromopsis	ciliata			340703	B. ciliata	-	-	-	-	-	-	-	-	-	-	-	-	-	-	r	-	-	b	-	-	-	-	-	-	-	R	F
	Anthoxanthum				3408	Anthoxanthum																											
A. nipponicum	Anthoxanthum	nipponicum			340801	A. nipponicum	f	f	f	-	s	-	r	-	-	-	-	-	-	-	-	-	-	-	-	r	r	-	-	-	R	F	F
A. odoratum	Anthoxanthum	odoratum			340802	A. odoratum	-	*	-	-	-	-	-	-	-	-	-	-	-	-	-	-	-	-	-	*	-	-	-	-	-	*	S
	Hierochloe				3409	Hierochloe																											
H. alpina	Hierochloe	alpina			340901	H. alpina	-	s	s	s	f	f	f	f	f	s	f	f	f	f	f	f	f	f	f	f	f	-	S	F	F	F	F
H. orthantha	Hierochloe	orthantha			340902	H. orthantha	-	-	-	-	-	-	-	-	-	-	-	-	-	-	-	-	-	s	-	s	r	-	-	-	-	F	F
H. odorata subsp. odorata	Hierochloe	odorata	subsp.	odorata	340903a	H. odorata subsp. odorata	f	s	-	-	-	-	-	-	-	-	-	-	-	-	-	-	-	r	-	-	-	-	-	-	-	R	F
H. odorata subsp. arctica	Hierochloe	odorata	subsp.	arctica	340903b	H. odorata subsp. arctica	-	s	s	-	s	r	r	-	-	-	r	-	s	r	r	s	r	s	-	r	-	-	-	-	R	S	F
H. odorata subsp. kolymensis	Hierochloe	odorata	subsp.	kolymensis	340903c	H. odorata subsp. kolymensis	-	-	-	-	-	-	-	-	-	r	-	-	-	r	r	-	-	-	-	-	-	-	-	-	-	R	F
H. glabra subsp. sibirica	Hierochloe	glabra	subsp.	sibirica	340904a	H. glabra subsp. sibirica	-	-	-	-	-	-	-	-	-	-	-	-	-	r	-	-	-	-	-	-	-	-	-	-	-	R	S
H. wrangelica	Hierochloe	wrangelica			340905	H. wrangelica	-	-	-	-	-	-	-	-	-	-	-	r	-	-	-	-	-	-	-	-	-	-	-	R	R	-	-
H. pauciflora	Hierochloe	pauciflora			340906	H. pauciflora	-	-	-	-	f	f	f	f	f	f	f	f	f	f	f	f	f	f	r	-	-	-	R	F	F	F	F
	Avenula				3410	Avenula																											
A. pubescens	Avenula	pubescens			341001	A. pubescens	-	b	-	-	-	-	-	-	-	-	-	-	-	-	-	-	-	-	-	-	-	-	-	-	-	b	F
A. dahurica	Avenula	dahurica			341002	A. dahurica	-	-	-	-	-	-	-	-	r	-	s	-	r	-	-	-	-	-	-	-	-	-	-	-	-	R	F
	Helictotrichon				3411	Helictotrichon																											
H. krylovii	Helictotrichon	krylovii			341101	H. krylovii	-	-	-	-	-	-	-	-	-	-	r	-	-	r	-	-	-	-	-	-	-	-	-	-	-	R	S
	Trisetum				3412	Trisetum																											
T. sibiricum subsp. sibiricum	Trisetum	sibiricum	subsp.	sibiricum	341201a	T. sibiricum subsp. sibiricum	-	-	f	-	f	-	-	-	-	-	-	-	-	-	-	-	-	-	-	-	-	-	-	-	-	S	F
T. sibiricum subsp. litorale	Trisetum	sibiricum	subsp.	litorale	341201b	T. sibiricum subsp. litorale	-	-	f	-	r	-	s	s	f	r	s	-	r	s	r	r	-	-	-	-	-	-	-	-	R	F	F
T. subalpestre	Trisetum	subalpestre			341202	T. subalpestre	-	b	-	-	-	-	r	r	s	-	-	-	-	-	-	-	-	-	-	-	-	-	-	-	?	R	R
T. spicatum	Trisetum	spicatum			341203	T. spicatum	f	s	f	f	f	f	f	f	f	r	f	f	f	f	f	f	f	f	f	f	f	R	F	F	F	F	F
T. molle	Trisetum	molle			341204	T. molle	s	-	-	-	-	-	r	r	r	r	s	-	s	s	s	s	r	r	-	f	s	-	-	?	S	F	F
T. melicoides	Trisetum	melicoides			341205	T. melicoides	-	-	-	-	-	-	-	-	-	-	-	-	-	-	-	-	-	r	-	-	-	-	-	-	-	-	R
	Koeleria				3413	Koeleria																											
K. pyramidata subsp. seminuda	Koeleria	pyramidata	subsp.	seminuda	341301a	K. pyramidata subsp. seminuda	-	-	-	-	-	-	-	r	-	-	-	-	-	-	-	-	-	-	-	-	-	-	-	-	-	R	F
K. glauca subsp. pohleana	Koeleria	glauca	subsp.	pohleana	341302a	K. glauca subsp. pohleana	-	-	s	-	-	-	-	-	-	-	-	-	-	-	-	-	-	-	-	-	-	-	-	?	S	F	F
K. asiatica	Koeleria	asiatica			341303	K. asiatica	-	-	-	-	s	f	f	f	f	r	f	f	r	r	r	s	r	-	-	-	-	-	-	-	R	F	F
X Trisetokoeleria	Koeleria	Trisetokoeleria			3414	X Trisetokoeleria																											
X T. gorodkowii	Koeleria	T.	gorodkowii		341401	X T. gorodkowii	-	-	-	-	-	r	-	-	-	-	-	-	-	-	-	-	-	-	-	-	-	-	-	-	R	R	-
X T. taimyrica	Koeleria	T.	taimyrica		341402	X T. taimyrica	-	-	-	-	-	-	r	-	-	-	r	-	-	-	-	-	-	-	-	-	-	-	-	R	R	R	-
X T. jurtzevii	Koeleria	T.	jurtzevii		341403	X T. jurtzevii	-	-	-	-	-	-	-	-	-	-	r	r	-	r	-	-	-	-	-	-	-	-	-	R	R	R	-
	Sphenopholis				3415	Sphenopholis																											
S. intermedia	Sphenopholis	intermedia			341501	S. intermedia	-	-	-	-	-	-	-	-	-	-	-	-	-	-	-	-	-	b	-	-	-	-	-	-	-	b	F
	Deschampsia				3416	Deschampsia																											
D. cespitosa	Deschampsia	cespitosa			341601	D. cespitosa	f	f	s	*	r	-	-	-	-	-	-	-	-	-	*	-	-	-	-	*	-	-	-	**	*	F	F
D. alpina	Deschampsia	alpina			341602	D. alpina	f	s	-	f	s	-	-	-	-	-	-	-	-	-	-	-	-	r	-	s	s	R	F	F	F	F	S
D. brevifolia	Deschampsia	brevifolia			341603	D. brevifolia	-	-	-	-	-	-	s	s	s	s	-	s	r	r	r	f	f	r	f	r	s	F	F	F	S	S	R
D. anadyrensis	Deschampsia	anadyrensis			341604	D. anadyrensis	-	-	s	-	r	r	s	s	s	r	f	f	r	s	s	r	?	r	-	-	-	-		S	F	F	F
D. vodopjanoviae	Deschampsia	vodopjanoviae			341605	D. vodopjanoviae	-	-	-	-	-	-	r	r	-	-	-	-	-	-	-	-	-	-	-	-	-	-	-	-	-	R	S
D. sukatschewii subsp. sukatschewii	Deschampsia	sukatschewii	subsp.	sukatschewii	341606a	D. sukatschewii subsp. sukatschewii	-	-	-	-	-	-	-	r	-	r	s	-	-	-	-	-	-	-	-	-	-	-	-	-	R	S	F
D. sukatschewii subsp. orientalis	Deschampsia	sukatschewii	subsp.	orientalis	341606b	D. sukatschewii subsp. orientalis	-	-	-	-	-	-	-	-	-	-	r	r	r	r	f	f	s	s	-	-	-	-	-	-	R	F	F
D. sukatschewii subsp. borealis	Deschampsia	sukatschewii	subsp.	borealis	341606c	D. sukatschewii subsp. borealis	-	-	r	s	s	s	f	s	s	s	f	f	s	r	r	r	r	r	r	s	s	-	?	S	F	F	F
D. obensis	Deschampsia	obensis			341607	D. obensis	-	-	-	-	-	s	s	s	s	r	r	-	-	r	-	-	-	-	-	-	-	-	-	-	R	F	F
D. beringensis	Deschampsia	beringensis			341608	D. beringensis	*	-	-	-	-	-	-	-	-	-	-	-	-	-	s	-	-	-	-	-	-	-	-	-	-	R	F
	Avenella				3417	Avenella																											
A. flexuosa	Avenella	flexuosa			341701	A. flexuosa	f	f	f	-	s	r	-	-	-	-	-	-	-	-	-	-	-	r	-	s	s	-	-	-	R	F	F
	Vahlodea				3418	Vahlodea																											
V. atropurpurea	Vahlodea	atropurpurea			341801	V. atropurpurea	-	s	r	-	r	-	-	-	-	-	-	-	-	-	-	-	-	s	-	s	r	-	-	-	-	S	F
V. latifolia subsp. paramushirensis	Vahlodea	latifolia	subsp.	paramushirensis	341802a	V. latifolia subsp. paramushirensis	-	-	-	-	-	-	-	-	-	-	-	-	-	-	r	-	-	-	-	-	-	-	-	-	-	R	S
	Milium				3419	Milium																											
M. effusum	Milium	effusum			341901	M. effusum	s	s	r	-	r	-	-	-	-	-	-	-	-	-	-	-	-	-	-	-	-	-	-	-	-	S	F
	Calamagrostis				3420	Calamagrostis																											
C. sesquiflora	Calamagrostis	sesquiflora			342001	C. sesquiflora	-	-	-	-	-	-	-	-	-	-	-	-	-	r	-	-	-	-	-	-	-	-	-	-	-	R	S
C. arctica	Calamagrostis	arctica			342002	C. arctica	-	-	-	-	-	-	-	-	-	-	r	-	f	f	r	-	-	-	-	-	-	-	-	-	?	S	F
C. purpurascens subsp. purpurascens	Calamagrostis	purpurascens	subsp.	purpurascens	342003a	C. purpurascens subsp. purpurascens	-	-	-	r	-	-	r	r	r	r	f	r	f	f	f	f	f	-	s	s	s	-	R	F	F	F	F
C. purpurascens subsp. laricina	Calamagrostis	purpurascens	subsp.	laricina	342003b	C. purpurascens subsp. laricina	-	-	-	-	-	-	-	-	-	-	-	-	-	-	-	-	r	?	-	r	-	-	-	-	?	S	S
C. deschampsioides	Calamagrostis	deschampsioides			342004	C. deschampsioides	-	r	s	-	s	?	r	r	r	r	s	-	s	s	s	r	r	s	-	-	-	-	-	?	S	F	F
C. holmii	Calamagrostis	holmii			342005	C. holmii	-	-	r	-	s	f	f	f	f	s	f	s	s	f	s	s	r	-	-	-	-	-	-	R	F	F	F
C. neglecta subsp. neglecta	Calamagrostis	neglecta	subsp.	neglecta	342006a	C. neglecta subsp. neglecta	-	s	f	-	f	f	s	r	r	r	s	-	r	r	r	r	s	f	-	f	f	-	-	?	S	F	F
C. neglecta subsp. groenlandica	Calamagrostis	neglecta	subsp.	groenlandica	342006b	C. neglecta subsp. groenlandica	f	f	f	s	f	f	s	-	-	-	r	r	-	r	r	s	s	s	r	s	s	-	?	S	F	F	F
C. inexpansa	Calamagrostis	inexpansa			342007	C. inexpansa	-	-	-	-	-	-	-	-	-	-	-	-	-	-	s	s	r	r	-	s	r	-	-	-	R	R	F
C. lapponica subsp. lapponica	Calamagrostis	lapponica	subsp.	lapponica	342008a	C. lapponica subsp. lapponica	-	s	s	-	s	f	s	s	s	r	f	-	f	f	f	s	r	r	-	-	-	-	-	?	S	F	F
C. lapponica subsp. sibirica	Calamagrostis	lapponica	subsp.	sibirica	342008b	C. lapponica subsp. sibirica	-	-	s	-	s	s	s	r	s	r	s	-	f	f	s	-	s	s	-	r	-	-	-	-	R	F	F
C. phragmitoides	Calamagrostis	phragmitoides			342009	C. phragmitoides	-	f	s	-	r	-	-	-	-	-	-	-	-	-	-	-	-	-	-	-	-	-	-	-	?	F	F
C. purpurea	Calamagrostis	purpurea			342010	C. purpurea	-	-	-	-	r	-	?	-	-	-	-	-	-	-	-	-	-	-	-	-	-	-	-	-	-	R	F
C. tenuis	Calamagrostis	tenuis			342011	C. tenuis	-	-	-	-	-	-	-	-	-	r	r	-	s	s	s	r	-	-	-	-	-	-	-	-	?	S	F
C. canadensis subsp. canadensis	Calamagrostis	canadensis	subsp.	canadensis	342012a	C. canadensis subsp. canadensis	-	-	-	-	-	-	-	-	-	-	-	-	-	-	s	s	r	?	-	-	-	-	-	-	-	S	F
C. canadensis subsp. langsdorfii	Calamagrostis	canadensis	subsp.	langsdorfii	342012b	C. canadensis subsp. langsdorfii	-	-	r	-	s	s	s	s	s	r	r	-	s	r	f	f	s	s	-	f	r	-	-	?	S	F	F
C. epigeios	Calamagrostis	epigeios			342013	C. epigeios	-	-	*	-	-	-	-	-	-	-	-	-	-	-	-	-	-	-	-	-	-	-	-	-	-	*	S
	Agrostis				3421	Agrostis																											
A. stolonifera	Agrostis	stolonifera			342101	A. stolonifera	f	f	s	-	r	r	-	-	-	-	-	-	-	-	*	-	-	*	-	r	*	-	-	-	?	S	F
A. stolonifera subsp. stolonifera	Agrostis	stolonifera	subsp.	stolonifera	342101a	A. stolonifera subsp. stolonifera	r	f	s	-	r	r	-	-	-	-	-	-	-	-	*	-	-	*	-	r	*	-	-	-	?	S	F
A. stolonifera subsp. straminea	Agrostis	stolonifera	subsp.	straminea	342101b	A. stolonifera subsp. straminea	-	f	s	-	-	-	-	-	-	-	-	-	-	-	-	-	-	-	-	-	-	-	-	-	-	S	F
A. gigantea	Agrostis	gigantea			342102	A. gigantea	-	r	r	-	r	-	-	-	-	-	-	-	-	-	-	-	-	-	-	r	-	-	-	-	-	R	F
A. capillaris	Agrostis	capillaris			342103	A. capillaris	f	s	r	*	-	-	-	-	-	-	-	-	-	-	-	-	-	-	-	*	-	-	-	-	-	S	F
A. exarata	Agrostis	exarata			342104	A. exarata	-	-	-	-	-	-	-	-	-	-	-	-	-	-	-	r	-	-	-	-	-	-	-	-	-	R	S
A. alaskana	Agrostis	alaskana			342105	A. alaskana	-	-	-	-	-	-	-	-	-	-	-	-	-	-	b	-	-	-	-	-	-	-	-	-	-	b	S
A. canina	Agrostis	canina			342106	A. canina	-	r	*	-	-	-	-	-	-	-	-	-	-	-	-	-	-	-	-	-	-	-	-	-	-	R	F
A. vinealis	Agrostis	vinealis			342107	A. vinealis	f	r	-	-	-	-	-	-	-	-	-	-	-	-	-	-	-	-	-	s	r	-	-	R	S	F	F
A. kudoi	Agrostis	kudoi			342108	A. kudoi	-	-	-	-	-	-	r	-	-	-	s	r	r	r	r	-	-	-	-	-	-	-	-	?	S	F	F
A. mertensii	Agrostis	mertensii			342109	A. mertensii	-	f	f	-	f	r	-	-	-	-	-	-	-	-	r	r	r	f	-	f	f	-	-	R	F	F	F
A. anadyrensis	Agrostis	anadyrensis			342110	A. anadyrensis	-	-	-	-	-	-	-	-	-	r	s	-	r	r	-	-	-	-	-	-	-	-	-	-	-	R	F
A. clavata	Agrostis	clavata			342111	A. clavata	-	-	*	-	-	*	-	-	-	-	*	-	-	*	-	-	-	-	-	-	-	-	-	-	-	*	S
A. scabra	Agrostis	scabra			342112	A. scabra	-	-	-	-	-	-	-	-	-	-	-	-	r	r	r	r	r	r	-	r	-	-	-	-	-	R	F
	Festuca				3422	Festuca																											
F. altaica	Festuca	altaica			342201	F. altaica	-	-	-	-	-	-	r	r	s	r	s	-	s	s	f	f	r	-	-	-	-	-	-	-	R	F	F
F. rubra subsp. rubra	Festuca	rubra	subsp.	rubra	342202a	F. rubra subsp. rubra	?	f	s	r	s	s	s	s	s	r	f	s	f	f	f	s	r	r	-	s	s	-	-	R	S	F	F
F. rubra subsp. richardsonii	Festuca	rubra	subsp.	richardsonii	342202b	F. rubra subsp. richardsonii	f	s	f	f	f	f	f	f	f	r	f	s	f	f	f	f	f	s	-	f	f	-	S	F	F	F	S
F. baffinensis	Festuca	baffinensis			342203	F. baffinensis	-	-	-	s	r	-	-	-	-	r	s	s	-	s	r	f	f	f	f	r	f	-	S	F	F	F	S
F. brevissima	Festuca	brevissima			342204	F. brevissima	-	-	-	-	-	-	-	-	-	-	s	s	s	s	s	f	-	-	-	-	-	-	-	-	R	F	F
F. hyperborea	Festuca	hyperborea			342205	F. hyperborea	-	-	-	r	-	-	r	-	-	?	-	-	-	-	-	-	s	s	s	r	s	S	F	F	S	R	-
F. edlundiae	Festuca	edlundiae			342206	F. edlundiae	-	-	-	f	-	-	-	-	-	?	-	r	-	X	-	r	s	s	s	r	r	R	F	F	S	R	-
F. brachyphylla	Festuca	brachyphylla			342207	F. brachyphylla	-	-	r	r	s	f	f	f	f	f	f	f	f	f	s	f	f	f	s	f	f	R	F	F	F	F	F
F. groenlandica	Festuca	groenlandica			342208	F. groenlandica	-	-	-	-	-	-	-	-	-	-	-	-	-	-	-	-	-	-	-	r	r	-	-	R	S	S	-
F. vivipara	Festuca	vivipara			342209	F. vivipara	f	s	-	r	-	-	-	-	-	-	-	-	-	-	-	-	-	-	r	s	s	-	-	?	S	F	F
F. frederikseniae	Festuca	frederikseniae			342210	F. frederikseniae	-	-	-	r	-	-	-	-	-	-	-	-	-	-	-	-	-	-	-	s	s	-	R	F	F	F	R
F. viviparoidea	Festuca	viviparoidea			342211	F. viviparoidea	-	-	-	f	f	r	f	-	-	-	s	f	s	f	s	f	-	-	r	-	s	-	R	F	F	F	F
F. lenensis	Festuca	lenensis			342212	F. lenensis	-	-	-	-	-	-	-	-	r	r	s	r	r	r	f	f	?	-	-	-	-	-	-	-	R	F	F
F. auriculata	Festuca	auriculata			342213	F. auriculata	-	-	-	-	r	-	s	r	f	r	s	s	s	s	-	r	-	-	-	-	-	-	R	S	F	F	F
F. saximontana	Festuca	saximontana			342214	F. saximontana	-	-	-	-	-	-	-	-	-	-	-	-	-	-	-	-	-	r	-	s	-	-	-	-	-	R	F
F. kolymensis	Festuca	kolymensis			342215	F. kolymensis	-	-	-	-	-	-	-	-	-	r	r	-	-	-	-	-	-	-	-	-	-	-	-	-	-	R	S
F. ovina (subsp. ovina)	Festuca	ovina	(subsp.	ovina)	342216	F. ovina (subsp. ovina)	-	f	f	r	s	f	r	r	-	r	-	-	-	-	-	-	-	-	-	-	-	-	-	R	?	F	F
	Schedonorus				3423	Schedonorus																											
S. pratensis	Schedonorus	pratensis			342301	S. pratensis	*	*	-	-	-	-	**	-	-	-	**	-	-	-	**	-	-	-	-	*	-	-	-	-	-	*	*
	Lolium				3424	Lolium																											
L. perenne	Lolium	perenne			342401	L. perenne	*	**	-	-	-	-	-	-	-	-	-	-	-	-	**	-	-	-	-	**	-	-	-	-	-	*	*
	Arctopoa				3425	Arctopoa																											
A. eminens	Arctopoa	eminens			342501	A. eminens	-	-	-	-	-	-	-	-	-	-	-	-	r	s	f	-	-	r	-	-	-	-	-	-	R	F	F
A. trautvetteri	Arctopoa	trautvetteri			342502	A. trautvetteri	-	-	-	-	-	-	-	r	r	r	-	-	-	-	-	-	-	-	-	-	-	-	-	-	-	R	F
A. subfastigiata	Arctopoa	subfastigiata			342503	A. subfastigiata	-	-	-	-	-	-	-	-	-	-	-	-	-	*	-	-	-	-	-	-	-	-	-	-	-	*	S
	Poa				3426	Poa																											
P. alpina var. alpina	Poa	alpina	var.	alpina	342601a	P. alpina var. alpina	f	f	f	r	f	s	s	-	-	-	-	-	-	r	r	s	r	f	-	f	f	-	R	F	F	F	F
P. alpina var. vivipara	Poa	alpina	var.	vivipara	342601b	P. alpina var. vivipara	r	r	r	f	s	-	-	-	-	-	-	-	-	-	-	-	-	-	-	-	s	R	F	F	F	S	R
P. x jemtlandica	Poa	x	jemtlandica		342602	P. x jemtlandica	r	-	-	-	-	-	-	-	-	-	-	-	-	-	-	-	-	-	-	-	-	-	-	-	-	R	S
P. arctica subsp. arctica	Poa	arctica	subsp.	arctica	342603a	P. arctica subsp. arctica	-	s	f	f	f	f	f	f	f	f	f	f	f	f	f	f	f	f	s	f	f	S	F	F	F	F	S
P. arctica subsp. caespitans	Poa	arctica	subsp.	caespitans	342603b	P. arctica subsp. caespitans	-	-	-	s	r	-	-	-	-	-	-	-	-	-	-	-	s	f	f	s	f	S	F	F	S	R	R
P. arctica subsp. lanata	Poa	arctica	subsp.	lanata	342603c	P. arctica subsp. lanata	-	-	-	-	-	-	-	-	-	-	r	-	r	r	s	f	r	-	-	-	-	-	-	?	S	F	F
P. malacantha	Poa	malacantha			342604	P. malacantha	-	-	-	-	-	-	-	-	-	-	s	s	f	f	?	?	-	-	-	-	-	-	-	?	S	F	F
P. platyantha	Poa	platyantha			342605	P. platyantha	-	-	-	-	-	-	-	-	-	-	-	-	r	r	-	-	-	-	-	-	-	-	-	-	-	R	S
P. almasovii	Poa	almasovii			342606	P. almasovii	-	-	-	-	-	-	-	-	-	-	r	-	-	r	-	-	-	-	-	-	-	-	-	-	-	R	S
P. beringiana	Poa	beringiana			342607	P. beringiana	-	-	-	-	-	-	-	-	-	-	-	-	-	r	-	-	-	-	-	-	-	-	-	-	-	R	R
P. macrocalyx	Poa	macrocalyx			342608	P. macrocalyx	-	-	-	-	-	-	-	-	-	-	-	-	-	-	r	-	-	-	-	-	-	-	-	-	-	R	F
P. pratensis subsp. pratensis	Poa	pratensis	subsp.	pratensis	342609a	P. pratensis subsp. pratensis	*	*	s	-	s	r	r	r	r	r	r	r	r	r	*	*	*	*	-	*	*	-	-	-	*	S	F
P. pratensis subsp. angustifolia	Poa	pratensis	subsp.	angustifolia	342609b	P. pratensis subsp. angustifolia	-	-	*	-	-	-	-	-	-	-	-	-	*	-	-	-	-	-	-	*	-	-	-	-	-	*	R
P. pratensis subsp. irrigata	Poa	pratensis	subsp.	irrigata	342609c	P. pratensis subsp. irrigata	f	s	-	*	-	-	-	-	-	-	-	-	-	-	-	-	-	*	-	r	r	-	-	*	*	F	F
P. pratensis subsp. alpigena	Poa	pratensis	subsp.	alpigena	342609d	P. pratensis subsp. alpigena	f	f	f	f	f	f	f	f	f	f	f	f	f	f	f	f	s	f	r	f	f	R	F	F	F	F	F
P. pratensis subsp. colpodea	Poa	pratensis	subsp.	colpodea	342609e	P. pratensis subsp. colpodea	-	-	s	f	f	f	f	f	f	f	f	f	-	f	-	s	s	r	s	r	s	R	F	F	S	R	-
P. pratensis subsp. zhukoviae	Poa	pratensis	subsp.	zhukoviae	342609f	P. pratensis subsp. zhukoviae	-	-	-	-	-	-	-	-	-	-	r	-	-	r	-	-	-	-	-	-	-	-	-	-	-	R	F
P. raduliformis	Poa	raduliformis			342610	P. raduliformis	-	-	-	-	-	-	-	-	-	-	r	-	r	-	-	-	-	-	-	-	-	-	-	-	-	R	R
P. sublanata	Poa	sublanata			342611	P. sublanata	-	-	-	-	-	s	s	r	r	-	r	-	s	-	r	r	-	-	-	-	-	-	-	-	?	R	F
P. porsildii	Poa	porsildii			342612	P. porsildii	-	-	-	-	-	-	-	-	-	-	-	-	-	-	-	r	-	-	-	-	-	-	-	-	-	R	S
P. sibirica	Poa	sibirica			342613	P. sibirica	-	-	r	-	s	s	r	r	s	r	r	-	-	-	-	-	-	-	-	-	-	-	-	-	R	S	F
P. trivialis (subsp. trivialis)	Poa	trivialis	(subsp.	trivialis)	342614	P. trivialis (subsp. trivialis)	s	r	*	**	-	-	-	-	-	-	-	-	-	*	-	-	-	-	-	*	-	-	-	**	-	R	F
P. nemoralis subsp. nemoralis	Poa	nemoralis	subsp.	nemoralis	342615a	P. nemoralis subsp. nemoralis	s	s	r	-	s	-	r	-	-	-	-	-	-	-	-	-	-	*	-	s	r	-	-	-	-	S	F
P. nemoralis subsp. lapponica	Poa	nemoralis	subsp.	lapponica	342615b	P. nemoralis subsp. lapponica	-	r	-	-	s	-	-	-	-	-	-	-	-	-	-	-	-	-	-	-	-	-	-	-	-	R	S
P. nemoralis subsp. subpolaris	Poa	nemoralis	subsp.	subpolaris	342615c	P. nemoralis subsp. subpolaris	-	-	-	-	r	-	r	-	-	-	-	-	-	-	-	-	-	-	-	-	-	-	-	-	-	R	R
P. tanfiljewii	Poa	tanfiljewii			342616	P. tanfiljewii	-	-	s	-	s	-	-	-	-	-	-	-	-	-	-	-	-	-	-	-	-	-	-	-	-	R	S
P. palustris	Poa	palustris			342617	P. palustris	-	*	r	**	s	s	s	s	s	r	r	-	-	-	-	-	-	r	-	**	-	-	-	**	*	S	F
P. urssulensis	Poa	urssulensis			342618	P. urssulensis	-	-	-	-	-	-	-	-	-	-	r	-	-	r	-	-	-	-	-	-	-	-	-	-	-	R	S
P. ochotensis	Poa	ochotensis			342619	P. ochotensis	-	-	-	-	-	-	r	-	r	r	r	-	-	r	-	-	-	-	-	-	-	-	-	-	-	R	F
P. botryoides	Poa	botryoides			342620	P. botryoides	-	-	-	-	-	-	-	-	r	r	s	-	r	r	-	-	-	-	-	-	-	-	-	-	?	R	F
P. arctostepporum	Poa	arctostepporum			342621	P. arctostepporum	-	-	-	-	-	-	-	-	-	-	r	r	-	-	r	-	-	-	-	-	-	-	-	?	R	R	R
P. glauca	Poa	glauca			342622	P. glauca	f	s	r	f	s	r	r	f	f	f	f	s	f	f	s	f	f	f	f	f	f	-	S	F	F	F	F
P. pekulnejensis	Poa	pekulnejensis			342623	P. pekulnejensis	-	-	-	-	-	-	-	-	-	-	-	-	r	-	?	-	-	-	-	-	-	-	-	-	-	R	R
P. filiculmis	Poa	filiculmis			342624	P. filiculmis	-	-	-	-	-	-	r	r	r	r	r	-	r	r	-	-	-	-	-	-	-	-	-	-	-	R	S
P. magadanensis	Poa	magadanensis			342625	P. magadanensis	-	-	-	-	-	-	-	-	-	-	r	-	-	r	-	-	-	-	-	-	-	-	-	-	-	R	S
P. hartzii subsp. hartzii	Poa	hartzii	subsp.	hartzii	342626a	P. hartzii subsp. hartzii	-	-	-	s	-	-	-	-	-	-	-	?	-	-	-	-	r	r	s	r	s	-	R	F	F	S	R
P. hartzii subsp. alaskana	Poa	hartzii	subsp.	alaskana	342626b	P. hartzii subsp. alaskana	-	-	-	-	-	-	-	-	-	-	-	-	-	-	-	r	-	-	-	-	-	-	-	-	-	R	-
P. hartzii subsp. vrangelica	Poa	hartzii	subsp.	vrangelica	342626c	P. hartzii subsp. vrangelica	-	-	-	-	-	-	-	-	-	-	-	r	-	-	-	-	-	-	-	-	-	-	-	?	R	R	-
P. ammophila	Poa	ammophila			342637	P. ammophila	-	-	-	-	-	-	-	-	-	-	-	-	-	-	-	r	s	-	-	-	-	-	-	-	-	S	-
P. abbreviata subsp. abbreviata	Poa	abbreviata	subsp.	abbreviata	342638a	P. abbreviata subsp. abbreviata	-	-	-	f	s	-	s	-	r	-	r	s	-	r	r	r	f	f	f	r	f	F	F	F	S	R	R
P. abbreviata subsp. pattersonii	Poa	abbreviata	subsp.	pattersonii	342638b	P. abbreviata subsp. pattersonii	-	-	-	-	-	-	-	-	-	-	-	r	-	r	r	s	-	-	-	-	-	-	-	-	-	R	F
P. pseudoabbreviata	Poa	pseudoabbreviata			342639	P. pseudoabbreviata	-	-	-	-	-	-	b	r	f	-	s	s	-	s	r	r	-	-	-	-	-	-	-	R	S	S	S
P. laxa subsp. flexuosa	Poa	laxa	subsp.	flexuosa	342630a	P. laxa subsp. flexuosa	s	-	-	-	-	-	-	-	-	-	-	-	-	-	-	-	-	-	-	-	-	-	-	-	-	R	F
P. sp. (aff. laxa)	Poa	sp.	(aff.	laxa)	342631	P. sp. (aff. laxa)	-	-	-	-	-	-	-	-	-	-	-	-	-	-	-	-	r	r	-	r	-	-	-	-	R	R	R
P. leptocoma	Poa	leptocoma			342632	P. leptocoma	-	-	-	-	-	-	-	-	-	-	-	-	-	-	r	r	-	-	-	-	-	-	-	-	R	R	S
P. paucispicula	Poa	paucispicula			342633	P. paucispicula	-	-	-	-	-	-	s	s	f	-	f	s	s	f	s	f	r	-	-	-	-	-	-	?	S	F	F
P. supina	Poa	supina			342634	P. supina	-	-	*	-	*	-	*	-	-	-	-	-	-	-	-	-	-	-	-	-	-	-	-	-	-	*	S
P. annua	Poa	annua			342635	P. annua	*	*	*	**	*	-	-	-	-	-	-	-	-	-	*	-	-	*	-	*	*	-	-	**	*	*	*
	Hyalopoa				3427	Hyalopoa																											
H. lanatiflora	Hyalopoa	lanatiflora			342701	H. lanatiflora	-	-	-	-	-	-	-	r	s	-	-	-	-	-	-	-	-	-	-	-	-	-	-	-	-	R	F
	Arctophila				3428	Arctophila																											
A. fulva	Arctophila	fulva			342801	A. fulva	-	r	f	s	f	f	f	f	f	f	f	f	f	f	f	f	f	f	-	r	-	-	S	F	F	F	F
X Arctodupontia	Arctophila	Arctodupontia			3429	X Arctodupontia																											
X A. scleroclada	Arctophila	A.	scleroclada		342901	X A. scleroclada	-	-	r	r	-	-	-	-	-	-	X	-	-	X	-	-	-	r	-	-	-	-	-	R	R	R	-
	Dupontia				3430	Dupontia																											
D. fisheri	Dupontia	fisheri			343001	D. fisheri	-	-	f	f	f	f	f	s	f	s	f	f	s	f	f	f	f	f	s	r	r	R	F	F	F	F	S
D. fisheri tetraploid morph 'psilosantha'	Dupontia				343001a	D. fisheri tetraploid morph 'psilosantha'	-	-	f	f	s	f	r	r	f	s	s	-	s	s	f	f	s	f	-	r	r	-	S	F	F	F	S
D. fisheri octoploid morph 'fisheri'	Dupontia				343001b	D. fisheri octoploid morph 'fisheri'	-	-	s	f	s	f	f	s	r	s	f	f	-	f	r	s	f	f	s	r	-	R	F	F	F	S	R
D. fisheri dodecaploid morph	Dupontia	fisheri	dodecaploid	morph	343001c	D. fisheri dodecaploid morph	-	-	-	-	-	-	-	-	-	-	-	-	-	-	s	r	s	r	-	-	-	-	-	-	R	S	S
X Duarctopoa	Dupontia	Duarctopoa			3431	X Duarctopoa																											
X D. labradorica	Dupontia	D.	labradorica		343101	X D. labradorica	-	-	-	-	-	-	-	-	-	-	-	-	-	-	r	-	-	r	-	-	-	-	-	-	R	R	S
	Puccinellia				3432	Puccinellia																											
P. maritima	Puccinellia	maritima			343201	P. maritima	f	b	-	-	-	-	-	-	-	-	-	-	-	-	-	-	-	-	-	r	-	-	-	-	-	R	F
P. geniculata	Puccinellia	geniculata			343202	P. geniculata	-	-	-	-	-	-	-	-	-	-	-	-	-	-	?	-	-	-	-	-	-	-	-	-	-	?	R
P. phryganodes subsp. phryganodes	Puccinellia	phryganodes	subsp.	phryganodes	343203a	P. phryganodes subsp. phryganodes	-	-	-	-	-	-	-	-	-	-	-	-	s	s	s	?	-	-	-	-	-	-	-	?	S	F	F
P. phryganodes subsp. neoarctica	Puccinellia	phryganodes	subsp.	neoarctica	343203b	P. phryganodes subsp. neoarctica	-	-	-	-	-	-	-	-	-	-	-	-	-	-	-	?	f	f	s	f	f	-	S	F	F	F	S
P. phryganodes subsp. sibirica	Puccinellia	phryganodes	subsp.	sibirica	343203c	P. phryganodes subsp. sibirica	-	f	s	-	s	-	s	r	r	s	s	s	-	s	-	?	-	-	-	-	-	-	?	S	F	F	S
P. phryganodes subsp. vilfoidea	Puccinellia	phryganodes	subsp.	vilfoidea	343203d	P. phryganodes subsp. vilfoidea	-	-	-	f	s	-	-	-	-	-	-	-	-	-	-	-	-	-	-	-	-	-	S	F	S	-	-
P. nuttalliana	Puccinellia	nuttalliana			343204	P. nuttalliana	-	-	-	-	-	-	-	-	-	-	-	-	-	-	-	r	r	r	-	s	-	-	-	R	S	S	F
P. nuttalliana s. str.	Puccinellia	nuttalliana	s.	str.		P. nuttalliana s. str.	-	-	-	-	-	-	-	-	-	-	-	-	-	-	-	r	-	-	-	-	-	-	-	-	-	R	F
P. interior	Puccinellia	interior				P. interior	-	-	-	-	-	-	-	-	-	-	-	-	-	-	-	-	r	-	-	-	-	-	-	-	-	R	F
P. deschampsioides	Puccinellia	deschampsioides				P. deschampsioides	-	-	-	-	-	-	-	-	-	-	-	-	-	-	-	-	r	r	-	s	-	-	-	R	S	S	R
P. rosenkrantzii	Puccinellia	rosenkrantzii				P. rosenkrantzii	-	-	-	-	-	-	-	-	-	-	-	-	-	-	-	-	-	-	-	r	-	-	-	?	R	R	-
P. borealis subsp. borealis	Puccinellia	borealis	subsp.	borealis	343205a	P. borealis subsp. borealis	-	-	-	-	-	-	-	-	r	s	r	-	r	-	f	s	s	-	-	-	-	-	-	-	R	F	F
P. borealis subsp. neglecta	Puccinellia	borealis	subsp.	neglecta	343205b	P. borealis subsp. neglecta	-	-	-	-	-	-	s	r	r	s	-	-	-	-	-	-	-	-	-	-	-	-	-	-	R	F	F
P. banksiensis	Puccinellia	banksiensis			343206	P. banksiensis	-	-	-	-	-	-	-	-	-	-	-	-	-	-	-	r	r	-	-	-	-	-	-	-	R	-	-
P. hauptiana	Puccinellia	hauptiana			343207	P. hauptiana	-	-	*	-	*	*	*	-	*	*	*	-	*	*	r	r	-	b	-	-	-	-	-	-	R	S	F
P. distans	Puccinellia	distans			343208	P. distans	-	-	*	-	*	*	-	-	*	-	-	-	-	-	-	-	-	-	-	-	-	-	-	-	-	*	S
P. coarctata	Puccinellia	coarctata			343209	P. coarctata	f	f	r	r	r	-	-	-	-	-	-	-	-	-	-	-	-	-	-	s	s	-	-	R	F	F	F
P. laurentiana	Puccinellia	laurentiana			343210	P. laurentiana	-	-	-	-	-	-	-	-	-	-	-	-	-	-	-	-	-	-	-	r	-	-	-	-	-	R	S
P. lucida	Puccinellia	lucida			343211	P. lucida	-	-	-	-	-	-	-	-	-	-	-	-	-	-	-	-	-	r	-	-	-	-	-	-	-	R	S
P. arctica	Puccinellia	arctica			343212	P. arctica	-	-	-	-	-	-	-	-	-	-	-	-	-	-	r	r	s	-	r	-	-	-	R	R	R	F	S
P. porsildii	Puccinellia	porsildii			343213	P. porsildii	-	-	-	-	-	-	-	-	-	-	-	-	-	-	-	-	-	-	-	r	-	-	-	-	R	R	-
P. groenlandica	Puccinellia	groenlandica			343214	P. groenlandica	-	-	-	-	-	-	-	-	-	-	-	-	-	-	-	-	-	-	-	s	-	-	-	?	S	S	-
P. andersonii	Puccinellia	andersonii			343215	P. andersonii	-	-	-	-	-	-	-	-	-	-	-	-	-	-	r	r	s	-	r	r	r	R	S	S	S	R	-
P. vaginata	Puccinellia	vaginata			343216	P. vaginata	-	-	-	-	-	-	-	r	-	r	s	-	-	r	r	r	s	r	r	s	r	-	R	F	F	F	R
P. angustata subsp. angustata	Puccinellia	angustata	subsp.	angustata	343217a	P. angustata subsp. angustata	-	-	-	f	s	r	s	-	-	r	r	s	s	r	-	r	f	?	f	s	f	S	F	F	S	R	-
P. angustata subsp. palibinii	Puccinellia	angustata	subsp.	palibinii	343217b	P. angustata subsp. palibinii	-	-	-	r	s	-	-	-	-	-	-	-	-	-	-	-	-	-	-	-	-	-	-	R	S	?	-
P. sibirica	Puccinellia	sibirica			343218	P. sibirica	-	-	-	-	r	r	s	-	-	-	-	-	r	s	-	-	?	-	-	-	-	-	-	?	S	F	F
P. lenensis	Puccinellia	lenensis			343219	P. lenensis	-	-	-	-	-	-	r	r	r	-	r	-	-	-	-	-	-	-	-	-	-	-	-	-	R	S	S
P. svalbardensis	Puccinellia	svalbardensis			343220	P. svalbardensis	-	-	-	r	-	-	-	-	-	-	-	-	-	-	-	-	-	-	-	-	-	-	R	R	-	-	-
"P. sp. ""Svalbard"""	Puccinellia	sp.	"""Svalbard"""		343221	"P. sp. ""Svalbard"""	-	-	-	r	-	-	-	-	-	-	-	-	-	-	-	-	-	-	-	-	-	-	-	R	-	-	-
P. gorodkovii	Puccinellia	gorodkovii			343222	P. gorodkovii	-	-	-	-	-	-	r	-	-	-	-	-	-	-	-	-	-	-	-	-	-	-	R	R	-	-	-
P. bruggemannii	Puccinellia	bruggemannii			343223	P. bruggemannii	-	-	-	-	-	-	-	-	-	-	-	-	-	-	-	-	s	-	s	-	s	R	F	F	S	F	-
P. tenella subsp. tenella	Puccinellia	tenella	subsp.	tenella	343224a	P. tenella subsp. tenella	-	-	-	-	s	-	r	s	r	r	s	s	s	s	?	-	-	-	-	-	-	-	-	?	F	F	F
P. tenella subsp. langeana	Puccinellia	tenella	subsp.	langeana	343224b	P. tenella subsp. langeana	-	-	-	-	-	-	-	-	-	-	-	-	?	?	s	s	s	f	r	s	-	-	-	?	F	F	F
P. alaskana	Puccinellia	alaskana			343225	P. alaskana	-	-	-	-	-	-	-	-	-	-	-	-	-	r	r	-	-	-	-	-	-	-	-	-	-	R	S
P. pumila	Puccinellia	pumila			343226	P. pumila	-	-	-	-	-	-	-	-	-	-	-	-	-	-	r	-	-	r	-	-	-	-	-	-	-	R	S
P. vahliana	Puccinellia	vahliana			343227	P. vahliana	-	-	-	f	f	-	-	-	-	-	-	-	-	-	-	r	f	s	f	s	s	F	F	F	S	R	-
P. jenisseiensis	Puccinellia	jenisseiensis			343228	P. jenisseiensis	-	-	-	-	-	-	r	-	-	-	-	-	-	-	-	-	-	-	-	-	-	-	-	-	-	R	-
P. byrrangensis	Puccinellia	byrrangensis			343229	P. byrrangensis	-	-	-	-	-	-	s	-	-	-	-	-	-	-	-	-	-	-	-	-	-	-	-	-	R	R	-
P. wrightii subsp. wrightii	Puccinellia	wrightii	subsp.	wrightii	343230a	P. wrightii subsp. wrightii	-	-	-	-	-	-	-	-	-	-	s	-	r	s	r	r	-	-	-	-	-	-	-	-	R	F	F
P. wrightii subsp. colpodioides	Puccinellia	wrightii	subsp.	colpodioides	343230b	P. wrightii subsp. colpodioides	-	-	-	-	-	-	-	-	-	-	-	s	-	-	-	-	-	-	-	-	-	-	-	R	R	-	-
"P. sp. ""Banks Island"""	Puccinellia	sp.	"""Banks"	"Island"""	343231	"P. sp. ""Banks Island"""	-	-	-	-	-	-	-	-	-	-	-	-	-	-	-	-	r	-	-	-	-	-	-	R	-	-	-
P. beringensis	Puccinellia	beringensis			343232	P. beringensis	-	-	-	-	-	-	-	-	-	-	-	-	-	r	-	-	-	-	-	-	-	-	-	-	-	R	-
	Phippsia				3433	Phippsia																											
P. algida	Phippsia	algida			343301	P. algida	r	r	r	f	f	s	f	s	s	f	f	f	f	f	s	f	f	f	f	f	f	F	F	F	S	R	R
P. concinna	Phippsia	concinna			343302	P. concinna	-	-	r	f	s	f	f	s	s	s	r	-	-	-	-	-	r	-	f	r	s	F	F	F	S	R	R
X Pucciphippsia	Phippsia	Pucciphippsia			3434	X Pucciphippsia																											
X P. vacillans	Phippsia	P.	vacillans		343401	X P. vacillans	-	-	-	s	s	-	-	-	-	-	-	-	-	-	-	-	r	-	r	-	r	R	S	S	?	-	-
X P. czukczorum	Phippsia	P.	czukczorum		343402	X P. czukczorum	-	-	-	-	-	-	-	-	-	-	-	-	-	r	-	-	-	-	-	-	-	-	-	-	R	R	-
	Catabrosa				3435	Catabrosa																											
C. aquatica	Catabrosa	aquatica			343501	C. aquatica	f	s	r	-	-	-	-	-	-	-	-	-	-	-	-	-	-	r	-	r	-	-	-	-	-	S	F
	Dactylis				3436	Dactylis																											
D. glomerata	Dactylis	glomerata			343601	D. glomerata	*	*	-	-	-	-	-	-	-	-	-	-	-	-	-	-	-	-	-	*	-	-	-	-	-	*	S
	Cinna				3437	Cinna																											
C. latifolia	Cinna	latifolia			343701	C. latifolia	-	-	-	-	-	-	-	-	-	-	-	-	-	-	-	-	-	r	-	-	-	-	-	-	-	R	S
	Arctagrostis				3438	Arctagrostis																											
A. latifolia	Arctagrostis	latifolia			343801	A. latifolia	-	s	s	r	f	s	f	s	f	s	s	r	f	f	f	f	f	f	f	s	f	R	F	F	F	F	S
A. arundinacea	Arctagrostis	arundinacea			343802	A. arundinacea	-	-	-	-	-	r	s	s	s	s	f	f	f	f	f	s	r	-	-	-	-	-	-	-	?	F	F
	Beckmannia				3439	Beckmannia																											
B. syzigachne	Beckmannia	syzigachne			343901	B. syzigachne	-	-	-	-	-	*	-	-	-	?	r	-	-	r	s	b	r	r	-	**	-	-	-	-	-	R	F
B. eruciformis subsp. borealis	Beckmannia	eruciformis	subsp.	borealis	343902a	B. eruciformis subsp. borealis	-	-	**	-	-	-	-	-	-	-	-	-	-	-	r	-	-	-	-	-	-	-	-	-	-	R	R
	Phalaroides				3440	Phalaroides																											
P. arundinacea	Phalaroides	arundinacea			344001	P. arundinacea	*	r	r	-	r	?	?	-	-	-	-	-	-	-	-	-	-	-	-	-	-	-	-	-	-	R	F
	Phleum				3441	Phleum																											
P. alpinum (subsp. alpinum)	Phleum	alpinum	(subsp.	alpinum)	344101	P. alpinum (subsp. alpinum)	f	f	f	-	s	-	-	-	-	-	-	-	-	-	r	r	-	r	-	s	f	-	-	-	R	F	F
P. pratense (subsp. pratense)	Phleum	pratense	(subsp.	pratense)	344102	P. pratense (subsp. pratense)	*	*	*	**	**	-	-	-	-	-	-	-	-	-	*	-	-	*	-	*	-	-	-	**	**	*	*
	Limnas				3442	Limnas																											
L. malyschevii	Limnas	malyschevii			344201	L. malyschevii	-	-	-	-	-	-	-	r	-	-	-	-	-	-	-	-	-	-	-	-	-	-	-	-	-	R	S
	Alopecurus				3443	Alopecurus																											
A. pratensis subsp. pratensis	Alopecurus	pratensis	subsp.	pratensis	344301a	A. pratensis subsp. pratensis	*	*	*	**	-	-	*	-	-	-	-	-	**	-	**	-	-	-	-	*	-	-	-	-	-	*	S
A. pratensis subsp. alpestris	Alopecurus	pratensis	subsp.	alpestris	344301b	A. pratensis subsp. alpestris	-	r	s	-	s	s	-	-	-	-	-	-	-	-	-	-	-	-	-	-	-	-	-	-	R	F	S
A. arundinaceus	Alopecurus	arundinaceus			344302	A. arundinaceus	-	s	r	-	-	-	-	-	-	-	-	-	-	-	-	-	-	-	-	-	-	-	-	-	-	R	F
A. borealis	Alopecurus	borealis			344303	A. borealis	-	-	r	f	f	f	f	f	f	f	f	s	f	f	f	f	f	f	f	s	s	S	F	F	F	F	F
A. stejnegeri	Alopecurus	stejnegeri			344304	A. stejnegeri	-	-	-	-	-	-	-	-	-	-	-	-	r	r	r	b	-	-	-	-	-	-	-	-	-	R	S
A. glaucus	Alopecurus	glaucus			344305	A. glaucus	-	-	-	-	-	-	-	-	r	r	s	-	r	-	r	-	-	-	-	-	-	-	-	-	-	R	F
A. aequalis	Alopecurus	aequalis			344306	A. aequalis	f	s	r	-	r	r	b	-	r	-	r	-	r	-	r	r	-	r	-	s	r	-	-	-	R	F	F
A. geniculatus	Alopecurus	geniculatus			344307	A. geniculatus	*	*	-	-	-	-	-	-	-	-	-	-	-	-	-	-	-	-	-	*	-	-	-	-	-	*	F
	Schizachne				3444	Schizachne																											
S. purpurascens	Schizachne	purpurascens			344401	S. purpurascens	-	-	-	-	-	-	-	-	-	-	-	-	-	-	-	-	-	r	-	-	-	-	-	-	-	R	F
	Glyceria				3445	Glyceria																											
G. borealis	Glyceria	borealis			344501	G. borealis	-	-	-	-	-	-	-	-	-	-	-	-	-	-	-	-	-	r	-	-	-	-	-	-	-	R	F
G. striata	Glyceria	striata			344502	G. striata	-	-	-	-	-	-	-	-	-	-	-	-	-	-	-	-	-	r	-	-	-	-	-	-	-	R	F
G. grandis var. komarovii	Glyceria	grandis	var.	komarovii	344503a	G. grandis var. komarovii	-	-	-	-	-	-	-	-	-	-	-	-	-	-	b	-	-	b	-	-	-	-	-	-	-	b	S
	Pleuropogon				3446	Pleuropogon																											
P. sabinei	Pleuropogon	sabinei			344601	P. sabinei	-	-	r	r	s	-	s	s	s	s	s	s	r	s	-	r	f	s	f	r	s	R	F	F	S	-	-
	Melica				3447	Melica																											
M. nutans	Melica	nutans			344701	M. nutans	-	r	-	-	-	-	-	-	-	-	-	-	-	-	-	-	-	-	-	-	-	-	-	-	-	R	F
	Piptatherum				3448	Piptatherum																											
P. canadense	Piptatherum	canadense			344801	P. canadense	-	-	-	-	-	-	-	-	-	-	-	-	-	-	-	-	-	r	-	-	-	-	-	-	-	R	F
P. pungens	Piptatherum	pungens			344802	P. pungens	-	-	-	-	-	-	-	-	-	-	-	-	-	-	-	-	-	r	-	-	-	-	-	-	-	R	F
	Nardus				3449	Nardus																											
N. stricta	Nardus	stricta			344901	N. stricta	f	f	-	-	-	-	-	-	-	-	-	-	-	-	-	-	-	-	-	s	r	-	-	-	R	F	F
	Molinia				3450	Molinia																											
M. caerulea	Molinia	caerulea			345001	M. caerulea	-	r	-	-	-	-	-	-	-	-	-	-	-	-	-	-	-	-	-	-	-	-	-	-	-	R	F
	Danthonia				3451	Danthonia																											
D. intermedia (subsp. intermedia)	Danthonia	intermedia	(subsp.	intermedia)	345101	D. intermedia (subsp. intermedia)	-	-	-	-	-	-	-	-	-	-	-	-	-	-	-	-	-	r	-	-	-	-	-	-	-	R	S
D. spicata	Danthonia	spicata			345102	D. spicata	-	-	-	-	-	-	-	-	-	-	-	-	-	-	-	-	-	-	-	r	-	-	-	-	-	R	S
	Muhlenbergia				3452	Muhlenbergia																											
M. glomerata	Muhlenbergia	glomerata			345201	M. glomerata	-	-	-	-	-	-	-	-	-	-	-	-	-	-	-	-	-	b	-	-	-	-	-	-	-	b	S
	CERATOPHYLLACEAE				35	CERATOPHYLLACEAE																											
	Ceratophyllum				3501	Ceratophyllum																											
C. demersum	Ceratophyllum	demersum			350101	C. demersum	-	-	r	-	X	X	-	-	?	X	-	-	-	X	?	b	r	-	-	-	-	-	-	-	-	R	S
	RANUNCULACEAE				36	RANUNCULACEAE																											
	Caltha				3601	Caltha																											
C. palustris subsp. palustris	Caltha	palustris	subsp.	palustris	360101a	C. palustris subsp. palustris	r	r	r	-	s	s	r	-	r	r	-	-	-	-	-	-	-	r	-	-	-	-	-	-	R	F	F
C. palustris subsp. radicans	Caltha	palustris	subsp.	radicans	360101b	C. palustris subsp. radicans	f	f	f	-	f	s	f	s	f	s	f	f	r	f	f	f	f	-	-	-	-	-	-	R	F	F	F
C. palustris var. sibirica	Caltha	palustris	var.	sibirica	360101c	C. palustris var. sibirica	-	-	-	-	-	-	-	-	-	r	-	-	r	r	-	-	-	-	-	-	-	-	-	-	-	R	R
C. palustris subsp. caespitosa	Caltha	palustris	subsp.	caespitosa	360101d	C. palustris subsp. caespitosa	-	-	-	-	r	r	s	r	r	r	r	r	r	r	-	-	-	-	-	-	-	-	-	R	R	R	?
C. palustris subsp. violacea	Caltha	palustris	subsp.	violacea	360101e	C. palustris subsp. violacea	-	-	-	-	-	-	-	-	-	-	X	-	X	X	-	-	-	-	-	-	-	-	-	-	-	X	X
C. natans	Caltha	natans			360102	C. natans	-	-	-	-	-	-	-	-	-	-	-	-	r	-	r	b	b	r	-	-	-	-	-	-	R	R	S
	Trollius				3602	Trollius																											
T. europaeus	Trollius	europaeus			360201	T. europaeus	-	f	f	-	s	?	-	-	-	-	-	-	-	-	-	-	-	-	-	-	-	-	-	-	R	F	F
T. x apertus	Trollius	x	apertus		360202	T. x apertus	-	-	-	-	s	r	-	-	-	-	-	-	-	-	-	-	-	-	-	-	-	-	-	-	S	F	F
T. asiaticus	Trollius	asiaticus			360203	T. asiaticus	-	-	-	-	-	f	s	-	-	-	-	-	-	-	-	-	-	-	-	-	-	-	-	R	F	F	F
T. sibiricus	Trollius	sibiricus			360204	T. sibiricus	-	-	-	-	-	-	r	s	f	-	-	-	-	-	-	-	-	-	-	-	-	-	-	-	S	F	F
T. membranostylis	Trollius	membranostylis			360205	T. membranostylis	-	-	-	-	-	-	-	-	-	-	r	-	r	r	-	-	-	-	-	-	-	-	-	-	R	R	S
T. chartosepalus	Trollius	chartosepalus			360206	T. chartosepalus	-	-	-	-	-	-	-	-	-	-	r	-	r	r	-	-	-	-	-	-	-	-	-	-	R	R	R
	Actaea				3603	Actaea																											
A. spicata	Actaea	spicata			360301	A. spicata	-	-	b	-	-	-	-	-	-	-	-	-	-	-	-	-	-	-	-	-	-	-	-	-	-	b	F
A. erythrocarpa	Actaea	erythrocarpa			360302	A. erythrocarpa	-	-	r	-	-	-	-	-	-	-	-	-	-	-	-	-	-	-	-	-	-	-	-	-	-	R	F
A. rubra	Actaea	rubra			360303	A. rubra	-	-	-	-	-	-	-	-	-	-	-	-	-	-	r	-	-	r	-	-	-	-	-	-	-	R	F
	Coptis				3604	Coptis																											
C. trifolia	Coptis	trifolia			360401	C. trifolia	-	-	-	-	-	-	-	-	-	-	-	-	-	-	?	-	-	s	-	s	s	-	-	-	R	F	F
	Aquilegia				3605	Aquilegia																											
A. sibirica	Aquilegia	sibirica			360501	A. sibirica	-	-	-	-	-	-	b	-	-	-	-	-	-	-	-	-	-	-	-	-	-	-	-	-	-	b	S
A. brevistyla	Aquilegia	brevistyla			360502	A. brevistyla	-	-	-	-	-	-	-	-	-	-	-	-	-	-	-	-	r	-	-	-	-	-	-	-	-	R	F
	Thalictrum				3606	Thalictrum																											
T. alpinum	Thalictrum	alpinum			360601	T. alpinum	f	f	s	-	f	-	s	s	f	r	f	s	?	f	s	f	-	r	-	f	f	-	-	R	F	F	F
T. sparsiflorum subsp. sparsiflorum	Thalictrum	sparsiflorum	subsp.	sparsiflorum	360602a	T. sparsiflorum subsp. sparsiflorum	-	-	-	-	-	-	-	-	-	-	-	-	r	-	-	-	-	-	-	-	-	-	-	-	-	R	F
T. sparsiflorum subsp. richardsonii	Thalictrum	sparsiflorum	subsp.	richardsonii	360602b	T. sparsiflorum subsp. richardsonii	-	-	-	-	-	-	-	-	-	-	-	-	-	-	r	r	-	b	-	-	-	-	-	-	-	R	F
T. venulosum	Thalictrum	venulosum			360603	T. venulosum	-	-	-	-	-	-	-	-	-	-	-	-	-	-	-	-	?	b	-	-	-	-	-	-	-	b	S
T. foetidum	Thalictrum	foetidum			360604	T. foetidum	-	-	-	-	-	-	-	b	b	?	-	-	-	-	-	-	-	-	-	-	-	-	-	-	-	b	S
T. minus subsp. kemense	Thalictrum	minus	subsp.	kemense	360605a	T. minus subsp. kemense	-	b	f	-	s	-	r	-	-	-	-	-	r	-	b	-	-	-	-	-	-	-	-	-	R	F	F
T. minus subsp. minus	Thalictrum	minus	subsp.	minus	360605b	T. minus subsp. minus	-	-	-	-	-	r	b	-	-	-	-	-	-	-	-	-	-	-	-	-	-	-	-	-	-	R	S
T. minus subsp. globiflorum	Thalictrum	minus	subsp.	globiflorum	360605c	T. minus subsp. globiflorum	-	-	-	-	-	r	-	-	-	-	-	-	-	-	-	-	-	-	-	-	-	-	-	-	-	R	R
T. simplex subsp. boreale	Thalictrum	simplex	subsp.	boreale	360606a	T. simplex subsp. boreale	-	b	r	-	-	-	-	-	-	-	-	-	-	-	-	-	-	-	-	-	-	-	-	-	-	R	F
T. flavum	Thalictrum	flavum			360607	T. flavum	-	-	r	-	-	-	-	-	-	-	-	-	-	-	-	-	-	-	-	-	-	-	-	-	-	R	F
	Delphinium				3607	Delphinium																											
D. cheilanthum	Delphinium	cheilanthum			360701	D. cheilanthum	-	-	-	-	-	-	-	?	s	-	-	-	-	-	-	-	-	-	-	-	-	-	-	-	-	R	S
D. chamissonis	Delphinium	chamissonis			360702	D. chamissonis	-	-	-	-	-	-	-	r	f	f	f	-	r	f	s	f	-	-	-	-	-	-	-	R	F	F	S
D. brachycentrum subsp. maydellianum	Delphinium	brachycentrum	subsp.	maydellianum	360703a	D. brachycentrum subsp. maydellianum	-	-	-	-	-	-	-	-	-	-	-	-	r	s	-	-	-	-	-	-	-	-	-	-	-	S	R
D. middendorffii	Delphinium	middendorffii			360704	D. middendorffii	-	-	-	-	r	r	s	s	s	s	s	-	-	-	-	-	-	-	-	-	-	-	-	R	F	F	F
D. glaucum	Delphinium	glaucum			360705	D. glaucum	-	-	-	-	-	-	-	-	-	-	-	-	-	-	r	r	r	-	-	-	-	-	-	-	-	R	F
D. elatum subsp. elatum	Delphinium	elatum	subsp.	elatum	360706a	D. elatum subsp. elatum	-	-	f	-	s	r	r	-	-	-	-	-	-	-	-	-	-	-	-	-	-	-	-	-	F	F	F
D. elatum subsp. cryophilum	Delphinium	elatum	subsp.	cryophilum	360706b	D. elatum subsp. cryophilum	-	-	r	-	-	-	-	-	-	-	-	-	-	-	-	-	-	-	-	-	-	-	-	-	R	R	-
D. ochotense	Delphinium	ochotense			360707	D. ochotense	-	-	-	-	-	-	-	-	s	-	-	-	-	-	-	-	-	-	-	-	-	-	-	-	-	R	R
	Aconitum				3608	Aconitum																											
A. lycoctonum subsp. septentrionale	Aconitum	lycoctonum	subsp.	septentrionale	360801a	A. lycoctonum subsp. septentrionale	-	-	r	-	s	-	r	-	-	-	-	-	-	-	-	-	-	-	-	-	-	-	-	-	-	S	F
A. baicalense	Aconitum	baicalense			360802	A. baicalense	-	-	-	-	-	r	r	-	-	-	-	-	-	-	-	-	-	-	-	-	-	-	-	-	-	R	S
A. x stoerkianum	Aconitum	x	stoerkianum		360803	A. x stoerkianum	-	*	-	-	-	-	-	-	-	-	-	-	-	-	-	-	-	-	-	-	-	-	-	-	-	*	*
A. delphinifolium (subsp. delphinium)	Aconitum	delphinifolium	(subsp.	delphinium)	360804	A. delphinifolium (subsp. delphinium)	-	-	-	-	-	-	-	-	-	-	-	-	-	r	f	f	-	-	-	-	-	-	-	-	-	S	F
A. delphinifolium var. paradoxum	Aconitum	delphinifolium	var.	paradoxum	360804a	A. delphinifolium var. paradoxum	-	-	-	-	-	-	-	-	-	-	-	-	-	s	f	s	-	-	-	-	-	-	-	-	S	F	S
A. productum	Aconitum	productum			360805	A. productum	-	-	-	-	-	-	-	-	-	r	f	r	s	X	-	-	-	-	-	-	-	-	-	-	S	F	F
	Anemone				3609	Anemone																											
A. canadensis	Anemone	canadensis			360901	A. canadensis	-	-	-	-	-	-	-	-	-	-	-	-	-	-	-	-	-	r	-	-	-	-	-	-	-	R	F
A. dichotoma	Anemone	dichotoma			360902	A. dichotoma	-	-	-	-	-	r	b	-	-	-	-	-	-	-	-	-	-	-	-	-	-	-	-	-	-	R	F
A. richardsonii	Anemone	richardsonii			360903	A. richardsonii	-	-	-	-	-	-	-	r	s	-	f	-	r	f	f	f	s	s	-	r	-	-	-	-	R	F	F
A. biarmiensis	Anemone	biarmiensis			360904	A. biarmiensis	-	-	b	-	-	-	-	-	-	-	-	-	-	-	-	-	-	-	-	-	-	-	-	-	-	b	F
A. calva	Anemone	calva			360905	A. calva	-	-	-	-	-	-	-	r	r	-	-	-	-	-	-	-	-	-	-	-	-	-	-	-	-	R	R
A. sibirica s. str.	Anemone	sibirica	s.	str.	360906a	A. sibirica s. str.	-	-	-	-	-	-	-	-	f	r	f	-	s	f	f	-	-	-	-	-	-	-	-	-	S	F	F
A. sibirica taxon interior	Anemone	sibirica	taxon	interior	360906b	A. sibirica taxon interior	-	-	-	-	-	-	-	-	-	-	-	-	-	-	r	s	r	-	-	-	-	-	-	-	-	S	F
A. villosissima	Anemone	villosissima			360907	A. villosissima	-	-	-	-	-	-	-	-	-	-	-	-	-	-	s	-	-	-	-	-	-	-	-	-	-	R	S
A. sylvestris subsp. sylvestris	Anemone	sylvestris	subsp.	sylvestris	360908a	A. sylvestris subsp. sylvestris	-	-	r	-	-	-	-	-	-	-	-	-	-	-	-	-	-	-	-	-	-	-	-	-	-	R	F
A. sylvestris subsp. ochotensis	Anemone	sylvestris	subsp.	ochotensis	360908b	A. sylvestris subsp. ochotensis	-	-	-	-	-	-	r	r	f	r	-	-	-	-	-	-	-	-	-	-	-	-	-	-	-	S	F
A. parviflora	Anemone	parviflora			360909	A. parviflora	-	-	-	-	-	-	-	-	-	-	-	-	-	s	s	f	s	f	-	-	-	-	-	R	F	F	F
A. lithophila	Anemone	lithophila			360910	A. lithophila	-	-	-	-	-	-	-	-	-	-	-	-	-	-	s	f	r	-	-	-	-	-	-	-	-	R	R
A. multiceps	Anemone	multiceps			360911	A. multiceps	-	-	-	-	-	-	-	-	-	-	-	-	-	r	r	r	-	-	-	-	-	-	-	-	R	F	F
A. multifida	Anemone	multifida			360912	A. multifida	-	-	-	-	-	-	-	-	-	-	-	-	-	-	-	r	r	r	-	-	-	-	-	-	-	R	F
A. patens subsp. multifida	Anemone	patens	subsp.	multifida	360913a	A. patens subsp. multifida	-	-	-	-	-	r	r	-	-	r	f	r	r	-	-	r	s	-	-	-	-	-	-	?	R	F	F
A. patens subsp. angustifolia	Anemone	patens	subsp.	angustifolia	360913b	A. patens subsp. angustifolia	-	-	-	-	-	-	-	-	r	-	-	-	-	-	-	-	-	-	-	-	-	-	-	-	-	R	F
A. dahurica	Anemone	dahurica			360914	A. dahurica	-	-	-	-	-	-	-	-	r	r	r	-	r	-	-	-	-	-	-	-	-	-	-	-	-	R	F
A. nemorosa	Anemone	nemorosa			360915	A. nemorosa	-	**	r	-	-	-	-	-	-	-	-	-	-	-	-	-	-	-	-	-	-	-	-	-	-	R	S
A. ranunculoides subsp. jenisseensis	Anemone	ranunculoides	subsp.	jenisseensis	360916a	A. ranunculoides subsp. jenisseensis	-	-	-	-	-	-	b	-	-	-	-	-	-	-	-	-	-	-	-	-	-	-	-	-	-	b	S
	Clematis				3610	Clematis																											
C. sibirica	Clematis	sibirica			361001	C. sibirica	-	-	r	-	r	-	r	-	r	-	-	-	-	-	-	-	-	-	-	-	-	-	-	-	-	R	F
C. ochotensis	Clematis	ochotensis			361002	C. ochotensis	-	-	-	-	-	-	-	b	r	-	-	-	-	-	-	-	-	-	-	-	-	-	-	-	-	R	S
	Oxygraphis				3611	Oxygraphis																											
O. glacialis	Oxygraphis	glacialis			361101	O. glacialis	-	-	-	-	s	r	s	r	s	-	-	s	-	s	r	r	-	-	-	-	-	-	R	S	S	S	R
	Ranunculus				3612	Ranunculus																											
R. glacialis subsp. glacialis	Ranunculus	glacialis	subsp.	glacialis	361201a	R. glacialis subsp. glacialis	s	r	-	r	-	-	-	-	-	-	-	-	-	-	-	-	-	-	-	-	f	-	R	F	F	F	F
R. glacialis subsp. alaskensis	Ranunculus	glacialis	subsp.	alaskensis	361201b	R. glacialis subsp. alaskensis	-	-	-	-	-	-	-	-	-	-	-	-	-	-	r	-	-	-	-	-	-	-	-	-	?	R	-
R. camissonis	Ranunculus	camissonis			361202	R. camissonis	-	-	-	-	-	-	-	-	-	-	s	-	-	s	r	r	-	-	-	-	-	-	-	R	S	S	R
R. reptans	Ranunculus	reptans			361203	R. reptans	f	f	s	-	s	r	r	-	-	r	r	-	s	r	r	s	s	s	-	s	r	-	-	?	F	F	F
R. sceleratus subsp. sceleratus	Ranunculus	sceleratus	subsp.	sceleratus	361204a	R. sceleratus subsp. sceleratus	-	-	*	-	-	*	-	-	-	-	-	-	-	-	-	-	-	-	-	-	-	-	-	-	-	*	S
R. sceleratus subsp. reptabundus	Ranunculus	sceleratus	subsp.	reptabundus	361204b	R. sceleratus subsp. reptabundus	-	r	r	-	?	r	b	-	-	-	-	-	-	-	-	-	-	-	-	-	-	-	-	-	-	R	F
R. sceleratus subsp. multifidus	Ranunculus	sceleratus	subsp.	multifidus	361204c	R. sceleratus subsp. multifidus	-	-	-	-	-	-	-	-	-	-	-	-	-	-	r	b	r	r	-	-	-	-	-	-	-	R	F
R. gmelinii subsp. gmelinii	Ranunculus	gmelinii	subsp.	gmelinii	361205a	R. gmelinii subsp. gmelinii	-	-	s	-	s	s	s	r	s	s	f	s	r	r	s	f	f	r	-	-	-	-	R	S	F	F	F
R. gmelinii subsp. purshii	Ranunculus	gmelinii	subsp.	purshii	361205b	R. gmelinii subsp. purshii	-	-	-	-	-	-	-	-	-	-	-	-	-	-	-	-	-	r	-	-	-	-	-	-	-	R	F
R. hyperboreus subsp. hyperboreus	Ranunculus	hyperboreus	subsp.	hyperboreus	361206a	R. hyperboreus subsp. hyperboreus	f	f	f	r	f	s	f	s	f	s	f	?	r	f	f	f	f	f	s	f	f	R	F	F	F	F	F
R. hyperboreus subsp. arnellii	Ranunculus	hyperboreus	subsp.	arnellii	361206b	R. hyperboreus subsp. arnellii	r	r	s	f	r	r	r	r	r	r	?	r	?	r	r	-	-	-	-	-	-	R	F	F	F	S	R
R. hyperboreus subsp. tricrenatus	Ranunculus	hyperboreus	subsp.	tricrenatus	361206c	R. hyperboreus subsp. tricrenatus	-	-	s	-	r	-	-	?	r	r	?	-	?	r	-	-	r	r	-	-	-	-	-	-	R	R	R
R. peltatus	Ranunculus	peltatus			361207	R. peltatus	-	r	-	-	-	-	-	-	-	-	-	-	-	-	-	-	-	-	-	-	-	-	-	-	-	R	F
R. trichophyllus	Ranunculus	trichophyllus			361208	R. trichophyllus	-	r	?	-	?	-	?	?	?	?	r	-	-	s	r	r	b	-	-	?	?	-	-	-	-	R	F
R. confervoides	Ranunculus	confervoides			361209	R. confervoides	f	s	s	-	s	r	r	?	r	?	r	-	-	-	r	s	r	s	-	f	s	-	R	S	F	F	F
R. subrigidus	Ranunculus	subrigidus			361210	R. subrigidus	-	-	-	-	-	-	-	-	-	-	-	s	-	-	r	r	r	r	r	r	-	-	R	R	S	S	S
R. circinatus	Ranunculus	circinatus			361211	R. circinatus	-	-	-	-	-	?	?	-	-	?	-	-	-	-	-	-	-	?	-	-	-	-	-	-	-	?	S
R. pygmaeus	Ranunculus	pygmaeus			361212	R. pygmaeus	f	f	f	f	f	f	f	s	f	f	f	f	s	f	f	f	f	f	s	f	f	F	F	F	F	F	S
R. sabinei	Ranunculus	sabinei			361213	R. sabinei	-	-	-	-	-	-	s	r	r	s	r	-	-	-	-	r	f	-	s	r	-	F	F	F	S	R	-
R. nivalis	Ranunculus	nivalis			361214	R. nivalis	-	r	r	f	f	f	f	s	f	f	f	f	s	f	f	f	f	f	s	s	s	F	F	F	F	F	S
R. sulphureus (var. sulphureus)	Ranunculus	sulphureus	(var.	sulphureus)	361215	R. sulphureus (var. sulphureus)	-	s	-	f	f	s	f	f	f	f	f	f	r	f	s	f	f	f	f	s	f	F	F	F	F	F	S
R. eschscholtzii (var. eschscholtzii)	Ranunculus	eschscholtzii	(var.	eschscholtzii)	361216	R. eschscholtzii (var. eschscholtzii)	-	-	-	-	-	-	-	-	-	-	-	-	-	-	r	r	r	-	-	-	-	-	-	-	-	R	F
R. punctatus	Ranunculus	punctatus			361217	R. punctatus	-	-	-	-	-	-	-	-	-	-	r	-	-	r	-	-	-	-	-	-	-	-	-	-	-	R	-
R. grayi	Ranunculus	grayi			361218	R. grayi	-	-	-	-	-	-	-	-	r	-	s	s	r	r	r	s	-	-	-	-	-	-	-	R	S	S	R
R. allenii	Ranunculus	allenii			361219	R. allenii	-	-	-	-	-	-	-	-	-	-	-	-	-	-	-	-	-	r	-	-	-	-	-	-	R	R	S
R. arcticus	Ranunculus	arcticus			361220	R. arcticus	-	-	-	s	s	r	f	s	f	s	s	f	r	f	s	f	f	f	s	s	s	-	R	F	F	F	S
R. rigescens	Ranunculus	rigescens			361221	R. rigescens	-	-	-	-	r	-	-	-	-	-	-	-	-	-	-	-	-	-	-	-	-	-	-	-	-	R	S
R. auricomus s. lat.	Ranunculus	auricomus	s.	lat.	361222	R. auricomus s. lat.	r	s	-	r	s	-	r	-	-	-	-	-	-	-	-	-	-	-	-	-	r	-	-	R	F	F	F
R. arctophilus	Ranunculus	arctophilus				R. arctophilus	-	r	-	-	-	-	-	-	-	-	-	-	-	-	-	-	-	-	-	-	-	-	-	-	-	R	R
R. boecheri	Ranunculus	boecheri				R. boecheri	-	-	-	-	-	-	-	-	-	-	-	-	-	-	-	-	-	-	-	-	r	-	-	R	R	-	-
R. calvescens	Ranunculus	calvescens				R. calvescens	-	r	-	-	-	-	-	-	-	-	-	-	-	-	-	-	-	-	-	-	-	-	-	-	-	R	R
R. glabratus	Ranunculus	glabratus				R. glabratus	-	-	-	-	s	-	-	-	-	-	-	-	-	-	-	-	-	-	-	-	r	-	-	R	R	R	-
R. hartzii	Ranunculus	hartzii				R. hartzii	-	-	-	-	-	-	-	-	-	-	-	-	-	-	-	-	-	-	-	-	r	-	-	R	R	-	-
R. islandicus	Ranunculus	islandicus				R. islandicus	r	-	-	-	-	-	-	-	-	-	-	-	-	-	-	-	-	-	-	-	-	-	-	-	-	R	R
R. kevoensis	Ranunculus	kevoensis				R. kevoensis	-	r	-	-	-	-	-	-	-	-	-	-	-	-	-	-	-	-	-	-	-	-	-	-	-	R	S
R. laestadii	Ranunculus	laestadii				R. laestadii	-	r	-	-	-	-	-	-	-	-	-	-	-	-	-	-	-	-	-	-	-	-	-	-	-	R	S
R. resvoll-holmseniae	Ranunculus	resvoll-holmseniae				R. resvoll-holmseniae	-	s	-	-	-	-	-	-	-	-	-	-	-	-	-	-	-	-	-	-	-	-	-	-	-	S	R
R. varangerensis	Ranunculus	varangerensis				R. varangerensis	-	s	-	-	-	-	-	-	-	-	-	-	-	-	-	-	-	-	-	-	-	-	-	-	-	S	R
R. wilanderi	Ranunculus	wilanderi				R. wilanderi	-	-	-	r	-	-	-	-	-	-	-	-	-	-	-	-	-	-	-	-	-	-	-	R	-	-	-
R. monophyllos s. lat.	Ranunculus	monophyllos	s.	lat.	361223	R. monophyllos s. lat.	-	r	s	-	f	s	r	r	s	-	r	-	s	r	r	-	-	-	-	-	-	-	-	R	F	F	F
R. nothus	Ranunculus	nothus				R. nothus	-	r	r	-	-	-	-	-	-	-	-	-	-	-	-	-	-	-	-	-	-	-	-	-	-	R	R
R. petroczenkoi	Ranunculus	petroczenkoi				R. petroczenkoi	-	-	r	-	r	r	s	r	s	r	?	-	-	-	-	-	-	-	-	-	-	-	-	R	S	F	S
R. ponojensis	Ranunculus	ponojensis				R. ponojensis	-	b	s	-	f	s	r	r	s	-	r	-	s	r	r	-	-	-	-	-	-	-	-	R	F	F	F
R. vorkutensis	Ranunculus	vorkutensis				R. vorkutensis	-	-	r	-	r	-	-	-	-	-	-	-	-	-	-	-	-	-	-	-	-	-	-	-	-	R	R
R. abortivus	Ranunculus	abortivus			361224	R. abortivus	-	-	-	-	-	-	-	-	-	-	-	-	-	-	-	-	-	b	-	-	-	-	-	-	-	b	S
R. acris (subsp. acris)	Ranunculus	acris	(subsp.	acris)	361225	R. acris (subsp. acris)	-	*	?	**	?	-	*	-	-	-	-	-	-	-	-	-	-	*	-	*?	*?	-	-	**	*	*	S
R. subborealis subsp. subborealis	Ranunculus	subborealis	subsp.	subborealis	361226a	R. subborealis subsp. subborealis	-	s	f	-	f	f	s	r	r	-	-	-	-	-	-	-	-	-	-	-	-	-	R	F	F	F	F
R. subborealis subsp. villosus	Ranunculus	subborealis	subsp.	villosus	361226b	R. subborealis subsp. villosus	f	r	-	-	-	-	-	-	-	-	-	-	-	-	-	-	-	*	-	s	r	-	-	-	R	S	F
R. subborealis subsp. pumilus	Ranunculus	subborealis	subsp.	pumilus	361226c	R. subborealis subsp. pumilus	b	-	-	-	-	-	-	-	-	-	-	-	-	-	-	-	-	-	-	-	-	-	-	-	-	b	F
R. glabriusculus	Ranunculus	glabriusculus			361227	R. glabriusculus	-	X	X	-	s	?	s	-	-	-	-	-	-	-	-	-	-	-	-	-	-	-	R	F	F	F	F
R. turneri subsp. turneri	Ranunculus	turneri	subsp.	turneri	361228a	R. turneri subsp. turneri	-	-	-	-	-	-	-	-	-	r	s	-	-	s	r	r	r	-	-	-	-	-	-	-	R	R	R
R. turneri subsp. jacuticus	Ranunculus	turneri	subsp.	jacuticus	361228b	R. turneri subsp. jacuticus	-	-	-	-	-	-	r	r	f	r	r	-	-	-	-	-	-	-	-	-	-	-	-	-	R	S	R
R. subcorymbosus	Ranunculus	subcorymbosus			361229	R. subcorymbosus	-	-	-	-	-	-	-	-	-	-	-	-	r	-	-	-	-	-	-	-	-	-	-	-	-	R	S
R. repens	Ranunculus	repens			361230	R. repens	*	f	f	**	s	r	r	r	-	r	-	-	r	-	*	-	-	-	-	*	-	-	-	**	*	F	F
R. repens var. tenuis	Ranunculus	repens	var.	tenuis	361230a	R. repens var. tenuis	-	-	r	-	-	r	-	-	-	-	-	-	-	-	-	-	-	-	-	-	-	-	-	-	-	R	R
R. pensylvanicus	Ranunculus	pensylvanicus			361231	R. pensylvanicus	-	-	-	-	-	-	-	-	-	-	-	-	-	-	b	-	-	-	-	-	-	-	-	-	-	b	S
R. macounii	Ranunculus	macounii			361232	R. macounii	-	-	-	-	-	-	-	-	-	-	-	-	-	-	-	-	-	b	-	-	-	-	-	-	-	b	S
R. pacificus	Ranunculus	pacificus			361233	R. pacificus	-	-	-	-	-	-	-	-	-	-	-	-	-	-	r	-	-	-	-	-	-	-	-	-	-	R	F
	Halerpestes				3613	Halerpestes																											
H. cymbalaria	Halerpestes	cymbalaria			361301	H. cymbalaria	-	-	-	-	-	-	-	-	-	-	-	-	-	-	r	r	r	s	-	r	-	-	-	-	R	S	F
	Coptidium				3614	Coptidium																											
C. lapponicum	Coptidium	lapponicum			361401	C. lapponicum	-	r	s	s	f	f	s	f	f	f	s	-	r	s	f	f	s	f	-	s	-	-	R	F	F	F	F
C. x spitsbergense	Coptidium	x	spitsbergense		361402	C. x spitsbergense	-	-	r	s	-	r	-	-	r	-	?	r	-	r	-	-	-	r	-	-	-	-	R	S	R	R	-
C. pallasii	Coptidium	pallasii			361403	C. pallasii	-	r	f	r	f	s	r	r	s	s	f	r	f	s	f	f	r	s	-	-	-	-	-	R	F	F	S
	PAPAVERACEAE				37	PAPAVERACEAE																											
	Papaver				3701	Papaver																											
P. walpolei	Papaver	walpolei			370101	P. walpolei	-	-	-	-	-	-	-	-	-	-	-	-	-	r	s	r	-	-	-	-	-	-	-	-	R	S	R
P. gorodkovii	Papaver	gorodkovii			370102	P. gorodkovii	-	-	-	-	-	-	-	-	-	-	-	r	-	r	r	s	-	-	-	-	-	-	-	R	S	R	-
P. polare	Papaver	polare			370103	P. polare	-	-	-	X	-	-	-	-	-	-	-	-	-	-	-	-	f	s	f	r	r	F	F	S	R	-	-
P. dahlianum	Papaver	dahlianum			370104	P. dahlianum	-	r	-	f	f	s	f	?	-	-	-	-	-	-	-	-	f	s	f	r	r	F	F	F	S	R	R
P. murrayi (ined.)	Papaver	murrayi	(ined.)		370105	P. murrayi (ined.)	-	-	-	-	-	-	-	-	-	-	-	?	-	-	?	r	-	-	-	-	-	-	-	-	R	R	-
P. uschakovii	Papaver	uschakovii			370106	P. uschakovii	-	-	-	-	-	-	-	-	-	-	-	r	-	-	-	-	-	-	-	-	-	-	-	R	R	-	-
P. calcareum	Papaver	calcareum			370107	P. calcareum	-	-	-	-	-	-	-	-	-	-	-	r	-	r	-	-	-	-	-	-	-	-	-	R	R	-	-
P. alaskanum	Papaver	alaskanum			370108	P. alaskanum	-	-	-	-	-	-	-	-	-	-	-	-	-	-	r	-	-	-	-	-	-	-	-	-	-	R	S
P. mcconnellii	Papaver	mcconnellii			370109	P. mcconnellii	-	-	-	-	-	-	-	-	-	-	-	-	-	-	s	s	-	-	-	-	-	-	-	-	-	S	S
P. macounii	Papaver	macounii			370110	P. macounii	-	-	-	-	-	-	-	-	-	-	-	-	-	-	r	-	-	-	-	-	-	-	-	-	-	R	R
P. anjuicum	Papaver	anjuicum			370111	P. anjuicum	-	-	-	-	-	-	-	-	-	-	r	-	-	-	-	-	-	-	-	-	-	-	-	-	-	R	-
P. variegatum	Papaver	variegatum			370112	P. variegatum	-	-	-	-	-	-	r	r	r	-	-	-	-	-	-	-	-	-	-	-	-	-	-	-	-	R	S
P. keelei	Papaver	keelei			370113	P. keelei	-	-	-	-	-	-	-	-	-	-	-	-	-	s	f	f	-	-	-	-	-	-	-	R	F	F	F
P. paucistamineum	Papaver	paucistamineum			370114	P. paucistamineum	-	-	-	-	-	-	-	-	-	-	r	s	-	r	-	-	-	-	-	-	-	-	-	R	S	S	R
P. atrovirens	Papaver	atrovirens			370115	P. atrovirens	-	-	-	-	-	-	-	-	-	-	r	r	-	-	-	-	-	-	-	-	-	-	-	R	R	-	-
P. microcarpum subsp. microcarpum	Papaver	microcarpum	subsp.	microcarpum	370116a	P. microcarpum subsp. microcarpum	-	-	-	-	-	-	-	-	-	-	s	r	-	-	-	-	-	-	-	-	-	-	-	-	R	S	S
P. microcarpum subsp. czekanowskyi	Papaver	microcarpum	subsp.	czekanowskyi	370116b	P. microcarpum subsp. czekanowskyi	-	-	-	-	-	-	-	r	s	r	f	-	-	-	-	-	-	-	-	-	-	-	-	-	S	S	R
P. pulvinatum subsp. pulvinatum	Papaver	pulvinatum	subsp.	pulvinatum	370117a	P. pulvinatum subsp. pulvinatum	-	-	-	-	-	r	s	r	-	-	-	-	-	-	-	-	-	-	-	-	-	-	-	R	S	S	R
P. pulvinatum subsp. tschuktschorum	Papaver	pulvinatum	subsp.	tschuktschorum	370117b	P. pulvinatum subsp. tschuktschorum	-	-	-	-	-	-	-	-	-	-	r	s	-	-	-	-	-	-	-	-	-	-	-	R	S	S	R
P. angustifolium	Papaver	angustifolium			370118	P. angustifolium	-	-	-	-	-	s	r	r	s	-	-	-	-	-	-	-	-	-	-	-	-	-	-	S	S	S	R
P. nivale	Papaver	nivale			370119	P. nivale	-	-	-	-	-	-	-	-	-	-	r	-	-	-	-	-	-	-	-	-	-	-	-	-	-	R	S
P. lenaense (ined.)	Papaver	lenaense	(ined.)		370120	P. lenaense (ined.)	-	-	-	-	-	-	-	r	f	r	-	-	-	-	-	-	-	-	-	-	-	-	-	-	R	R	-
P. leucotrichum	Papaver	leucotrichum			370121	P. leucotrichum	-	-	-	-	-	-	-	-	r	-	-	-	-	-	-	-	-	-	-	-	-	-	-	-	-	R	-
P. nudicaule subsp. americanum	Papaver	nudicaule	subsp.	americanum	370122a	P. nudicaule subsp. americanum	-	-	-	-	-	-	-	-	-	-	-	-	-	-	-	?	-	-	-	-	-	-	-	-	-	?	S
P. nudicaule subsp. insulare	Papaver	nudicaule	subsp.	insulare	370122b	P. nudicaule subsp. insulare	-	-	-	-	-	-	-	-	-	-	-	r	-	-	-	-	-	-	-	-	-	-	-	R	R	-	-
"P. sp. ""Khatanga"""	Papaver	sp.	"""Khatanga"""		370123	"P. sp. ""Khatanga"""	-	-	-	-	-	-	r	?	-	-	-	-	-	-	-	-	-	-	-	-	-	-	-	-	-	R	R
P. croceum	Papaver	croceum			370124	P. croceum	*	*	-	-	-	-	-	-	-	-	-	-	-	-	-	-	-	-	-	*	-	-	-	-	*	*	*
P. stanovense	Papaver	stanovense			370125	P. stanovense	-	-	-	-	-	-	-	-	-	-	?	-	-	-	-	-	-	-	-	-	-	-	-	-	-	?	R
P. stubendorffii	Papaver	stubendorffii			370126	P. stubendorffii	-	-	-	-	-	-	-	-	-	-	-	-	-	?	-	-	-	-	-	-	-	-	-	-	-	?	S
P. labradoricum	Papaver	labradoricum			370127	P. labradoricum	-	-	-	-	-	-	-	-	-	-	-	-	-	-	-	-	s	f	-	f	r	-	-	R	F	F	S
P. detritophilum	Papaver	detritophilum			370128	P. detritophilum	-	-	-	-	-	-	-	-	-	-	r	-	-	r	r	-	-	-	-	-	-	-	-	-	-	R	-
P. schamurinii	Papaver	schamurinii			370129	P. schamurinii	-	-	-	-	-	-	?	-	-	-	-	r	-	-	s	s	-	-	-	-	-	-	-	R	S	S	?
P. hypsipetes	Papaver	hypsipetes			370130	P. hypsipetes	-	-	-	-	-	-	-	-	-	-	r	-	-	-	-	-	-	-	-	-	-	-	-	-	-	R	-
P. multiradiatum	Papaver	multiradiatum			370131	P. multiradiatum	-	-	-	-	-	-	-	-	-	-	-	r	-	-	-	-	-	-	-	-	-	-	-	R	R	-	-
P. chionophilum	Papaver	chionophilum			370132	P. chionophilum	-	-	-	-	-	-	-	-	-	-	-	r	-	-	-	-	-	-	-	-	-	-	-	R	S	-	-
P. hultenii	Papaver	hultenii			370133	P. hultenii	-	-	-	-	-	-	-	-	-	-	-	?	-	?	f	f	s	-	-	-	-	-	-	?	F	F	F
"P. sp. ""Banks"""	Papaver	sp.	"""Banks"""		370134	"P. sp. ""Banks"""	-	-	-	-	-	-	-	-	-	-	-	-	-	-	-	-	r	-	-	-	-	-	-	R	R	-	-
P. lapponicum subsp. lapponicum	Papaver	lapponicum	subsp.	lapponicum	370135a	P. lapponicum subsp. lapponicum	-	-	?	-	r	?	r	-	-	-	-	-	-	-	-	-	-	-	-	-	s	-	R	S	S	S	S
P. lapponicum subsp. occidentale	Papaver	lapponicum	subsp.	occidentale	370135b	P. lapponicum subsp. occidentale	-	-	-	-	-	-	-	-	-	-	-	-	-	-	-	-	f	r	f	s	f	-	S	F	F	F	S
P. lapponicum subsp. jugoricum	Papaver	lapponicum	subsp.	jugoricum	370135c	P. lapponicum subsp. jugoricum	-	-	?	-	s	s	s	?	r	-	-	-	-	-	-	-	-	-	-	-	-	-	-	?	R	S	S
P. lapponicum subsp. orientale	Papaver	lapponicum	subsp.	orientale	370135d	P. lapponicum subsp. orientale	-	-	-	-	-	-	s	s	f	?	?	-	-	-	-	-	-	-	-	-	-	-	-	?	S	S	S
P. radicatum (subsp. radicatum)	Papaver	radicatum	(subsp.	radicatum)	370136	P. radicatum (subsp. radicatum)	s	-	-	-	-	-	-	-	-	-	-	-	-	-	-	-	-	-	-	-	-	-	-	-	-	R	S
	FUMARIACEAE				38	FUMARIACEAE																											
	Dicentra				3801	Dicentra																											
D. peregrina	Dicentra	peregrina			380101	D. peregrina	-	-	-	-	-	-	-	-	-	-	s	-	r	r	-	-	-	-	-	-	-	-	-	-	R	S	F
	Corydalis				3802	Corydalis																											
C. arctica	Corydalis	arctica			380201	C. arctica	-	-	-	-	-	-	-	s	f	r	f	-	r	f	f	f	-	-	-	-	-	-	-	?	F	F	F
C. bracteata	Corydalis	bracteata			380202	C. bracteata	-	-	-	-	-	-	b	-	-	-	-	-	-	-	-	-	-	-	-	-	-	-	-	-	-	b	S
C. sibirica	Corydalis	sibirica			380203	C. sibirica	-	-	-	-	-	-	-	-	-	-	r	-	r	-	-	-	-	-	-	-	-	-	-	-	-	R	F
C. aurea	Corydalis	aurea			380204	C. aurea	-	-	-	-	-	-	-	-	-	-	-	-	-	-	-	-	b	b	-	-	-	-	-	-	-	b	F
	Capnoides				3803	Capnoides																											
C. sempervirens	Capnoides	sempervirens			380301	C. sempervirens	-	-	-	-	-	-	-	-	-	-	-	-	-	-	-	b	b	b	-	-	-	-	-	-	-	b	F
	DROSERACEAE				39	DROSERACEAE																											
	Drosera				3901	Drosera																											
D. rotundifolia	Drosera	rotundifolia			390101	D. rotundifolia	r	b	r	-	-	-	-	-	-	-	-	-	-	-	r	r	r	r	-	r	-	-	-	-	-	R	F
D. anglica	Drosera	anglica			390102	D. anglica	-	r	r	-	-	-	-	-	-	-	-	-	-	-	-	-	r	r	-	-	-	-	-	-	-	R	F
D. intermedia	Drosera	intermedia			390103	D. intermedia	-	-	-	-	-	-	-	-	-	-	-	-	-	-	-	-	-	b	-	-	-	-	-	-	-	b	S
	PLUMBAGINACEAE				40	PLUMBAGINACEAE																											
	Armeria				4001	Armeria																											
A. maritima (subsp. maritima)	Armeria	maritima	(subsp.	maritima)	400101	A. maritima (subsp. maritima)	f	b	-	-	-	-	-	-	-	-	-	-	-	-	-	-	-	-	-	r	-	-	-	-	?	S	F
A. scabra	Armeria	scabra			400102	A. scabra	-	s	s	-	s	f	f	s	f	r	f	f	f	f	f	f	f	f	s	f	f	-	R	F	F	F	S
	POLYGONACEAE				41	POLYGONACEAE																											
	Polygonum				4101	Polygonum																											
P. aviculare	Polygonum	aviculare			410101	P. aviculare	*	*	*	-	*	-	**	-	**	-	-	-	-	-	-	-	**	**	-	*	**	-	-	-	-	*	F
P. boreale	Polygonum	boreale			410102	P. boreale	f	f	?	**	-	**	-	-	-	-	-	-	-	-	-	-	-	?	-	*	*	-	-	**	*	S	F
P. neglectum	Polygonum	neglectum			410103	P. neglectum	-	*	-	-	-	-	-	-	-	-	-	-	-	-	-	*	-	*	-	-	-	-	-	-	-	*	*
P. microspermum	Polygonum	microspermum			410104	P. microspermum	-	-	-	-	-	-	-	-	-	-	-	-	-	-	*	-	-	-	-	-	-	-	-	-	-	*	*
P. humifusum subsp. humifusum	Polygonum	humifusum	subsp.	humifusum	410105a	P. humifusum subsp. humifusum	-	-	s	-	r	r	r	r	s	r	r	-	-	-	s	r	-	-	-	-	-	-	-	-	-	S	F
P. humifusum Canadian race	Polygonum	humifusum	Canadian	race	410105b	P. humifusum Canadian race	-	-	-	-	-	-	-	-	-	-	-	-	-	-	-	?	r	r	-	-	-	-	-	-	-	R	R
P. hudsonianum	Polygonum	hudsonianum			410106	P. hudsonianum	-	-	-	-	-	-	-	-	-	-	-	-	-	-	-	-	-	r	-	-	-	-	-	-	-	R	S
P. raii subsp. norvegicum	Polygonum	raii	subsp.	norvegicum	410107a	P. raii subsp. norvegicum	-	s	-	-	-	-	-	-	-	-	-	-	-	-	-	-	-	-	-	-	-	-	-	-	-	S	F
	Bistorta				4102	Bistorta																											
B. vivipara	Bistorta	vivipara			410201	B. vivipara	f	f	f	f	f	f	s	s	f	s	f	f	s	f	f	f	f	f	f	f	f	F	F	F	F	F	F
B. elliptica	Bistorta	elliptica			410202	B. elliptica	-	s	s	-	s	s	s	-	-	-	-	-	-	-	-	-	-	-	-	-	-	-	-	?	F	F	F
B. plumosa	Bistorta	plumosa			410203	B. plumosa	-	-	-	-	-	-	-	s	f	s	f	f	r	f	f	f	r	-	-	-	-	-	R	F	F	F	F
	Persicaria				4103	Persicaria																											
P. amphibia subsp. amphibia	Persicaria	amphibia	subsp.	amphibia	410301a	P. amphibia subsp. amphibia	-	-	r	-	r	?	-	-	-	-	-	-	-	-	-	-	-	-	-	-	-	-	-	-	-	R	F
P. amphibia subsp. laevimarginata	Persicaria	amphibia	subsp.	laevimarginata	410301b	P. amphibia subsp. laevimarginata	-	-	-	-	-	-	-	-	-	-	-	-	-	-	b	r	r	-	-	-	-	-	-	-	-	R	F
	Koenigia				4104	Koenigia																											
K. islandica	Koenigia	islandica			410401	K. islandica	f	r	r	s	f	r	r	r	s	r	r	s	?	s	s	s	r	s	r	f	f	-	R	F	F	F	F
	Aconogonum				4105	Aconogonum																											
A. alaskanum var. alaskanum	Aconogonum	alaskanum	var.	alaskanum	410501a	A. alaskanum var. alaskanum	-	-	-	-	-	-	-	-	-	-	-	-	-	r	s	r	-	-	-	-	-	-	-	-	R	F	F
A. alaskanum var. glabrescens	Aconogonum	alaskanum	var.	glabrescens	410501b	A. alaskanum var. glabrescens	-	-	-	-	-	-	-	-	-	-	-	-	-	-	r	r	r	-	-	-	-	-	-	-	-	S	F
A. tripterocarpum	Aconogonum	tripterocarpum			410502	A. tripterocarpum	-	-	-	-	-	-	-	r	f	r	f	-	s	f	-	-	-	-	-	-	-	-	-	-	F	F	F
A. ocreatum	Aconogonum	ocreatum			410503	A. ocreatum	-	-	-	-	r	f	s	s	f	-	s	-	-	-	-	-	-	-	-	-	-	-	-	-	F	F	F
A. ajanense	Aconogonum	ajanense			410504	A. ajanense	-	-	-	-	-	-	-	-	-	-	r	-	-	-	-	-	-	-	-	-	-	-	-	-	-	R	F
	Oxyria				4106	Oxyria																											
O. digyna	Oxyria	digyna			410601	O. digyna	f	f	s	f	f	f	f	f	f	f	f	f	r	f	f	f	f	f	f	f	f	F	F	F	F	F	F
	Rumex				4107	Rumex																											
R. longifolius	Rumex	longifolius			410701	R. longifolius	f	s	*	**	-	*	*	-	-	-	-	-	-	*	-	-	-	-	-	r	-	-	-	**	**	S	F
R. crispus	Rumex	crispus			410702	R. crispus	-	-	**	-	-	-	-	-	-	-	-	-	*?	-	*	-	-	-	-	-	-	-	-	-	-	*	R
R. confertus	Rumex	confertus			410703	R. confertus	-	**	-	-	*	-	-	-	-	-	-	-	-	-	-	-	-	-	-	-	-	-	-	-	-	*	F
R. occidentalis	Rumex	occidentalis			410704	R. occidentalis	-	-	-	-	-	-	-	-	-	-	-	-	-	-	-	-	r	r	-	-	-	-	-	-	-	R	F
R. aquaticus subsp. aquaticus	Rumex	aquaticus	subsp.	aquaticus	410705a	R. aquaticus subsp. aquaticus	-	r	-	-	-	-	*	-	-	-	-	-	-	-	-	-	-	-	-	-	-	-	-	-	-	R	F
R. aquaticus subsp. protractus	Rumex	aquaticus	subsp.	protractus	410705b	R. aquaticus subsp. protractus	-	s	s	-	s	r	-	-	-	?	*	-	-	-	-	-	-	-	-	-	-	-	-	-	S	S	F
R. aquaticus subsp. insularis	Rumex	aquaticus	subsp.	insularis	410705c	R. aquaticus subsp. insularis	-	-	r	-	r	-	-	-	-	-	-	-	-	-	-	-	-	-	-	-	-	-	-	R	R	-	-
R. arcticus	Rumex	arcticus			410706	R. arcticus	-	r	r	-	s	s	f	s	f	s	f	f	?	s	f	f	s	-	-	-	-	-	-	R	F	F	F
R. pseudonatronatus	Rumex	pseudonatronatus			410707	R. pseudonatronatus	-	r	r	-	r	-	-	-	-	-	-	-	-	-	-	-	-	-	-	-	-	-	-	-	-	R	F
R. gmelinii	Rumex	gmelinii			410708	R. gmelinii	-	-	-	-	-	-	-	-	-	r	-	-	-	-	-	-	-	-	-	-	-	-	-	-	-	R	S
R. sibiricus	Rumex	sibiricus			410709	R. sibiricus	-	-	-	-	-	r	r	?	r	r	?	-	-	?	r	r	r	-	-	-	-	-	-	-	-	R	S
R. hultenii	Rumex	hultenii			410710	R. hultenii	-	-	-	-	-	-	-	-	-	-	r	-	r	r	-	-	-	-	-	-	-	-	-	-	-	R	S
R. pallidus subsp. subarcticus	Rumex	pallidus	subsp.	subarcticus	410711a	R. pallidus subsp. subarcticus	-	-	-	-	-	-	-	-	-	-	-	-	-	-	-	-	-	r	-	-	-	-	-	-	-	R	S
R. maritimus	Rumex	maritimus			410712	R. maritimus	-	-	*	-	?	r	*	-	-	-	-	-	-	-	-	-	-	-	-	-	-	-	-	-	-	R	S
R. fueginus	Rumex	fueginus			410713	R. fueginus	-	-	-	-	-	-	-	-	-	-	-	-	-	-	-	-	-	r	-	-	-	-	-	-	-	R	S
R. acetosa subsp. acetosa	Rumex	acetosa	subsp.	acetosa	410714a	R. acetosa subsp. acetosa	*	s	r	*	r	r	*	-	-	-	-	-	-	-	-	-	-	-	-	*	-	-	-	*	*	S	F
R. acetosa subsp. islandicus	Rumex	acetosa	subsp.	islandicus	410714b	R. acetosa subsp. islandicus	f	-	-	-	-	-	-	-	-	-	-	-	-	-	-	-	-	-	-	-	-	-	-	-	-	S	S
R. lapponicus	Rumex	lapponicus			410715	R. lapponicus	-	f	f	-	f	?	b	-	-	-	-	-	-	-	f	s	-	-	-	r	-	-	-	R	F	F	F
R. pseudoxyria	Rumex	pseudoxyria			410716	R. pseudoxyria	-	-	-	-	-	-	s	r	s	-	r	s	-	-	s	-	-	-	-	-	-	-	-	?	F	F	S
R. thyrsiflorus	Rumex	thyrsiflorus			410717	R. thyrsiflorus	-	r	r	-	-	r	b	r	s	-	-	-	-	-	-	-	-	-	-	-	-	-	-	-	R	S	F
R. oblongifolius	Rumex	oblongifolius			410718	R. oblongifolius	-	-	-	-	-	-	-	-	-	-	r	-	-	-	-	-	-	-	-	-	-	-	-	-	-	R	R
R. acetosella subsp. acetosella	Rumex	acetosella	subsp.	acetosella	410719a	R. acetosella subsp. acetosella	s	s	-	**	*	*	*	-	*	-	-	-	-	-	-	-	-	*	-	**	**	-	-	**	?	F	F
R. acetosella subsp. tenuifolius	Rumex	acetosella	subsp.	tenuifolius	410719b	R. acetosella subsp. tenuifolius	s	r	-	-	-	-	-	-	-	-	-	-	-	-	-	-	-	-	-	s	s	-	-	-	-	S	F
R. acetosella subsp. arenicola	Rumex	acetosella	subsp.	arenicola	410719c	R. acetosella subsp. arenicola	r	f	r	-	r	-	-	-	-	-	-	-	-	-	-	-	-	-	-	-	s	-	?	S	F	F	S
R. krausei	Rumex	krausei			410720	R. krausei	-	-	-	-	-	-	-	-	-	-	-	-	-	r	r	?	-	-	-	-	-	-	-	-	-	R	R
R. beringensis	Rumex	beringensis			410721	R. beringensis	-	-	-	-	-	-	-	-	-	-	-	-	-	f	-	-	-	-	-	-	-	-	-	-	R	S	S
R. aureostigmaticus	Rumex	aureostigmaticus			410722	R. aureostigmaticus	-	-	-	-	?	-	r	r	r	r	f	-	-	?	-	r	-	-	-	-	-	-	-	-	R	S	R
R. graminifolius	Rumex	graminifolius			410723	R. graminifolius	-	-	r	-	r	s	s	s	r	-	?	-	-	?	-	-	-	-	-	-	-	-	-	-	R	S	S
	Rheum				4108	Rheum																											
R. compactum	Rheum	compactum			410801	R. compactum	-	-	-	-	-	r	r	-	-	-	-	-	-	-	-	-	-	-	-	-	-	-	-	-	-	R	S
	CARYOPHYLLACEAE				42	CARYOPHYLLACEAE																											
	Stellaria				4201	Stellaria																											
S. media	Stellaria	media			420101	S. media	*	*	*	**	r	-	*	-	-	-	*	-	-	*	*	*	*	*	-	*	*	-	-	**	*	*	F
S. bungeana	Stellaria	bungeana			420102	S. bungeana	-	-	r	-	r	-	-	-	-	-	-	-	-	-	-	-	-	-	-	-	-	-	-	-	R	F	F
S. nemorum (subsp. nemorum)	Stellaria	nemorum	(subsp.	nemorum)	420103	S. nemorum (subsp. nemorum)	-	s	r	-	-	-	-	-	-	-	-	-	-	-	-	-	-	-	-	-	-	-	-	-	-	R	F
S. holostea	Stellaria	holostea			420104	S. holostea	-	-	b	-	-	-	-	-	-	-	-	-	-	-	-	-	-	-	-	-	-	-	-	-	-	b	S
S. crassifolia	Stellaria	crassifolia			420105	S. crassifolia	f	f	s	-	f	s	s	r	s	r	r	r	r	s	f	f	s	s	-	-	-	-	-	R	S	F	F
S. humifusa	Stellaria	humifusa			420106	S. humifusa	s	f	s	f	s	r	r	-	r	r	s	s	b	s	s	s	f	f	s	f	f	-	R	F	F	F	F
S. calycantha	Stellaria	calycantha			420107	S. calycantha	-	-	-	-	-	-	-	-	-	-	?	-	r	s	r	-	-	-	-	-	-	-	-	-	R	S	F
S. borealis subsp. borealis	Stellaria	borealis	subsp.	borealis	420108a	S. borealis subsp. borealis	r	f	s	-	r	-	-	-	-	-	-	-	-	-	r	r	r	s	-	s	r	-	-	-	F	F	F
S. borealis subsp. sitchana	Stellaria	borealis	subsp.	sitchana	420108b	S. borealis subsp. sitchana	-	-	-	-	-	-	-	-	-	-	-	-	-	-	?	-	-	-	-	-	-	-	-	-	-	?	S
S. graminea	Stellaria	graminea			420109	S. graminea	*	s	r	**	r	-	-	-	-	-	-	-	-	-	-	-	-	-	-	*	-	-	-	**	-	S	F
S. palustris	Stellaria	palustris			420110	S. palustris	-	r	s	-	s	s	r	r	?	r	-	-	-	-	-	-	-	-	-	-	-	-	-	-	R	S	F
S. fennica	Stellaria	fennica			420111	S. fennica	-	r	s	-	s	X	X	X	-	-	-	-	-	-	-	-	-	-	-	-	-	-	-	-	-	S	F
S. hebecalyx	Stellaria	hebecalyx			420112	S. hebecalyx	-	*	s	-	s	-	-	-	-	-	-	-	-	-	-	-	-	-	-	-	-	-	-	-	R	F	F
S. ponojensis	Stellaria	ponojensis			420113	S. ponojensis	-	r	-	-	-	-	-	-	-	-	-	-	-	-	-	-	-	-	-	-	-	-	-	-	-	R	R
S. umbellata	Stellaria	umbellata			420114	S. umbellata	-	-	-	-	-	-	-	r	r	-	s	r	r	r	r	r	-	-	-	-	-	-	-	-	-	R	F
S. longifolia	Stellaria	longifolia			420115	S. longifolia	-	r	-	-	r	-	-	-	r	?	-	-	-	-	-	r	r	r	-	?	-	-	-	-	-	R	F
S. longipes	Stellaria	longipes			420116	S. longipes	-	-	f	f	f	f	f	f	f	f	f	f	s	f	f	f	f	f	f	f	f	F	F	F	F	F	F
S. crassipes	Stellaria	crassipes			420116a	S. crassipes	-	-	-	f	r	-	-	-	-	-	-	-	-	-	-	-	-	-	f	f	s	F	F	F	F	R	R
S. davurica	Stellaria	davurica			420116b	S. davurica	-	-	-	-	-	-	-	-	-	-	?	-	-	-	-	-	-	-	-	-	-	-	-	-	-	?	S
S. edwardsii	Stellaria	edwardsii			420116c	S. edwardsii	-	-	s	?	f	r	f	s	f	s	f	f	s	s	s	f	f	s	f	f	s	F	F	F	F	F	S
S. laeta	Stellaria	laeta			420116d	S. laeta	-	-	-	-	-	-	-	-	-	-	s	s	-	r	s	f	f	f	f	r	-	S	F	F	F	F	S
S. longipes s. str.	Stellaria	longipes	s.	str.	420116e	S. longipes s. str.	-	-	-	-	-	-	-	-	-	-	-	-	-	-	s	s	r	s	-	s	-	-	-	?	R	F	F
S. monantha	Stellaria	monantha			420116f	S. monantha	-	-	-	-	-	-	-	-	-	-	f	?	s	s	s	f	f	f	f	f	r	-	S	F	F	F	F
S. peduncularis	Stellaria	peduncularis			420116g	S. peduncularis	-	-	s	-	f	f	s	s	f	r	s	?	s	s	-	-	-	-	-	-	-	-	-	R	F	F	F
S. stricta	Stellaria	stricta			420116h	S. stricta	-	-	-	-	-	-	-	-	-	-	-	-	-	-	-	-	r	r	-	-	-	-	-	-	-	R	S
S. subvestita	Stellaria	subvestita			420116i	S. subvestita	-	-	-	-	-	-	-	-	-	-	-	-	-	-	-	r	r	s	-	-	-	-	-	-	?	S	F
S. alaskana	Stellaria	alaskana			420117	S. alaskana	-	-	-	-	-	-	-	-	-	-	-	-	-	-	-	r	-	-	-	-	-	-	-	-	-	R	S
S. ruscifolia subsp. aleutica	Stellaria	ruscifolia	subsp.	aleutica	420118a	S. ruscifolia subsp. aleutica	-	-	-	-	-	-	-	-	-	-	-	-	-	-	b	-	-	-	-	-	-	-	-	-	-	b	S
S. eschscholtziana	Stellaria	eschscholtziana			420119	S. eschscholtziana	-	-	-	-	-	-	-	-	-	-	-	-	-	r	-	-	-	-	-	-	-	-	-	-	-	R	F
S. fischeriana	Stellaria	fischeriana			420120	S. fischeriana	-	-	-	-	-	-	-	-	-	-	-	r	?	r	-	-	-	-	-	-	-	-	-	-	?	R	S
S. jacutica	Stellaria	jacutica			420121	S. jacutica	-	-	-	-	-	-	-	-	f	r	-	-	-	-	-	-	-	-	-	-	-	-	-	-	-	R	S
	Cerastium				4202	Cerastium																											
C. cerastoides	Cerastium	cerastoides			420201	C. cerastoides	f	f	s	r	s	-	-	-	-	-	-	-	-	-	-	-	-	s	-	f	f	-	-	R	F	F	F
C. maximum	Cerastium	maximum			420202	C. maximum	-	-	-	-	r	s	f	s	s	r	s	s	-	-	r	s	r	-	-	-	-	-	R	S	F	F	F
C. davuricum	Cerastium	davuricum			420203	C. davuricum	-	-	-	-	r	b	b	-	-	-	-	-	-	-	-	-	-	-	-	-	-	-	-	-	S	F	F
C. arvense subsp. strictum	Cerastium	arvense	subsp.	strictum	420204a	C. arvense subsp. strictum	-	-	s	-	s	f	s	?	r	-	r	-	-	r	-	-	r	r	-	r	-	-	-	-	R	S	F
C. alpinum subsp. alpinum	Cerastium	alpinum	subsp.	alpinum	420205a	C. alpinum subsp. alpinum	f	f	s	-	s	-	-	-	-	-	-	-	-	-	-	-	-	-	-	-	-	-	-	-	S	F	F
C. alpinum var. glabrum	Cerastium	alpinum	var.	glabrum	420205b	C. alpinum var. glabrum	r	f	-	-	-	-	-	-	-	-	-	-	-	-	-	-	-	-	-	-	-	-	-	-	?	F	F
C. alpinum arctic race	Cerastium	alpinum	arctic	race	420205c	C. alpinum arctic race	r	-	-	r	-	-	-	-	-	-	-	-	-	-	-	-	-	s	r	f	f	-	R	F	F	S	?
C. alpinum subsp. lanatum	Cerastium	alpinum	subsp.	lanatum	420205d	C. alpinum subsp. lanatum	r	r	-	-	-	-	-	-	-	-	-	-	-	-	-	-	-	r	-	r	-	-	-	-	R	F	F
C. nigrescens var. laxum	Cerastium	nigrescens	var.	laxum	420206a	C. nigrescens var. laxum	f	-	-	-	-	-	-	-	-	-	-	-	-	-	-	-	-	-	-	?	-	-	-	-	-	S	F
C. arcticum	Cerastium	arcticum			420207	C. arcticum	r	-	-	f	s	-	-	-	-	-	-	-	-	-	-	-	s	f	f	f	f	F	F	F	F	S	-
C. beeringianum	Cerastium	beeringianum			420208	C. beeringianum	-	-	-	-	r	r	f	r	s	r	f	f	r	f	f	f	f	f	f	-	-	F	F	F	F	F	F
C. beeringianum var. beeringianum	Cerastium	beeringianum	var.	beeringianum	420208a	C. beeringianum var. beeringianum	-	-	-	-	r	r	f	r	s	r	f	f	?	?	s	f	f	f	r	-	-	-	S	F	F	F	F
C. beeringianum var. grandiflorum	Cerastium	beeringianum	var.	grandiflorum	420208b	C. beeringianum var. grandiflorum	-	-	-	-	-	-	-	-	-	-	-	-	X	X	f	f	r	-	-	-	-	-	-	-	R	F	F
"C. beeringianum ""Arctic Dwarf"" race"	Cerastium				420208c	"C. beeringianum ""Arctic Dwarf"" race"	-	-	-	-	-	-	s	r	-	r	r	f	-	?	r	s	f	-	f	-	-	F	F	R	-	-	-
C. aleuticum	Cerastium	aleuticum			420209	C. aleuticum	-	-	-	-	-	-	-	-	-	-	-	-	-	-	?	-	-	-	-	-	-	-	-	-	-	?	S
C. fischerianum	Cerastium	fischerianum			420210	C. fischerianum	-	-	-	-	-	-	-	-	-	-	-	-	r	r	r	-	-	-	-	-	-	-	-	-	R	R	F
C. regelii subsp. regelii	Cerastium	regelii	subsp.	regelii	420211a	C. regelii subsp. regelii	-	-	-	-	-	-	-	-	-	s	s	?	s	r	s	s	r	r	-	-	-	-	-	S	F	F	F
C. regelii subsp. caespitosum	Cerastium	regelii	subsp.	caespitosum	420211b	C. regelii subsp. caespitosum	-	-	-	f	f	?	s	-	-	-	-	-	-	-	-	-	f	s	f	-	f	F	F	F	F	S	R
C. regelii taxon jenisejense	Cerastium	regelii	taxon	jenisejense	420211c	C. regelii taxon jenisejense	-	r	f	-	f	f	f	s	f	r	s	-	-	r	-	-	-	-	-	-	-	-	-	S	F	F	F
C. fontanum subsp. fontanum	Cerastium	fontanum	subsp.	fontanum	420212a	C. fontanum subsp. fontanum	f	s	X	-	?	-	-	-	-	-	-	-	-	-	-	-	-	-	-	r	-	-	-	-	-	F	F
C. fontanum subsp. vulgare	Cerastium	fontanum	subsp.	vulgare	420212b	C. fontanum subsp. vulgare	*	*	*	**	*	-	**	-	-	-	-	-	-	-	-	-	-	*	-	*	-	-	-	**	*	*	F
	Sagina				4203	Sagina																											
S. saginoides	Sagina	saginoides			420301	S. saginoides	f	f	f	-	s	-	?	r	r	-	r	-	-	r	r	-	-	r	-	s	s	-	-	?	S	F	F
S. procumbens	Sagina	procumbens			420302	S. procumbens	f	s	*	-	*	-	-	-	-	-	-	-	-	-	-	-	-	*	-	s	r	-	-	R	R	S	F
S. x normaniana	Sagina	x	normaniana		420303	S. x normaniana	-	r	-	-	-	-	-	-	-	-	-	-	-	-	-	-	-	-	-	-	-	-	-	-	-	R	S
S. subulata	Sagina	subulata			420304	S. subulata	r	-	-	-	-	-	-	-	-	-	-	-	-	-	-	-	-	-	-	-	-	-	-	-	-	R	S
S. nodosa subsp. borealis	Sagina	nodosa	subsp.	borealis	420305a	S. nodosa subsp. borealis	f	s	r	-	-	?	r	r	r	-	-	-	-	-	-	-	r	s	-	r	-	-	-	-	S	F	F
S. nivalis	Sagina	nivalis			420306	S. nivalis	f	s	s	f	f	s	s	r	f	-	f	s	-	f	f	f	f	s	s	f	f	R	F	F	F	S	R
S. caespitosa	Sagina	caespitosa			420307	S. caespitosa	s	r	-	r	-	-	-	-	-	-	-	-	-	-	-	-	r	s	r	s	r	-	-	S	F	S	R
	Minuartia				4204	Minuartia																											
M. verna (subsp. verna)	Minuartia	verna	(subsp.	verna)	420401	M. verna (subsp. verna)	-	-	r	-	r	-	r	-	s	r	s	-	-	r	-	-	-	-	-	-	-	-	-	-	?	S	F
M. rubella	Minuartia	rubella			420402	M. rubella	f	r	r	f	f	f	f	f	f	f	f	f	?	f	s	f	f	f	f	f	f	F	F	F	F	F	S
M. stricta	Minuartia	stricta			420403	M. stricta	s	r	r	r	s	r	s	r	s	r	r	-	-	r	r	b	r	s	-	s	s	-	-	R	S	F	F
M. dawsonensis	Minuartia	dawsonensis			420404	M. dawsonensis	-	-	-	-	-	-	-	-	-	-	-	-	-	-	-	r	r	s	-	-	-	-	-	-	-	F	F
M. rossii	Minuartia	rossii			420405	M. rossii	-	-	-	f	-	-	-	-	-	-	-	s	-	-	-	r	f	s	f	r	s	F	F	F	F	R	-
M. elegans	Minuartia	elegans			420406	M. elegans	-	-	-	-	-	-	-	-	-	-	r	-	-	f	s	f	r	-	-	-	-	-	-	R	F	F	S
M. macrocarpa	Minuartia	macrocarpa			420407	M. macrocarpa	-	-	r	-	s	f	f	s	f	r	f	f	r	f	f	f	-	-	-	-	-	?	S	F	F	F	S
M. biflora	Minuartia	biflora			420408	M. biflora	f	s	s	f	f	s	r	s	s	-	f	s	r	s	r	s	s	s	r	f	f	-	R	F	F	F	F
M. arctica	Minuartia	arctica			420409	M. arctica	-	-	-	-	r	f	f	f	f	r	f	-	s	f	r	f	-	-	-	-	-	-	R	F	F	F	S
M. obtusiloba	Minuartia	obtusiloba			420410	M. obtusiloba	-	-	-	-	-	-	-	-	-	-	s	-	s	s	s	f	r	-	-	-	-	-	-	-	R	F	F
M. yukonensis	Minuartia	yukonensis			420411	M. yukonensis	-	-	-	-	-	-	-	-	-	-	-	-	-	-	b	s	-	-	-	-	-	-	-	-	-	S	F
M. groenlandica	Minuartia	groenlandica			420412	M. groenlandica	-	-	-	-	-	-	-	-	-	-	-	-	-	-	-	-	-	r	-	s	r	-	-	?	S	F	F
	Cherleria				4205	Cherleria																											
C. dicranoides	Cherleria	dicranoides			420413	C. dicranoides	-	-	-	-	-	-	-	-	-	-	-	-	-	r	r	r	-	-	-	-	-	-	-	-	R	R	R
	Honckenya				4206	Honckenya																											
H. peploides subsp. diffusa	Honckenya	peploides	subsp.	diffusa	420601a	H. peploides subsp. diffusa	f	f	s	r	s	r	r	-	r	-	s	r	r	f	s	f	f	f	r	f	f	-	-	S	F	F	F
H. peploides subsp. major	Honckenya	peploides	subsp.	major	420601b	H. peploides subsp. major	-	-	-	-	-	-	-	-	-	-	-	-	-	-	s	-	-	-	-	-	-	-	-	-	R	S	F
	Wilhelmsia				4207	Wilhelmsia																											
W. physodes	Wilhelmsia	physodes			420701	W. physodes	-	-	-	-	-	-	-	r	s	r	f	-	r	f	f	f	r	-	-	-	-	-	-	-	F	F	F
	Arenaria				4208	Arenaria																											
A. humifusa	Arenaria	humifusa			420801	A. humifusa	-	r	-	r	-	-	-	-	-	-	-	-	-	-	-	-	s	s	r	s	r	-	R	S	F	F	S
A. longipedunculata	Arenaria	longipedunculata			420802	A. longipedunculata	-	-	-	-	-	-	-	-	-	-	-	-	-	r	r	s	?	-	-	?	-	-	-	-	R	R	R
A. norvegica (subsp. norvegica)	Arenaria	norvegica	(subsp.	norvegica)	420803	A. norvegica (subsp. norvegica)	f	r	-	-	-	-	-	-	-	-	-	-	-	-	-	-	-	-	-	-	-	-	-	-	-	F	F
A. pseudofrigida	Arenaria	pseudofrigida			420804	A. pseudofrigida	-	s	r	f	s	-	-	-	-	-	-	-	-	-	-	-	-	-	r	-	f	?	S	F	F	F	S
	Eremogone				4209	Eremogone																											
E. capillaris	Eremogone	capillaris			420901	E. capillaris	-	-	-	-	-	-	-	-	?	-	f	s	r	s	r	s	r	-	-	-	-	-	-	?	F	F	F
E. formosa	Eremogone	formosa			420902	E. formosa	-	-	-	-	-	-	r	r	f	-	-	-	-	-	-	-	-	-	-	-	-	-	-	-	-	R	F
E. polaris	Eremogone	polaris			420903	E. polaris	-	-	r	-	r	f	r	-	r	-	-	-	-	-	-	-	-	-	-	-	-	-	-	R	F	F	S
E. tschuktschorum	Eremogone	tschuktschorum			420904	E. tschuktschorum	-	-	-	-	-	-	-	-	-	-	f	-	r	-	-	-	-	-	-	-	-	-	-	?	F	F	R
	Moehringia				4210	Moehringia																											
M. lateriflora	Moehringia	lateriflora			421001	M. lateriflora	-	r	s	-	s	s	r	-	-	r	s	-	r	s	f	s	r	r	-	-	-	-	-	-	?	S	F
M. macrophylla	Moehringia	macrophylla			421002	M. macrophylla	-	-	-	-	-	-	-	-	-	-	-	-	-	-	-	-	-	r	-	-	-	-	-	-	-	R	S
	Spergularia				4211	Spergularia																											
S. salina	Spergularia	salina			421101	S. salina	-	r	-	-	-	-	-	-	-	-	-	-	-	-	-	-	-	r	-	-	-	-	-	-	-	R	F
S. canadensis	Spergularia	canadensis			421102	S. canadensis	-	-	-	-	-	-	-	-	-	-	-	-	-	-	-	-	-	r	-	r	-	-	-	-	-	R	S
S. rubra	Spergularia	rubra			421103	S. rubra	-	*	-	-	-	-	-	-	-	-	-	-	-	-	-	-	-	-	-	*	-	-	-	-	-	*	S
	Silene				4212	Silene																											
S. tatarica	Silene	tatarica			421201	S. tatarica	-	r	r	-	r	-	-	-	-	-	-	-	-	-	-	-	-	-	-	-	-	-	-	-	-	R	S
S. paucifolia	Silene	paucifolia			421202	S. paucifolia	-	-	r	-	s	r	s	s	f	-	-	-	-	-	-	-	-	-	-	-	-	-	-	?	S	S	S
S. stenophylla	Silene	stenophylla			421203	S. stenophylla	-	-	-	-	-	-	-	-	s	r	f	-	r	f	-	-	-	-	-	-	-	-	-	?	F	F	F
S. repens	Silene	repens			421204	S. repens	-	-	r	-	r	-	r	-	s	-	f	s	-	-	r	f	r	-	-	-	-	-	-	?	S	F	F
S. polaris	Silene	polaris			421205	S. polaris	-	-	-	-	-	?	b	-	-	-	-	-	-	-	-	-	-	-	-	-	-	-	-	-	-	b	R
S. vulgaris (subsp. vulgaris)	Silene	vulgaris	(subsp.	vulgaris)	421206	S. vulgaris (subsp. vulgaris)	-	*	*	-	*	-	**	-	-	-	-	-	-	-	-	-	-	-	-	**	-	-	-	-	-	*	*
S. uniflora (subsp. uniflora)	Silene	uniflora	(subsp.	uniflora)	421207	S. uniflora (subsp. uniflora)	f	s	-	-	-	-	-	-	-	-	-	-	-	-	-	-	-	-	-	-	-	-	-	-	-	F	F
S. dioica	Silene	dioica			421208	S. dioica	*	s	-	-	-	-	-	-	-	-	-	-	-	-	-	-	-	-	-	-	-	-	-	-	-	S	F
S. linnaeana	Silene	linnaeana			421209	S. linnaeana	-	-	-	-	-	-	-	b	-	-	-	-	-	-	-	-	-	-	-	-	-	-	-	-	-	b	S
S. samojedora	Silene	samojedora			421210	S. samojedora	-	-	r	-	r	r	r	r	s	-	r	-	-	-	-	-	-	-	-	-	-	-	-	-	-	R	S
S. villosula	Silene	villosula			421211	S. villosula	-	-	-	-	-	-	r	r	r	r	r	r	-	-	-	-	-	-	-	-	-	-	-	?	R	R	R
S. wahlbergella	Silene	wahlbergella			421212	S. wahlbergella	-	r	-	-	-	-	-	-	-	-	-	-	-	-	-	-	-	-	-	-	-	-	-	-	-	R	F
S. uralensis	Silene	uralensis			421213	S. uralensis	-	-	r	f	f	s	f	s	f	s	f	f	?	f	s	f	f	f	f	s	s	S	F	F	F	F	S
S. uralensis subsp. uralensis	Silene	uralensis	subsp.	uralensis	421213a	S. uralensis subsp. uralensis	-	-	r	-	s	s	?	s	f	?	?	-	?	f	f	f	s	s	-	s	r	-	-	-	R	F	F
S. uralensis subsp. ogilviensis	Silene	uralensis	subsp.	ogilviensis	421213b	S. uralensis subsp. ogilviensis	-	-	-	-	-	-	-	-	-	-	-	-	-	-	-	?	X	?	-	-	-	-	-	-	-	R	S
S. uralensis subsp. arctica	Silene	uralensis	subsp.	arctica	421213c	S. uralensis subsp. arctica	-	-	-	f	s	?	?	?	?	?	f	f	?	?	-	r	f	f	f	s	s	S	F	F	S	R	-
S. violascens	Silene	violascens			421214	S. violascens	-	-	-	-	-	-	r	-	r	-	?	-	-	-	-	-	-	-	-	-	-	-	-	-	-	R	S
S. soczavana	Silene	soczavana			421215	S. soczavana	-	-	-	-	-	-	-	-	-	-	r	-	r	s	s	s	-	-	-	-	-	-	-	?	R	S	F
S. involucrata	Silene	involucrata			421216	S. involucrata	-	r	f	s	f	s	f	s	f	r	f	r	?	s	s	f	f	f	s	f	f	R	F	F	F	F	F
S. involucrata subsp. involucrata	Silene	involucrata	subsp.	involucrata	421216a	S. involucrata subsp. involucrata	-	-	r	-	r	?	r	r	r	?	?	?	?	?	s	s	r	r	-	-	-	-	-	?	S	S	S
S. involucrata subsp. tenella	Silene	involucrata	subsp.	tenella	421216b	S. involucrata subsp. tenella	-	r	f	-	s	r	r	-	-	-	-	-	-	-	-	-	-	-	-	-	-	-	-	?	S	F	F
S. involucrata subsp. furcata	Silene	involucrata	subsp.	furcata	421216c	S. involucrata subsp. furcata	-	-	-	s	s	s	f	s	f	r	f	r	?	s	s	f	f	f	s	f	f	R	F	F	F	F	R
S. sorensenis	Silene	sorensenis			421217	S. sorensenis	-	-	-	-	-	-	-	-	-	-	-	r	-	-	-	-	r	r	f	f	f	R	F	F	F	S	-
S. ostenfeldii	Silene	ostenfeldii			421218	S. ostenfeldii	-	-	-	-	-	-	-	-	-	X	X	?	-	-	r	r	s	-	-	-	-	-	-	-	R	S	S
S. acaulis subsp. acaulis	Silene	acaulis	subsp.	acaulis	421219a	S. acaulis subsp. acaulis	f	f	s	f	f	r	-	-	-	-	-	-	-	-	-	?	f	f	f	f	f	S	F	F	F	F	F
S. acaulis subsp. subacaulescens	Silene	acaulis	subsp.	subacaulescens	421219b	S. acaulis subsp. subacaulescens	-	-	-	-	-	-	-	-	-	-	s	-	r	f	s	f	r	-	-	-	-	-	-	?	S	F	F
	Viscaria				4213	Viscaria																											
V. alpina	Viscaria	alpina			421301	V. alpina	f	s	r	-	r	-	-	-	-	-	-	-	-	-	-	-	-	r	-	f	f	-	-	S	F	F	F
	Gypsophila				4214	Gypsophila																											
G. uralensis	Gypsophila	uralensis			421401	G. uralensis	-	-	-	-	r	-	-	-	-	-	-	-	-	-	-	-	-	-	-	-	-	-	-	-	-	R	F
G. sambukii	Gypsophila	sambukii			421402	G. sambukii	-	-	-	-	-	-	?	r	s	r	-	-	-	-	-	-	-	-	-	-	-	-	-	-	-	R	F
	Dianthus				4215	Dianthus																											
D. repens	Dianthus	repens			421501	D. repens	-	-	s	-	s	s	s	r	f	r	f	-	r	-	r	s	-	-	-	-	-	-	-	-	R	F	F
D. superbus	Dianthus	superbus			421502	D. superbus	-	f	f	-	s	r	-	-	*	-	-	-	-	-	-	-	-	-	-	-	-	-	-	-	R	F	F
	AMARANTHACEAE				43	AMARANTHACEAE																											
	Chenopodium				4301	Chenopodium																											
C. album	Chenopodium	album			430101	C. album	*	**	**	**	**	-	-	-	**	-	-	-	-	**	-	**	-	**	-	*	-	-	-	**	**	*	S
C. suecicum	Chenopodium	suecicum			430102	C. suecicum	**	*	?	?	-	**	**	-	-	-	-	-	-	-	-	-	-	-	-	**	-	-	-	**	**	*	S
C. karoi	Chenopodium	karoi			430103	C. karoi	-	-	-	-	-	-	-	r	r	r	r	-	r	r	-	-	-	-	-	-	-	-	-	-	-	R	F
C. jenissejense	Chenopodium	jenissejense			430104	C. jenissejense	-	-	r	-	-	r	r	-	-	-	-	-	-	-	-	-	-	-	-	-	-	-	-	-	-	R	R
C. capitatum	Chenopodium	capitatum			430105	C. capitatum	-	-	-	-	-	-	-	-	-	-	-	-	-	-	-	-	r	?	-	-	-	-	-	-	-	R	S
C. salinum	Chenopodium	salinum			430106	C. salinum	-	-	-	-	-	-	-	-	-	-	-	-	-	-	-	-	r	r	-	-	-	-	-	-	-	R	S
"C. ""glaucum"" var. pulchrum"	Chenopodium	"""glaucum"""	var.	pulchrum	430106a	"C. ""glaucum"" var. pulchrum"	-	-	-	-	-	-	-	-	-	-	-	-	-	r	r	-	-	-	-	-	-	-	-	-	-	R	R
C. rubrum (var. rubrum)	Chenopodium	rubrum	(var.	rubrum)	430107	C. rubrum (var. rubrum)	-	-	**	-	**	-	-	-	-	-	-	-	-	-	*	*	-	*	-	-	-	-	-	-	-	*	S
	Atriplex				4302	Atriplex																											
A. prostrata (subsp. prostrata)	Atriplex	prostrata	(subsp.	prostrata)	430201	A. prostrata (subsp. prostrata)	-	r	-	-	-	-	-	-	-	-	-	-	-	-	-	-	-	-	-	**	-	-	-	-	-	R	F
A. glabriuscula (var. glabriuscula)	Atriplex	glabriuscula	(var.	glabriuscula)	430202	A. glabriuscula (var. glabriuscula)	f	s	-	?	-	-	-	-	-	-	-	-	-	-	-	-	-	-	-	-	-	-	-	-	-	S	F
"A. sp. ""Hudson Bay"""	Atriplex	sp.	"""Hudson"	"Bay"""	430203	"A. sp. ""Hudson Bay"""	-	-	-	-	-	-	-	-	-	-	-	-	-	-	-	-	-	r	-	-	-	-	-	-	-	R	R
A. longipes subsp. praecox	Atriplex	longipes	subsp.	praecox	430204a	A. longipes subsp. praecox	-	s	-	?	-	-	-	-	-	-	-	-	-	-	-	-	-	-	-	r	-	-	-	-	-	S	F
A. lapponica	Atriplex	lapponica			430205	A. lapponica	-	r	-	-	-	-	-	-	-	-	-	-	-	-	-	-	-	-	-	-	-	-	-	-	-	R	R
A. gmelinii (var. gmelinii)	Atriplex	gmelinii	(var.	gmelinii)	430206	A. gmelinii (var. gmelinii)	-	-	-	-	-	-	-	-	-	-	r	-	-	r	r	-	r	-	-	-	-	-	-	-	-	R	S
	Corispermum				4303	Corispermum																											
C. crassifolium	Corispermum	crassifolium			430301	C. crassifolium	-	-	-	-	-	-	b	r	-	-	-	-	-	-	-	-	-	-	-	-	-	-	-	-	-	R	R
C. ochotense	Corispermum	ochotense			430302	C. ochotense	-	-	-	-	-	-	-	-	-	-	-	-	-	-	r	-	b	-	-	-	-	-	-	-	-	R	S
	Monolepis				4304	Monolepis																											
M. nuttalliana	Monolepis	nuttalliana			430401	M. nuttalliana	-	-	-	-	-	-	-	-	-	-	-	-	-	-	-	r	?	r	-	-	-	-	-	-	-	R	S
M. asiatica	Monolepis	asiatica			430402	M. asiatica	-	-	-	-	-	-	r	?	r	r	r	-	-	-	-	-	-	-	-	-	-	-	-	-	-	R	S
	Salicornia				4305	Salicornia																											
S. rubra	Salicornia	rubra			430501	S. rubra	-	-	-	-	-	-	-	-	-	-	-	-	-	-	-	-	-	r	-	-	-	-	-	-	-	R	S
S. dolichostachya subsp. pojarkovae	Salicornia	dolichostachya	subsp.	pojarkovae	430502a	S. dolichostachya subsp. pojarkovae	-	-	b	-	-	-	-	-	-	-	-	-	-	-	-	-	-	-	-	-	-	-	-	-	-	b	S
	Suaeda				4306	Suaeda																											
S. maritima	Suaeda	maritima			430601	S. maritima	-	-	-	-	-	-	-	-	-	-	r	-	-	-	-	-	-	r	-	-	-	-	-	-	-	R	F
S. calceoliformis	Suaeda	calceoliformis			430602	S. calceoliformis	-	-	-	-	-	-	-	-	-	-	-	-	-	-	-	-	r	-	-	-	-	-	-	-	-	R	S
	MONTIACEAE				44	MONTIACEAE																											
	Claytonia				4401	Claytonia																											
C. tuberosa	Claytonia	tuberosa			440101	C. tuberosa	-	-	-	-	-	-	r	r	r	-	s	-	s	f	f	r	-	-	-	-	-	-	-	-	R	S	S
C. multiscapa subsp. czukczorum	Claytonia	multiscapa	subsp.	czukczorum	440102a	C. multiscapa subsp. czukczorum	-	-	-	-	-	-	-	-	-	-	r	-	-	r	r	-	-	-	-	-	-	-	-	-	-	R	R
C. acutifolia	Claytonia	acutifolia			440103	C. acutifolia	-	-	-	-	-	-	-	-	r	r	s	r	f	f	-	-	-	-	-	-	-	-	-	?	F	F	F
C. eschscholtzii	Claytonia	eschscholtzii			440104	C. eschscholtzii	-	-	-	-	-	-	-	-	-	-	-	-	-	f	s	r	-	-	-	-	-	-	-	-	S	F	F
C. joanneana	Claytonia	joanneana			440105	C. joanneana	-	-	-	-	-	-	s	-	-	-	-	-	-	-	-	-	-	-	-	-	-	-	-	-	-	R	S
C. arctica	Claytonia	arctica			440106	C. arctica	-	-	-	-	-	-	?	r	f	r	s	f	r	s	r	-	-	-	-	-	-	-	-	R	S	S	R
C. scammaniana	Claytonia	scammaniana			440107	C. scammaniana	-	-	-	-	-	-	-	-	-	-	-	-	-	-	r	s	-	-	-	-	-	-	-	-	-	S	S
C. sarmentosa	Claytonia	sarmentosa			440108	C. sarmentosa	-	-	-	-	-	-	-	-	-	-	-	-	-	f	f	s	-	-	-	-	-	-	-	?	F	F	F
	Montia				4402	Montia																											
M. fontana (subsp. fontana)	Montia	fontana	(subsp.	fontana)	440201	M. fontana (subsp. fontana)	f	f	r	-	r	-	-	-	r	-	r	-	?	s	s	r	r	s	-	f	r	-	-	?	S	F	F
M. vassilievii	Montia	vassilievii			440202	M. vassilievii	-	-	-	-	-	-	-	-	-	-	-	r	r	r	-	r	-	-	-	-	-	-	-	-	R	R	R
M. vassilievii subsp. vassilievii	Montia	vassilievii	subsp.	vassilievii	440202a	M. vassilievii subsp. vassilievii	-	-	-	-	-	-	-	-	-	-	-	-	r	r	-	r	-	-	-	-	-	-	-	-	R	R	R
M. vassilievii subsp. petrovskyi	Montia	vassilievii	subsp.	petrovskyi	440202b	M. vassilievii subsp. petrovskyi	-	-	-	-	-	-	-	-	-	-	-	r	-	-	-	-	-	-	-	-	-	-	-	-	R	-	-
	SANTALACEAE				45	SANTALACEAE																											
	Geocaulon				4501	Geocaulon																											
G. lividum	Geocaulon	lividum			450101	G. lividum	-	-	-	-	-	-	-	-	-	-	-	-	-	-	b	r	r	r	-	-	-	-	-	-	-	R	F
	PAEONIACEAE				46	PAEONIACEAE																											
	Paeonia				4601	Paeonia																											
P. anomala	Paeonia	anomala			460101	P. anomala	-	r	r	-	r	-	-	-	-	-	-	-	-	-	-	-	-	-	-	-	-	-	-	-	-	R	F
	CRASSULACEAE				47	CRASSULACEAE																											
	Crassula				4701	Crassula																											
C. aquatica	Crassula	aquatica			470101	C. aquatica	-	-	-	-	-	-	-	-	-	-	-	-	-	?	-	-	-	-	-	-	-	-	-	-	-	?	S
	Rhodiola				4702	Rhodiola																											
R. rosea subsp. rosea	Rhodiola	rosea	subsp.	rosea	470201a	R. rosea subsp. rosea	f	f	f	r	f	?	-	-	-	-	-	-	-	-	-	-	r	r	-	f	f	-	-	S	F	F	F
R. rosea subsp. borealis	Rhodiola	rosea	subsp.	borealis	470201b	R. rosea subsp. borealis	-	-	-	-	-	r	s	-	f	s	f	f	f	f	-	-	-	-	-	-	-	-	-	-	S	F	F
R. integrifolia (subsp. integrifolia)	Rhodiola	integrifolia	(subsp.	integrifolia)	470202	R. integrifolia (subsp. integrifolia)	-	-	-	-	-	-	-	-	-	s	f	-	s	f	f	s	-	-	-	-	-	-	-	-	R	F	F
R. quadrifida	Rhodiola	quadrifida			470203	R. quadrifida	-	-	-	-	s	-	-	-	-	-	-	-	-	-	-	-	-	-	-	-	-	-	-	-	-	S	S
	Hylotelephium				4703	Hylotelephium																											
H. telephium	Hylotelephium	telephium			470301	H. telephium	-	-	*	-	-	-	-	-	-	-	r	-	b	-	-	-	-	-	-	-	-	-	-	-	-	R	S
	Phedimus				4704	Phedimus																											
P. kamtschaticus	Phedimus	kamtschaticus			470401	P. kamtschaticus	-	-	-	-	-	-	-	-	-	-	r	-	-	-	-	-	-	-	-	-	-	-	-	-	-	R	S
P. middendorffianus	Phedimus	middendorffianus			470402	P. middendorffianus	-	-	-	-	-	-	-	-	-	b	-	-	-	-	-	-	-	-	-	-	-	-	-	-	-	b	S
	Sedum				4705	Sedum																											
S. acre	Sedum	acre			470501	S. acre	f	s	-	-	-	-	-	-	-	-	-	-	-	-	-	-	-	-	-	-	r	-	-	-	R	F	F
S. annuum	Sedum	annuum			470502	S. annuum	s	r	-	-	-	-	-	-	-	-	-	-	-	-	-	-	-	-	-	s	s	-	-	-	S	S	F
S. villosum (subsp. villosum)	Sedum	villosum	(subsp.	villosum)	470503	S. villosum (subsp. villosum)	f	r	-	-	-	-	-	-	-	-	-	-	-	-	-	-	-	-	-	f	s	-	-	R	F	F	F
	HALORAGACEAE				48	HALORAGACEAE																											
	Myriophyllum				4801	Myriophyllum																											
M. alterniflorum	Myriophyllum	alterniflorum			480101	M. alterniflorum	f	s	-	-	-	-	-	-	-	-	-	-	-	-	-	-	r	-	-	s	r	-	-	-	-	R	F
M. verticillatum	Myriophyllum	verticillatum			480102	M. verticillatum	-	?	?	-	r	r	r	-	-	-	r	-	X	-	r	r	r	?	-	-	-	-	-	-	-	R	S
M. sibiricum	Myriophyllum	sibiricum			480103	M. sibiricum	r	r	s	-	X	r	r	-	-	r	X	-	-	X	r	r	r	s	-	r	-	-	-	-	R	F	F
	GROSSULARIACEAE				49	GROSSULARIACEAE																											
	Ribes				4901	Ribes																											
R. spicatum subsp. lapponicum	Ribes	spicatum	subsp.	lapponicum	490101a	R. spicatum subsp. lapponicum	-	r	s	-	s	r	r	-	-	-	-	-	-	-	-	-	-	-	-	-	-	-	-	-	-	S	F
R. spicatum subsp. hispidulum	Ribes	spicatum	subsp.	hispidulum	490101b	R. spicatum subsp. hispidulum	-	-	s	-	r	-	-	-	-	-	-	-	-	-	-	-	-	-	-	-	-	-	-	-	-	R	F
R. triste	Ribes	triste			490102	R. triste	-	-	-	-	-	-	r	r	s	r	f	-	s	s	s	r	s	r	-	-	-	-	-	-	R	S	F
R. nigrum	Ribes	nigrum			490103	R. nigrum	-	-	r	-	r	-	-	-	-	-	-	-	-	-	-	-	-	-	-	-	-	-	-	-	-	R	F
R. glandulosum	Ribes	glandulosum			490104	R. glandulosum	-	-	-	-	-	-	-	-	-	-	-	-	-	-	-	-	-	r	-	-	-	-	-	-	-	R	F
R. hudsonianum	Ribes	hudsonianum			490105	R. hudsonianum	-	-	-	-	-	-	-	-	-	-	-	-	-	-	b	r	r	r	-	-	-	-	-	-	-	R	F
R. oxyacanthoides	Ribes	oxyacanthoides			490106	R. oxyacanthoides	-	-	-	-	-	-	-	-	-	-	-	-	-	-	-	-	-	r	-	-	-	-	-	-	-	R	S
R. hirtellum	Ribes	hirtellum			490107	R. hirtellum	-	-	-	-	-	-	-	-	-	-	-	-	-	-	-	-	-	b	-	-	-	-	-	-	-	b	S
R. lacustre	Ribes	lacustre			490108	R. lacustre	-	-	-	-	-	-	-	-	-	-	-	-	-	-	-	-	-	r	-	-	-	-	-	-	-	R	S
	SAXIFRAGACEAE				50	SAXIFRAGACEAE																											
	Micranthes				5001	Micranthes																											
M. merkii	Micranthes	merkii			500101	M. merkii	-	-	-	-	-	-	-	-	-	-	-	-	r	-	-	-	-	-	-	-	-	-	-	-	-	R	F
M. stellaris (subsp. stellaris)	Micranthes	stellaris	(subsp.	stellaris)	500102	M. stellaris (subsp. stellaris)	f	f	s	-	-	-	-	-	-	-	-	-	-	-	-	-	r	r	-	s	s	-	-	-	S	F	F
M. ferruginea	Micranthes	ferruginea			500103	M. ferruginea	-	-	-	-	-	-	-	-	-	-	-	-	-	-	-	b	-	-	-	-	-	-	-	-	-	b	S
M. redofskyi	Micranthes	redofskyi			500104	M. redofskyi	-	-	-	-	-	-	-	s	f	-	-	-	r	r	-	-	-	-	-	-	-	-	-	-	-	S	F
M. foliolosa	Micranthes	foliolosa			500105	M. foliolosa	-	s	s	f	f	f	f	f	f	f	f	s	f	f	f	f	f	f	f	f	f	S	F	F	F	F	S
M. nudicaulis (subsp. nudicaulis)	Micranthes	nudicaulis	(subsp.	nudicaulis)	500106	M. nudicaulis (subsp. nudicaulis)	-	-	-	-	-	-	-	-	-	-	-	-	-	s	s	-	-	-	-	-	-	-	-	-	-	S	S
M. punctata	Micranthes	punctata			500107	M. punctata	-	-	-	-	-	-	-	-	-	-	f	s	f	-	-	-	-	-	-	-	-	-	-	-	R	F	F
M. davurica	Micranthes	davurica			500108	M. davurica	-	-	-	-	-	-	-	-	-	-	s	-	s	s	-	-	-	-	-	-	-	-	-	-	R	F	F
M. reflexa	Micranthes	reflexa			500109	M. reflexa	-	-	-	-	-	-	-	-	-	-	-	-	-	-	s	f	r	-	-	-	-	-	-	-	R	F	F
M. spicata	Micranthes	spicata			500110	M. spicata	-	-	-	-	-	-	-	-	-	-	-	-	-	-	s	r	-	-	-	-	-	-	-	-	-	S	S
M. nelsoniana subsp. nelsoniana	Micranthes	nelsoniana	subsp.	nelsoniana	500111a	M. nelsoniana subsp. nelsoniana	-	-	-	-	r	s	f	s	f	f	f	f	f	f	f	f	-	-	-	-	-	-	R	F	F	F	F
M. nelsoniana subsp. aestivalis	Micranthes	nelsoniana	subsp.	aestivalis	500111b	M. nelsoniana subsp. aestivalis	-	-	-	-	r	r	r	b	b	b	r	-	r	-	-	-	-	-	-	-	-	-	-	-	?	R	F
M. nelsoniana subsp. insularis	Micranthes	nelsoniana	subsp.	insularis	500111c	M. nelsoniana subsp. insularis	-	-	-	-	-	-	-	-	-	-	-	-	-	-	r	-	-	-	-	-	-	-	-	-	-	R	F
M. porsildiana	Micranthes	porsildiana			500112	M. porsildiana	-	-	-	-	-	-	-	-	-	r	s	-	f	s	-	-	r	-	-	-	-	-	-	-	-	S	F
M. lyallii subsp. hultenii	Micranthes	lyallii	subsp.	hultenii	500113a	M. lyallii subsp. hultenii	-	-	-	-	-	-	-	-	-	-	-	-	-	-	b	r	-	-	-	-	-	-	-	-	-	R	S
M. razshivinii	Micranthes	razshivinii			500114	M. razshivinii	-	-	-	-	-	-	-	-	-	-	-	-	-	-	-	f	-	-	-	-	-	-	-	-	-	S	F
M. calycina	Micranthes	calycina			500115	M. calycina	-	-	-	-	-	-	-	-	-	-	r	-	s	r	f	s	-	-	-	-	-	-	-	-	R	S	F
M. unalaschensis	Micranthes	unalaschensis			500116	M. unalaschensis	-	-	-	-	-	-	-	-	-	-	-	-	-	?	r	-	-	-	-	-	-	-	-	-	-	R	F
M. tenuis	Micranthes	tenuis			500117	M. tenuis	f	f	r	f	f	r	s	r	s	r	s	s	s	s	s	s	s	s	f	f	f	S	F	F	F	F	S
M. rufopilosa	Micranthes	rufopilosa			500118	M. rufopilosa	-	-	-	-	-	-	-	-	-	-	-	-	-	-	r	r	-	-	-	-	-	-	-	-	R	S	F
M. nivalis	Micranthes	nivalis			500119	M. nivalis	f	f	s	f	f	s	f	s	f	f	f	f	f	f	s	s	f	f	f	f	f	S	F	F	F	F	F
M. hieraciifolia subsp. hieraciifolia	Micranthes	hieraciifolia	subsp.	hieraciifolia	500120a	M. hieraciifolia subsp. hieraciifolia	-	-	s	s	f	f	f	s	f	f	f	f	?	f	f	f	s	s	r	-	s	-	R	F	F	F	S
M. hieraciifolia subsp. longifolia	Micranthes	hieraciifolia	subsp.	longifolia	500120b	M. hieraciifolia subsp. longifolia	-	-	-	-	-	-	-	-	-	r	f	-	s	f	f	r	-	-	-	-	-	-	-	R	F	F	F
	Chrysosplenium				5002	Chrysosplenium																											
C. rimosum	Chrysosplenium	rimosum			500201	C. rimosum	-	-	-	-	-	-	-	-	-	-	-	-	-	r	-	-	-	-	-	-	-	-	-	-	-	R	S
C. wrightii	Chrysosplenium	wrightii			500202	C. wrightii	-	-	-	-	-	-	-	-	-	-	r	f	r	r	s	s	-	-	-	-	-	-	-	-	R	F	F
C. alternifolium subsp. alternifolium	Chrysosplenium	alternifolium	subsp.	alternifolium	500203a	C. alternifolium subsp. alternifolium	-	b	-	-	-	-	-	-	-	-	-	-	-	-	-	-	-	-	-	-	-	-	-	-	-	b	S
C. alternifolium subsp. sibiricum	Chrysosplenium	alternifolium	subsp.	sibiricum	500203b	C. alternifolium subsp. sibiricum	-	-	s	-	s	s	f	f	f	f	f	r	r	-	-	-	-	-	-	-	-	-	-	R	S	F	F
C. alternifolium subsp. arctomontanum	Chrysosplenium	alternifolium	subsp.	arctomontanum	500203c	C. alternifolium subsp. arctomontanum	-	-	-	-	-	-	-	-	?	-	s	-	-	-	-	-	-	-	-	-	-	-	-	-	-	S	R
C. tetrandrum	Chrysosplenium	tetrandrum			500204	C. tetrandrum	-	s	s	f	s	r	r	-	-	r	f	r	s	f	f	f	f	f	r	-	r	-	S	F	F	F	S
C. rosendahlii	Chrysosplenium	rosendahlii			500205	C. rosendahlii	-	-	-	-	-	-	-	-	-	-	-	r	-	-	-	r	s	r	-	-	-	-	-	R	S	R	-
	Heuchera				5003	Heuchera																											
H. glabra	Heuchera	glabra			500301	H. glabra	-	-	-	-	-	-	-	-	-	-	-	-	-	-	b	-	-	r	-	-	-	-	-	-	-	R	F
	Mitella				5004	Mitella																											
M. nuda	Mitella	nuda			500401	M. nuda	-	-	-	-	-	-	-	-	-	-	-	-	-	-	-	-	-	r	-	-	-	-	-	-	-	R	F
	Boykinia				5005	Boykinia																											
B. richardsonii	Boykinia	richardsonii			500501	B. richardsonii	-	-	-	-	-	-	-	-	-	-	-	-	-	-	s	f	r	-	-	-	-	-	-	-	R	F	F
	Leptarrhena				5006	Leptarrhena																											
L. pyrolifolia	Leptarrhena	pyrolifolia			500601	L. pyrolifolia	-	-	-	-	-	-	-	-	-	-	-	-	-	-	b	-	-	-	-	-	-	-	-	-	-	b	F
	Saxifraga				5007	Saxifraga																											
S. eschscholtzii	Saxifraga	eschscholtzii			500701	S. eschscholtzii	-	-	-	-	-	-	-	-	-	-	s	-	s	s	s	s	-	-	-	-	-	-	-	-	R	S	S
S. serpyllifolia subsp. serpyllifolia	Saxifraga	serpyllifolia	subsp.	serpyllifolia	500702a	S. serpyllifolia subsp. serpyllifolia	-	-	-	-	-	-	-	-	r	s	s	f	r	f	s	s	r	-	-	-	-	-	R	S	F	F	S
S. serpyllifolia subsp. glutinosa	Saxifraga	serpyllifolia	subsp.	glutinosa	500702b	S. serpyllifolia subsp. glutinosa	-	-	-	-	-	-	s	-	r	-	-	-	-	-	-	-	-	-	-	-	-	R	S	S	S	R	R
S. hirculus	Saxifraga	hirculus			500703	S. hirculus	s	r	s	f	f	s	f	s	f	f	f	f	f	f	f	f	f	f	f	r	s	S	F	F	F	F	F
S. hirculus subsp. hirculus	Saxifraga	hirculus	subsp.	hirculus	500703a	S. hirculus subsp. hirculus	-	r	r	-	r	-	-	r	-	-	-	-	-	-	s	s	r	s	-	-	-	-	-	-	R	S	F
S. hirculus subsp. propinqua	Saxifraga	hirculus	subsp.	propinqua	500703b	S. hirculus subsp. propinqua	-	-	-	-	-	-	-	-	-	-	-	-	-	r	s	f	f	f	f	-	-	S	F	F	F	F	R
S. hirculus subsp. compacta	Saxifraga	hirculus	subsp.	compacta	500703c	S. hirculus subsp. compacta	s	-	r	f	f	s	-	r	-	-	r	r	?	-	s	r	-	-	-	-	s	S	S	S	S	S	S
S. setigera	Saxifraga	setigera			500704	S. setigera	-	-	-	-	-	-	s	r	s	r	s	s	s	f	s	s	-	-	-	-	-	-	-	S	F	F	F
S. platysepala	Saxifraga	platysepala			500705	S. platysepala	-	-	-	f	s	-	s	-	-	s	-	f	-	-	r	r	f	s	f	r	s	S	F	F	S	R	R
S. oppositifolia subsp. oppositifolia	Saxifraga	oppositifolia	subsp.	oppositifolia	500706a	S. oppositifolia subsp. oppositifolia	f	f	r	f	f	r	s	r	s	r	-	-	-	-	-	-	f	f	f	f	f	F	F	F	F	F	F
S. oppositifolia subsp. smalliana	Saxifraga	oppositifolia	subsp.	smalliana	500706b	S. oppositifolia subsp. smalliana	-	-	-	?	-	-	-	-	-	-	s	f	r	s	f	f	s	-	r	-	-	F	F	F	F	F	F
S. nathorstii	Saxifraga	nathorstii			500707	S. nathorstii	-	-	-	-	-	-	-	-	-	-	-	-	-	-	-	-	-	-	-	-	r	-	-	R	-	-	-
S. aizoides	Saxifraga	aizoides			500708	S. aizoides	b	s	-	s	s	r	-	-	-	-	-	-	-	-	-	r	f	f	r	f	f	-	S	F	F	F	F
S. paniculata subsp. laestadii	Saxifraga	paniculata	subsp.	laestadii	500709a	S. paniculata subsp. laestadii	r	-	-	-	-	-	-	-	-	-	-	-	-	-	-	-	r	s	-	f	f	-	-	R	F	F	F
S. tricuspidata	Saxifraga	tricuspidata			500710	S. tricuspidata	-	-	-	-	-	-	-	-	-	-	-	-	-	-	r	f	f	f	s	f	r	R	F	F	F	F	F
S. bronchialis	Saxifraga	bronchialis			500711	S. bronchialis	-	-	-	-	-	s	r	r	r	r	-	-	-	-	-	-	-	-	-	-	-	-	-	R	R	R	F
S. stellerana	Saxifraga	stellerana			500712	S. stellerana	-	-	-	-	-	-	-	-	-	r	r	-	s	s	-	-	-	-	-	-	-	-	-	R	S	S	S
S. balandinii	Saxifraga	balandinii			500713	S. balandinii	-	-	-	-	-	-	-	-	-	-	r	-	-	-	-	-	-	-	-	-	-	-	-	-	R	R	S
S. caulescens	Saxifraga	caulescens			500714	S. caulescens	-	-	-	-	?	-	r	-	?	-	-	-	-	-	-	-	-	-	-	-	-	-	-	-	-	R	F
S. omolojensis	Saxifraga	omolojensis			500715	S. omolojensis	-	-	-	-	-	-	-	-	?	-	?	-	r	-	-	-	-	-	-	-	-	-	-	-	-	R	F
S. anadyrensis	Saxifraga	anadyrensis			500716	S. anadyrensis	-	-	-	-	-	-	-	-	?	-	-	-	r	-	-	-	-	-	-	-	-	-	-	-	-	R	S
S. spinulosa	Saxifraga	spinulosa			500717	S. spinulosa	-	-	?	-	s	-	f	s	f	r	r	?	r	r	-	-	-	-	-	-	-	-	-	S	F	F	F
S. funstonii	Saxifraga	funstonii			500718	S. funstonii	-	-	-	-	-	-	r	r	r	s	f	f	f	f	f	f	-	-	-	-	-	-	-	R	F	F	F
S. codyana	Saxifraga	codyana			500719	S. codyana	-	-	-	-	-	-	-	-	-	-	-	-	-	-	-	s	-	-	-	-	-	-	-	-	-	S	R
S. cherlerioides	Saxifraga	cherlerioides			500720	S. cherlerioides	-	-	-	-	-	-	-	-	-	-	-	-	r	?	-	-	-	-	-	-	-	-	-	-	-	R	S
S. cespitosa subsp. cespitosa	Saxifraga	cespitosa	subsp.	cespitosa	500721a	S. cespitosa subsp. cespitosa	f	f	s	f	f	r	f	s	s	s	s	f	r	s	s	f	f	f	f	f	f	F	F	F	F	F	F
S. cespitosa subsp. monticola	Saxifraga	cespitosa	subsp.	monticola	500721b	S. cespitosa subsp. monticola	-	-	-	-	-	-	-	-	-	-	-	r	r	s	f	s	-	-	-	-	-	-	-	-	R	S	S
S. rosacea	Saxifraga	rosacea			500722	S. rosacea	s	-	-	-	-	-	-	-	-	-	-	-	-	-	-	-	-	-	-	?	-	-	-	-	-	R	R
S. hypnoides	Saxifraga	hypnoides			500723	S. hypnoides	f	**	-	-	-	-	-	-	-	-	-	-	-	-	-	-	-	-	-	-	-	-	-	-	-	F	F
S. lactea	Saxifraga	lactea			500724	S. lactea	-	-	-	-	-	-	-	-	b	-	-	-	-	-	-	-	-	-	-	-	-	-	-	-	-	b	S
S. bracteata	Saxifraga	bracteata			500725	S. bracteata	-	-	-	-	-	-	-	-	-	-	-	-	-	s	s	-	-	-	-	-	-	-	-	-	R	S	S
S. hyperborea	Saxifraga	hyperborea			500726	S. hyperborea	-	-	r	f	s	s	f	s	s	s	f	f	s	f	r	f	f	f	f	f	f	F	F	F	F	S	R
S. rivularis subsp. rivularis	Saxifraga	rivularis	subsp.	rivularis	500727a	S. rivularis subsp. rivularis	f	f	s	f	s	r	-	-	-	-	-	-	-	-	-	-	-	r	r	f	f	R	F	F	F	F	F
S. rivularis subsp. arctolitoralis	Saxifraga	rivularis	subsp.	arctolitoralis	500727b	S. rivularis subsp. arctolitoralis	-	-	-	-	-	-	-	-	-	-	s	r	-	s	r	s	r	s	r	s	r	-	-	R	S	S	-
S. radiata	Saxifraga	radiata			500728	S. radiata	-	-	-	-	-	-	r	r	s	s	s	-	r	s	s	s	-	-	-	-	-	-	-	-	F	F	F
S. cernua	Saxifraga	cernua			500729	S. cernua	f	s	f	f	f	s	f	s	f	s	f	f	f	f	f	f	f	f	f	f	f	F	F	F	F	F	F
S. svalbardensis	Saxifraga	svalbardensis			500730	S. svalbardensis	-	-	-	s	r	-	-	-	-	-	-	-	-	-	-	-	-	-	-	-	-	R	S	S	-	-	-
S. adscendens subsp. oregonensis	Saxifraga	adscendens	subsp.	oregonensis	500731a	S. adscendens subsp. oregonensis	-	-	-	-	-	-	-	-	-	-	-	-	-	-	?	-	-	-	-	-	-	-	-	-	-	?	R
	GERANIACEAE				51	GERANIACEAE																											
	Geranium				5101	Geranium																											
G. sylvaticum (subsp. sylvaticum)	Geranium	sylvaticum	(subsp.	sylvaticum)	510101	G. sylvaticum (subsp. sylvaticum)	f	f	f	-	-	-	-	-	-	-	-	-	-	-	-	-	-	-	-	r	-	-	-	-	R	F	F
G. krylovii	Geranium	krylovii			510102	G. krylovii	-	-	s	-	s	s	r	-	-	-	-	-	-	-	-	-	-	-	-	-	-	-	-	-	-	S	F
G. pratense	Geranium	pratense			510103	G. pratense	-	r	r	-	r	?	?	-	-	-	-	-	-	-	-	-	-	-	-	-	-	-	-	-	-	R	S
G. erianthum	Geranium	erianthum			510104	G. erianthum	-	-	-	-	-	-	-	-	-	-	-	-	r	r	s	-	-	-	-	-	-	-	-	-	-	R	F
	ONAGRACEAE				52	ONAGRACEAE																											
	Epilobium				5201	Epilobium																											
E. palustre	Epilobium	palustre			520101	E. palustre	f	f	f	-	s	r	r	-	r	-	r	-	r	r	f	f	s	s	-	s	r	-	-	-	S	F	F
E. davuricum	Epilobium	davuricum			520102	E. davuricum	-	r	r	-	r	r	?	-	-	-	-	-	-	-	r	r	r	r	-	-	-	-	-	-	?	F	F
E. arcticum	Epilobium	arcticum			520103	E. arcticum	-	-	-	-	s	?	r	-	r	r	r	r	-	s	-	r	s	s	r	r	s	R	S	F	F	S	R
E. alsinifolium	Epilobium	alsinifolium			520104	E. alsinifolium	f	f	r	-	-	-	-	-	-	-	-	-	-	-	-	-	-	-	-	-	-	-	-	-	R	F	F
E. hornemannii subsp. hornemannii	Epilobium	hornemannii	subsp.	hornemannii	520105a	E. hornemannii subsp. hornemannii	f	f	r	-	r	-	-	-	-	-	-	-	X	r	s	-	-	r	-	s	r	-	-	?	S	F	F
E. hornemannii subsp. behringianum	Epilobium	hornemannii	subsp.	behringianum	520105b	E. hornemannii subsp. behringianum	-	-	-	-	-	-	-	-	-	-	-	-	-	-	s	-	-	-	-	-	-	-	-	-	-	R	S
E. lactiflorum	Epilobium	lactiflorum			520106	E. lactiflorum	f	f	-	-	r	-	-	-	-	-	-	-	-	-	-	-	-	r	-	s	s	-	-	?	S	F	F
E. anagallidifolium	Epilobium	anagallidifolium			520107	E. anagallidifolium	f	f	r	-	r	r	-	-	-	-	-	-	X	r	r	r	-	r	-	f	f	-	-	R	F	F	F
E. ciliatum subsp. ciliatum	Epilobium	ciliatum	subsp.	ciliatum	520108a	E. ciliatum subsp. ciliatum	*	-	-	-	-	-	-	-	-	-	-	-	-	-	r	r	-	r	-	-	-	-	-	-	-	R	S
E. ciliatum subsp. glandulosum	Epilobium	ciliatum	subsp.	glandulosum	520108b	E. ciliatum subsp. glandulosum	-	-	-	-	-	-	-	-	-	-	-	-	-	-	r	-	-	?	-	-	-	-	-	-	-	R	F
E. montanum	Epilobium	montanum			520109	E. montanum	-	r	-	-	-	-	-	-	-	-	-	-	-	-	-	-	-	-	-	-	-	-	-	-	-	R	F
E. collinum	Epilobium	collinum			520110	E. collinum	r	r	-	-	-	-	-	-	-	-	-	-	-	-	-	-	-	-	-	-	-	-	-	-	-	R	S
	Chamerion				5202	Chamerion																											
C. angustifolium subsp. angustifolium	Chamerion	angustifolium	subsp.	angustifolium	520201a	C. angustifolium subsp. angustifolium	s	f	f	-	s	r	r	-	r	-	r	-	r	s	f	f	s	f	-	f	s	-	-	-	S	F	F
C. angustifolium subsp. circumvagum	Chamerion	angustifolium	subsp.	circumvagum	520201b	C. angustifolium subsp. circumvagum	-	-	-	-	-	-	-	-	-	-	-	-	-	-	-	-	r	-	-	-	-	-	-	-	-	R	S
C. x intermedium	Chamerion	x	intermedium		520202	C. x intermedium	-	-	-	-	-	-	-	-	-	-	-	-	-	-	-	-	-	-	-	s	-	-	-	-	-	R	?
C. latifolium	Chamerion	latifolium			520203	C. latifolium	f	-	-	-	s	-	r	r	s	-	s	s	s	f	f	f	f	f	f	f	f	R	F	F	F	F	F
	Circaea				5203	Circaea																											
C. alpina (subsp. alpina)	Circaea	alpina	(subsp.	alpina)	520301	C. alpina (subsp. alpina)	-	-	-	-	-	-	-	-	-	-	-	-	-	-	b	-	-	b	-	-	-	-	-	-	-	b	F
	PARNASSIACEAE				53	PARNASSIACEAE																											
	Parnassia				5301	Parnassia																											
P. palustris subsp. palustris	Parnassia	palustris	subsp.	palustris	530101a	P. palustris subsp. palustris	f	f	f	-	s	f	r	r	f	r	-	-	-	-	r	-	-	-	-	-	-	-	-	-	S	F	F
P. palustris subsp. neogaea	Parnassia	palustris	subsp.	neogaea	530101b	P. palustris subsp. neogaea	-	-	-	-	-	-	-	-	-	-	s	-	f	f	f	f	s	s	-	-	-	-	-	-	S	F	F
P. kotzebuei	Parnassia	kotzebuei			530102	P. kotzebuei	-	-	-	-	-	-	-	-	-	r	f	r	f	f	f	f	s	s	-	r	-	-	-	?	F	F	F
	OXALIDACEAE				54	OXALIDACEAE																											
	Oxalis				5401	Oxalis																											
O. acetosella	Oxalis	acetosella			540101	O. acetosella	-	-	b	-	-	-	-	-	-	-	-	-	-	-	-	-	-	-	-	-	-	-	-	-	-	b	F
	EUPHORBIACEAE				55	EUPHORBIACEAE																											
	Euphorbia				5501	Euphorbia																											
E. discolor	Euphorbia	discolor			550101	E. discolor	-	-	-	-	-	-	-	-	b	-	-	-	-	-	-	-	-	-	-	-	-	-	-	-	-	b	S
E. esula	Euphorbia	esula			550102	E. esula	-	-	-	-	-	-	b	-	-	-	-	-	-	-	-	-	-	-	-	-	-	-	-	-	-	b	S
	LINACEAE				56	LINACEAE																											
	Linum				5601	Linum																											
L. catharticum	Linum	catharticum			560101	L. catharticum	r	-	-	-	-	-	-	-	-	-	-	-	-	-	-	-	-	-	-	-	-	-	-	-	-	R	S
L. boreale	Linum	boreale			560102	L. boreale	-	-	-	-	r	?	-	-	-	-	-	-	-	-	-	-	-	-	-	-	-	-	-	-	-	R	S
L. taymirense	Linum	taymirense			560103	L. taymirense	-	-	-	-	-	-	r	-	r	r	-	-	-	-	-	-	-	-	-	-	-	-	-	-	-	R	S
L. komarovii	Linum	komarovii			560104	L. komarovii	-	-	-	-	-	-	-	-	b	-	-	-	-	-	-	-	-	-	-	-	-	-	-	-	-	R	S
L. lewisii subsp. lewisii	Linum	lewisii	subsp.	lewisii	560105a	L. lewisii subsp. lewisii	-	-	-	-	-	-	-	-	-	-	-	-	-	-	-	r	s	-	-	-	-	-	-	-	-	R	F
L. lewisii subsp. lepagei	Linum	lewisii	subsp.	lepagei	560105b	L. lewisii subsp. lepagei	-	-	-	-	-	-	-	-	-	-	-	-	-	-	-	-	-	r	-	-	-	-	-	-	-	R	S
	VIOLACEAE				57	VIOLACEAE																											
	Viola				5701	Viola																											
V. riviniana	Viola	riviniana			570101	V. riviniana	r	-	-	-	-	-	-	-	-	-	-	-	-	-	-	-	-	-	-	-	-	-	-	-	-	R	S
V. canina	Viola	canina			570102	V. canina	f	s	-	-	-	-	-	-	-	-	-	-	-	-	-	-	-	-	-	r	-	-	-	-	-	S	F
V. rupestris (subsp. rupestris)	Viola	rupestris	(subsp.	rupestris)	570103	V. rupestris (subsp. rupestris)	-	-	r	-	-	-	-	-	-	-	-	-	-	-	-	-	-	-	-	-	-	-	-	-	-	R	S
V. adunca	Viola	adunca			570104	V. adunca	-	-	-	-	-	-	-	-	-	-	-	-	-	-	-	-	-	r	-	s	r	-	-	-	-	R	F
V. conspersa	Viola	conspersa			570105	V. conspersa	-	-	-	-	-	-	-	-	-	-	-	-	-	-	-	-	-	r	-	-	-	-	-	-	-	R	S
V. langsdorffii	Viola	langsdorffii			570106	V. langsdorffii	-	-	-	-	-	-	-	-	-	-	-	-	-	r	s	-	-	-	-	-	-	-	-	-	-	S	F
V. selkirkii	Viola	selkirkii			570107	V. selkirkii	-	-	-	-	-	-	-	-	-	-	-	-	-	-	-	-	-	r	-	s	-	-	-	-	-	R	S
V. macloskeyi subsp. pallens	Viola	macloskeyi	subsp.	pallens	570108a	V. macloskeyi subsp. pallens	-	-	-	-	-	-	-	-	-	-	-	-	-	-	-	-	-	r	-	-	-	-	-	-	-	R	S
V. renifolia	Viola	renifolia			570109	V. renifolia	-	-	-	-	-	-	-	-	-	-	-	-	-	-	-	-	-	r	-	-	-	-	-	-	-	R	F
V. palustris (subsp. palustris)	Viola	palustris	(subsp.	palustris)	570110	V. palustris (subsp. palustris)	f	f	r	-	r	-	-	-	-	-	-	-	-	-	-	-	-	r	-	s	s	-	-	-	R	F	F
V. epipsila subsp. epipsila	Viola	epipsila	subsp.	epipsila	570111a	V. epipsila subsp. epipsila	-	?	s	-	r	-	-	-	-	-	-	-	-	-	-	-	-	-	-	-	-	-	-	-	-	R	F
V. epipsila subsp. repens	Viola	epipsila	subsp.	repens	570111b	V. epipsila subsp. repens	s	f	f	-	s	s	s	-	s	-	f	-	f	f	f	r	r	r	-	-	-	-	-	-	S	F	F
V. biflora subsp. biflora	Viola	biflora	subsp.	biflora	570112a	V. biflora subsp. biflora	-	f	f	-	f	s	s	s	f	-	-	-	-	s	f	-	-	-	-	-	-	-	-	-	F	F	F
V. biflora subsp. avatschensis	Viola	biflora	subsp.	avatschensis	570112b	V. biflora subsp. avatschensis	-	-	-	-	-	-	-	-	-	-	-	-	r	-	-	-	-	-	-	-	-	-	-	-	-	R	S
V. uniflora	Viola	uniflora			570113	V. uniflora	-	-	-	-	-	-	b	-	-	-	-	-	-	-	-	-	-	-	-	-	-	-	-	-	-	b	S
V. tricolor	Viola	tricolor			570114	V. tricolor	b	*	-	-	-	-	-	-	-	-	-	-	-	-	-	-	-	-	-	-	-	-	-	-	-	b	F
	SALICACEAE				58	SALICACEAE																											
	Populus				5801	Populus																											
P. balsamifera	Populus	balsamifera			580101	P. balsamifera	-	-	-	-	-	-	-	-	-	-	-	-	-	r	r	s	r	r	-	-	-	-	-	-	-	R	F
P. suaveolens	Populus	suaveolens			580102	P. suaveolens	-	-	-	-	-	-	-	-	-	r	r	-	-	-	-	-	-	-	-	-	-	-	-	-	-	R	F
P. tremula	Populus	tremula			580103	P. tremula	-	r	r	-	-	b	-	-	-	-	-	-	-	-	-	-	-	-	-	-	-	-	-	-	-	R	F
P. tremuloides	Populus	tremuloides			580104	P. tremuloides	-	-	-	-	-	-	-	-	-	-	-	-	-	-	b	r	r	r	-	-	-	-	-	-	-	R	F
	Salix				5802	Salix																											
S. triandra subsp. discolor	Salix	triandra	subsp.	discolor	580201a	S. triandra subsp. discolor	-	-	r	-	-	b	-	-	-	-	-	-	-	-	-	-	-	-	-	-	-	-	-	-	-	R	S
S. pentandra	Salix	pentandra			580202	S. pentandra	-	-	-	-	-	b	-	-	-	-	-	-	-	-	-	-	-	-	-	-	-	-	-	-	-	b	F
S. pseudopentandra	Salix	pseudopentandra			580203	S. pseudopentandra	-	-	-	-	-	-	-	-	b	b	-	-	-	-	-	-	-	-	-	-	-	-	-	-	-	b	F
S. serissima	Salix	serissima			580204	S. serissima	-	-	-	-	-	-	-	-	-	-	-	-	-	-	-	-	-	b	-	-	-	-	-	-	-	b	F
S. interior	Salix	interior			580205	S. interior	-	-	-	-	-	-	-	-	-	-	-	-	-	-	-	-	r	r	-	-	-	-	-	-	-	R	F
S. reticulata	Salix	reticulata			580206	S. reticulata	-	f	s	s	f	s	s	s	f	r	f	f	f	f	f	f	f	f	r	-	-	-	-	S	F	F	F
S. vestita	Salix	vestita			580207	S. vestita	-	-	-	-	-	-	-	-	-	-	-	-	-	-	-	-	-	r	-	-	-	-	-	-	-	R	F
S. herbacea	Salix	herbacea			580208	S. herbacea	f	f	s	r	-	-	-	-	-	-	-	-	-	-	-	-	r	f	r	f	f	-	R	S	F	F	S
S. x nothula	Salix	x	nothula		580209	S. x nothula	-	s	-	s	-	-	-	-	-	-	-	-	-	-	-	-	-	-	-	-	-	-	R	R	R	S	F
S. polaris	Salix	polaris			580210	S. polaris	-	r	s	f	f	f	f	f	f	s	f	f	f	f	s	f	s	-	-	-	-	R	F	F	F	S	R
S. rotundifolia var. rotundifolia	Salix	rotundifolia	var.	rotundifolia	580211a	S. rotundifolia var. rotundifolia	-	-	-	-	-	-	-	-	-	-	r	f	-	s	f	f	-	-	-	-	-	-	-	R	F	F	R
S. rotundifolia var. dodgeana	Salix	rotundifolia	var.	dodgeana	580211b	S. rotundifolia var. dodgeana	-	-	-	-	-	-	-	-	-	-	-	-	-	?	r	r	-	-	-	-	-	-	-	-	-	R	S
S. nummularia	Salix	nummularia			580212	S. nummularia	-	s	f	-	f	f	f	s	f	r	s	-	-	r	-	-	-	-	-	-	-	-	-	F	F	F	S
S. glauca subsp. glauca	Salix	glauca	subsp.	glauca	580213a	S. glauca subsp. glauca	-	f	-	-	-	-	-	-	-	-	-	-	-	-	-	-	-	-	-	?	-	-	-	-	-	S	F
S. glauca subsp. stipulifera	Salix	glauca	subsp.	stipulifera	580213b	S. glauca subsp. stipulifera	-	s	f	-	f	f	s	s	f	f	f	f	f	s	f	f	f	-	-	-	-	-	-	-	R	F	F
S. glauca subsp. acutifolia	Salix	glauca	subsp.	acutifolia	580213c	S. glauca subsp. acutifolia	-	-	-	-	-	-	-	-	-	-	-	-	-	-	-	s	s	?	-	-	-	-	-	-	?	S	F
S. glauca subsp. callicarpaea	Salix	glauca	subsp.	callicarpaea	580213d	S. glauca subsp. callicarpaea	-	-	-	-	-	-	-	-	-	-	-	-	-	-	-	-	r	f	-	f	f	-	-	R	S	F	F
S. reptans	Salix	reptans			580214	S. reptans	-	r	f	-	f	f	f	f	f	f	r	s	-	r	-	-	-	-	-	-	-	R	S	F	F	F	S
S. brachycarpa	Salix	brachycarpa			580215	S. brachycarpa	-	-	-	-	-	-	-	-	-	-	-	-	-	-	-	-	r	r	-	-	-	-	-	-	-	R	F
S. niphoclada	Salix	niphoclada			580216	S. niphoclada	-	-	-	-	-	-	-	-	-	-	-	-	-	r	f	f	f	?	-	-	-	-	-	-	R	S	F
S. arctica	Salix	arctica			580217	S. arctica	f	r	-	-	f	r	f	r	f	r	s	?	s	f	f	f	f	f	f	s	f	-	S	F	F	F	F
S. sphenophylla subsp. sphenophylla	Salix	sphenophylla	subsp.	sphenophylla	580218a	S. sphenophylla subsp. sphenophylla	-	-	-	-	-	-	-	r	f	r	?	-	-	-	-	-	-	-	-	-	-	-	-	-	-	F	F
S. sphenophylla subsp. pseudotorulosa	Salix	sphenophylla	subsp.	pseudotorulosa	580218b	S. sphenophylla subsp. pseudotorulosa	-	-	-	-	-	-	-	-	-	-	f	-	f	f	s	s	-	-	-	-	-	-	-	-	-	F	S
S. ovalifolia	Salix	ovalifolia			580219	S. ovalifolia	-	-	-	-	-	-	-	-	-	-	-	r	r	r	f	f	r	-	-	-	-	-	-	R	F	F	S
S. ovalifolia var. ovalifolia	Salix	ovalifolia	var.	ovalifolia	580219a	S. ovalifolia var. ovalifolia	-	-	-	-	-	-	-	-	-	-	-	-	r	r	f	f	r	-	-	-	-	-	-	R	F	F	S
S. ovalifolia var. arctolitoralis	Salix	ovalifolia	var.	arctolitoralis	580219b	S. ovalifolia var. arctolitoralis	-	-	-	-	-	-	-	-	-	-	-	-	-	-	f	r	r	-	-	-	-	-	-	-	S	S	-
S. ovalifolia var. cyclophylla	Salix	ovalifolia	var.	cyclophylla	580219c	S. ovalifolia var. cyclophylla	-	-	-	-	-	-	-	-	-	-	-	-	-	-	r	-	-	-	-	-	-	-	-	-	R	R	R
S. ovalifolia var. glacialis	Salix	ovalifolia	var.	glacialis	580219d	S. ovalifolia var. glacialis	-	-	-	-	-	-	-	-	-	-	-	r	-	-	-	r	-	-	-	-	-	-	-	R	R	R	-
S. myrtilloides	Salix	myrtilloides			580220	S. myrtilloides	-	r	r	-	s	s	r	r	r	r	r	-	-	-	-	-	-	-	-	-	-	-	-	-	R	S	F
S. pedicellaris	Salix	pedicellaris			580221	S. pedicellaris	-	-	-	-	-	-	-	-	-	-	-	-	-	-	-	-	-	r	-	-	-	-	-	-	-	R	F
S. fuscescens	Salix	fuscescens			580222	S. fuscescens	-	-	-	-	-	-	-	r	s	s	f	-	f	f	f	f	s	r	-	-	-	-	-	-	R	F	F
S. phlebophylla	Salix	phlebophylla			580223	S. phlebophylla	-	-	-	-	-	-	-	-	-	r	f	f	f	f	f	f	r	-	-	-	-	-	-	R	F	F	S
S. recurvigemmis	Salix	recurvigemmis			580224	S. recurvigemmis	-	-	-	-	r	-	r	r	f	r	r	-	?	-	-	-	-	-	-	-	-	-	-	-	R	S	S
S. myrsinites	Salix	myrsinites			580225	S. myrsinites	-	f	s	-	f	r	-	-	-	-	-	-	-	-	-	-	-	-	-	-	-	-	-	R	F	F	F
S. tschuktschorum	Salix	tschuktschorum			580226	S. tschuktschorum	-	-	-	-	-	-	-	-	r	-	f	-	r	?	-	-	-	-	-	-	-	-	-	R	F	F	F
S. berberifolia subsp. fimbriata	Salix	berberifolia	subsp.	fimbriata	580227a	S. berberifolia subsp. fimbriata	-	-	-	-	-	-	-	r	f	-	-	-	-	-	-	-	-	-	-	-	-	-	-	-	S	S	F
S. berberifolia subsp. kamtschatica	Salix	berberifolia	subsp.	kamtschatica	580227b	S. berberifolia subsp. kamtschatica	-	-	-	-	-	-	-	-	-	-	-	-	r	-	-	-	-	-	-	-	-	-	-	-	-	R	S
S. saxatilis	Salix	saxatilis			580228	S. saxatilis	-	-	-	-	-	-	r	s	f	r	f	-	r	r	-	-	-	-	-	-	-	-	-	-	S	F	F
S. uva-ursi	Salix	uva-ursi			580229	S. uva-ursi	-	-	-	-	-	-	-	-	-	-	-	-	-	-	-	-	-	s	-	s	-	-	-	-	-	S	F
S. chamissonis	Salix	chamissonis			580230	S. chamissonis	-	-	-	-	-	-	-	-	-	-	r	-	f	f	f	f	r	-	-	-	-	-	-	-	R	S	S
S. arctophila	Salix	arctophila			580231	S. arctophila	-	-	-	-	-	-	-	-	-	-	-	-	-	-	-	f	s	f	r	f	-	-	R	R	F	F	S
S. jenisseensis	Salix	jenisseensis			580232	S. jenisseensis	-	-	r	-	r	r	r	r	r	-	-	-	-	-	-	-	-	-	-	-	-	-	-	-	R	S	F
S. cordata	Salix	cordata			580233	S. cordata	-	-	-	-	-	-	-	-	-	-	-	-	-	-	-	-	-	r	-	-	-	-	-	-	-	R	F
S. barclayi	Salix	barclayi			580234	S. barclayi	-	-	-	-	-	-	-	-	-	-	-	-	-	-	s	-	b	-	-	-	-	-	-	-	-	R	F
S. hastata subsp. hastata	Salix	hastata	subsp.	hastata	580235a	S. hastata subsp. hastata	-	f	f	-	?	?	-	-	-	-	-	-	-	-	-	-	-	-	-	-	-	-	-	-	-	F	F
S. hastata subsp. subintegrifolia	Salix	hastata	subsp.	subintegrifolia	580235b	S. hastata subsp. subintegrifolia	-	r	r	-	s	f	s	s	f	r	f	-	r	f	s	f	s	-	-	-	-	-	-	-	S	F	F
S. myrtillifolia	Salix	myrtillifolia			580236	S. myrtillifolia	-	-	-	-	-	-	-	-	-	-	-	-	-	-	-	b	r	r	-	-	-	-	-	-	-	R	F
S. pseudomyrsinites	Salix	pseudomyrsinites			580237	S. pseudomyrsinites	-	-	-	-	-	-	-	-	-	-	-	-	-	-	-	-	-	s	-	-	-	-	-	-	-	S	F
S. ballii	Salix	ballii			580238	S. ballii	-	-	-	-	-	-	-	-	-	-	-	-	-	-	-	-	-	r	-	-	-	-	-	-	-	R	F
S. pseudomonticola	Salix	pseudomonticola			580239	S. pseudomonticola	-	-	-	-	-	-	-	-	-	-	-	-	-	-	r	-	-	-	-	-	-	-	-	-	-	R	F
S. pyrolifolia	Salix	pyrolifolia			580240	S. pyrolifolia	-	-	r	-	r	-	-	-	-	-	-	-	-	-	-	-	-	-	-	-	-	-	-	-	-	R	S
S. lanata var. lanata	Salix	lanata	var.	lanata	580241a	S. lanata var. lanata	f	f	f	r	f	f	s	r	-	-	-	-	-	-	-	-	-	-	-	-	-	-	-	R	F	F	F
S. lanata var. glandulosa	Salix	lanata	var.	glandulosa	580241b	S. lanata var. glandulosa	-	s	-	-	-	-	-	-	-	-	-	-	-	-	-	-	-	-	-	-	-	-	-	-	-	R	S
S. calcicola	Salix	calcicola			580242	S. calcicola	-	-	-	-	-	-	-	-	-	-	-	-	-	-	-	-	r	f	-	-	-	-	-	R	S	F	R
S. richardsonii	Salix	richardsonii			580243	S. richardsonii	-	-	-	-	-	-	s	s	f	f	f	s	f	f	f	f	f	s	-	-	-	-	-	R	F	F	F
S. acutifolia	Salix	acutifolia			580244	S. acutifolia	-	-	r	-	-	-	-	-	-	-	-	-	-	-	-	-	-	-	-	-	-	-	-	-	-	R	S
S. arbuscula	Salix	arbuscula			580245	S. arbuscula	-	-	r	-	-	r	-	-	-	-	-	-	-	-	-	-	-	-	-	-	-	-	-	-	R	R	F
S. arbusculoides	Salix	arbusculoides			580246	S. arbusculoides	-	-	-	-	-	-	-	-	-	-	-	-	-	-	f	f	r	r	-	-	-	-	-	-	R	S	F
S. boganidensis	Salix	boganidensis			580247	S. boganidensis	-	-	-	-	-	-	r	s	f	s	s	-	b	-	-	-	-	-	-	-	-	-	-	-	S	F	F
S. phylicifolia	Salix	phylicifolia			580248	S. phylicifolia	f	f	f	-	f	s	r	-	-	-	-	-	-	-	-	-	-	-	-	-	-	-	-	-	S	F	F
S. pulchra var. pulchra	Salix	pulchra	var.	pulchra	580249a	S. pulchra var. pulchra	-	-	-	-	s	s	f	f	f	f	f	s	f	f	f	f	f	-	-	-	-	-	-	-	R	F	F
S. pulchra var. yukonensis	Salix	pulchra	var.	yukonensis	580249b	S. pulchra var. yukonensis	-	-	-	-	-	-	-	?	-	?	X	-	X	X	b	-	-	-	-	-	-	-	-	-	-	R	S
S. planifolia	Salix	planifolia			580250	S. planifolia	-	-	-	-	-	-	-	-	-	-	-	-	-	-	-	-	r	s	-	-	-	-	-	-	R	S	F
S. pellita	Salix	pellita			580251	S. pellita	-	-	-	-	-	-	-	-	-	-	-	-	-	-	-	-	-	r	-	-	-	-	-	-	-	R	F
S. tyrrellii	Salix	tyrrellii			580252	S. tyrrellii	-	-	-	-	-	-	-	-	-	-	-	-	-	-	-	-	-	r	-	-	-	-	-	-	-	R	F
S. rhamnifolia subsp. rhamnifolia	Salix	rhamnifolia	subsp.	rhamnifolia	580253a	S. rhamnifolia subsp. rhamnifolia	-	-	-	-	-	-	b	-	-	-	-	-	-	-	-	-	-	-	-	-	-	-	-	-	-	b	S
S. rhamnifolia subsp. saposhnikovii	Salix	rhamnifolia	subsp.	saposhnikovii	580253b	S. rhamnifolia subsp. saposhnikovii	-	-	-	-	-	r	r	-	-	-	-	-	-	-	-	-	-	-	-	-	-	-	-	-	-	R	S
S. myrsinifolia	Salix	myrsinifolia			580254	S. myrsinifolia	*	f	-	-	-	-	-	-	-	-	-	-	-	-	-	-	-	-	-	-	-	-	-	-	-	S	F
S. myrsinifolia subsp. myrsinifolia	Salix	myrsinifolia	subsp.	myrsinifolia	580254a	S. myrsinifolia subsp. myrsinifolia	-	f	-	-	-	-	-	-	-	-	-	-	-	-	-	-	-	-	-	-	-	-	-	-	-	S	F
S. myrsinifolia subsp. borealis	Salix	myrsinifolia	subsp.	borealis	580254b	S. myrsinifolia subsp. borealis	*	s	-	-	-	-	-	-	-	-	-	-	-	-	-	-	-	-	-	-	-	-	-	-	-	S	F
S. myrsinifolia subsp. kolaensis	Salix	myrsinifolia	subsp.	kolaensis	580254c	S. myrsinifolia subsp. kolaensis	-	f	-	-	-	-	-	-	-	-	-	-	-	-	-	-	-	-	-	-	-	-	-	-	-	S	S
S. caprea (subsp. caprea)	Salix	caprea	(subsp.	caprea)	580255	S. caprea (subsp. caprea)	-	r	r	-	-	-	-	-	-	-	-	-	-	-	-	-	-	-	-	-	-	-	-	-	-	R	F
S. bebbiana	Salix	bebbiana			580256	S. bebbiana	-	?	r	-	-	-	-	-	-	r	-	-	-	r	b	b	r	r	-	-	-	-	-	-	R	R	F
S. krylovii	Salix	krylovii			580257	S. krylovii	-	-	-	-	-	-	-	r	s	-	f	-	f	r	-	-	-	-	-	-	-	-	-	-	R	S	F
S. candida	Salix	candida			580258	S. candida	-	-	-	-	-	-	-	-	-	-	-	-	-	-	-	-	-	r	-	-	-	-	-	-	-	R	F
S. barrattiana	Salix	barrattiana			580259	S. barrattiana	-	-	-	-	-	-	-	-	-	-	-	-	-	-	-	s	r	-	-	-	-	-	-	-	-	R	F
S. lapponum	Salix	lapponum			580260	S. lapponum	-	f	s	-	s	r	r	-	-	-	-	-	-	-	-	-	-	-	-	-	-	-	-	-	R	F	F
S. alaxensis var. alaxensis	Salix	alaxensis	var.	alaxensis	580261a	S. alaxensis var. alaxensis	-	-	-	-	-	-	r	s	f	f	f	-	f	f	f	f	f	s	-	-	-	-	-	-	R	F	F
S. alaxensis var. longistylis	Salix	alaxensis	var.	longistylis	580261b	S. alaxensis var. longistylis	-	-	-	-	-	-	-	-	-	-	-	-	-	-	s	r	-	-	-	-	-	-	-	-	-	S	F
S. viminalis	Salix	viminalis			580262	S. viminalis	-	-	s	-	s	s	b	-	s	b	-	-	-	-	-	-	-	-	-	-	-	-	-	-	R	S	F
S. schwerinii	Salix	schwerinii			580263	S. schwerinii	-	-	-	-	-	-	-	-	-	r	r	-	-	-	-	-	-	-	-	-	-	-	-	-	-	R	F
S. burjatica	Salix	burjatica			580264	S. burjatica	-	-	s	-	s	b	-	?	-	b	-	-	-	-	-	-	-	-	-	-	-	-	-	-	R	S	F
S. udensis	Salix	udensis			580265	S. udensis	-	-	-	-	-	-	-	-	r	r	-	-	r	-	-	-	-	-	-	-	-	-	-	-	-	R	F
S. argyrocarpa	Salix	argyrocarpa			580266	S. argyrocarpa	-	-	-	-	-	-	-	-	-	-	-	-	-	-	-	-	-	r	-	-	-	-	-	-	-	R	F
S. rosmarinifolia	Salix	rosmarinifolia			580267	S. rosmarinifolia	-	-	-	-	-	r	b	-	-	-	-	-	-	-	-	-	-	-	-	-	-	-	-	-	-	R	S
S. arbutifolia	Salix	arbutifolia			580268	S. arbutifolia	-	-	-	-	-	-	-	-	r	-	s	-	-	-	-	-	-	-	-	-	-	-	-	-	-	R	F
	ELATINACEAE				59	ELATINACEAE																											
	Elatine				5901	Elatine																											
E. triandra	Elatine	triandra			590101	E. triandra	-	-	b	-	-	-	-	-	-	-	-	-	-	-	-	-	-	-	-	-	-	-	-	-	-	b	R
E. cf. rubella	Elatine	cf.	rubella		590102	E. cf. rubella	-	-	-	-	-	-	-	-	-	-	-	-	-	-	-	r	-	-	-	-	-	-	-	-	-	R	R
	MYRICACAE				60	MYRICACAE																											
	Myrica				6001	Myrica																											
M. gale	Myrica	gale			600101	M. gale	-	-	-	-	-	-	-	-	-	-	-	-	-	-	r	r	r	r	-	-	-	-	-	-	-	R	F
M. gale var. gale	Myrica	gale	var.	gale	600101a	M. gale var. gale	-	-	-	-	-	-	-	-	-	-	-	-	-	-	-	-	r	r	-	-	-	-	-	-	-	R	F
M. gale var. tomentosa	Myrica	gale	var.	tomentosa	600101b	M. gale var. tomentosa	-	-	-	-	-	-	-	-	-	-	-	-	-	-	r	r	-	-	-	-	-	-	-	-	-	R	F
	BETULACEAE				61	BETULACEAE																											
	Alnus				6101	Alnus																											
A. viridis subsp. crispa	Alnus	viridis	subsp.	crispa	610101a	A. viridis subsp. crispa	-	-	-	-	-	-	-	-	-	-	-	-	-	-	-	-	r	s	-	s	-	-	-	-	-	S	F
A. viridis subsp. fruticosa	Alnus	viridis	subsp.	fruticosa	610101b	A. viridis subsp. fruticosa	-	-	s	-	r	s	r	r	s	r	s	-	r	r	s	s	s	-	-	-	-	-	-	-	-	S	F
A. viridis subsp. sinuata	Alnus	viridis	subsp.	sinuata	610101c	A. viridis subsp. sinuata	-	-	-	-	-	-	-	-	-	-	-	-	r	r	r	-	-	-	-	-	-	-	-	-	-	R	F
A. incana subsp. incana	Alnus	incana	subsp.	incana	610102a	A. incana subsp. incana	-	-	b	-	-	-	-	-	-	-	-	-	-	-	-	-	-	-	-	-	-	-	-	-	-	b	F
A. incana subsp. kolaensis	Alnus	incana	subsp.	kolaensis	610102b	A. incana subsp. kolaensis	-	b	-	-	-	-	-	-	-	-	-	-	-	-	-	-	-	-	-	-	-	-	-	-	-	b	F
A. incana subsp. hirsuta	Alnus	incana	subsp.	hirsuta	610102c	A. incana subsp. hirsuta	-	-	-	-	-	-	-	-	-	-	-	-	?	-	-	-	-	-	-	-	-	-	-	-	-	?	S
A. incana subsp. tenuifolia	Alnus	incana	subsp.	tenuifolia	610102d	A. incana subsp. tenuifolia	-	-	-	-	-	-	-	-	-	-	-	-	-	-	r	r	r	-	-	-	-	-	-	-	-	R	F
A. incana subsp. rugosa	Alnus	incana	subsp.	rugosa	610102e	A. incana subsp. rugosa	-	-	-	-	-	-	-	-	-	-	-	-	-	-	-	-	-	b	-	-	-	-	-	-	-	b	F
	Betula				6102	Betula																											
B. pendula var. lapponica	Betula	pendula	var.	lapponica	610201a	B. pendula var. lapponica	-	-	-	-	-	b	-	-	-	-	-	-	-	-	-	-	-	-	-	-	-	-	-	-	-	b	F
B. platyphylla	Betula	platyphylla			610202	B. platyphylla	-	-	-	-	-	-	-	-	-	-	r	-	-	-	-	-	-	-	-	-	-	-	-	-	-	R	R
B. neoalaskana	Betula	neoalaskana			610203	B. neoalaskana	-	-	-	-	-	-	-	-	-	-	-	-	-	-	r	r	r	-	-	-	-	-	-	-	-	R	F
B. papyrifera	Betula	papyrifera			610204	B. papyrifera	-	-	-	-	-	-	-	-	-	-	-	-	-	-	-	-	-	r	-	-	-	-	-	-	-	R	F
B. kenaica	Betula	kenaica			610205	B. kenaica	-	-	-	-	-	-	-	-	-	-	-	-	-	-	r	-	-	-	-	-	-	-	-	-	-	R	F
B. pubescens subsp. pubescens	Betula	pubescens	subsp.	pubescens	610206a	B. pubescens subsp. pubescens	-	?	r	-	r	-	r	-	-	-	-	-	-	-	-	-	-	-	-	-	-	-	-	-	-	R	F
B. pubescens subsp. tortuosa	Betula	pubescens	subsp.	tortuosa	610206b	B. pubescens subsp. tortuosa	f	f	s	-	r	r	r	-	-	-	-	-	-	-	-	-	-	-	-	-	-	-	-	-	?	F	F
B. minor	Betula	minor			610207	B. minor	-	-	-	-	-	-	-	-	-	-	-	-	-	-	-	-	-	r	-	s	-	-	-	-	R	F	F
B. fruticosa	Betula	fruticosa			610208	B. fruticosa	-	-	-	-	-	-	-	-	r	r	r	-	-	-	-	-	-	-	-	-	-	-	-	-	-	R	R
B. pumila	Betula	pumila			610209	B. pumila	-	-	-	-	-	-	-	-	-	-	-	-	-	-	-	-	-	r	-	-	-	-	-	-	-	R	F
B. glandulosa	Betula	glandulosa			610210	B. glandulosa	-	-	-	-	-	-	-	-	-	-	-	-	-	-	r	f	s	f	-	s	-	-	-	?	S	F	F
B. divaricata	Betula	divaricata			610211	B. divaricata	-	-	-	-	-	-	b	?	r	-	r	-	?	-	-	-	-	-	-	-	-	-	-	-	R	S	F
B. nana subsp. nana	Betula	nana	subsp.	nana	610212a	B. nana subsp. nana	f	f	f	-	r	r	r	-	-	-	-	-	-	-	-	-	-	r	-	f	f	-	-	R	F	F	F
B. nana var. tundrarum	Betula	nana	var.	tundrarum	610212b	B. nana var. tundrarum	-	-	f	r	f	f	s	-	-	-	-	-	-	-	-	-	-	-	-	-	-	-	-	R	F	F	-
B. nana subsp. exilis	Betula	nana	subsp.	exilis	610212c	B. nana subsp. exilis	-	-	-	-	-	-	r	f	f	s	f	-	r	f	f	f	s	r	-	-	-	-	-	R	S	F	F
	POLYGALACEAE				62	POLYGALACEAE																											
	Polygala				6201	Polygala																											
P. serpyllifolia	Polygala	serpyllifolia			620101	P. serpyllifolia	-	-	-	-	-	-	-	-	-	-	-	-	-	-	-	-	-	-	-	-	r	-	-	-	-	R	F
P. amarella	Polygala	amarella			620102	P. amarella	-	-	b	-	-	-	-	-	-	-	-	-	-	-	-	-	-	-	-	-	-	-	-	-	-	b	S
P. hybrida	Polygala	hybrida			620103	P. hybrida	-	-	-	-	-	-	r	-	b	-	-	-	-	-	-	-	-	-	-	-	-	-	-	-	-	R	F
	FABACEAE				63	FABACEAE																											
	Lupinus				6301	Lupinus																											
L. arcticus (subsp. arcticus)	Lupinus	arcticus	(subsp.	arcticus)	630101	L. arcticus (subsp. arcticus)	-	-	-	-	-	-	-	-	-	-	-	-	-	-	f	f	s	r	-	-	-	-	-	R	F	F	F
L. nootkatensis	Lupinus	nootkatensis			630102	L. nootkatensis	*	*	-	-	-	-	-	-	-	-	-	-	-	-	r	-	-	-	-	-	-	-	-	-	-	R	F
	Melilotus				6302	Melilotus																											
M. albus	Melilotus	albus			630201	M. albus	-	-	-	-	*	-	-	-	-	-	-	-	-	-	-	*	-	**	-	**	-	-	-	-	-	*	*
	Trifolium				6303	Trifolium																											
T. lupinaster	Trifolium	lupinaster			630301	T. lupinaster	-	-	s	-	s	r	r	-	-	-	**	-	-	-	-	-	-	-	-	-	-	-	-	-	R	S	F
T. repens	Trifolium	repens			630302	T. repens	*	*	*	**	*	*	*	-	*	-	-	-	*	-	*	*	-	*	-	*	-	-	-	**	-	*	F
T. hybridum (subsp. hybridum)	Trifolium	hybridum	(subsp.	hybridum)	630303	T. hybridum (subsp. hybridum)	-	**	-	**	*	-	**	-	-	-	-	-	-	-	**	-	-	**	-	*	-	-	-	**	**	*	*
T. montanum	Trifolium	montanum			630304	T. montanum	-	*	-	-	-	-	-	-	-	-	-	-	-	-	-	-	-	-	-	-	-	-	-	-	-	*	R
T. pratense	Trifolium	pratense			630305	T. pratense	*	*	*	-	*	*	*	-	-	-	-	-	-	*	-	-	-	-	-	*	-	-	-	-	-	*	F
	Caragana				6304	Caragana																											
C. jubata	Caragana	jubata			630401	C. jubata	-	-	-	-	-	-	-	r	r	-	-	-	-	-	-	-	-	-	-	-	-	-	-	-	-	R	R
	Astragalus				6305	Astragalus																											
A. frigidus subsp. frigidus	Astragalus	frigidus	subsp.	frigidus	630501a	A. frigidus subsp. frigidus	-	s	f	-	f	r	f	-	-	-	-	-	-	-	-	-	-	-	-	-	-	-	-	-	S	F	F
A. frigidus subsp. parviflorus	Astragalus	frigidus	subsp.	parviflorus	630501b	A. frigidus subsp. parviflorus	-	-	-	-	-	-	-	s	s	r	f	-	f	f	-	-	-	-	-	-	-	-	-	-	S	F	F
A. frigidus subsp. secundus	Astragalus	frigidus	subsp.	secundus	630501c	A. frigidus subsp. secundus	-	-	-	-	-	-	-	r	-	-	-	-	-	-	-	-	-	-	-	-	-	-	-	-	-	R	R
A. umbellatus	Astragalus	umbellatus			630502	A. umbellatus	-	-	r	-	f	r	f	f	f	-	f	f	s	f	f	f	r	-	-	-	-	-	-	R	F	F	F
A. americanus	Astragalus	americanus			630503	A. americanus	-	-	-	-	-	-	-	-	-	-	-	-	-	-	-	-	-	b	-	-	-	-	-	-	-	b	S
A. alpinus	Astragalus	alpinus			630504	A. alpinus	-	f	f	-	f	f	f	f	f	f	f	f	f	f	f	f	f	f	-	-	**	-	-	R	F	F	F
A. alpinus subsp. alpinus	Astragalus	alpinus	subsp.	alpinus	630504a	A. alpinus subsp. alpinus	-	-	-	-	?	?	?	?	?	?	?	?	?	r	r	r	f	f	-	-	**	-	-	R	F	F	F
A. alpinus var. arcticus	Astragalus	alpinus	var.	arcticus	630504b	A. alpinus var. arcticus	-	f	f	-	?	?	?	?	?	?	?	?	?	f	s	f	-	-	-	-	-	-	-	R	F	F	F
A. alpinus subsp. alaskanus	Astragalus	alpinus	subsp.	alaskanus	630504c	A. alpinus subsp. alaskanus	-	-	-	-	-	-	-	-	-	-	-	-	-	-	r	r	-	-	-	-	-	-	-	-	-	R	F
A. norvegicus	Astragalus	norvegicus			630505	A. norvegicus	-	r	s	-	s	r	s	s	f	-	-	-	-	-	-	-	-	-	-	-	-	-	-	-	S	F	F
A. sealei	Astragalus	sealei			630506	A. sealei	-	-	-	-	-	-	-	-	-	-	-	-	s	r	s	f	-	-	-	-	-	-	-	-	R	S	R
A. eucosmus	Astragalus	eucosmus			630507	A. eucosmus	-	-	-	-	-	-	-	-	-	-	-	-	-	-	r	r	r	s	-	-	-	-	-	-	?	F	F
A. robbinsii var. minor	Astragalus	robbinsii	var.	minor	630508a	A. robbinsii var. minor	-	-	-	-	-	-	-	-	-	-	-	-	-	-	r	-	-	-	-	-	-	-	-	-	-	R	R
A. robbinsii var. harringtonii	Astragalus	robbinsii	var.	harringtonii	630508b	A. robbinsii var. harringtonii	-	-	-	-	-	-	-	-	-	-	-	-	-	-	b	-	-	-	-	-	-	-	-	-	-	b	R
A. gorodkovii	Astragalus	gorodkovii			630509	A. gorodkovii	-	-	-	-	r	-	-	-	-	-	-	-	-	-	-	-	-	-	-	-	-	-	-	-	-	R	-
A. tugarinovii	Astragalus	tugarinovii			630510	A. tugarinovii	-	-	-	-	-	-	r	r	f	r	f	r	s	?	-	-	-	-	-	-	-	-	-	-	S	F	F
A. kolymensis	Astragalus	kolymensis			630511	A. kolymensis	-	-	-	-	-	-	-	-	-	-	f	-	s	-	-	-	-	-	-	-	-	-	-	?	F	F	F
A. lepagei	Astragalus	lepagei			630512	A. lepagei	-	-	-	-	-	-	-	-	-	-	-	-	-	f	s	s	-	-	-	-	-	-	-	-	R	F	F
A. aboriginorum	Astragalus	aboriginorum			630513	A. aboriginorum	-	-	-	-	-	-	-	-	-	-	-	-	-	-	r	s	-	-	-	-	-	-	-	-	-	S	F
A. tolmaczevii	Astragalus	tolmaczevii			630514	A. tolmaczevii	-	-	-	-	-	-	f	s	r	-	r	f	-	s	-	-	-	-	-	-	-	-	-	R	F	F	F
A. richardsonii	Astragalus	richardsonii			630515	A. richardsonii	-	-	-	-	-	-	-	-	-	-	-	-	-	-	-	s	s	-	-	-	-	-	-	S	S	S	R
A. williamsii	Astragalus	williamsii			630516	A. williamsii	-	-	-	-	-	-	-	-	-	-	-	-	-	-	-	b	-	-	-	-	-	-	-	-	-	b	S
A. vallicola	Astragalus	vallicola			630517	A. vallicola	-	-	-	-	-	-	-	-	r	-	-	-	-	-	-	-	-	-	-	-	-	-	-	-	-	R	R
A. multiflorus	Astragalus	multiflorus			630518	A. multiflorus	-	-	-	-	-	-	-	-	-	-	-	-	-	-	-	-	-	b	-	-	-	-	-	-	-	b	F
A. polaris	Astragalus	polaris			630519	A. polaris	-	-	-	-	-	-	-	-	-	-	-	-	s	-	s	s	-	-	-	-	-	-	-	-	S	S	S
A. bodinii	Astragalus	bodinii			630520	A. bodinii	-	-	-	-	-	-	-	-	-	-	-	-	-	-	-	r	r	-	-	-	-	-	-	-	-	R	S
A. nutzotinensis	Astragalus	nutzotinensis			630521	A. nutzotinensis	-	-	-	-	-	-	-	-	-	-	-	-	-	-	r	s	-	-	-	-	-	-	-	-	?	S	S
A. agrestis	Astragalus	agrestis			630522	A. agrestis	-	-	-	-	-	-	-	-	-	-	-	-	-	-	-	-	-	b	-	-	-	-	-	-	-	b	S
A. schelichovii	Astragalus	schelichovii			630523	A. schelichovii	-	-	-	-	-	-	r	-	r	r	f	-	f	r	-	-	-	-	-	-	-	-	-	-	?	F	F
A. laxmannii var. robustior	Astragalus	laxmannii	var.	robustior	630524a	A. laxmannii var. robustior	-	-	-	-	-	-	-	-	-	-	-	-	-	-	-	-	-	r	-	-	-	-	-	-	-	R	-
A. pseudadsurgens	Astragalus	pseudadsurgens			630525	A. pseudadsurgens	-	-	-	-	-	-	r	-	r	-	r	r	r	r	-	-	-	-	-	-	-	-	-	?	S	S	S
A. inopinatus subsp. oreogenus	Astragalus	inopinatus	subsp.	oreogenus	630526a	A. inopinatus subsp. oreogenus	-	-	-	-	-	-	-	-	-	-	r	-	-	-	-	-	-	-	-	-	-	-	-	-	-	R	S
A. igoshinae	Astragalus	igoshinae			630527	A. igoshinae	-	-	-	-	r	-	-	-	-	-	-	-	-	-	-	-	-	-	-	-	-	-	-	-	-	R	-
	Oxytropis				6306	Oxytropis																											
O. deflexa subsp. deflexa	Oxytropis	deflexa	subsp.	deflexa	630601a	O. deflexa subsp. deflexa	-	-	-	-	-	-	r	r	-	r	X	-	-	-	-	-	-	-	-	-	-	-	-	-	-	R	S
O. deflexa subsp. dezhnevii	Oxytropis	deflexa	subsp.	dezhnevii	630601b	O. deflexa subsp. dezhnevii	-	-	-	-	-	-	-	-	-	-	-	-	-	r	r	s	r	s	-	-	-	-	-	?	R	F	F
O. deflexa subsp. retrorsa	Oxytropis	deflexa	subsp.	retrorsa	630601c	O. deflexa subsp. retrorsa	-	-	-	-	-	-	-	-	-	-	-	-	-	-	-	-	-	b	-	-	-	-	-	-	-	b	S
O. nigrescens	Oxytropis	nigrescens			630602	O. nigrescens	-	-	-	-	-	-	f	f	f	r	-	-	-	-	-	-	-	-	-	-	-	-	R	F	F	F	F
O. czukotica	Oxytropis	czukotica			630603	O. czukotica	-	-	-	-	-	-	-	-	-	r	f	f	f	f	r	?	-	-	-	-	-	-	-	S	F	F	F
O. bryophila	Oxytropis	bryophila			630604	O. bryophila	-	-	-	-	-	-	-	-	-	-	-	-	-	r	f	f	?	-	-	-	-	-	-	-	S	F	F
O. kokrinensis	Oxytropis	kokrinensis			630605	O. kokrinensis	-	-	-	-	-	-	-	-	-	-	-	-	-	-	r	r	-	-	-	-	-	-	-	-	?	R	S
O. gorodkovii	Oxytropis	gorodkovii			630606	O. gorodkovii	-	-	-	-	-	-	-	-	-	-	-	f	-	s	s	r	-	-	-	-	-	-	-	R	F	F	R
O. arctobia	Oxytropis	arctobia			630607	O. arctobia	-	-	-	-	-	-	-	-	-	-	-	-	-	-	-	-	f	s	-	-	-	-	?	F	F	F	R
O. pumilio	Oxytropis	pumilio			630608	O. pumilio	-	-	-	-	-	-	-	-	-	-	-	-	b	-	-	-	-	-	-	-	-	-	-	-	-	b	S
O. sublongipes	Oxytropis	sublongipes			630609	O. sublongipes	-	-	-	-	-	-	-	-	-	-	-	-	r	-	-	-	-	-	-	-	-	-	-	-	-	R	R
O. revoluta	Oxytropis	revoluta			630610	O. revoluta	-	-	-	-	-	-	-	-	-	-	-	-	r	-	-	-	-	-	-	-	-	-	-	-	-	R	S
O. podocarpa	Oxytropis	podocarpa			630611	O. podocarpa	-	-	-	-	-	-	-	-	-	-	-	-	-	-	-	-	-	s	-	-	-	-	-	-	S	S	S
O. scammaniana	Oxytropis	scammaniana			630612	O. scammaniana	-	-	-	-	-	-	-	-	-	-	-	-	-	-	-	s	-	-	-	-	-	-	-	-	-	S	S
O. mertensiana	Oxytropis	mertensiana			630613	O. mertensiana	-	-	-	-	s	-	s	s	f	r	f	f	r	f	s	s	-	-	-	-	-	-	-	S	F	F	S
O. adamsiana subsp. adamsiana	Oxytropis	adamsiana	subsp.	adamsiana	630614a	O. adamsiana subsp. adamsiana	-	-	-	-	-	-	r	s	f	-	-	-	-	-	-	-	-	-	-	-	-	-	-	R	F	F	S
O. adamsiana subsp. janensis	Oxytropis	adamsiana	subsp.	janensis	630614b	O. adamsiana subsp. janensis	-	-	-	-	-	-	-	-	r	r	-	-	-	-	-	-	-	-	-	-	-	-	-	-	-	R	S
O. vassilczenkoi subsp. vassilczenkoi	Oxytropis	vassilczenkoi	subsp.	vassilczenkoi	630615a	O. vassilczenkoi subsp. vassilczenkoi	-	-	-	-	-	-	-	-	-	-	f	-	f	s	-	-	-	-	-	-	-	-	-	?	F	F	S
O. vassilczenkoi subsp. substepposa	Oxytropis	vassilczenkoi	subsp.	substepposa	630615b	O. vassilczenkoi subsp. substepposa	-	-	-	-	-	-	-	-	-	-	f	-	f	f	-	-	-	-	-	-	-	-	-	-	S	F	F
O. uschakovii	Oxytropis	uschakovii			630616	O. uschakovii	-	-	-	-	-	-	-	-	-	-	-	f	-	-	-	-	-	-	-	-	-	-	-	R	R	-	-
O. semiglobosa	Oxytropis	semiglobosa			630617	O. semiglobosa	-	-	-	-	-	-	-	-	-	-	s	-	r	s	-	-	-	-	-	-	-	-	-	?	S	S	S
O. ochotensis	Oxytropis	ochotensis			630618	O. ochotensis	-	-	-	-	-	-	-	-	-	r	s	-	-	-	-	-	-	-	-	-	-	-	-	-	S	S	R
O. maydelliana	Oxytropis	maydelliana			630619	O. maydelliana	-	-	-	-	-	-	-	-	-	-	f	f	f	f	s	f	f	f	-	-	-	-	-	F	F	F	F
O. arctica subsp. arctica	Oxytropis	arctica	subsp.	arctica	630620a	O. arctica subsp. arctica	-	-	-	-	-	-	-	-	-	-	-	-	-	-	-	s	f	r	-	-	-	-	R	F	F	F	R
O. arctica var. barnebyana	Oxytropis	arctica	var.	barnebyana	630620b	O. arctica var. barnebyana	-	-	-	-	-	-	-	-	-	-	-	-	-	-	r	-	-	-	-	-	-	-	-	-	R	R	R
O. arctica subsp. taimyrensis	Oxytropis	arctica	subsp.	taimyrensis	630620c	O. arctica subsp. taimyrensis	-	-	-	-	-	r	f	f	f	-	-	-	-	-	-	-	-	-	-	-	-	-	?	F	F	F	S
O. roaldii	Oxytropis	roaldii			630621	O. roaldii	-	-	-	-	-	-	-	-	-	-	-	-	-	-	r	s	-	-	-	-	-	-	-	?	R	R	-
O. koyukukensis	Oxytropis	koyukukensis			630622	O. koyukukensis	-	-	-	-	-	-	-	-	-	-	-	-	-	-	b	r	-	-	-	-	-	-	-	-	-	R	R
O. tichomirovii	Oxytropis	tichomirovii			630623	O. tichomirovii	-	-	-	-	-	-	r	-	-	-	-	-	-	-	-	-	-	-	-	-	-	-	-	R	R	-	-
O. terrae-novae	Oxytropis	terrae-novae			630624	O. terrae-novae	-	-	-	-	-	-	-	-	-	-	-	-	-	-	-	-	-	s	-	-	-	-	-	-	R	S	S
O. leucantha subsp. subarctica	Oxytropis	leucantha	subsp.	subarctica	630625a	O. leucantha subsp. subarctica	-	-	-	-	-	-	-	r	s	-	-	-	-	-	-	-	-	-	-	-	-	-	-	-	-	S	S
O. leucantha subsp. tschukotcensis	Oxytropis	leucantha	subsp.	tschukotcensis	630625b	O. leucantha subsp. tschukotcensis	-	-	-	-	-	-	-	-	-	r	f	-	r	r	-	-	-	-	-	-	-	-	-	-	R	F	F
O. katangensis	Oxytropis	katangensis			630626	O. katangensis	-	-	-	-	-	-	r	-	-	-	-	-	-	-	-	-	-	-	-	-	-	-	-	-	-	R	R
O. sordida subsp. sordida	Oxytropis	sordida	subsp.	sordida	630627a	O. sordida subsp. sordida	-	f	f	-	f	f	s	-	-	-	-	-	-	-	-	-	-	-	-	-	-	-	R	F	F	F	F
O. sordida subsp. arctolenensis	Oxytropis	sordida	subsp.	arctolenensis	630627b	O. sordida subsp. arctolenensis	-	-	-	-	-	-	-	-	r	-	-	-	-	-	-	-	-	-	-	-	-	-	-	-	-	R	-
O. sordida subsp. schamurinii	Oxytropis	sordida	subsp.	schamurinii	630627c	O. sordida subsp. schamurinii	-	-	-	-	-	-	-	-	-	r	r	s	-	-	-	-	-	-	-	-	-	-	-	R	R	?	-
O. beringensis	Oxytropis	beringensis			630628	O. beringensis	-	-	-	-	-	-	-	-	-	-	-	-	-	r	-	-	-	-	-	-	-	-	-	-	R	-	-
O. jordalii	Oxytropis	jordalii			630629	O. jordalii	-	-	-	-	-	-	-	-	-	-	-	-	-	-	r	f	-	-	-	-	-	-	-	-	-	F	S
O. varians	Oxytropis	varians			630630	O. varians	-	-	-	-	-	-	-	-	-	-	-	-	-	-	r	s	s	-	-	-	-	-	-	-	R	S	F
O. schmorgunoviae	Oxytropis	schmorgunoviae			630631	O. schmorgunoviae	-	-	-	-	-	-	-	-	-	-	r	-	-	-	-	-	-	-	-	-	-	-	-	-	-	R	R
O. sverdrupii	Oxytropis	sverdrupii			630632	O. sverdrupii	-	-	-	-	-	-	-	-	-	-	r	-	-	-	-	-	-	-	-	-	-	-	-	-	R	-	-
O. wrangelii	Oxytropis	wrangelii			630633	O. wrangelii	-	-	-	-	-	-	-	-	-	-	-	f	-	r	-	-	-	-	-	-	-	-	-	R	R	-	-
O. splendens	Oxytropis	splendens			630634	O. splendens	-	-	-	-	-	-	-	-	-	-	-	-	-	-	-	-	b	r	-	-	-	-	-	-	-	R	F
O. bellii	Oxytropis	bellii			630635	O. bellii	-	-	-	-	-	-	-	-	-	-	-	-	-	-	-	-	r	s	-	-	-	-	-	S	S	R	-
O. tananensis	Oxytropis	tananensis			630636	O. tananensis	-	-	-	-	-	-	-	-	-	-	-	-	-	-	-	b	-	-	-	-	-	-	-	-	-	b	S
O. putoranica	Oxytropis	putoranica			630637	O. putoranica	-	-	-	-	-	-	r	-	-	-	-	-	-	-	-	-	-	-	-	-	-	-	-	-	-	R	R
O. uniflora	Oxytropis	uniflora			630638	O. uniflora	-	-	-	-	-	-	-	-	-	-	-	r	-	-	-	-	-	-	-	-	-	-	-	R	R	-	-
O. vasskovskyi	Oxytropis	vasskovskyi			630639	O. vasskovskyi	-	-	-	-	-	-	-	-	-	-	r	-	-	-	-	-	-	-	-	-	-	-	-	-	R	R	S
O. inopinata	Oxytropis	inopinata			630640	O. inopinata	-	-	-	-	-	-	-	-	r	-	-	-	-	-	-	-	-	-	-	-	-	-	-	-	-	R	R
O. kateninii	Oxytropis	kateninii			630641	O. kateninii	-	-	-	-	-	-	-	-	-	-	-	-	-	r	-	-	-	-	-	-	-	-	-	-	R	-	-
O. viscida	Oxytropis	viscida			630642	O. viscida	-	-	-	-	-	-	-	-	-	-	-	-	-	-	b	r	-	-	-	-	-	-	-	-	-	R	F
O. borealis	Oxytropis	borealis			630643	O. borealis	-	-	-	-	-	-	-	-	-	-	-	-	r	f	f	f	?	-	-	-	-	-	-	-	R	F	S
O. glutinosa	Oxytropis	glutinosa			630644	O. glutinosa	-	-	-	-	-	-	-	-	-	-	-	-	-	-	r	s	s	-	-	-	-	-	-	-	S	S	F
O. hudsonica	Oxytropis	hudsonica			630645	O. hudsonica	-	-	-	-	-	-	-	-	-	-	-	-	-	-	-	-	r	s	-	-	-	-	-	R	F	F	R
O. middendorffii subsp. middendorffii	Oxytropis	middendorffii	subsp.	middendorffii	630646a	O. middendorffii subsp. middendorffii	-	-	-	-	-	-	f	r	s	-	-	-	-	-	-	-	-	-	-	-	-	-	-	R	F	F	?
O. middendorffii subsp. orulganica	Oxytropis	middendorffii	subsp.	orulganica	630646b	O. middendorffii subsp. orulganica	-	-	-	-	-	-	-	-	r	-	-	-	-	-	-	-	-	-	-	-	-	-	-	-	-	R	S
O. middendorffii subsp. submiddendorffii	Oxytropis	middendorffii	subsp.	submiddendorffii	630646c	O. middendorffii subsp. submiddendorffii	-	-	-	-	-	-	-	-	-	-	r	s	-	r	-	-	-	-	-	-	-	-	-	R	R	R	-
O. middendorffii subsp. coerulescens	Oxytropis	middendorffii	subsp.	coerulescens	630646d	O. middendorffii subsp. coerulescens	-	-	-	-	-	-	-	-	-	-	s	-	-	-	-	-	-	-	-	-	-	-	-	-	R	R	R
O. middendorffii subsp. schmidtii	Oxytropis	middendorffii	subsp.	schmidtii	630646e	O. middendorffii subsp. schmidtii	-	-	-	-	-	-	r	-	-	-	-	-	-	-	-	-	-	-	-	-	-	-	-	-	-	R	-
O. middendorffii subsp. anadyrensis	Oxytropis	middendorffii	subsp.	anadyrensis	630646f	O. middendorffii subsp. anadyrensis	-	-	-	-	-	-	-	-	-	-	r	-	s	s	-	-	-	-	-	-	-	-	-	?	S	S	R
	Hedysarum				6307	Hedysarum																											
H. mackenziei	Hedysarum	mackenziei			630701	H. mackenziei	-	-	-	-	-	-	-	-	-	-	-	-	-	s	s	f	f	s	-	-	-	-	-	R	F	F	F
H. dasycarpum	Hedysarum	dasycarpum			630702	H. dasycarpum	-	-	-	-	-	-	r	-	r	r	s	-	-	-	-	-	-	-	-	-	-	-	-	?	S	F	F
H. americanum	Hedysarum	americanum			630703	H. americanum	-	-	-	-	-	-	-	-	-	-	-	-	-	r	f	f	s	r	-	-	-	-	-	-	S	F	F
H. vicioides	Hedysarum	vicioides			630704	H. vicioides	-	-	-	-	-	-	-	-	r	-	-	-	-	-	-	-	-	-	-	-	-	-	-	-	-	R	F
H. hedysaroides subsp. arcticum	Hedysarum	hedysaroides	subsp.	arcticum	630705a	H. hedysaroides subsp. arcticum	-	r	f	-	f	f	f	f	f	f	-	-	-	-	-	-	-	-	-	-	-	-	R	F	F	F	F
H. hedysaroides subsp. tschuktschorum	Hedysarum	hedysaroides	subsp.	tschuktschorum	630705b	H. hedysaroides subsp. tschuktschorum	-	-	-	-	-	-	-	-	-	-	f	f	f	f	s	r	?	-	-	-	-	-	-	S	F	F	F
	Vicia				6308	Vicia																											
V. sepium	Vicia	sepium			630801	V. sepium	-	*	f	-	s	X	-	-	-	-	-	-	-	-	-	-	-	-	-	*	-	-	-	-	?	F	F
V. cracca	Vicia	cracca			630802	V. cracca	s	f	f	-	s	r	r	-	r	-	-	-	-	-	-	-	-	*	-	*	-	-	-	-	?	F	F
V. macrantha	Vicia	macrantha			630803	V. macrantha	-	-	-	-	-	-	-	-	r	r	r	-	?	-	-	-	-	-	-	-	-	-	-	-	-	R	F
V. americana	Vicia	americana			630804	V. americana	-	-	-	-	-	-	-	-	-	-	-	-	-	-	-	-	b	r	-	-	-	-	-	-	-	R	F
	Lathyrus				6309	Lathyrus																											
L. pratensis	Lathyrus	pratensis			630901	L. pratensis	*	*	r	**	-	-	-	-	-	-	-	-	-	-	-	-	-	-	-	*	-	-	-	-	**	R	R
L. palustris subsp. palustris	Lathyrus	palustris	subsp.	palustris	630902a	L. palustris subsp. palustris	-	?	-	-	-	-	-	-	-	-	-	-	-	-	-	-	-	-	-	-	-	-	-	-	-	?	F
L. palustris subsp. pilosus	Lathyrus	palustris	subsp.	pilosus	630902b	L. palustris subsp. pilosus	r	r	r	-	r	r	r	-	-	r	r	-	-	-	s	-	-	r	-	-	-	-	-	-	R	F	F
L. japonicus	Lathyrus	japonicus			630903	L. japonicus	s	s	s	-	-	-	-	-	r	-	s	-	s	s	f	r	r	s	-	r	r	-	-	-	R	F	F
	ROSACEAE				64	ROSACEAE																											
	Spiraea				6401	Spiraea																											
S. salicifolia	Spiraea	salicifolia			640101	S. salicifolia	-	-	-	-	-	-	r	r	r	-	r	-	b	-	-	-	-	-	-	-	-	-	-	-	-	R	F
S. stevenii	Spiraea	stevenii			640102	S. stevenii	-	-	-	-	-	-	-	-	-	-	f	-	f	f	f	f	r	-	-	-	-	-	-	-	?	F	F
S. betulifolia	Spiraea	betulifolia			640103	S. betulifolia	-	-	-	-	-	-	-	-	b	-	-	-	-	-	-	-	-	-	-	-	-	-	-	-	-	b	R
S. media	Spiraea	media			640104	S. media	-	-	f	-	s	r	r	-	-	-	-	-	-	-	-	-	-	-	-	-	-	-	-	-	?	F	F
S. dahurica	Spiraea	dahurica			640105	S. dahurica	-	-	-	-	-	-	-	r	r	-	-	-	-	-	-	-	-	-	-	-	-	-	-	-	-	R	F
	Luetkea				6402	Luetkea																											
L. pectinata	Luetkea	pectinata			640201	L. pectinata	-	-	-	-	-	-	-	-	-	-	-	-	-	-	b	-	b	-	-	-	-	-	-	-	-	b	F
	Aruncus				6403	Aruncus																											
A. asiaticus	Aruncus	asiaticus			640301	A. asiaticus	-	-	-	-	-	-	-	-	r	-	-	-	-	-	-	-	-	-	-	-	-	-	-	-	-	R	R
A. kamtschaticus	Aruncus	kamtschaticus			640302	A. kamtschaticus	-	-	-	-	-	-	-	-	-	-	-	-	s	-	-	-	-	-	-	-	-	-	-	-	-	R	F
	Filipendula				6404	Filipendula																											
F. ulmaria	Filipendula	ulmaria			640401	F. ulmaria	r	f	f	-	f	r	b	-	-	-	-	-	-	-	-	-	-	-	-	-	-	-	-	-	R	F	F
	Rubus				6405	Rubus																											
R. chamaemorus	Rubus	chamaemorus			640501	R. chamaemorus	-	f	f	r	f	f	f	f	f	f	f	-	f	f	f	f	s	f	-	r	-	-	-	R	F	F	F
R. arcticus	Rubus	arcticus			640502	R. arcticus	-	s	f	-	s	s	s	r	s	r	f	-	f	f	f	r	?	-	-	-	-	-	-	-	R	F	F
R. acaulis	Rubus	acaulis			640503	R. acaulis	-	-	-	-	-	-	-	-	-	-	-	-	-	?	r	s	s	s	-	-	-	-	-	-	-	S	F
R. stellatus	Rubus	stellatus			640504	R. stellatus	-	-	-	-	-	-	-	-	-	-	-	-	-	f	s	-	-	-	-	-	-	-	-	-	R	F	F
R. saxatilis	Rubus	saxatilis			640505	R. saxatilis	f	f	s	-	r	b	-	-	-	-	-	-	-	-	-	-	-	-	-	r	r	-	-	-	-	F	F
R. pubescens	Rubus	pubescens			640506	R. pubescens	-	-	-	-	-	-	-	-	-	-	-	-	-	-	-	-	b	r	-	-	-	-	-	-	-	R	F
R. humulifolius	Rubus	humulifolius			640507	R. humulifolius	-	-	-	-	r	r	r	-	-	-	-	-	-	-	-	-	-	-	-	-	-	-	-	-	-	R	S
R. idaeus subsp. idaeus	Rubus	idaeus	subsp.	idaeus	640508a	R. idaeus subsp. idaeus	-	b	r	-	-	-	-	-	-	-	-	-	-	-	-	-	-	-	-	*	-	-	-	-	-	R	F
R. idaeus subsp. melanolasius	Rubus	idaeus	subsp.	melanolasius	640508b	R. idaeus subsp. melanolasius	-	-	-	-	-	-	-	-	-	-	-	-	-	-	b	b	r	r	-	-	-	-	-	-	-	R	F
R. idaeus subsp. sachalinensis	Rubus	idaeus	subsp.	sachalinensis	640508c	R. idaeus subsp. sachalinensis	-	-	-	-	r	-	r	-	r	r	-	-	-	-	-	-	-	-	-	-	-	-	-	-	-	R	F
	Rosa				6406	Rosa																											
R. acicularis subsp. acicularis	Rosa	acicularis	subsp.	acicularis	640601a	R. acicularis subsp. acicularis	-	-	s	-	s	r	r	r	s	r	f	-	f	s	r	-	-	-	-	-	-	-	-	-	?	F	F
R. acicularis subsp. sayi	Rosa	acicularis	subsp.	sayi	640601b	R. acicularis subsp. sayi	-	-	-	-	-	-	-	-	-	-	-	-	r	r	s	s	s	r	-	-	-	-	-	-	R	S	F
R. majalis	Rosa	majalis			640602	R. majalis	-	r	r	-	-	r	-	-	-	-	-	-	-	-	-	-	-	-	-	-	-	-	-	-	-	R	F
	Sanguisorba				6407	Sanguisorba																											
S. officinalis	Sanguisorba	officinalis			640701	S. officinalis	-	-	s	-	s	r	r	r	s	r	f	s	f	f	s	r	r	-	-	-	-	-	-	-	R	F	F
S. alpina	Sanguisorba	alpina			640702	S. alpina	*	-	-	-	-	-	-	-	-	-	-	-	-	-	-	-	-	-	-	-	-	-	-	-	-	*	-
S. canadensis subsp. latifolia	Sanguisorba	canadensis	subsp.	latifolia	640703a	S. canadensis subsp. latifolia	-	-	-	-	-	-	-	-	-	-	-	-	-	-	s	-	-	-	-	-	-	-	-	-	-	S	F
	Dryas				6408	Dryas																											
D. octopetala	Dryas	octopetala			640801	D. octopetala	f	f	f	f	f	f	f	?	s	-	-	-	-	-	-	-	-	-	-	-	?	-	R	F	F	F	F
D. ajanensis subsp. beringensis	Dryas	ajanensis	subsp.	beringensis	640802a	D. ajanensis subsp. beringensis	-	-	-	-	-	-	-	-	-	-	-	-	-	f	f	f	-	-	-	-	?	-	-	-	R	F	F
D. punctata subsp. punctata	Dryas	punctata	subsp.	punctata	640803a	D. punctata subsp. punctata	-	-	-	-	f	s	f	f	f	f	f	f	f	f	-	-	-	-	-	-	-	-	R	F	F	F	F
D. punctata subsp. alaskensis	Dryas	punctata	subsp.	alaskensis	640803b	D. punctata subsp. alaskensis	-	-	-	-	-	-	-	-	-	-	-	-	-	r	f	f	-	-	-	-	-	-	-	-	R	F	F
D. punctata subsp. hookeriana	Dryas	punctata	subsp.	hookeriana	640803c	D. punctata subsp. hookeriana	-	-	-	-	-	-	-	-	-	-	-	-	-	-	-	b	-	-	-	-	-	-	-	-	-	b	S
D. incisa	Dryas	incisa			640804	D. incisa	-	-	-	-	-	-	r	-	f	-	f	f	f	f	f	f	-	-	-	-	-	-	R	F	F	F	F
D. crenulata	Dryas	crenulata			640805	D. crenulata	-	-	-	-	-	-	-	-	-	-	r	-	-	-	-	-	-	-	-	-	-	-	-	-	-	R	S
D. integrifolia subsp. integrifolia	Dryas	integrifolia	subsp.	integrifolia	640806a	D. integrifolia subsp. integrifolia	-	-	-	-	-	-	-	-	-	-	s	f	s	f	f	f	f	f	f	f	f	-	R	F	F	F	F
D. integrifolia subsp. sylvatica	Dryas	integrifolia	subsp.	sylvatica	640806b	D. integrifolia subsp. sylvatica	-	-	-	-	-	-	-	-	-	-	-	-	-	-	r	s	r	-	-	-	-	-	-	-	-	S	F
D. grandis	Dryas	grandis			640807	D. grandis	-	-	-	-	-	-	b	b	r	-	r	-	r	-	-	-	-	-	-	-	-	-	-	-	-	R	S
D. x grandiformis	Dryas	x	grandiformis		640808	D. x grandiformis	-	-	-	-	-	-	-	-	-	-	r	-	-	-	-	-	-	-	-	-	-	-	-	-	-	R	R
D. drummondii	Dryas	drummondii			640809	D. drummondii	-	-	-	-	-	-	-	-	-	-	-	-	-	-	-	r	-	-	-	-	-	-	-	-	-	R	F
	Geum				6409	Geum																											
G. rivale	Geum	rivale			640901	G. rivale	f	f	f	-	s	r	-	-	-	-	-	-	-	-	-	-	-	r	-	r	-	-	-	?	R	F	F
G. aleppicum subsp. strictum	Geum	aleppicum	subsp.	strictum	640902a	G. aleppicum subsp. strictum	-	-	-	-	-	-	-	-	-	-	-	-	-	-	r	-	-	r	-	-	-	-	-	-	-	R	S
G. macrophyllum subsp. perincisum	Geum	macrophyllum	subsp.	perincisum	640903a	G. macrophyllum subsp. perincisum	-	-	-	-	-	-	-	-	-	-	-	-	-	-	b	r	-	r	-	-	-	-	-	-	-	R	F
G. calthifolium	Geum	calthifolium			640904	G. calthifolium	-	-	-	-	-	-	-	-	-	-	-	-	-	-	r	-	-	-	-	-	-	-	-	-	-	R	S
G. rossii	Geum	rossii			640905	G. rossii	-	-	-	-	-	-	-	-	-	-	f	-	s	f	s	s	r	-	r	-	r	-	R	R	F	F	F
G. glaciale	Geum	glaciale			640906	G. glaciale	-	-	-	-	r	r	f	s	f	r	f	-	s	f	s	s	-	-	-	-	-	R	S	F	F	F	S
	Potentilla				6410	Potentilla																											
P. biflora	Potentilla	biflora			641001	P. biflora	-	-	-	-	-	-	-	-	-	-	-	r	s	f	f	f	-	-	-	-	-	-	-	?	R	F	F
P. pulchella	Potentilla	pulchella			641002	P. pulchella	-	-	-	f	s	-	r	r	r	r	-	f	-	-	r	s	f	f	f	s	s	S	F	F	F	S	R
P. bimundorum	Potentilla	bimundorum			641003	P. bimundorum	-	-	-	-	-	-	-	-	-	-	-	-	-	-	r	-	r	r	-	-	-	-	-	-	-	R	S
P. tergemina	Potentilla	tergemina			641004	P. tergemina	-	-	-	-	-	-	-	-	-	-	-	-	-	*	-	-	-	-	-	-	-	-	-	-	-	*	*
P. anachoretica	Potentilla	anachoretica			641005	P. anachoretica	-	-	-	-	-	-	r	-	r	-	f	f	s	s	-	r	-	-	-	-	-	-	-	R	S	F	F
P. anachoretica var. anachoretica	Potentilla	anachoretica	var.	anachoretica	641005a	P. anachoretica var. anachoretica	-	-	-	-	-	-	r	-	r	-	f	f	s	s	-	r	-	-	-	-	-	-	-	R	S	F	F
P. anachoretica var. planiuscula	Potentilla	anachoretica	var.	planiuscula	641005b	P. anachoretica var. planiuscula	-	-	-	-	-	-	-	-	-	-	-	r	r	r	-	-	-	-	-	-	-	-	-	-	R	R	-
P. lyngei	Potentilla	lyngei			641006	P. lyngei	-	r	-	r	r	-	-	-	-	-	-	-	-	-	-	-	-	-	-	-	-	-	-	S	S	R	R
P. wrangelii	Potentilla	wrangelii			641007	P. wrangelii	-	-	-	-	-	-	-	-	-	-	-	r	-	-	-	-	-	-	-	-	-	-	-	R	R	-	-
P. pensylvanica	Potentilla	pensylvanica			641008	P. pensylvanica	-	-	-	-	-	-	-	-	-	-	-	-	-	*	-	r	r	r	-	-	-	-	-	-	-	R	F
P. bipinnatifida	Potentilla	bipinnatifida			641009	P. bipinnatifida	-	-	-	-	-	-	-	-	-	-	-	-	-	-	-	-	-	r	-	-	-	-	-	-	-	R	S
P. nudicaulis	Potentilla	nudicaulis			641010	P. nudicaulis	-	-	-	-	-	-	-	-	-	r	f	-	r	-	-	-	-	-	-	-	-	-	-	-	-	R	F
P. litoralis	Potentilla	litoralis			641011	P. litoralis	-	-	-	-	-	-	-	-	-	-	-	-	-	-	s	s	r	r	-	-	-	-	-	-	-	R	F
P. sp. aff. pensylvanica	Potentilla	sp.	aff.	pensylvanica	641012	P. sp. aff. pensylvanica	-	-	-	-	-	-	-	-	-	-	-	-	-	-	-	r	-	-	-	-	-	-	-	-	-	R	-
P. rubricaulis	Potentilla	rubricaulis			641013	P. rubricaulis	-	-	-	-	-	-	-	-	-	-	-	-	-	-	-	-	r	-	-	-	-	-	-	-	-	R	S
P. pedersenii	Potentilla	pedersenii			641014	P. pedersenii	-	-	-	r	r	-	r	-	-	-	-	r	-	-	-	-	s	r	r	f	s	-	S	F	F	R	-
P. insularis	Potentilla	insularis			641015	P. insularis	-	-	-	s	-	-	-	-	-	-	-	-	-	-	-	-	-	-	-	-	-	-	?	S	R	-	-
P. uschakovii	Potentilla	uschakovii			641016	P. uschakovii	-	-	-	-	-	-	-	-	-	-	-	r	-	-	-	-	-	-	-	-	-	-	-	R	R	-	-
P. sp. aff. uschakovii	Potentilla	sp.	aff.	uschakovii	641017	P. sp. aff. uschakovii	-	-	-	-	-	-	-	-	-	-	-	-	-	-	-	-	s	-	-	-	-	-	-	R	S	S	-
P. sp. aff. vahliana	Potentilla	sp.	aff.	vahliana	641018	P. sp. aff. vahliana	-	-	-	-	-	-	-	-	-	-	-	-	-	-	-	-	r	r	-	-	-	-	-	R	R	-	-
P. borealis	Potentilla	borealis			641019	P. borealis	-	-	-	-	-	-	-	-	-	-	s	r	-	r	-	-	-	-	-	-	-	-	-	?	R	R	R
P. petrovskyi	Potentilla	petrovskyi			641920	P. petrovskyi	-	-	-	-	-	-	-	-	-	-	r	-	r	-	r	?	-	-	-	-	-	-	-	-	-	R	-
P. czegitunica	Potentilla	czegitunica			641021	P. czegitunica	-	-	-	-	-	-	-	-	-	-	-	-	-	r	-	-	-	-	-	-	-	-	-	-	-	R	-
P. dezhnevii	Potentilla	dezhnevii			641022	P. dezhnevii	-	-	-	-	-	-	-	-	-	-	-	-	-	r	-	r	-	-	-	-	-	-	-	-	-	R	-
P. psychrophila	Potentilla	psychrophila			641023	P. psychrophila	-	-	-	-	-	-	-	-	-	-	-	-	-	-	s	s	-	-	-	-	-	-	-	-	R	S	S
P. beringensis	Potentilla	beringensis			641024	P. beringensis	-	-	-	-	-	-	-	-	-	-	-	-	-	r	-	-	-	-	-	-	-	-	-	-	R	-	-
P. safronovae	Potentilla	safronovae			641925	P. safronovae	-	-	-	?	-	-	-	-	-	-	-	r	-	-	-	-	r	-	r	-	r	-	R	R	R	-	-
P. villosa	Potentilla	villosa			641026	P. villosa	-	-	-	-	-	-	-	-	-	-	-	-	-	-	r	-	-	-	-	-	-	-	-	-	-	R	F
P. villosula	Potentilla	villosula			641027	P. villosula	-	-	-	-	-	-	-	-	-	-	-	-	f	f	f	s	-	-	-	-	-	-	-	-	S	F	F
P. villosula subsp. congesta	Potentilla	villosula	subsp.	congesta	641027a	P. villosula subsp. congesta	-	-	-	-	-	-	-	-	-	-	-	-	-	f	f	-	-	-	-	-	-	-	-	-	S	F	F
P. uniflora	Potentilla	uniflora			641028	P. uniflora	-	-	-	-	-	-	r	s	f	r	f	f	f	r	-	-	-	-	-	-	-	-	-	R	F	F	F
P. vulcanicola	Potentilla	vulcanicola			641029	P. vulcanicola	-	-	-	-	-	-	-	-	-	-	-	-	f	f	f	f	r	-	-	-	-	-	-	R	F	F	F
P. subvahliana	Potentilla	subvahliana			641030	P. subvahliana	-	-	-	-	-	-	?	-	-	-	r	f	s	f	f	f	s	r	r	-	-	-	F	F	F	S	R
P. vahliana	Potentilla	vahliana			641031	P. vahliana	-	-	-	-	-	-	-	-	-	-	-	-	-	-	-	-	r	s	-	s	-	-	S	S	S	?	-
"P. sp. ""Quebec"""	Potentilla	sp.	"""Quebec"""		641032	"P. sp. ""Quebec"""	-	-	-	-	-	-	-	-	-	-	-	-	-	-	-	-	-	r	-	-	-	-	-	-	-	R	R
P. gorodkovii	Potentilla	gorodkovii			641033	P. gorodkovii	-	-	-	-	-	-	-	r	s	-	f	f	-	f	-	-	-	-	-	-	-	-	-	S	F	F	F
P. subgorodkovii	Potentilla	subgorodkovii			641034	P. subgorodkovii	-	-	-	-	-	-	-	-	-	-	r	s	-	r	f	f	r	-	-	-	-	-	-	R	F	F	F
P. crebridens subsp. hemicryophila	Potentilla	crebridens	subsp.	hemicryophila	641035a	P. crebridens subsp. hemicryophila	-	-	-	-	-	-	-	-	-	-	f	f	f	f	r	s	-	-	-	-	-	-	-	R	F	F	F
P. nivea	Potentilla	nivea			641036	P. nivea	-	r	-	s	s	-	f	s	f	r	f	f	s	f	f	f	s	s	r	f	f	-	R	F	F	F	F
P. prostrata	Potentilla	prostrata			641037	P. prostrata	-	s	-	-	s	?	-	-	-	-	-	-	-	-	-	-	?	s	-	s	s	-	R	S	F	F	F
P. drymeja	Potentilla	drymeja			641038	P. drymeja	-	-	-	-	r	-	f	r	f	-	f	r	f	-	s	r	-	-	-	-	-	-	-	-	S	F	F
P. arenosa subsp. arenosa	Potentilla	arenosa	subsp.	arenosa	641039a	P. arenosa subsp. arenosa	-	-	-	-	s	?	f	r	f	r	f	f	f	s	r	f	f	-	f	s	s	-	-	R	R	F	F
P. arenosa taxon nipharga	Potentilla	arenosa	taxon	nipharga	641039b	P. arenosa taxon nipharga	-	-	-	-	-	-	-	-	-	-	-	-	-	-	-	-	-	-	r	r	r	-	R	R	R	-	-
P. arenosa subsp. chamissonis	Potentilla	arenosa	subsp.	chamissonis	641039c	P. arenosa subsp. chamissonis	-	r	f	s	f	s	-	-	-	-	-	-	-	-	-	-	r	s	?	f	f	-	?	S	F	F	F
P. anjuica	Potentilla	anjuica			641040	P. anjuica	-	-	-	-	-	-	-	-	-	-	r	-	-	-	-	-	-	-	-	-	-	-	-	-	R	R	-
P. macrantha	Potentilla	macrantha			641041	P. macrantha	-	-	-	-	r	-	-	-	-	-	f	-	-	r	-	-	-	-	-	-	-	-	-	-	S	S	R
P. nubilans	Potentilla	nubilans			641042	P. nubilans	-	-	-	-	-	-	-	-	-	-	-	-	-	-	-	-	-	-	-	-	r	-	R	R	-	-	-
P. tikhomirovii	Potentilla	tikhomirovii			641043	P. tikhomirovii	-	-	-	-	r	-	s	r	-	-	f	f	-	r	r	r	-	-	r	-	r	-	?	R	R	R	R
P. tschukotica	Potentilla	tschukotica			641044	P. tschukotica	-	-	-	-	-	-	-	r	s	-	f	r	-	-	-	-	-	-	-	-	-	-	-	R	R	R	R
"P. sp. ""Varanger"""	Potentilla	sp.	"""Varanger"""		641045	"P. sp. ""Varanger"""	-	r	-	-	-	-	-	-	-	-	-	-	-	-	-	-	-	-	-	-	-	-	-	-	-	R	R
P. norvegica	Potentilla	norvegica			641046	P. norvegica	-	**	*	-	-	-	**	-	-	-	-	-	-	*	r	r	s	s	-	*	-	-	-	-	-	S	F
P. norvegica subsp. norvegica	Potentilla	norvegica	subsp.	norvegica	641946a	P. norvegica subsp. norvegica	-	**	*	-	-	-	**	-	-	-	-	-	-	*	-	-	-	-	-	**	-	-	-	-	-	*	F
P. norvegica subsp. hirsuta	Potentilla	norvegica	subsp.	hirsuta	641046b	P. norvegica subsp. hirsuta	-	-	-	-	-	-	-	-	-	-	-	-	-	-	r	r	s	s	-	*	-	-	-	-	-	S	F
P. anadyrensis	Potentilla	anadyrensis			641047	P. anadyrensis	-	-	-	-	-	-	-	-	-	-	-	-	s	-	-	-	-	-	-	-	-	-	-	-	-	S	F
P. stipularis	Potentilla	stipularis			641048	P. stipularis	-	-	-	-	s	s	f	s?	f	s?	f	r	s	f	r	r	-	-	-	-	r	-	-	R	F	F	F
P. rubella	Potentilla	rubella			641049	P. rubella	-	-	-	-	-	-	s	r	r	-	s	-	r	-	-	-	-	-	-	-	r	-	-	R	R	R	-
P. glaucophylla	Potentilla	glaucophylla			641050	P. glaucophylla	-	-	-	-	-	-	-	-	-	-	-	-	-	-	-	-	-	r	-	r	r	-	-	-	R	S	R
P. elegans	Potentilla	elegans			641051	P. elegans	-	-	-	-	-	-	-	-	s	-	f	f	f	f	r	s	-	-	-	-	-	-	-	R	F	F	F
P. crantzii	Potentilla	crantzii			641052	P. crantzii	f	f	f	s	f	r	-	-	-	-	-	-	-	-	-	-	-	s	-	f	f	-	-	S	F	F	F
P. protea	Potentilla	protea			641053	P. protea	-	-	-	-	r	-	-	-	-	-	-	-	-	-	-	-	-	-	-	r	r	-	R	R	R	-	-
P. gelida subsp. boreo-asiatica	Potentilla	gelida	subsp.	boreo-asiatica	641054a	P. gelida subsp. boreo-asiatica	-	-	-	-	s	r	f	r	r	-	-	-	r	-	-	-	-	-	-	-	-	-	-	-	R	F	F
P. hyparctica subsp. hyparctica	Potentilla	hyparctica	subsp.	hyparctica	641055a	P. hyparctica subsp. hyparctica	-	-	r	f	f	f	f	f	f	f	f	f	s	f	s	s	f	f	f	f	f	S	F	F	F	S	-
P. hyparctica subsp. elatior	Potentilla	hyparctica	subsp.	elatior	641055b	P. hyparctica subsp. elatior	-	-	-	-	-	-	-	-	-	-	-	-	-	-	?	?	f	f	-	s	?	-	-	-	F	F	F
P. hyparctica subsp. nivicola	Potentilla	hyparctica	subsp.	nivicola	641055c	P. hyparctica subsp. nivicola	-	-	-	-	-	-	-	?	?	r	s	s	f	f	?	?	-	-	-	-	-	-	?	R	F	F	F
P. pulviniformis	Potentilla	pulviniformis			641056	P. pulviniformis	-	-	-	-	-	-	r	-	r	-	s	r	-	r	-	-	-	-	-	-	-	-	-	R	S	S	?
P. nana	Potentilla	nana			641057	P. nana	-	-	-	-	-	-	-	-	-	-	-	-	-	-	r	-	-	-	-	-	-	-	-	-	-	R	S
P. fragiformis	Potentilla	fragiformis			641058	P. fragiformis	-	-	-	-	-	-	-	-	-	-	-	-	s	f	r	-	-	-	-	-	-	-	-	-	R	F	F
P. erecta	Potentilla	erecta			641059	P. erecta	r	b	-	-	-	-	-	-	-	-	-	-	-	-	-	-	-	-	-	-	-	-	-	-	-	R	F
P. anserina subsp. anserina	Potentilla	anserina	subsp.	anserina	641060a	P. anserina subsp. anserina	f	s	?	-	-	-	-	-	-	-	-	-	-	-	-	b	r	s	-	r	?	-	-	-	-	F	F
P. anserina subsp. yukonensis	Potentilla	anserina	subsp.	yukonensis	641060b	P. anserina subsp. yukonensis	-	-	-	-	-	-	-	-	-	-	-	-	-	-	b	-	b	-	-	-	-	-	-	-	-	b	S
P. anserina subsp. groenlandica	Potentilla	anserina	subsp.	groenlandica	641060c	P. anserina subsp. groenlandica	s	f	f	-	r	-	-	-	r	-	s	-	f	f	f	r	s	s	-	f	s	-	-	?	S	F	F
P. anserina subsp. pacifica	Potentilla	anserina	subsp.	pacifica	641060d	P. anserina subsp. pacifica	-	-	-	-	-	-	-	-	-	-	-	-	-	-	r	-	-	-	-	-	-	-	-	-	-	R	F
	Dasiphora				6411	Dasiphora																											
D. fruticosa subsp. floribunda	Dasiphora	fruticosa	subsp.	floribunda	641101a	D. fruticosa subsp. floribunda	-	-	-	-	-	-	-	r	r	-	f	-	f	f	f	f	s	s	-	-	-	-	-	-	S	F	F
	Comarum				6412	Comarum																											
C. palustre	Comarum	palustre			641201	C. palustre	f	f	f	-	f	f	f	s	f	f	f	-	f	f	f	f	s	f	-	s	r	-	-	-	R	F	F
	Sibbaldia				6413	Sibbaldia																											
S. procumbens	Sibbaldia	procumbens			641301	S. procumbens	f	f	f	r	s	s	r	-	-	-	-	-	r	f	r	r	r	s	-	f	f	-	-	R	F	F	F
S. tridentata	Sibbaldia	tridentata			641302	S. tridentata	-	-	-	-	-	-	-	-	-	-	-	-	-	-	-	-	-	s	-	f	s	-	-	?	F	F	F
	Chamaerhodos				6414	Chamaerhodos																											
C. grandiflora	Chamaerhodos	grandiflora			641401	C. grandiflora	-	-	-	-	-	-	-	b	-	-	-	-	-	-	-	-	-	-	-	-	-	-	-	-	-	b	R
	Fragaria				6415	Fragaria																											
F. vesca subsp. vesca	Fragaria	vesca	subsp.	vesca	641501a	F. vesca subsp. vesca	s	r	r	-	-	-	-	-	-	-	-	-	-	-	-	-	-	-	-	-	-	-	-	-	-	R	F
F. vesca subsp. americana	Fragaria	vesca	subsp.	americana	641501b	F. vesca subsp. americana	-	-	-	-	-	-	-	-	-	-	-	-	-	-	-	-	-	r	-	-	-	-	-	-	-	R	S
F. virginiana subsp. virginiana	Fragaria	virginiana	subsp.	virginiana	641502a	F. virginiana subsp. virginiana	-	-	-	-	-	-	-	-	-	-	-	-	-	-	-	-	-	r	-	-	-	-	-	-	-	R	F
F. virginiana subsp. glauca	Fragaria	virginiana	subsp.	glauca	641502b	F. virginiana subsp. glauca	-	-	-	-	-	-	-	-	-	-	-	-	-	-	-	-	b	b	-	-	-	-	-	-	-	b	F
	Alchemilla				6416	Alchemilla																											
A. alpina	Alchemilla	alpina			641601	A. alpina	f	f	-	-	-	-	-	-	-	-	-	-	-	-	-	-	-	-	-	s	s	-	-	?	F	F	F
A. faeroeensis	Alchemilla	faeroeensis			641602	A. faeroeensis	r	-	-	-	-	-	-	-	-	-	-	-	-	-	-	-	-	-	-	-	-	-	-	-	-	R	F
A. monticola	Alchemilla	monticola			641603	A. monticola	-	r	r	-	-	-	-	-	-	-	-	-	-	-	-	-	-	-	-	-	-	-	-	-	-	R	F
A. acutiloba	Alchemilla	acutiloba			641604	A. acutiloba	-	-	-	-	*?	-	-	-	-	-	-	-	-	-	-	-	-	-	-	-	-	-	-	-	-	*?	*
A. subcrenata	Alchemilla	subcrenata			641605	A. subcrenata	-	r	r	-	r	-	-	-	-	-	-	-	-	-	-	-	-	-	-	**	-	-	-	-	-	R	F
A. filicaulis subsp. filicaulis	Alchemilla	filicaulis	subsp.	filicaulis	641606a	A. filicaulis subsp. filicaulis	s	r	-	**	-	-	-	-	-	-	-	-	-	-	-	-	-	-	-	s	s	-	-	?	S	F	F
A. filicaulis subsp. vestita	Alchemilla	filicaulis	subsp.	vestita	641606b	A. filicaulis subsp. vestita	s	-	-	-	-	-	-	-	-	-	-	-	-	-	-	-	-	-	-	r	r	-	-	-	-	R	S
A. semispoliata	Alchemilla	semispoliata			641607	A. semispoliata	-	-	-	-	r	-	-	-	-	-	-	-	-	-	-	-	-	-	-	-	-	-	-	-	-	R	R
A. glomerulans	Alchemilla	glomerulans			641608	A. glomerulans	f	f	s	r	s	-	-	-	-	-	-	-	-	-	-	-	-	r	-	f	f	-	-	S	F	F	F
A. borealis	Alchemilla	borealis			641609	A. borealis	-	s	-	-	-	-	-	-	-	-	-	-	-	-	-	-	-	-	-	-	-	-	-	-	-	R	S
A. obtusiformis	Alchemilla	obtusiformis			641610	A. obtusiformis	-	-	r	-	s	-	-	-	-	-	-	-	-	-	-	-	-	-	-	-	-	-	-	-	-	R	F
A. baltica	Alchemilla	baltica			641611	A. baltica	-	-	*	-	-	-	-	-	-	-	-	-	-	-	-	-	-	-	-	-	-	-	-	-	-	*	S
A. wichurae	Alchemilla	wichurae			641612	A. wichurae	r	s	-	-	-	-	-	-	-	-	-	-	-	-	-	-	-	-	-	r	r	-	-	-	-	F	F
A. murbeckiana	Alchemilla	murbeckiana			641613	A. murbeckiana	-	f	f	-	f	-	-	-	-	-	-	-	-	-	-	-	-	-	-	-	-	-	-	-	R	F	F
A. samuelssonii	Alchemilla	samuelssonii			641614	A. samuelssonii	-	-	-	-	?	-	-	-	-	-	-	-	-	-	-	-	-	-	-	-	-	-	-	-	-	?	R
A. glabra	Alchemilla	glabra			641615	A. glabra	-	r	-	-	r	-	-	-	-	-	-	-	-	-	-	-	-	-	-	-	-	-	-	-	-	R	F
A. cunctatrix	Alchemilla	cunctatrix			641616	A. cunctatrix	-	-	-	-	r	-	-	-	-	-	-	-	-	-	-	-	-	-	-	-	-	-	-	-	-	R	R
A. glabriformis	Alchemilla	glabriformis			641617	A. glabriformis	-	-	-	-	r	-	-	-	-	-	-	-	-	-	-	-	-	-	-	-	-	-	-	-	-	R	R
A. norvegica	Alchemilla	norvegica			641618	A. norvegica	-	s	-	-	-	-	-	-	-	-	-	-	-	-	-	-	-	-	-	-	-	-	-	-	-	R	F
A. mollis	Alchemilla	mollis			641619	A. mollis	*	-	-	-	-	-	-	-	-	-	-	-	-	-	-	-	-	-	-	-	-	-	-	-	-	*	*
	Sorbus				6417	Sorbus																											
S. scopulina	Sorbus	scopulina			641701	S. scopulina	-	-	-	-	-	-	-	-	-	-	-	-	-	-	r	-	-	-	-	-	-	-	-	-	-	R	S
S. aucuparia subsp. aucuparia	Sorbus	aucuparia	subsp.	aucuparia	641702a	S. aucuparia subsp. aucuparia	s	s	r	-	r	-	-	-	-	-	-	-	-	-	-	-	-	-	-	-	-	-	-	-	-	R	F
S. aucuparia subsp. glabrata	Sorbus	aucuparia	subsp.	glabrata	641702b	S. aucuparia subsp. glabrata	-	r	r	-	r	-	-	-	-	-	-	-	-	-	-	-	-	-	-	-	-	-	-	-	-	R	S
S. aucuparia subsp. sibirica	Sorbus	aucuparia	subsp.	sibirica	641702c	S. aucuparia subsp. sibirica	-	-	-	-	s	-	r	-	-	-	-	-	-	-	-	-	-	-	-	-	-	-	-	-	-	R	F
S. anadyrensis	Sorbus	anadyrensis			641703	S. anadyrensis	-	-	-	-	-	-	-	-	-	-	-	-	r	-	-	-	-	-	-	-	-	-	-	-	-	R	F
S. groenlandica	Sorbus	groenlandica			641704	S. groenlandica	-	-	-	-	-	-	-	-	-	-	-	-	-	-	-	-	-	-	-	r	-	-	-	-	-	R	S
S. sambucifolia	Sorbus	sambucifolia			641705	S. sambucifolia	-	-	-	-	-	-	-	-	-	-	-	-	b	-	-	-	-	-	-	-	-	-	-	-	-	b	S
	Amelanchier				6418	Amelanchier																											
A. bartramiana	Amelanchier	bartramiana			641801	A. bartramiana	-	-	-	-	-	-	-	-	-	-	-	-	-	-	-	-	-	r	-	-	-	-	-	-	-	R	F
A. alnifolia	Amelanchier	alnifolia			641802	A. alnifolia	-	-	-	-	-	-	-	-	-	-	-	-	-	-	-	-	-	b	-	-	-	-	-	-	-	b	F
	Cotoneaster				6419	Cotoneaster																											
C. uralensis	Cotoneaster	uralensis			641901	C. uralensis	-	-	r	-	s	-	-	-	-	-	-	-	-	-	-	-	-	-	-	-	-	-	-	-	-	R	S
C. cf. niger	Cotoneaster	cf.	niger		641902	C. cf. niger	-	r	r	-	-	-	-	-	-	-	-	-	-	-	-	-	-	-	-	-	-	-	-	-	-	R	S
	Prunus				6420	Prunus																											
P. padus subsp. padus	Prunus	padus	subsp.	padus	642001a	P. padus subsp. padus	-	r	r	-	-	-	-	-	-	-	-	-	-	-	-	-	-	-	-	-	-	-	-	-	-	R	F
P. padus subsp. borealis	Prunus	padus	subsp.	borealis	642001b	P. padus subsp. borealis	-	?	-	-	-	-	-	-	-	-	-	-	-	-	-	-	-	-	-	-	-	-	-	-	-	?	F
P. pensylvanica	Prunus	pensylvanica			642002	P. pensylvanica	-	-	-	-	-	-	-	-	-	-	-	-	-	-	-	-	-	b	-	-	-	-	-	-	-	b	F
	ELAEAGNACEAE				65	ELAEAGNACEAE																											
	Shepherdia				6501	Shepherdia																											
S. canadensis	Shepherdia	canadensis			650101	S. canadensis	-	-	-	-	-	-	-	-	-	-	-	-	-	-	r	f	r	r	-	-	-	-	-	-	R	F	F
	URTICACEAE				66	URTICACEAE																											
	Urtica				6601	Urtica																											
U. dioica subsp. dioica	Urtica	dioica	subsp.	dioica	660101a	U. dioica subsp. dioica	*	*	*	**	-	*	-	-	-	-	-	-	-	-	-	-	-	-	-	*	-	-	-	**	*	*	F
U. dioica subsp. sondenii	Urtica	dioica	subsp.	sondenii	660101b	U. dioica subsp. sondenii	-	r	r	-	r	b	b	-	-	-	-	-	-	-	r	-	-	-	-	-	-	-	-	-	-	R	F
U. gracilis	Urtica	gracilis			660102	U. gracilis	-	-	-	-	-	-	-	-	-	-	-	-	-	-	-	-	-	r	-	-	-	-	-	-	-	R	F
U. urens	Urtica	urens			660103	U. urens	-	*	*	-	-	**	-	-	-	-	-	-	-	-	-	-	-	-	-	*	-	-	-	-	-	*	S
	BRASSICACEAE				67	BRASSICACEAE																											
	Descurainia				6701	Descurainia																											
D. sophia	Descurainia	sophia			670101	D. sophia	-	**	-	**	*	-	-	-	-	-	-	-	-	-	**	**	-	-	-	**	-	-	-	-	-	*	*
D. sophioides	Descurainia	sophioides			670102	D. sophioides	-	-	-	-	?	s	s	r	f	r	f	s	r	f	f	f	s	r	-	-	-	-	-	?	S	F	F
D. incana	Descurainia	incana			670103	D. incana	-	-	-	-	-	-	-	-	-	-	-	-	-	-	-	-	-	*	-	-	-	-	-	-	-	*	R
	Smelowskia				6702	Smelowskia																											
S. alba	Smelowskia	alba			670201	S. alba	-	-	-	-	-	-	-	-	r	-	r	-	-	-	-	-	-	-	-	-	-	-	-	-	-	R	S
S. bifurcata	Smelowskia	bifurcata			670202	S. bifurcata	-	-	-	-	-	-	b	-	-	-	-	-	-	-	-	-	-	-	-	-	-	-	-	-	-	b	R
S. media	Smelowskia	media			670203	S. media	-	-	-	-	-	-	-	-	-	-	-	-	-	-	-	s	-	-	-	-	-	-	-	-	-	R	S
S. porsildii	Smelowskia	porsildii			670204	S. porsildii	-	-	-	-	-	-	-	-	-	-	r	-	-	s	s	f	-	-	-	-	-	-	-	-	R	S	S
S. johnsonii	Smelowskia	johnsonii			670205	S. johnsonii	-	-	-	-	-	-	-	-	-	-	r	-	-	-	r	-	-	-	-	-	-	-	-	-	?	R	-
S. borealis	Smelowskia	borealis			670206	S. borealis	-	-	-	-	-	-	-	-	-	-	-	-	-	-	r	s	-	-	-	-	-	-	-	-	S	S	S
S. pyriformis	Smelowskia	pyriformis			670207	S. pyriformis	-	-	-	-	-	-	-	-	-	-	-	-	-	-	b	-	-	-	-	-	-	-	-	-	-	b	R
S. parryoides	Smelowskia	parryoides			670208	S. parryoides	-	-	-	-	-	-	-	-	-	-	f	-	r	f	-	-	-	-	-	-	-	-	-	-	S	F	F
S. jacutica	Smelowskia	jacutica			670209	S. jacutica	-	-	-	-	-	-	-	-	f	-	-	-	-	-	-	-	-	-	-	-	-	-	-	-	R	F	F
S. czukotica	Smelowskia	czukotica			670210	S. czukotica	-	-	-	-	-	-	-	-	-	-	r	-	-	-	-	-	-	-	-	-	-	-	-	-	-	R	-
	Dontostemon				6703	Dontostemon																											
D. pectinatus	Dontostemon	pectinatus			670301	D. pectinatus	-	-	-	-	-	-	-	r	r	-	-	-	-	-	-	-	-	-	-	-	-	-	-	-	R	R	S
	Aphragmus				6704	Aphragmus																											
A. eschscholtzianus	Aphragmus	eschscholtzianus			670401	A. eschscholtzianus	-	-	-	-	-	-	-	-	-	-	-	-	-	r	r	b	-	-	-	-	-	-	-	-	-	R	S
	Arabidopsis				6705	Arabidopsis																											
A. arenosa (subsp. arenosa)	Arabidopsis	arenosa	(subsp.	arenosa)	670501	A. arenosa (subsp. arenosa)	-	*	-	-	-	-	-	-	-	-	-	-	-	-	-	-	-	-	-	**	-	-	-	-	**	*	S
A. kamtschatica	Arabidopsis	kamtschatica			670502	A. kamtschatica	-	-	-	-	-	-	-	-	-	-	r	-	r	f	s	r	-	-	-	-	-	-	-	-	R	F	F
A. petraea	Arabidopsis	petraea			670503	A. petraea	f	-	-	-	f	s	f	s	f	?	s	?	?	s	r	s	-	-	-	-	-	-	R	F	F	F	F
A. petraea subsp. petraea	Arabidopsis	petraea	subsp.	petraea	670503a	A. petraea subsp. petraea	f	-	-	-	-	-	-	-	-	-	-	-	-	-	-	-	-	-	-	-	-	-	-	-	-	F	F
A. petraea subsp. septentrionalis	Arabidopsis	petraea	subsp.	septentrionalis	670503b	A. petraea subsp. septentrionalis	-	-	-	-	f	s	f	s	f	-	-	-	-	-	-	-	-	-	-	-	-	-	R	F	F	F	F
A. petraea subsp. umbrosa	Arabidopsis	petraea	subsp.	umbrosa	670503c	A. petraea subsp. umbrosa	-	-	-	-	-	r	r	-	f	?	s	?	?	s	r	s	-	-	-	-	-	-	-	-	S	F	F
A. arenicola	Arabidopsis	arenicola			670504	A. arenicola	-	-	-	-	-	-	-	-	-	-	-	-	-	-	-	-	r	f	r	s	r	-	R	F	F	F	R
	Transberingia				6706	Transberingia																											
T. bursifolia	Transberingia	bursifolia			670601	T. bursifolia	-	-	-	-	-	-	?	-	*	s	r	-	-	r	r	r	s	-	r	s	-	-	R	R	S	S	R
	Eutrema				6707	Eutrema																											
E. edwardsii	Eutrema	edwardsii			670701	E. edwardsii	-	r	s	s	f	s	f	f	f	f	f	f	s	f	f	f	f	f	f	r	s	S	F	F	F	F	S
	Thellungiella				6708	Thellungiella																											
T. salsuginea	Thellungiella	salsuginea			670801	T. salsuginea	-	-	-	-	-	-	-	-	-	r	-	-	-	-	-	-	r	-	-	-	-	-	-	-	-	R	R
	Braya				6709	Braya																											
B. linearis	Braya	linearis			670901	B. linearis	-	r	-	-	-	-	-	-	-	-	-	-	-	-	-	-	-	-	-	r	r	-	-	R	S	S	F
B. siliquosa	Braya	siliquosa			670902	B. siliquosa	-	-	-	-	-	-	r	r	r	-	-	-	-	-	-	-	-	-	-	-	-	-	-	-	-	R	S
B. humilis subsp. humilis s. lat.	Braya				670903a	B. humilis subsp. humilis s. lat.	-	-	-	-	-	-	r	r	s	b	r	-	-	r	s	s	r	r	r	r	s	?	S	F	F	F	S
B. humilis subsp. arctica	Braya	humilis	subsp.	arctica	670903b	B. humilis subsp. arctica	-	-	-	-	-	-	r	r	s	b	r	-	-	r	s	s	r	r	r	-	s	?	S	F	F	F	S
B. humilis subsp. richardsonii	Braya	humilis	subsp.	richardsonii	670903c	B. humilis subsp. richardsonii	-	-	-	-	-	-	-	-	-	-	-	-	-	-	b	r	-	-	-	-	-	-	-	-	-	R	F
B. humilis taxon novae-angliae	Braya	humilis	taxon	novae-angliae	670903d	B. humilis taxon novae-angliae	-	-	-	-	-	-	-	-	-	-	-	-	-	-	-	-	-	-	-	r	-	-	-	-	R	R	R
B. humilis taxon intermedia	Braya	humilis	taxon	intermedia	670903e	B. humilis taxon intermedia	-	-	-	-	-	-	-	-	-	-	-	-	-	-	-	-	-	-	-	-	r	-	-	R	R	-	-
B. humilis subsp. ellesmerensis	Braya	humilis	subsp.	ellesmerensis	670903f	B. humilis subsp. ellesmerensis	-	-	-	-	-	-	-	-	-	-	-	-	-	-	-	-	-	-	r	-	-	-	R	R	-	-	-
B. glabella subsp. glabella	Braya	glabella	subsp.	glabella	670904a	B. glabella subsp. glabella	-	-	-	-	-	-	-	-	-	-	-	r	-	s	s	f	r	-	-	?	?	-	-	R	R	F	S
B. glabella subsp. prostrata	Braya	glabella	subsp.	prostrata	670904b	B. glabella subsp. prostrata	-	-	-	-	-	-	-	-	-	-	-	-	-	-	-	-	-	-	r	-	-	-	R	R	-	-	-
B. glabella subsp. purpurascens	Braya	glabella	subsp.	purpurascens	670904c	B. glabella subsp. purpurascens	-	r	-	s	f	-	s	s	s	r	r	f	-	r	r	s	f	f	f	r	f	R	F	F	F	S	R
B. thorild-wulffii subsp. thorild-wulffii	Braya	thorild-wulffii	subsp.	thorild-wulffii	670905a	B. thorild-wulffii subsp. thorild-wulffii	-	-	-	-	-	-	-	-	-	-	-	s	-	?	-	-	s	-	f	r	r	S	S	S	R	-	-
B. thorild-wulffii subsp. glabrata	Braya	thorild-wulffii	subsp.	glabrata	670905b	B. thorild-wulffii subsp. glabrata	-	-	-	-	-	-	-	-	-	-	-	-	-	-	-	-	r	-	-	-	-	-	-	R	R	-	-
B. pilosa	Braya	pilosa			670906	B. pilosa	-	-	-	-	-	-	r	r	r	-	r	s	-	r	-	r	r	-	-	-	-	-	?	R	R	R	?
B. rosea	Braya	rosea			670907	B. rosea	-	-	-	-	-	-	-	r	r	-	-	-	-	-	-	-	-	-	-	-	-	-	-	-	-	R	S
	Erysimum				6710	Erysimum																											
E. pallasii	Erysimum	pallasii			671001	E. pallasii	-	-	-	-	r	-	r	-	s	r	f	-	r	f	f	f	f	-	f	r	-	R	F	F	F	S	R
E. coarctatum	Erysimum	coarctatum			671002	E. coarctatum	-	-	-	-	-	-	-	-	-	-	-	-	-	-	-	r	s	-	-	-	-	-	-	-	?	S	F
E. strictum	Erysimum	strictum			671003	E. strictum	r	s	r	-	-	-	-	-	-	-	-	-	-	-	-	-	-	-	-	-	-	-	-	-	-	R	F
E. marschallianum	Erysimum	marschallianum			671004	E. marschallianum	-	-	-	-	-	-	r	-	-	-	r	-	-	-	-	-	-	-	-	-	-	-	-	-	-	R	R
E. altum	Erysimum	altum			671005	E. altum	-	r	s	-	s	r	r	-	r	-	r	-	-	-	r	r	r	r	-	-	-	-	-	-	-	S	F
	Parrya				6711	Parrya																											
P. nudicaulis	Parrya	nudicaulis			671101	P. nudicaulis	-	-	r	-	s	f	f	f	f	f	f	f	r	f	f	f	r	-	-	-	-	R	F	F	F	F	F
P. nudicaulis subsp. nudicaulis	Parrya	nudicaulis	subsp.	nudicaulis	671101a	P. nudicaulis subsp. nudicaulis	-	-	r	-	s	f	f	f	f	f	f	f	r	f	f	f	-	-	-	-	-	R	F	F	F	F	F
P. nudicaulis subsp. septentrionalis	Parrya	nudicaulis	subsp.	septentrionalis	671101b	P. nudicaulis subsp. septentrionalis	-	-	-	-	-	?	?	?	?	?	?	?	-	r	f	f	r	-	-	-	-	R	F	F	F	F	S
P. nauruaq	Parrya	nauruaq			671102	P. nauruaq	-	-	-	-	-	-	-	-	-	-	-	-	-	-	r	-	-	-	-	-	-	-	-	-	-	R	-
P. arctica	Parrya	arctica			671103	P. arctica	-	-	-	-	-	-	-	-	-	-	-	-	-	-	-	-	f	r	r	-	-	S	F	F	F	S	R
	Barbarea				6712	Barbarea																											
B. vulgaris	Barbarea	vulgaris			671201	B. vulgaris	*	*	-	*	*	-	*	-	-	-	-	-	-	*	-	-	-	*	-	-	-	-	-	*	*	*	*
B. orthoceras	Barbarea	orthoceras			671202	B. orthoceras	-	-	-	-	-	-	r	r	s	r	r	-	r	r	f	r	r	r	-	-	-	-	-	-	?	S	F
B. stricta	Barbarea	stricta			671203	B. stricta	*	r	-	-	*	-	-	-	-	*	-	-	-	-	-	-	-	-	-	*	-	-	-	-	-	R	F
	Rorippa				6713	Rorippa																											
R. amphibia	Rorippa	amphibia			671301	R. amphibia	-	-	r	-	-	-	-	-	-	-	-	-	-	-	-	-	-	-	-	-	-	-	-	-	-	R	S
R. sylvestris (subsp. sylvestris)	Rorippa	sylvestris	(subsp.	sylvestris)	671302	R. sylvestris (subsp. sylvestris)	*	-	-	**	-	-	-	-	-	-	-	-	-	-	-	-	-	-	-	**	-	-	-	**	-	*	*
R. islandica subsp. islandica	Rorippa	islandica	subsp.	islandica	671303a	R. islandica subsp. islandica	s	-	-	-	-	-	-	-	-	-	-	-	-	-	-	-	-	-	-	r	-	-	-	-	R	S	S
R. islandica subsp. dogadovae	Rorippa	islandica	subsp.	dogadovae	671303b	R. islandica subsp. dogadovae	-	-	-	-	-	-	r	-	-	-	-	-	-	-	-	-	-	-	-	-	-	-	-	-	-	R	R
R. palustris	Rorippa	palustris			671304	R. palustris	-	r	s	-	s	r	r	r	r	r	r	-	r	r	s	s	r	r	-	*	-	-	-	-	?	S	F
R. palustris var. palustris	Rorippa	palustris	var.	palustris	671304a	R. palustris var. palustris	-	r	s	-	s	r	r	r	r	r	r	-	r	r	-	-	-	-	-	*	-	-	-	-	?	S	F
R. palustris var. hispida	Rorippa	palustris	var.	hispida	671304b	R. palustris var. hispida	-	-	-	-	-	-	-	-	-	-	-	-	-	-	-	-	-	r	-	-	-	-	-	-	-	R	F
R. barbareifolia	Rorippa	barbareifolia			671305	R. barbareifolia	-	-	-	-	-	-	-	-	r	-	r	-	r	-	r	r	r	-	-	-	-	-	-	-	-	R	S
R. calycina	Rorippa	calycina			671306	R. calycina	-	-	-	-	-	-	-	-	-	-	-	-	-	-	-	-	r	-	-	-	-	-	-	-	-	R	-
	Armoracia				6714	Armoracia																											
A. sisymbrioides	Armoracia	sisymbrioides			671401	A. sisymbrioides	-	-	-	-	-	-	-	-	*	-	-	-	-	-	-	-	-	-	-	-	-	-	-	-	-	*	S
	Isatis				6715	Isatis																											
I. tinctoria subsp. jacutensis	Isatis	tinctoria	subsp.	jacutensis	671501a	I. tinctoria subsp. jacutensis	-	-	-	-	-	-	r	-	-	-	-	-	-	-	-	-	-	-	-	-	-	-	-	-	-	R	S
	Cardamine				6716	Cardamine																											
C. trifida	Cardamine	trifida			671601	C. trifida	-	-	-	-	-	-	r	r	s	b	-	-	-	-	-	-	-	-	-	-	-	-	-	-	R	S	R
C. macrophylla	Cardamine	macrophylla			671602	C. macrophylla	-	-	r	-	s	r	r	r	r	-	-	-	-	-	-	-	-	-	-	-	-	-	-	-	-	S	F
C. polemonioides	Cardamine	polemonioides			671603	C. polemonioides	f	f	f	f	f	f	f	f	f	f	f	f	r	f	f	f	f	f	s	f	f	F	F	F	F	F	S
C. dentata	Cardamine	dentata			671604	C. dentata	-	-	?	-	?	-	-	-	-	-	-	-	-	-	-	-	-	-	-	-	-	-	-	-	-	?	F
C. amara	Cardamine	amara			671605	C. amara	-	-	b	-	b	-	-	-	-	-	-	-	-	-	-	-	-	-	-	-	-	-	-	-	-	b	F
C. pensylvanica	Cardamine	pensylvanica			671606	C. pensylvanica	-	-	-	-	-	-	-	-	-	-	-	-	-	-	-	-	-	b	-	-	-	-	-	-	-	b	F
C. impatiens	Cardamine	impatiens			671607	C. impatiens	-	-	-	-	-	*?	-	-	-	-	-	-	-	-	-	-	-	-	-	-	-	-	-	-	-	*?	R
C. umbellata	Cardamine	umbellata			671608	C. umbellata	-	-	-	-	-	-	-	-	-	-	-	-	-	r	s	r	-	-	-	-	-	-	-	-	R	S	F
C. prorepens	Cardamine	prorepens			671609	C. prorepens	-	-	-	-	-	-	-	-	r	-	-	-	-	-	-	-	-	-	-	-	-	-	-	-	-	R	S
C. bellidifolia (subsp. bellidifolia)	Cardamine	bellidifolia	(subsp.	bellidifolia)	671610	C. bellidifolia (subsp. bellidifolia)	s	r	-	f	f	f	f	f	f	f	f	f	r	f	f	f	s	f	f	f	f	F	F	F	F	F	F
C. digitata	Cardamine	digitata			671611	C. digitata	-	-	-	-	-	-	-	-	-	-	s	f	-	f	s	f	f	r	-	-	-	-	-	R	F	F	S
C. microphylla	Cardamine	microphylla			671612	C. microphylla	-	-	-	-	-	-	r	r	f	-	-	-	r	f	-	s	-	-	-	-	-	-	-	R	S	S	R
C. blaisdellii	Cardamine	blaisdellii			671613	C. blaisdellii	-	-	-	-	-	-	-	-	-	-	s	f	r	f	s	s	-	-	-	-	-	-	-	R	F	F	F
C. hyperborealis (ined.)	Cardamine	hyperborealis	(ined.)		671614	C. hyperborealis (ined.)	-	-	-	-	-	-	-	-	-	-	-	-	-	r	-	-	-	-	-	-	-	-	-	-	R	R	-
C. purpurea	Cardamine	purpurea			671615	C. purpurea	-	-	-	-	-	-	-	-	-	-	-	r	-	-	f	s	-	-	-	-	-	-	-	R	S	S	S
C. sphenophylla	Cardamine	sphenophylla			671616	C. sphenophylla	-	-	-	-	-	-	-	-	-	-	-	-	-	r	-	-	-	-	-	-	-	-	-	-	R	R	-
C. victoris	Cardamine	victoris			671617	C. victoris	-	-	-	-	-	-	-	-	-	-	?	-	r	s	-	-	-	-	-	-	-	-	-	-	S	S	R
	Arabis				6717	Arabis																											
A. alpina	Arabis	alpina			671701	A. alpina	f	f	s	r	f	-	r	-	-	-	-	-	-	-	-	-	r	f	-	f	f	-	R	F	F	F	F
A. hirsuta	Arabis	hirsuta			671702	A. hirsuta	-	r	-	-	-	-	-	-	-	-	-	-	-	-	-	-	-	-	-	-	-	-	-	-	-	R	S
A. pycnocarpa	Arabis	pycnocarpa			671703	A. pycnocarpa	-	-	-	-	-	-	-	-	-	-	-	-	-	-	b	b	r	r	-	-	-	-	-	-	-	R	F
	Boechera				6718	Boechera																											
B. stricta	Boechera	stricta			671801	B. stricta	-	-	-	-	-	-	-	-	-	-	-	-	-	-	-	r	-	-	-	-	-	-	-	-	-	R	S
B. grahamii	Boechera	grahamii			671802	B. grahamii	-	-	-	-	-	-	-	-	-	-	-	-	-	-	-	r	r	b	-	-	-	-	-	-	-	R	F
B. holboellii	Boechera	holboellii			671803	B. holboellii	-	-	-	-	-	-	-	-	-	-	-	-	-	-	-	-	-	-	-	s	r	-	-	?	S	S	F
	Alyssum				6719	Alyssum																											
A. obovatum	Alyssum	obovatum			671901	A. obovatum	-	-	-	-	r	r	r	-	r	-	s	-	-	-	-	r	-	-	-	-	-	-	-	-	R	S	S
	Physaria				6720	Physaria																											
P. arctica	Physaria	arctica			672001	P. arctica	-	-	-	-	-	-	r	-	s	?	-	s	-	s	s	s	f	s	f	s	f	R	F	F	F	F	S
P. calderi	Physaria	calderi			672002	P. calderi	-	-	-	-	-	-	-	-	-	-	-	-	-	-	-	r	-	-	-	-	-	-	-	-	-	R	R
	Draba				6721	Draba																											
D. pauciflora	Draba	pauciflora			672101	D. pauciflora	-	-	-	f	s	s	f	s	f	s	f	f	-	r	-	r	f	s	f	f	f	F	F	F	F	S	-
D. micropetala	Draba	micropetala			672102	D. micropetala	-	-	-	f	s	s	f	s	s	s	X	s	-	-	-	r	f	?	f	f	f	F	F	F	F	R	-
D. simmonsii	Draba	simmonsii			672103	D. simmonsii	-	-	-	-	-	-	-	-	-	-	-	-	-	-	-	-	f	f	f	-	-	F	F	F	S	R	-
D. stenopetala	Draba	stenopetala			672104	D. stenopetala	-	-	-	-	-	-	-	-	-	-	s	-	r	f	r	-	-	-	-	-	-	-	-	-	S	S	S
D. tschuktschorum	Draba	tschuktschorum			672105	D. tschuktschorum	-	-	-	-	-	-	-	-	-	-	-	r	-	s	-	-	-	-	-	-	-	-	-	R	R	R	-
D. alpina	Draba	alpina			672106	D. alpina	r	r	r	f	f	-	-	-	-	-	-	-	-	-	-	-	-	s	s	f	f	S	F	F	F	F	F
D. glacialis	Draba	glacialis			672107	D. glacialis	-	-	r	?	f	s	f	f	f	r	-	-	-	-	-	-	-	?	-	-	-	-	R	F	F	F	S
D. oxycarpa	Draba	oxycarpa			672108	D. oxycarpa	?	-	?	f	s	-	-	-	-	-	-	-	-	-	-	-	-	-	-	-	f	S	F	F	F	F	S
D. pseudo-oxycarpa (ined.)	Draba	pseudo-oxycarpa	(ined.)		672109	D. pseudo-oxycarpa (ined.)	-	-	-	-	-	-	-	-	-	-	-	s	-	r	r	r	-	-	-	-	-	-	R	S	S	R	R
D. macounii	Draba	macounii			672110	D. macounii	-	-	-	-	-	-	-	-	-	-	-	-	-	-	-	s	-	-	-	-	-	-	-	-	-	S	S
D. eschscholtzii	Draba	eschscholtzii			672111	D. eschscholtzii	-	-	-	-	-	-	r	r	r	-	r	-	-	r	-	-	-	-	-	-	-	-	-	?	R	R	R
D. ochroleuca	Draba	ochroleuca			672112	D. ochroleuca	-	-	-	-	?	-	?	-	-	-	?	-	-	?	-	-	-	-	-	-	-	-	-	-	-	?	S
D. pilosa	Draba	pilosa			672113	D. pilosa	-	-	-	-	-	r	f	s	f	?	s	r	-	s	s	s	r	r	-	-	-	-	-	R	F	F	S
D. corymbosa	Draba	corymbosa			672114	D. corymbosa	-	-	-	f	s	r	f	r	f	s	r	f	-	r	s	f	f	f	f	r	s	F	F	F	F	S	R
D. oligosperma	Draba	oligosperma			672115	D. oligosperma	-	-	-	-	-	-	-	-	-	-	-	-	-	-	-	-	r	-	-	-	-	-	-	-	R	-	S
D. fladnizensis	Draba	fladnizensis			672116	D. fladnizensis	-	r	r	r	s	s	s	s	f	-	r	s	-	r	s	s	r	s	r	r	s	-	?	S	F	F	F
D. subcapitata	Draba	subcapitata			672117	D. subcapitata	-	-	-	f	s	s	f	s	s	s	s	f	-	r	-	r	f	s	f	s	f	F	F	F	F	S	R
D. lactea	Draba	lactea			672118	D. lactea	-	-	r	f	f	s	f	f	f	s	s	f	-	s	f	f	f	f	f	f	f	F	F	F	F	F	S
D. taimyrensis	Draba	taimyrensis			672119	D. taimyrensis	-	-	-	-	-	-	r	-	-	-	-	-	-	-	-	-	-	-	-	-	-	-	-	R	R	-	-
D. nivalis	Draba	nivalis			672120	D. nivalis	s	r	s	f	f	f	-	-	r	r	f	-	r	f	s	s	f	f	s	f	f	S	F	F	F	F	F
D. chamissonis	Draba	chamissonis			672121	D. chamissonis	-	-	-	-	-	-	-	-	-	-	r	-	r	r	r	-	-	-	-	-	-	-	-	-	R	R	S
D. lonchocarpa (var. lonchocarpa)	Draba	lonchocarpa	(var.	lonchocarpa)	672122	D. lonchocarpa (var. lonchocarpa)	-	-	-	-	-	-	-	-	r	-	r	r	?	r	r	r	-	-	-	-	-	-	-	R	R	R	F
D. palanderiana	Draba	palanderiana			672123	D. palanderiana	-	-	-	-	-	-	-	-	?	-	r	r	-	r	s	f	-	-	-	-	-	-	-	R	S	S	S
Diploid morph	Draba	morph			672123a	Diploid morph	-	-	-	-	-	-	-	-	?	-	?	-	-	r	s	f	-	-	-	-	-	-	-	-	R	S	S
Polyploid morph	Draba	morph			672123b	Polyploid morph	-	-	-	-	-	-	-	-	-	-	r	r	-	r	-	-	-	-	-	-	-	-	-	R	S	S	?
D. magadanensis	Draba	magadanensis			672124	D. magadanensis	-	-	-	-	-	-	-	-	-	-	?	-	-	-	-	-	-	-	-	-	-	-	-	-	-	?	S
D. cinerea	Draba	cinerea			672125	D. cinerea	-	-	r	-	f	s	f	s	f	r	f	f	r	s	f	f	s	s	r	s	r	-	-	R	S	F	F
D. arctica subsp. arctica	Draba	arctica	subsp.	arctica	672126a	D. arctica subsp. arctica	-	-	-	f	-	-	-	-	-	-	-	-	-	-	-	-	-	-	f	s	s	F	F	F	F	R	-
D. arctica subsp. ostenfeldii	Draba	arctica	subsp.	ostenfeldii	672126b	D. arctica subsp. ostenfeldii	-	-	-	-	-	-	-	-	-	-	-	-	-	-	-	-	-	-	s	s	r	S	S	?	-	-	-
D. oblongata	Draba	oblongata			672127	D. oblongata	-	-	-	?	-	-	r	-	r	r	r	r	-	r	-	r	f	-	f	f	f	F	F	F	F	R	-
D. arctogena	Draba	arctogena			672128	D. arctogena	-	-	-	-	-	-	-	-	-	-	-	-	-	-	-	-	-	-	f	r	s	S	S	S	S	S	R
D. sp. aff. arctogena	Draba	sp.	aff.	arctogena	672129	D. sp. aff. arctogena	-	-	-	-	-	-	-	-	-	-	-	s	-	-	-	-	-	-	-	-	-	-	R	S	-	-	-
D. parvisiliquosa	Draba	parvisiliquosa			672130	D. parvisiliquosa	-	-	-	-	-	-	r	-	r	r	-	-	-	-	-	-	-	-	-	-	-	-	-	R	R	R	R
D. rupestris	Draba	rupestris			672131	D. rupestris	f	f	r	s	s	-	-	-	-	-	-	-	-	-	-	-	-	s	-	f	f	-	R	S	F	F	F
D. glabella	Draba	glabella			672132	D. glabella	-	f	f	f	f	f	s	f	f	s	f	f	s	f	s	f	f	f	r	f	s	-	S	F	F	F	F
D. juvenilis	Draba	juvenilis			672133	D. juvenilis	-	-	-	-	-	-	r	r	r	r	f	s	r	f	f	f	r	-	-	-	-	-	-	-	R	F	F
D. incana	Draba	incana			672134	D. incana	f	f	s	-	-	-	-	-	-	-	-	-	-	-	-	-	-	r	-	s	r	-	-	?	S	F	F
D. cana	Draba	cana			672135	D. cana	-	-	-	-	-	-	-	-	-	-	-	-	-	-	s	s	r	r	-	s	r	-	-	-	S	F	F
D. borealis	Draba	borealis			672136	D. borealis	-	-	-	-	-	-	-	-	-	-	?	-	r	s	s	r	-	-	-	-	-	-	-	-	R	S	S
D. sibirica subsp. arctica	Draba	sibirica	subsp.	arctica	672137a	D. sibirica subsp. arctica	-	-	s	-	s	r	r	-	-	-	-	-	-	-	-	-	-	-	-	-	r	-	-	S	F	F	F
D. nemorosa	Draba	nemorosa			672138	D. nemorosa	-	-	*	-	*	*	*	*	*	-	*	-	-	*	r	r	-	r	-	-	-	-	-	-	-	S	F
D. verna	Draba	verna			672139	D. verna	s	**	-	-	-	-	-	-	-	-	-	-	-	-	-	-	-	-	-	**	-	-	-	-	-	R	S
D. aurea	Draba	aurea			672140	D. aurea	-	-	-	-	-	-	-	-	-	-	-	-	-	-	-	-	r	r	-	f	r	-	-	R	F	F	F
D. incerta	Draba	incerta			672141	D. incerta	-	-	-	-	-	-	-	-	-	-	-	-	-	-	r	r	-	-	-	-	-	-	-	-	-	R	R
D. crassifolia	Draba	crassifolia			672142	D. crassifolia	-	-	-	-	-	-	-	-	-	-	-	-	-	-	r	r	r	r	-	s	s	-	-	R	F	F	F
D. stenoloba	Draba	stenoloba			672143	D. stenoloba	-	-	-	-	-	-	-	-	-	-	-	-	-	-	r	r	-	-	-	-	-	-	-	-	-	R	S
D. grandis	Draba	grandis			672244	D. grandis	-	-	-	-	-	-	-	-	-	-	-	-	-	r	r	-	-	-	-	-	-	-	-	-	-	R	S
	Cochlearia				6722	Cochlearia																											
C. officinalis subsp. officinalis	Cochlearia	officinalis	subsp.	officinalis	672201a	C. officinalis subsp. officinalis	-	f	-	-	-	-	-	-	-	-	-	-	-	-	-	-	-	-	-	-	-	-	-	-	-	S	F
C. officinalis subsp. norvegica	Cochlearia	officinalis	subsp.	norvegica	672201b	C. officinalis subsp. norvegica	-	r	-	-	-	-	-	-	-	-	-	-	-	-	-	-	-	-	-	-	-	-	-	-	-	R	F
C. officinalis subsp. integrifolia	Cochlearia	officinalis	subsp.	integrifolia	672201c	C. officinalis subsp. integrifolia	-	s	-	-	-	-	-	-	-	-	-	-	-	-	-	-	-	-	-	-	-	-	-	-	-	S	S
C. officinalis subsp. islandica	Cochlearia	officinalis	subsp.	islandica	672201d	C. officinalis subsp. islandica	f	-	-	-	-	-	-	-	-	-	-	-	-	-	-	-	-	-	-	-	-	-	-	-	-	S	F
C. groenlandica	Cochlearia	groenlandica			672202	C. groenlandica	-	-	r	f	f	s	f	s	r	s	s	f	-	f	s	f	f	f	f	f	f	F	F	F	F	F	S
C. lenensis	Cochlearia	lenensis			672203	C. lenensis	-	-	-	-	-	-	r	-	r	-	-	-	-	-	-	-	-	-	-	-	-	-	-	-	R	R	R
C. arctica subsp. arctica	Cochlearia	arctica	subsp.	arctica	672204a	C. arctica subsp. arctica	-	s	s	-	f	f	f	s	s	s	s	f	r	f	s	-	-	-	-	-	-	-	-	R	F	F	F
C. arctica subsp. oblongifolia	Cochlearia	arctica	subsp.	oblongifolia	672204b	C. arctica subsp. oblongifolia	-	-	-	-	-	-	-	-	-	-	-	-	r	s	r	-	-	-	-	-	-	-	-	-	R	R	S
	Thlaspi				6723	Thlaspi																											
T. arvense	Thlaspi	arvense			672301	T. arvense	*	**	**	**	**	-	**	-	-	-	-	-	-	-	**	-	**	**	-	*	-	-	-	**	**	*	R
	Noccaea				6724	Noccaea																											
N. arctica	Noccaea	arctica			672401	N. arctica	-	-	-	-	r	-	r	-	r	-	r	-	-	-	-	s	-	-	-	-	-	-	-	-	R	R	S
N. camtschatica	Noccaea	camtschatica			672502	N. camtschatica	-	-	-	-	-	-	-	-	-	-	-	-	r	-	-	-	-	-	-	-	-	-	-	-	-	R	S
	Capsella				6725	Capsella																											
C. bursa-pastoris	Capsella	bursa-pastoris			672501	C. bursa-pastoris	*	*	*	**	*	-	*	-	-	-	-	-	-	-	**	*	*	*	-	*	-	-	-	**	*	*	S
	Brassica				6726	Brassica																											
B. rapa subsp. campestris	Brassica	rapa	subsp.	campestris	672601a	B. rapa subsp. campestris	**	**	**	-	-	-	**	-	**	-	**	-	-	-	*	-	-	**	-	**	**	-	-	**	**	*	*
	Subularia				6727	Subularia																											
S. aquatica subsp. aquatica	Subularia	aquatica	subsp.	aquatica	672701a	S. aquatica subsp. aquatica	f	r	r	-	-	r	-	-	-	-	-	-	r	-	r	-	-	-	-	-	-	-	-	-	-	R	F
S. aquatica subsp. americana	Subularia	aquatica	subsp.	americana	672701b	S. aquatica subsp. americana	-	-	-	-	-	-	-	-	-	-	-	-	-	-	b	-	b	r	-	s	r	-	-	?	R	R	F
	Cakile				6728	Cakile																											
C. maritima subsp. islandica	Cakile	maritima	subsp.	islandica	672801a	C. maritima subsp. islandica	s	s	-	r	-	-	-	-	-	-	-	-	-	-	-	-	-	-	-	-	-	-	-	R	-	R	F
C. edentula (subsp. edentula)	Cakile	edentula	(subsp.	edentula)	672802	C. edentula (subsp. edentula)	-	-	-	-	-	-	-	-	-	-	-	-	-	-	-	-	-	-	-	r	-	-	-	-	-	R	F
	CORNACEAE				68	CORNACEAE																											
	Chamaepericlymenum				6801	Chamaepericlymenum																											
C. suecicum	Chamaepericlymenum	suecicum			680101	C. suecicum	s	f	s	-	r	r	-	-	-	-	-	-	s	r	f	r	-	r	-	s	r	-	-	-	R	F	F
C. canadense	Chamaepericlymenum	canadense			680102	C. canadense	-	-	-	-	-	-	-	-	-	-	-	-	-	-	r	r	-	r	-	r	-	-	-	-	-	S	F
C. unalaschkense	Chamaepericlymenum	unalaschkense			680103	C. unalaschkense	-	-	-	-	-	-	-	-	-	-	-	-	-	-	s	-	-	r	-	r	-	-	-	-	-	R	F
	Swida				6802	Swida																											
S. alba	Swida	alba			680201	S. alba	-	-	b	-	b	-	-	-	-	-	-	-	-	-	-	-	-	-	-	-	-	-	-	-	-	b	S
S. sericea	Swida	sericea			680202	S. sericea	-	-	-	-	-	-	-	-	-	-	-	-	-	-	b	b	-	b	-	-	-	-	-	-	-	b	F
	BALSAMINACEAE				69	BALSAMINACEAE																											
	Impatiens				6901	Impatiens																											
I. noli-tangere	Impatiens	noli-tangere			690101	I. noli-tangere	-	-	-	-	-	-	b	-	-	-	-	-	-	-	r	-	-	-	-	-	-	-	-	-	-	R	S
	POLEMONIACEAE				70	POLEMONIACEAE																											
	Phlox				7001	Phlox																											
P. sibirica	Phlox	sibirica			700101	P. sibirica	-	-	-	-	-	-	r	?	-	r	s	-	-	-	-	-	-	-	-	-	-	-	-	-	R	S	S
P. borealis	Phlox	borealis			700102	P. borealis	-	-	-	-	-	-	-	-	-	-	-	-	-	s	s	-	-	-	-	-	-	-	-	-	R	S	S
P. alaskensis	Phlox	alaskensis			700103	P. alaskensis	-	-	-	-	-	-	-	-	-	-	-	-	-	-	?	f	-	-	-	-	-	-	-	-	R	S	S
P. hoodii	Phlox	hoodii			700104	P. hoodii	-	-	-	-	-	-	-	-	-	-	-	-	-	-	-	r	s	-	-	-	-	-	-	R	S	S	S
	Polemonium				7002	Polemonium																											
P. caeruleum subsp. caeruleum	Polemonium	caeruleum	subsp.	caeruleum	700201a	P. caeruleum subsp. caeruleum	-	r	b	-	-	r	-	-	-	-	-	-	-	-	-	-	-	-	-	-	-	-	-	-	-	R	F
P. caeruleum subsp. schmidtii	Polemonium	caeruleum	subsp.	schmidtii	700201b	P. caeruleum subsp. schmidtii	-	-	-	-	-	-	r	-	-	-	-	-	-	-	-	-	-	-	-	-	-	-	-	-	-	R	S
P. acutiflorum	Polemonium	acutiflorum			700202	P. acutiflorum	-	r	f	-	f	f	f	s	f	f	f	f	f	f	f	f	r	-	-	-	-	-	-	R	F	F	F
P. boreale	Polemonium	boreale			700203	P. boreale	-	r	f	s	f	f	f	s	f	r	f	f	s	s	s	f	s	-	-	-	r	-	R	F	F	F	S
P. villosissimum	Polemonium	villosissimum			700204	P. villosissimum	-	-	-	-	-	-	-	-	-	-	-	-	-	-	b	-	-	-	-	-	-	-	-	-	-	b	S
P. pulcherrimum subsp. pulcherrimum	Polemonium	pulcherrimum	subsp.	pulcherrimum	700205a	P. pulcherrimum subsp. pulcherrimum	-	-	-	-	-	-	-	-	-	-	-	-	-	-	b	-	-	-	-	-	-	-	-	-	-	b	R
P. pulcherrimum subsp. lindleyi	Polemonium	pulcherrimum	subsp.	lindleyi	700205b	P. pulcherrimum subsp. lindleyi	-	-	-	-	-	-	-	-	-	?	-	-	r	?	r	r	r	-	-	-	-	-	-	-	R	R	F
	PRIMULACEAE				71	PRIMULACEAE																											
	Primula				7101	Primula																											
P. elatior (subsp. elatior)	Primula	elatior	(subsp.	elatior)	710101	P. elatior (subsp. elatior)	-	*	-	-	-	-	-	-	-	-	-	-	-	-	-	-	-	-	-	-	-	-	-	-	-	*	*
P. nutans subsp. nutans	Primula	nutans	subsp.	nutans	710102a	P. nutans subsp. nutans	-	-	-	-	-	-	-	-	-	-	-	-	-	r	s	b	-	-	-	-	-	-	-	?	R	S	S
P. nutans subsp. finmarchia	Primula	nutans	subsp.	finmarchia	710102b	P. nutans subsp. finmarchia	-	s	s	-	-	-	-	-	-	-	-	-	-	-	-	-	-	-	-	-	-	-	-	-	R	F	S
P. stricta	Primula	stricta			710103	P. stricta	b	s	s	-	s	r	-	-	-	-	-	-	-	-	-	-	s	s	-	s	r	-	-	R	F	F	S
P. incana	Primula	incana			710104	P. incana	-	-	-	-	-	-	-	-	-	-	-	-	-	-	-	-	b	-	-	-	-	-	-	-	-	b	S
P. mistassinica	Primula	mistassinica			710105	P. mistassinica	-	-	-	-	-	-	-	-	-	-	-	-	-	-	b	-	r	-	-	-	-	-	-	-	-	R	S
P. laurentiana	Primula	laurentiana			710106	P. laurentiana	-	-	-	-	-	-	-	-	-	-	-	-	-	-	-	-	-	r	-	-	-	-	-	-	-	R	S
P. egaliksensis	Primula	egaliksensis			710107	P. egaliksensis	b	-	-	-	-	-	-	-	-	-	-	-	-	s	s	s	s	s	-	r	-	-	-	-	R	F	F
P. anvilensis	Primula	anvilensis			710108	P. anvilensis	-	-	-	-	-	-	-	-	-	-	-	-	-	-	r	-	-	-	-	-	-	-	-	-	R	R	-
P. borealis	Primula	borealis			710109	P. borealis	-	-	-	-	-	-	r	r	r	r	s	s	r	s	f	s	r	-	-	-	-	-	-	?	S	F	S
P. tschuktschorum	Primula	tschuktschorum			710110	P. tschuktschorum	-	-	-	-	-	-	-	-	-	-	-	-	-	r	s	-	-	-	-	-	-	-	-	-	R	R	R
P. pumila	Primula	pumila			710111	P. pumila	-	-	-	-	-	-	-	-	-	-	r	f	r	f	s	r	-	-	-	-	-	-	-	?	S	S	S
P. cuneifolia subsp. saxifragifolia	Primula	cuneifolia	subsp.	saxifragifolia	710112a	P. cuneifolia subsp. saxifragifolia	-	-	-	-	-	-	-	-	-	-	-	-	-	?	s	-	-	-	-	-	-	-	-	-	R	S	S
	Dodecatheon				7102	Dodecatheon																											
D. frigidum	Dodecatheon	frigidum			710201	D. frigidum	-	-	-	-	-	-	-	-	-	-	-	-	-	f	s	f	-	-	-	-	-	-	-	-	R	F	F
	Cortusa				7103	Cortusa																											
C. matthioli subsp. matthioli	Cortusa	matthioli	subsp.	matthioli	710301a	C. matthioli subsp. matthioli	-	-	f	-	r	-	-	-	-	-	-	-	-	-	-	-	-	-	-	-	-	-	-	-	-	F	F
C. matthioli subsp. altaica	Cortusa	matthioli	subsp.	altaica	710301b	C. matthioli subsp. altaica	-	-	-	-	-	r	r	-	-	-	-	-	-	-	-	-	-	-	-	-	-	-	-	-	-	R	R
C. matthioli subsp. sibirica	Cortusa	matthioli	subsp.	sibirica	710301c	C. matthioli subsp. sibirica	-	-	-	-	-	-	-	r	r	-	-	-	-	-	-	-	-	-	-	-	-	-	-	-	-	R	R
	Androsace				7104	Androsace																											
A. chamaejasme subsp. andersonii	Androsace	chamaejasme	subsp.	andersonii	710401a	A. chamaejasme subsp. andersonii	-	-	-	-	s	r	f	s	f	s	f	f	s	f	f	f	s	-	-	-	-	-	-	R	F	F	F
A. chamaejasme subsp. capitata	Androsace	chamaejasme	subsp.	capitata	710401b	A. chamaejasme subsp. capitata	-	-	-	-	-	-	-	-	-	-	r	-	r	-	-	-	-	-	-	-	-	-	-	-	-	R	S
A. triflora	Androsace	triflora			710402	A. triflora	-	-	-	-	s	s	f	f	f	s	-	-	-	-	-	-	-	-	-	-	-	R	F	F	F	S	R
A. gorodkovii	Androsace	gorodkovii			710403	A. gorodkovii	-	-	-	-	-	-	-	-	r	-	-	-	-	-	-	-	-	-	-	-	-	-	-	-	-	R	S
A. semiperennis	Androsace	semiperennis			710404	A. semiperennis	-	-	-	-	-	-	-	-	-	-	?	-	r	-	-	-	-	-	-	-	-	-	-	-	-	R	R
A. septentrionalis	Androsace	septentrionalis			710405	A. septentrionalis	-	-	f	-	s	f	f	f	f	r	f	f	s	f	s	f	s	s	s	-	-	-	S	F	F	F	F
A. filiformis	Androsace	filiformis			710406	A. filiformis	-	-	-	-	r	r	r	-	r	r	r	-	-	r	-	-	-	-	-	-	-	-	-	-	-	R	F
	Douglasia				7105	Douglasia																											
D. ochotensis	Douglasia	ochotensis			710501	D. ochotensis	-	-	-	-	-	-	-	-	-	r	f	f	r	f	r	s	-	-	-	-	-	-	-	R	F	F	R
D. arctica	Douglasia	arctica			710502	D. arctica	-	-	-	-	-	-	-	-	-	-	-	-	-	-	-	s	r	-	-	-	-	-	-	-	-	S	S
D. beringensis	Douglasia	beringensis			710503	D. beringensis	-	-	-	-	-	-	-	-	-	-	-	-	-	-	r	-	-	-	-	-	-	-	-	-	-	R	-
D. gormanii	Douglasia	gormanii			710504	D. gormanii	-	-	-	-	-	-	-	-	-	-	-	-	-	-	-	b	-	-	-	-	-	-	-	-	-	b	S
D. alaskana	Douglasia	alaskana			710505	D. alaskana	-	-	-	-	-	-	-	-	-	-	-	-	-	-	r	-	-	-	-	-	-	-	-	-	-	R	R
	MYRSINACEAE				72	MYRSINACEAE																											
	Trientalis				7201	Trientalis																											
T. europaea subsp. europaea	Trientalis	europaea	subsp.	europaea	720101a	T. europaea subsp. europaea	-	f	f	-	s	r	-	-	-	-	?	-	r	r	-	-	-	-	-	-	-	-	-	-	R	F	F
T. europaea subsp. arctica	Trientalis	europaea	subsp.	arctica	720101b	T. europaea subsp. arctica	-	-	-	-	-	-	-	-	-	-	r	-	s	f	f	-	-	-	-	-	-	-	-	-	R	F	F
T. borealis	Trientalis	borealis			720102	T. borealis	-	-	-	-	-	-	-	-	-	-	-	-	-	-	-	-	-	r	-	-	-	-	-	-	-	R	F
	Lysimachia				7202	Lysimachia																											
L. thyrsiflora	Lysimachia	thyrsiflora			720201	L. thyrsiflora	-	-	r	-	-	r	-	-	-	-	-	-	b	-	b	-	r	r	-	-	-	-	-	-	-	R	F
L. maritima	Lysimachia	maritima			720202	L. maritima	-	-	-	-	-	-	r	-	-	-	-	-	-	-	-	-	-	b	-	-	-	-	-	-	-	R	F
	DIAPENSIACEAE				73	DIAPENSIACEAE																											
	Diapensia				7301	Diapensia																											
D. lapponica	Diapensia	lapponica			730101	D. lapponica	s	f	f	-	r	s	-	-	-	-	-	-	-	-	-	-	r	f	r	f	s	-	R	S	F	F	F
D. obovata	Diapensia	obovata			730102	D. obovata	-	-	-	-	-	-	r	r	f	r	f	-	f	f	f	f	-	-	-	-	-	-	-	S	F	F	F
	ERICACEAE				74	ERICACEAE																											
	Rhododendron				7401	Rhododendron																											
R. aureum	Rhododendron	aureum			740101	R. aureum	-	-	-	-	-	-	-	-	-	-	r	-	f	-	-	-	-	-	-	-	-	-	-	-	-	S	F
R. lapponicum subsp. lapponicum	Rhododendron	lapponicum	subsp.	lapponicum	740102a	R. lapponicum subsp. lapponicum	-	-	-	-	-	-	-	-	-	-	-	-	-	-	-	-	f	f	r	f	f	-	-	S	F	F	F
R. lapponicum subsp. alpinum	Rhododendron	lapponicum	subsp.	alpinum	740102b	R. lapponicum subsp. alpinum	-	-	-	-	-	-	-	-	r	-	f	-	f	f	s	f	-	-	-	-	-	-	-	-	S	F	F
R. adamsii	Rhododendron	adamsii			740103	R. adamsii	-	-	-	-	-	-	r	f	f	r	-	-	-	-	-	-	-	-	-	-	-	-	-	-	?	S	F
R. groenlandicum	Rhododendron	groenlandicum			740104	R. groenlandicum	-	-	-	-	-	-	-	-	-	-	-	-	-	-	-	r	s	s	-	s	-	-	-	-	?	S	F
R. tomentosum subsp. tomentosum	Rhododendron	tomentosum	subsp.	tomentosum	740105a	R. tomentosum subsp. tomentosum	-	s	f	-	f	s	r	-	r	?	r	-	s	-	-	-	-	-	-	-	-	-	-	-	R	F	F
R. tomentosum subsp. decumbens	Rhododendron	tomentosum	subsp.	decumbens	740105b	R. tomentosum subsp. decumbens	-	-	?	-	?	f	f	s	f	f	f	r	f	f	f	f	f	f	r	f	-	-	-	R	F	F	F
	Therorhodion				7402	Therorhodion																											
T. glandulosum	Therorhodion	glandulosum			740201	T. glandulosum	-	-	-	-	-	-	-	-	-	-	-	-	f	f	s	-	-	-	-	-	-	-	-	-	?	F	F
	Kalmia				7403	Kalmia																											
K. polifolia	Kalmia	polifolia			740301	K. polifolia	-	-	-	-	-	-	-	-	-	-	-	-	-	-	-	-	r	s	-	-	-	-	-	-	-	S	F
K. procumbens	Kalmia	procumbens			740302	K. procumbens	f	f	f	-	f	r	-	b	-	-	f	-	f	f	f	f	s	f	-	f	f	-	-	R	F	F	F
	Phyllodoce				7404	Phyllodoce																											
P. caerulea	Phyllodoce	caerulea			740401	P. caerulea	r	f	f	-	f	-	-	-	-	-	r	-	s	f	r	-	r	s	-	f	f	-	-	-	?	F	F
P. aleutica	Phyllodoce	aleutica			740402	P. aleutica	-	-	-	-	-	-	-	-	-	-	-	-	-	-	r	-	-	-	-	-	-	-	-	-	-	R	F
	Calluna				7405	Calluna																											
C. vulgaris	Calluna	vulgaris			740501	C. vulgaris	f	s	r	-	-	-	-	-	-	-	-	-	-	-	-	-	-	-	-	-	-	-	-	-	-	F	F
	Cassiope				7406	Cassiope																											
C. tetragona (subsp. tetragona)	Cassiope	tetragona	(subsp.	tetragona)	740601	C. tetragona (subsp. tetragona)	-	-	-	f	r	s	f	f	f	s	f	f	s	f	f	f	f	f	f	f	f	-	?	F	F	F	F
C. ericoides	Cassiope	ericoides			740602	C. ericoides	-	-	-	-	-	-	-	-	-	-	r	-	s	r	-	-	-	-	-	-	-	-	-	-	-	R	F
C. lycopodioides	Cassiope	lycopodioides			740603	C. lycopodioides	-	-	-	-	-	-	-	-	-	-	-	-	-	-	r	-	-	-	-	-	-	-	-	-	-	R	F
	Harrimanella				7407	Harrimanella																											
H. hypnoides	Harrimanella	hypnoides			740701	H. hypnoides	f	s	s	r	f	s	-	-	-	-	-	-	-	-	-	-	r	s	-	f	f	-	-	R	F	F	F
H. stelleriana	Harrimanella	stelleriana			740702	H. stelleriana	-	-	-	-	-	-	-	-	-	-	-	-	-	-	r	-	-	-	-	-	-	-	-	-	-	R	F
	Andromeda				7408	Andromeda																											
A. polifolia	Andromeda	polifolia			740801	A. polifolia	-	f	f	-	f	f	s	r	r	r	f	-	f	f	f	f	f	f	-	r	-	-	-	?	F	F	F
A. polifolia subsp. polifolia	Andromeda	polifolia	subsp.	polifolia	740801a	A. polifolia subsp. polifolia	-	f	f	-	f	f	?	?	?	?	-	-	-	-	-	-	-	-	-	-	-	-	-	-	S	F	F
A. polifolia subsp. pumila	Andromeda	polifolia	subsp.	pumila	740801b	A. polifolia subsp. pumila	-	?	?	-	?	?	?	?	?	?	f	-	f	f	f	f	f	f	-	r	-	-	-	?	F	F	F
A. glaucophylla	Andromeda	glaucophylla			740802	A. glaucophylla	-	-	-	-	-	-	-	-	-	-	-	-	-	-	-	-	-	r	-	r	-	-	-	-	R	S	F
	Chamaedaphne				7409	Chamaedaphne																											
C. calyculata	Chamaedaphne	calyculata			740901	C. calyculata	-	-	f	-	s	r	r	-	-	r	s	-	r	-	r	r	r	r	-	-	-	-	-	-	?	S	F
	Arctostaphylos				7410	Arctostaphylos																											
A. uva-ursi	Arctostaphylos	uva-ursi			741001	A. uva-ursi	s	r	s	-	r	r	-	-	-	-	-	-	-	-	-	s	r	r	-	r	-	-	-	-	R	S	F
	Arctous				7411	Arctous																											
A. alpina	Arctous	alpina			741101	A. alpina	-	f	f	-	s	f	s	s	f	s	s	-	s	f	f	f	f	f	-	r	r	-	-	S	F	F	F
A. rubra	Arctous	rubra			741102	A. rubra	-	-	-	-	-	-	-	r	s	r	f	-	r	f	s	f	s	s	-	-	-	-	-	-	S	F	F
	Gaulteria				7412	Gaulteria																											
G. hispidula	Gaulteria	hispidula			741201	G. hispidula	-	-	-	-	-	-	-	-	-	-	-	-	-	-	-	-	-	r	-	-	-	-	-	-	-	R	F
	Vaccinium				7413	Vaccinium																											
V. myrtillus	Vaccinium	myrtillus			741301	V. myrtillus	f	f	f	-	s	s	r	-	-	-	-	-	-	-	-	-	-	-	-	r	-	-	-	-	F	F	F
V. ovalifolium	Vaccinium	ovalifolium			741302	V. ovalifolium	-	-	-	-	-	-	-	-	-	-	-	-	-	-	r	-	-	-	-	-	-	-	-	-	-	R	S
V. caespitosum	Vaccinium	caespitosum			741303	V. caespitosum	-	-	-	-	-	-	-	-	-	-	-	-	-	-	-	-	-	r	-	-	-	-	-	-	-	R	S
V. myrtilloides	Vaccinium	myrtilloides			741304	V. myrtilloides	-	-	-	-	-	-	-	-	-	-	-	-	-	-	-	-	-	r	-	-	-	-	-	-	-	R	F
V. uliginosum subsp. uliginosum	Vaccinium	uliginosum	subsp.	uliginosum	741305a	V. uliginosum subsp. uliginosum	f	f	s	-	-	-	-	-	-	-	-	-	-	-	-	-	-	s	-	r	-	-	-	-	R	S	F
V. uliginosum subsp. microphyllum	Vaccinium	uliginosum	subsp.	microphyllum	741305b	V. uliginosum subsp. microphyllum	?	r	f	r	f	f	f	s	f	r	f	s	?	f	f	f	s	s	s	f	f	-	?	S	F	F	F
V. uliginosum subsp. occidentale	Vaccinium	uliginosum	subsp.	occidentale	741305c	V. uliginosum subsp. occidentale	-	-	-	-	-	-	-	-	-	-	-	-	-	-	b	-	-	-	-	-	-	-	-	-	-	b	F
V. uliginosum subsp. pedris	Vaccinium	uliginosum	subsp.	pedris	741305d	V. uliginosum subsp. pedris	-	-	-	-	-	-	-	-	-	-	X	-	f	f	f	f	-	-	-	-	-	-	-	-	?	F	F
V. uliginosum subsp. vulcanorum	Vaccinium	uliginosum	subsp.	vulcanorum	741305e	V. uliginosum subsp. vulcanorum	-	-	-	-	-	-	-	-	-	-	-	-	-	s	s	-	-	-	-	-	-	-	-	-	R	S	R
V. vitis-idaea	Vaccinium	vitis-idaea			741306	V. vitis-idaea	r	f	f	-	f	f	f	s	f	s	f	s	r	f	f	f	s	f	r	s	-	-	?	R	F	F	F
V. vitis-idaea subsp. vitis-idaea	Vaccinium	vitis-idaea	subsp.	vitis-idaea	741306a	V. vitis-idaea subsp. vitis-idaea	r	f	s	-	r	r	b	b	b	b	-	-	-	-	-	-	-	-	-	-	-	-	-	-	-	S	F
V. vitis-idaea subsp. minus	Vaccinium	vitis-idaea	subsp.	minus	741306b	V. vitis-idaea subsp. minus	-	s	f	-	f	f	f	s	f	s	f	s	r	f	f	f	s	f	r	s	-	-	?	R	F	F	F
	Oxycoccus				7414	Oxycoccus																											
O. palustris subsp. palustris	Oxycoccus	palustris	subsp.	palustris	741401a	O. palustris subsp. palustris	-	?	r	-	r	r	-	-	-	-	-	-	-	-	-	-	-	r	-	-	-	-	-	-	-	R	F
O. palustris subsp. microphyllus	Oxycoccus	palustris	subsp.	microphyllus	741401b	O. palustris subsp. microphyllus	-	-	-	-	-	-	-	-	-	-	-	-	-	-	-	-	-	r	-	s	-	-	-	-	R	R	R
O. microcarpus	Oxycoccus	microcarpus			741402	O. microcarpus	s	f	f	-	s	s	r	-	r	r	s	-	r	s	f	s	s	s	-	-	-	-	-	-	R	S	F
	Empetrum				7415	Empetrum																											
E. eamesii	Empetrum	eamesii			741501	E. eamesii	-	-	-	-	-	-	-	-	-	-	-	-	-	-	-	-	-	?	-	-	?	-	-	-	-	?	S
E. atropurpureum	Empetrum	atropurpureum			741502	E. atropurpureum	-	-	-	-	-	-	-	-	-	-	-	-	-	-	-	-	-	?	?	?	?	-	-	-	-	?	S
E. nigrum	Empetrum	nigrum			741503	E. nigrum	f	f	f	s	f	f	f	f	f	s	f	-	f	f	f	f	f	f	s	f	f	-	R	S	F	F	F
	Pyrola				7416	Pyrola																											
P. grandiflora subsp. grandiflora	Pyrola	grandiflora	subsp.	grandiflora	741601a	P. grandiflora subsp. grandiflora	s	-	f	-	f	f	f	f	f	f	f	r	s	f	f	f	f	f	s	f	s	-	-	S	F	F	S
P. grandiflora subsp. norvegica	Pyrola	grandiflora	subsp.	norvegica	741601b	P. grandiflora subsp. norvegica	-	f	?	-	-	-	-	-	-	-	-	-	-	-	-	-	-	-	-	-	-	-	-	-	-	F	F
P. asarifolia (subsp. asarifolia)	Pyrola	asarifolia	(subsp.	asarifolia)	741602	P. asarifolia (subsp. asarifolia)	-	-	-	-	-	-	?	s	s	f	f	-	f	s	s	f	?	s	-	-	-	-	-	-	?	F	F
P. minor var. conferta	Pyrola	minor	var.	conferta	741603a	P. minor var. conferta	f	f	f	-	f	s	s	-	-	-	-	-	s	f	s	b	r	s	-	f	f	-	-	R	R	F	F
P. chlorantha	Pyrola	chlorantha			741604	P. chlorantha	-	-	-	-	-	-	-	-	-	-	-	-	-	-	-	-	b	r	-	-	-	-	-	-	-	R	F
	Orthilia				7417	Orthilia																											
O. secunda	Orthilia	secunda			741701	O. secunda	s	s	s	-	r	b	-	-	-	-	-	-	-	-	b	b	-	-	-	-	-	-	-	-	-	S	F
O. obtusata	Orthilia	obtusata			741702	O. obtusata	-	-	s	-	f	r	f	f	f	s	f	r	f	f	s	f	s	f	-	r	-	-	-	R	S	F	F
	Moneses				7418	Moneses																											
M. uniflora	Moneses	uniflora			741801	M. uniflora	-	r	s	-	r	b	b	-	-	-	-	-	-	-	b	b	r	s	-	-	-	-	-	-	-	S	F
	RUBIACEAE				75	RUBIACEAE																											
	Galium				7501	Galium																											
G. kamtschaticum	Galium	kamtschaticum			750101	G. kamtschaticum	-	-	-	-	-	-	-	-	-	-	-	-	-	-	-	-	r	-	-	-	-	-	-	-	-	R	R
G. boreale	Galium	boreale			750102	G. boreale	b	s	f	-	s	s	r	r	r	-	f	-	f	f	f	r	r	r	-	r	-	-	-	-	S	F	F
G. boreale taxon boreale	Galium	boreale	taxon	boreale	750102a	G. boreale taxon boreale	b	s	f	-	s	s	r	?	?	-	-	-	-	-	-	-	-	-	-	r	-	-	-	-	?	F	F
G. boreale taxon physocarpum	Galium	boreale	taxon	physocarpum	750102b	G. boreale taxon physocarpum	-	-	s	-	r	s	r	-	-	-	-	-	-	-	-	-	-	-	-	-	-	-	-	-	-	S	F
G. boreale subsp. septentrionale	Galium	boreale	subsp.	septentrionale	750102c	G. boreale subsp. septentrionale	-	-	-	-	-	-	-	?	?	-	f	-	f	f	f	r	r	r	-	-	-	-	-	-	S	F	F
G. triflorum	Galium	triflorum			750103	G. triflorum	-	-	-	-	-	-	-	-	-	-	-	-	-	-	-	?	-	r	-	s	r	-	-	-	R	S	F
G. uliginosum	Galium	uliginosum			750104	G. uliginosum	s	r	f	-	s	s	r	-	r	-	-	-	-	-	-	-	-	-	-	*	-	-	-	-	-	F	F
G. palustre	Galium	palustre			750105	G. palustre	-	r	r	-	r	r	r	-	-	-	-	-	-	-	-	-	-	r	-	-	-	-	-	-	-	R	F
G. trifidum subsp. trifidum	Galium	trifidum	subsp.	trifidum	750106a	G. trifidum subsp. trifidum	s	s	r	-	r	s	r	-	-	r	r	-	r	s	s	r	r	s	-	s	r	-	-	-	R	S	F
G. trifidum subsp. columbianum	Galium	trifidum	subsp.	columbianum	750106b	G. trifidum subsp. columbianum	-	-	-	-	-	-	-	-	-	-	-	-	-	-	r	-	-	-	-	-	-	-	-	-	-	R	S
G. labradoricum	Galium	labradoricum			750107	G. labradoricum	-	-	-	-	-	-	-	-	-	-	-	-	-	-	-	-	-	r	-	-	-	-	-	-	-	R	F
G. verum	Galium	verum			750108	G. verum	f	*	r	-	s	r	r	r	s	-	f	-	*	-	-	-	-	-	-	-	-	-	-	-	?	S	F
G. verum taxon verum	Galium	verum	taxon	verum	750108a	G. verum taxon verum	f	*	-	-	-	-	-	-	-	-	-	-	-	-	-	-	-	-	-	-	-	-	-	-	-	R	S
G. verum subsp. ruthenicum	Galium	verum	subsp.	ruthenicum	750108b	G. verum subsp. ruthenicum	-	-	-	-	s	-	-	-	-	-	r	-	-	-	-	-	-	-	-	-	-	-	-	-	-	R	S
G. verum taxon densiflorum	Galium	verum	taxon	densiflorum	750108c	G. verum taxon densiflorum	-	-	r	-	s	r	r	r	s	-	f	-	*	-	-	-	-	-	-	-	-	-	-	-	?	S	F
G. mollugo subsp. erectum	Galium	mollugo	subsp.	erectum	750109a	G. mollugo subsp. erectum	*	*	*	-	-	-	-	-	-	-	-	-	-	-	-	-	-	-	-	**	-	-	-	-	-	*	*
G. normanii	Galium	normanii			750110	G. normanii	f	-	-	-	-	-	-	-	-	-	-	-	-	-	-	-	-	-	-	-	-	-	-	-	-	R	S
G. aparine	Galium	aparine			750111	G. aparine	b	r	r	-	-	-	-	-	-	-	-	-	-	-	-	-	-	-	-	**	-	-	-	-	-	R	F
	GENTIANACEAE				76	GENTIANACEAE																											
	Gentiana				7601	Gentiana																											
G. algida	Gentiana	algida			760101	G. algida	-	-	-	-	-	-	-	-	s	r	f	-	s	f	s	-	-	-	-	-	-	-	-	-	R	F	F
G. glauca	Gentiana	glauca			760102	G. glauca	-	-	-	-	-	-	-	r	-	r	f	-	s	f	f	s	-	-	-	-	-	-	-	-	S	F	F
G. nivalis	Gentiana	nivalis			760103	G. nivalis	f	s	-	-	-	-	-	-	-	-	-	-	-	-	-	-	-	r	-	s	s	-	-	-	F	F	F
G. verna	Gentiana	verna			760104	G. verna	-	-	s	-	r	-	-	-	-	-	-	-	-	-	-	-	-	-	-	-	-	-	-	-	R	F	S
G. prostrata	Gentiana	prostrata			760105	G. prostrata	-	-	-	-	-	-	-	r	r	-	-	-	r	s	s	s	-	-	-	-	-	-	-	-	R	F	F
	Gentianella				7602	Gentianella																											
G. campestris subsp. islandica	Gentianella	campestris	subsp.	islandica	760201a	G. campestris subsp. islandica	f	r	-	-	-	-	-	-	-	-	-	-	-	-	-	-	-	-	-	-	-	-	-	-	-	S	F
G. amarella subsp. amarella	Gentianella	amarella	subsp.	amarella	760202a	G. amarella subsp. amarella	-	r	r	-	r	-	-	-	-	-	-	-	-	-	-	-	-	-	-	-	-	-	-	-	-	R	F
G. amarella subsp. septentrionalis	Gentianella	amarella	subsp.	septentrionalis	760202b	G. amarella subsp. septentrionalis	f	-	-	-	-	-	-	-	-	-	-	-	-	-	-	-	-	-	-	-	-	-	-	-	-	S	F
G. amarella subsp. acuta	Gentianella	amarella	subsp.	acuta	760202c	G. amarella subsp. acuta	-	-	-	-	-	-	r	r	-	r	-	-	-	-	-	-	-	r	-	r	r	-	-	-	-	R	F
G. propinqua subsp. propinqua	Gentianella	propinqua	subsp.	propinqua	760203a	G. propinqua subsp. propinqua	-	-	-	-	-	-	-	-	-	-	-	-	-	s	s	s	s	r	-	-	-	-	-	-	R	F	F
G. propinqua subsp. arctophila	Gentianella	propinqua	subsp.	arctophila	760203b	G. propinqua subsp. arctophila	-	-	-	-	-	-	-	-	-	-	-	r	-	-	r	s	s	-	-	-	-	-	-	-	R	S	R
G. auriculata	Gentianella	auriculata			760204	G. auriculata	-	-	-	-	-	-	-	-	-	-	-	-	s	r	r	-	-	-	-	-	-	-	-	-	-	R	F
G. aurea	Gentianella	aurea			760205	G. aurea	f	f	r	-	-	-	-	-	-	-	-	-	-	-	-	-	-	-	-	s	r	-	-	-	R	F	F
	Comastoma				7603	Comastoma																											
C. tenellum	Comastoma	tenellum			760301	C. tenellum	f	r	f	r	s	s	r	s	f	r	f	s	s	f	s	s	r	r	-	r	s	-	-	R	F	F	S
	Gentianopsis				7604	Gentianopsis																											
G. detonsa (s. str.)	Gentianopsis	detonsa	(s.	str.)	760401	G. detonsa (s. str.)	f	s	r	-	r	-	-	-	-	-	-	-	-	-	-	-	-	-	-	r	r	-	-	R	S	F	F
G. richardsonii	Gentianopsis	richardsonii			760402	G. richardsonii	-	-	-	-	-	-	-	-	-	-	-	-	-	-	r	-	r	-	-	-	-	-	-	-	-	R	R
G. nesophila	Gentianopsis	nesophila			760403	G. nesophila	-	-	-	-	-	-	-	-	-	-	-	-	-	-	-	-	-	r	-	-	-	-	-	-	-	R	S
G. barbata subsp. barbata	Gentianopsis	barbata	subsp.	barbata	760404a	G. barbata subsp. barbata	-	-	-	-	-	-	r	r	s	-	s	-	-	-	-	-	-	-	-	-	-	-	-	-	R	S	S
G. barbata subsp. raupii	Gentianopsis	barbata	subsp.	raupii	760404b	G. barbata subsp. raupii	-	-	-	-	-	-	-	-	-	-	-	-	-	-	-	-	r	-	-	-	-	-	-	-	-	R	S
	Lomatogonium				7605	Lomatogonium																											
L. rotatum subsp. rotatum	Lomatogonium	rotatum	subsp.	rotatum	760501a	L. rotatum subsp. rotatum	s	r	s	-	-	-	-	-	-	-	-	-	b	r	s	r	s	s	-	s	-	-	-	-	R	S	S
L. rotatum subsp. tenuifolium	Lomatogonium	rotatum	subsp.	tenuifolium	760501b	L. rotatum subsp. tenuifolium	-	-	-	-	-	-	-	-	-	-	-	-	-	-	r	s	-	-	-	-	-	-	-	-	-	S	S
L. carinthiacum	Lomatogonium	carinthiacum			760502	L. carinthiacum	-	-	-	-	-	-	-	-	-	-	-	-	r	-	-	-	-	-	-	-	-	-	-	-	-	R	S
	Swertia				7606	Swertia																											
S. obtusa	Swertia	obtusa			760601	S. obtusa	-	-	-	-	-	-	r	-	-	-	-	-	-	-	-	-	-	-	-	-	-	-	-	-	-	R	S
	LAMIACEAE				77	LAMIACEAE																											
	Ajuga				7701	Ajuga																											
A. pyramidalis	Ajuga	pyramidalis			770101	A. pyramidalis	-	*	-	-	-	-	-	-	-	-	-	-	-	-	-	-	-	-	-	-	-	-	-	-	-	*	F
	Scutellaria				7702	Scutellaria																											
S. galericulata subsp. galericulata	Scutellaria	galericulata	subsp.	galericulata	770201a	S. galericulata subsp. galericulata	-	-	b	-	-	-	-	-	-	-	-	-	-	-	-	-	-	-	-	**	-	-	-	-	-	b	F
S. galericulata subsp. pubescens	Scutellaria	galericulata	subsp.	pubescens	770201b	S. galericulata subsp. pubescens	-	-	-	-	-	-	-	-	-	-	-	-	-	-	-	-	-	r	-	-	-	-	-	-	-	R	F
	Glechoma				7703	Glechoma																											
G. hederacea	Glechoma	hederacea			770301	G. hederacea	-	*	*	-	*	*	-	-	-	-	-	-	-	-	-	-	-	-	-	-	-	-	-	-	-	*	S
	Dracocephalum				7704	Dracocephalum																											
D. palmatum	Dracocephalum	palmatum			770401	D. palmatum	-	-	-	-	-	-	-	-	r	r	f	-	r	r	-	-	-	-	-	-	-	-	-	-	R	F	F
D. parviflorum	Dracocephalum	parviflorum			770402	D. parviflorum	-	-	-	-	-	-	-	-	-	-	-	-	-	-	-	-	-	*	-	-	-	-	-	-	-	*	S
	Prunella				7705	Prunella																											
P. vulgaris subsp. vulgaris	Prunella	vulgaris	subsp.	vulgaris	770501a	P. vulgaris subsp. vulgaris	r	*	*	-	-	-	-	-	-	-	-	-	-	-	-	-	-	-	-	-	-	-	-	-	-	R	F
P. vulgaris subsp. lanceolata	Prunella	vulgaris	subsp.	lanceolata	770501b	P. vulgaris subsp. lanceolata	-	-	-	-	-	-	-	-	-	-	-	-	-	-	-	-	-	b	-	-	-	-	-	-	-	b	F
	Galeopsis				7706	Galeopsis																											
G. bifida	Galeopsis	bifida			770601	G. bifida	-	-	*	-	*	-	**	-	-	-	-	-	-	-	-	-	-	*	-	-	-	-	-	-	-	*	F
G. tetrahit	Galeopsis	tetrahit			770602	G. tetrahit	*	s	*	-	-	-	-	-	-	-	-	-	-	-	-	-	-	-	-	-	-	-	-	-	-	R	S
	Lamium				7707	Lamium																											
L. album subsp. album	Lamium	album	subsp.	album	770701a	L. album subsp. album	*	-	r	-	r	r	r	-	-	-	-	-	-	-	-	-	-	-	-	-	-	-	-	-	-	R	F
L. album subsp. orientale	Lamium	album	subsp.	orientale	770701b	L. album subsp. orientale	-	-	-	-	-	r	-	-	-	-	-	-	-	-	-	-	-	-	-	-	-	-	-	-	-	R	-
L. purpureum	Lamium	purpureum			770702	L. purpureum	*	-	**	-	-	-	-	-	-	-	-	-	-	-	-	-	-	-	-	*	-	-	-	-	-	*	*
	Stachys				7708	Stachys																											
S. palustris subsp. pilosa	Stachys	palustris	subsp.	pilosa	770801a	S. palustris subsp. pilosa	-	-	-	-	-	-	-	-	-	-	-	-	-	-	-	-	b	b	-	-	-	-	-	-	-	b	S
	Lycopus				7709	Lycopus																											
L. uniflorus	Lycopus	uniflorus			770901	L. uniflorus	-	-	-	-	-	-	-	-	-	-	-	-	-	-	-	-	-	r	-	-	-	-	-	-	-	R	S
	Mentha				7710	Mentha																											
M. aquatica	Mentha	aquatica			771001	M. aquatica	b	-	-	-	-	-	-	-	-	-	-	-	-	-	-	-	-	-	-	-	-	-	-	-	-	b	R
M. arvensis	Mentha	arvensis			771002	M. arvensis	-	-	*	-	-	-	-	-	-	-	-	-	-	r	-	-	-	-	-	-	-	-	-	-	-	R	F
M. canadensis	Mentha	canadensis			771003	M. canadensis	-	-	-	-	-	-	-	-	-	-	-	-	-	-	r	-	-	r	-	-	-	-	-	-	-	R	F
	Thymus				7711	Thymus																											
T. praecox subsp. arcticus	Thymus	praecox	subsp.	arcticus	771101a	T. praecox subsp. arcticus	f	-	-	-	-	-	-	-	-	-	-	-	-	-	-	-	-	-	-	s	r	-	-	-	R	F	F
T. serpyllum subsp. tanaensis	Thymus	serpyllum	subsp.	tanaensis	771102a	T. serpyllum subsp. tanaensis	-	r	-	-	-	-	-	-	-	-	-	-	-	-	-	-	-	-	-	-	-	-	-	-	-	R	S
T. pauciflorus	Thymus	pauciflorus			771103	T. pauciflorus	-	-	-	-	r	-	-	-	-	-	-	-	-	-	-	-	-	-	-	-	-	-	-	-	-	R	S
T. reverdattoanus	Thymus	reverdattoanus			771104	T. reverdattoanus	-	-	-	-	-	s	r	?	-	-	-	-	-	-	-	-	-	-	-	-	-	-	-	-	-	S	F
T. extremus	Thymus	extremus			771105	T. extremus	-	-	-	-	-	s	s	r	f	-	-	-	-	-	-	-	-	-	-	-	-	-	-	-	R	F	F
T. oxyodontus	Thymus	oxyodontus			771106	T. oxyodontus	-	-	-	-	-	-	-	r	r	r	f	-	r	r	-	-	-	-	-	-	-	-	-	-	R	F	F
T. karavaevii	Thymus	karavaevii			771107	T. karavaevii	-	-	-	-	-	-	-	-	b	-	-	-	-	-	-	-	-	-	-	-	-	-	-	-	-	b	R
T. mongolicus	Thymus	mongolicus			771108	T. mongolicus	-	-	-	-	-	-	-	-	-	r	-	-	-	-	-	-	-	-	-	-	-	-	-	-	-	R	S
T. sibiricus	Thymus	sibiricus			771109	T. sibiricus	-	-	-	-	-	-	r	-	-	-	-	-	-	-	-	-	-	-	-	-	-	-	-	-	-	R	F
	PHRYMACEAE				78	PHRYMACEAE																											
	Mimulus				7801	Mimulus																											
M. guttatus	Mimulus	guttatus			780101	M. guttatus	-	-	-	-	-	-	-	-	-	-	-	-	-	-	r	-	-	-	-	-	-	-	-	-	-	R	S
	SCROPHULARIACEAE				79	SCROPHULARIACEAE																											
	Limosella				7901	Limosella																											
L. aquatica	Limosella	aquatica			790101	L. aquatica	s	r	s	-	-	-	r	-	-	r	-	-	-	-	r	-	b	r	-	s	r	-	-	-	R	R	S
	PLANTAGINACEAE				80	PLANTAGINACEAE																											
	Linaria				8001	Linaria																											
L. vulgaris subsp. vulgaris	Linaria	vulgaris	subsp.	vulgaris	800101a	L. vulgaris subsp. vulgaris	-	*	*	-	-	-	-	-	-	-	-	-	-	-	-	-	-	*	-	*	-	-	-	-	-	*	S
L. vulgaris subsp. acutiloba	Linaria	vulgaris	subsp.	acutiloba	800101b	L. vulgaris subsp. acutiloba	-	-	-	-	-	-	?	-	r	?	r	-	-	-	-	-	-	-	-	-	-	-	-	-	-	R	S
	Lagotis				8002	Lagotis																											
L. glauca subsp. glauca	Lagotis	glauca	subsp.	glauca	800201a	L. glauca subsp. glauca	-	-	-	-	-	-	-	-	-	-	-	-	-	r	r	-	-	-	-	-	-	-	-	-	-	R	S
L. glauca subsp. lanceolata	Lagotis	glauca	subsp.	lanceolata	800201b	L. glauca subsp. lanceolata	-	-	-	-	-	-	-	-	-	?	s	s	s	f	f	f	-	-	-	-	-	?	S	F	F	F	S
L. glauca subsp. minor	Lagotis	glauca	subsp.	minor	800201c	L. glauca subsp. minor	-	-	s	-	s	s	f	s	f	?	-	-	-	-	-	-	-	-	-	-	-	-	S	F	F	F	S
	Veronica				8003	Veronica																											
V. longifolia	Veronica	longifolia			800301	V. longifolia	-	s	f	-	s	s	s	r	r	-	-	-	-	-	-	-	-	-	-	-	-	-	-	-	F	F	F
V. incana (subsp. incana)	Veronica	incana	(subsp.	incana)	800302	V. incana (subsp. incana)	-	-	-	-	-	-	-	-	-	r	-	-	-	-	-	-	-	-	-	-	-	-	-	-	-	R	S
V. spicata (subsp. spicata)	Veronica	spicata	(subsp.	spicata)	800303	V. spicata (subsp. spicata)	-	-	r	-	-	-	-	-	-	-	-	-	-	-	-	-	-	-	-	-	-	-	-	-	-	R	S
V. alpina subsp. alpina	Veronica	alpina	subsp.	alpina	800304a	V. alpina subsp. alpina	f	f	f	-	s	-	-	-	-	-	-	-	-	-	-	-	-	r	-	f	f	-	-	S	F	F	F
V. alpina subsp. pumila	Veronica	alpina	subsp.	pumila	800304b	V. alpina subsp. pumila	r	-	-	-	-	-	-	-	-	-	-	-	-	-	-	-	-	-	-	r	-	-	-	-	-	R	S
V. nutans	Veronica	nutans			800305	V. nutans	-	-	-	-	-	-	-	-	-	-	-	-	-	-	r	-	-	-	-	-	-	-	-	-	-	R	F
V. wormskjoldii	Veronica	wormskjoldii			800306	V. wormskjoldii	-	-	-	-	-	-	-	-	-	-	-	-	-	-	-	-	r	s	-	s	r	-	-	-	R	F	F
V. wormskjoldii subsp. alterniflora	Veronica	wormskjoldii	subsp.	alterniflora	800306a	V. wormskjoldii subsp. alterniflora	-	-	-	-	-	-	-	-	-	-	-	-	-	-	r	r	-	-	-	-	-	-	-	-	-	R	S
V. fruticans (subsp. fruticans)	Veronica	fruticans	(subsp.	fruticans)	800307	V. fruticans (subsp. fruticans)	f	r	-	-	-	-	-	-	-	-	-	-	-	-	-	-	-	-	-	s	s	-	-	R	F	F	F
V. serpyllifolia subsp. serpyllifolia	Veronica	serpyllifolia	subsp.	serpyllifolia	800308a	V. serpyllifolia subsp. serpyllifolia	*	*	*	-	*	-	-	-	-	-	-	-	-	-	-	-	-	-	-	*	-	-	-	-	-	*	F
V. serpyllifolia subsp. humifusa	Veronica	serpyllifolia	subsp.	humifusa	800308b	V. serpyllifolia subsp. humifusa	-	-	-	-	-	-	-	-	-	-	-	-	-	-	r	-	-	r	-	-	-	-	-	-	-	R	S
V. chamaedrys	Veronica	chamaedrys			800309	V. chamaedrys	-	*	-	-	-	-	-	-	-	-	-	-	-	-	-	-	-	-	-	-	-	-	-	-	-	*	S
V. officinalis	Veronica	officinalis			800310	V. officinalis	s	-	**	-	-	-	-	-	-	-	-	-	-	-	-	-	-	-	-	-	-	-	-	-	-	R	F
V. scutellata	Veronica	scutellata			800311	V. scutellata	s	r	-	-	-	-	-	-	-	-	-	-	-	-	-	-	-	r	-	-	-	-	-	-	-	R	F
V. anagallis-aquatica	Veronica	anagallis-aquatica			800312	V. anagallis-aquatica	b	-	-	-	-	-	-	-	-	-	-	-	-	-	-	-	-	-	-	-	-	-	-	-	-	b	R
V. alaskensis	Veronica	alaskensis			800313	V. alaskensis	-	-	-	-	-	-	-	-	-	-	-	-	-	-	-	b	-	-	-	-	-	-	-	-	-	b	R
	Plantago				8004	Plantago																											
P. major (subsp. major)	Plantago	major	(subsp.	major)	800401	P. major (subsp. major)	*	*	*	**	-	**	-	-	-	-	*	-	-	*	*	*	*	*	-	**	-	-	-	**	*	*	S
P. depressa	Plantago	depressa			800402	P. depressa	-	-	-	-	-	-	-	-	*	-	*	-	-	*	-	-	-	-	-	-	-	-	-	-	*	*	S
P. media	Plantago	media			800403	P. media	-	*	*	-	*	-	-	-	-	-	-	-	-	*	-	-	-	-	-	-	-	-	-	-	-	*	S
P. lanceolata	Plantago	lanceolata			800404	P. lanceolata	*	-	-	-	**	-	**	-	-	-	-	-	-	**	-	-	-	-	-	**	-	-	-	-	-	*	S
P. canescens subsp. canescens	Plantago	canescens	subsp.	canescens	800405a	P. canescens subsp. canescens	-	-	-	-	-	-	-	-	*	-	-	-	-	-	-	-	-	-	-	-	-	-	-	-	-	*	F
P. canescens subsp. jurtzevii	Plantago	canescens	subsp.	jurtzevii	800405b	P. canescens subsp. jurtzevii	-	-	-	-	-	-	-	-	-	-	r	-	-	-	-	-	-	-	-	-	-	-	-	-	-	R	-
P. canescens subsp. richardsonii	Plantago	canescens	subsp.	richardsonii	800405c	P. canescens subsp. richardsonii	-	-	-	-	-	-	-	-	-	-	-	-	-	-	-	r	s	-	-	-	-	-	-	-	S	S	R
P. eriopoda	Plantago	eriopoda			800406	P. eriopoda	-	-	-	-	-	-	-	-	-	-	-	-	-	-	-	-	r	-	-	-	-	-	-	-	-	R	S
P. maritima	Plantago	maritima			800407	P. maritima	f	f	f	-	r	-	-	-	-	-	-	-	-	-	b	-	r	f	-	f	r	-	-	R	F	F	F
	Littorella				8005	Littorella																											
L. uniflora	Littorella	uniflora			800501	L. uniflora	r	-	-	-	-	-	-	-	-	-	-	-	-	-	-	-	-	-	-	-	-	-	-	-	-	R	S
	Hippuris				8006	Hippuris																											
H. montana	Hippuris	montana			800601	H. montana	-	-	-	-	-	-	-	-	-	-	-	-	-	-	r	-	-	-	-	-	-	-	-	-	-	R	S
H. vulgaris	Hippuris	vulgaris			800602	H. vulgaris	f	f	s	-	f	s	s	?	s	s	s	r	X	f	f	f	s	r	-	-	-	-	-	R	S	F	F
H. lanceolata	Hippuris	lanceolata			800603	H. lanceolata	r	r	X	r	X	X	X	-	X	-	s	r	s	s	f	f	s	s	r	s	s	-	R	F	F	F	F
H. tetraphylla	Hippuris	tetraphylla			800604	H. tetraphylla	r	r	X	-	X	X	X	-	X	-	r	-	s	r	s	r	r	r	-	-	-	-	-	-	S	F	F
	Callitriche				8007	Callitriche																											
C. hermaphroditica	Callitriche	hermaphroditica			800701	C. hermaphroditica	r	r	r	-	r	-	r	-	-	?	r	-	r	r	s	s	r	r	-	r	-	-	-	-	R	S	F
C. stenoptera	Callitriche	stenoptera			800702	C. stenoptera	-	-	-	-	-	-	-	-	-	-	-	-	-	-	r	-	-	-	-	-	-	-	-	-	-	R	R
C. cophocarpa	Callitriche	cophocarpa			800703	C. cophocarpa	-	r	-	-	-	-	-	-	-	-	-	-	-	-	-	-	-	-	-	-	-	-	-	-	-	R	S
C. palustris	Callitriche	palustris			800704	C. palustris	s	s	s	-	s	r	-	-	-	?	s	-	r	s	s	r	r	r	-	s	r	-	-	R	S	F	F
C. anceps	Callitriche	anceps			800705	C. anceps	-	-	-	-	-	-	-	-	-	-	-	-	-	-	-	-	-	r	-	s	r	-	-	R	S	S	F
C. brutia subsp. hamulata	Callitriche	brutia	subsp.	hamulata	800706a	C. brutia subsp. hamulata	f	r	-	-	-	-	-	-	-	-	-	-	-	-	-	-	-	-	-	s	r	-	-	-	R	R	F
C. stagnalis	Callitriche	stagnalis			800707	C. stagnalis	?	-	-	-	-	-	-	-	-	-	-	-	-	-	-	-	-	-	-	-	-	-	-	-	-	?	S
	OROBANCHACEAE				81	OROBANCHACEAE																											
	Boschniakia				8101	Boschniakia																											
Boschniakia rossica	Boschniakia	rossica			810101	Boschniakia rossica	-	-	-	-	r	r	s	r	s	r	r	-	s	r	s	s	r	-	-	-	-	-	-	-	R	S	F
	Castilleja				8102	Castilleja																											
C. septentrionalis	Castilleja	septentrionalis			810201	C. septentrionalis	-	-	-	-	-	-	-	-	-	-	-	-	-	-	-	-	-	r	-	-	-	-	-	-	R	R	S
C. hyparctica	Castilleja	hyparctica			810202	C. hyparctica	-	-	-	-	r	-	r	-	s	-	r	-	-	-	-	-	-	-	-	-	-	-	-	-	-	R	S
C. lapponica	Castilleja	lapponica			810203	C. lapponica	-	r	r	-	r	-	-	-	-	-	-	-	-	-	-	-	-	-	-	-	-	-	-	-	R	R	-
C. pavlovii	Castilleja	pavlovii			810204	C. pavlovii	-	-	-	-	-	-	-	-	-	-	r	-	s	r	-	-	-	-	-	-	-	-	-	-	R	R	S
C. pallida	Castilleja	pallida			810205	C. pallida	-	-	-	-	-	-	-	-	-	-	-	-	-	?	?	-	-	-	-	-	-	-	-	-	-	?	S
C. caudata	Castilleja	caudata			810206	C. caudata	-	-	-	-	-	-	-	-	r	-	s	-	r	r	f	f	s	-	-	-	-	-	-	-	R	F	F
C. yukonis	Castilleja	yukonis			810207	C. yukonis	-	-	-	-	-	-	-	-	-	-	-	-	-	-	-	-	r	-	-	-	-	-	-	-	-	R	S
C. hyperborea	Castilleja	hyperborea			810208	C. hyperborea	-	-	-	-	-	-	-	-	-	-	-	-	-	-	r	s	r	-	-	-	-	-	-	-	R	R	F
C. pseudohyperborea	Castilleja	pseudohyperborea			810209	C. pseudohyperborea	-	-	-	-	-	-	-	-	r	-	X	-	r	r	-	-	-	-	-	-	-	-	-	-	-	R	R
C. elegans	Castilleja	elegans			810210	C. elegans	-	-	-	-	-	-	-	-	-	-	s	r	-	s	s	f	s	r	-	-	-	-	-	R	F	F	R
C. rubra	Castilleja	rubra			810211	C. rubra	-	-	-	-	-	r	r	-	r	-	r	-	-	X	-	-	-	-	-	-	-	-	-	-	-	R	S
C. raupii	Castilleja	raupii			810212	C. raupii	-	-	-	-	-	-	-	-	-	-	-	-	-	-	-	r	r	s	-	-	-	-	-	-	?	S	F
C. arctica subsp. arctica	Castilleja	arctica	subsp.	arctica	810213a	C. arctica subsp. arctica	-	-	-	-	-	s	r	-	-	-	-	-	-	-	-	-	-	-	-	-	-	-	-	-	R	S	R
C. arctica subsp. vorkutensis	Castilleja	arctica	subsp.	vorkutensis	810213b	C. arctica subsp. vorkutensis	-	-	-	-	r	-	-	-	-	-	-	-	-	-	-	-	-	-	-	-	-	-	-	-	-	R	R
	Melampyrum				8103	Melampyrum																											
M. sylvaticum	Melampyrum	sylvaticum			810301	M. sylvaticum	b	s	r	-	?	-	-	-	-	-	-	-	-	-	-	-	-	-	-	-	-	-	-	-	-	R	F
M. pratense	Melampyrum	pratense			810302	M. pratense	-	s	r	-	-	-	-	-	-	-	-	-	-	-	-	-	-	-	-	-	-	-	-	-	-	R	F
	Euphrasia				8104	Euphrasia																											
E. wettsteinii	Euphrasia	wettsteinii			810401	E. wettsteinii	f	f	s	r	s	s	r	-	-	-	-	-	-	-	-	-	-	s	r	f	f	-	R	S	F	F	F
E. vinacea	Euphrasia	vinacea			810402	E. vinacea	-	-	-	-	-	-	-	-	-	-	-	-	-	-	-	-	-	r	-	-	-	-	-	-	-	R	R
E. mollis	Euphrasia	mollis			810403	E. mollis	-	-	-	-	-	-	-	-	-	-	-	-	-	-	r	-	-	-	-	-	-	-	-	-	-	R	S
E. subarctica	Euphrasia	subarctica			810404	E. subarctica	-	-	-	-	-	-	-	-	-	-	-	-	-	-	r	-	-	-	-	-	-	-	-	-	-	R	F
E. disjuncta	Euphrasia	disjuncta			810405	E. disjuncta	-	-	-	-	-	-	-	-	-	-	-	-	-	-	-	-	-	r	-	-	-	-	-	-	-	R	F
E. stricta	Euphrasia	stricta			810406	E. stricta	-	r	?	-	-	-	-	-	-	-	-	-	-	-	-	-	-	-	-	-	-	-	-	-	-	R	F
E. arctica	Euphrasia	arctica			810407	E. arctica	b	-	-	-	-	-	-	-	-	-	-	-	-	-	-	-	-	-	-	-	-	-	-	-	-	b	S
E. frigida	Euphrasia	frigida			810408	E. frigida	-	-	-	-	-	-	-	-	-	-	-	-	-	-	-	-	-	-	-	f	f	-	-	-	X	X	-
E. hudsoniana	Euphrasia	hudsoniana			810409	E. hudsoniana	-	-	-	-	-	-	-	-	-	-	-	-	-	-	-	-	-	r	-	-	-	-	-	-	-	R	S
E. hyperborea	Euphrasia	hyperborea			810410	E. hyperborea	-	r	-	-	-	-	r	-	r	-	-	-	-	-	-	-	-	-	-	-	-	-	-	-	-	R	F
E. saamica	Euphrasia	saamica			810411	E. saamica	-	r	-	-	-	-	-	-	-	-	-	-	-	-	-	-	-	-	-	-	-	-	-	-	-	R	F
E. parviflora	Euphrasia	parviflora			810412	E. parviflora	-	-	**	-	-	-	-	-	-	-	-	-	-	-	-	-	-	?	-	-	-	-	-	-	-	?	F
E. salisburgensis	Euphrasia	salisburgensis			810413	E. salisburgensis	-	r	-	-	-	-	-	-	-	-	-	-	-	-	-	-	-	-	-	-	-	-	-	-	-	R	S
	Bartsia				8105	Bartsia																											
B. alpina	Bartsia	alpina			810501	B. alpina	f	f	f	-	s	-	-	-	-	-	-	-	-	-	-	-	-	f	-	f	s	-	-	?	F	F	F
	Rhinanthus				8106	Rhinanthus																											
R. minor subsp. minor	Rhinanthus	minor	subsp.	minor	810601a	R. minor subsp. minor	?	?	*	-	-	-	-	-	-	-	-	-	-	-	-	-	-	-	-	?	?	-	-	-	-	?	F
R. minor subsp. groenlandicus	Rhinanthus	minor	subsp.	groenlandicus	810601b	R. minor subsp. groenlandicus	f	f	-	-	-	-	-	-	-	-	-	-	-	-	-	-	-	s	-	s	r	-	-	-	R	F	F
R. minor subsp. borealis	Rhinanthus	minor	subsp.	borealis	810601c	R. minor subsp. borealis	-	-	-	-	-	-	-	-	-	-	-	-	-	-	r	-	-	?	-	-	-	-	-	-	-	R	F
	Pedicularis				8107	Pedicularis																											
P. capitata	Pedicularis	capitata			810701	P. capitata	-	-	-	-	-	r	f	r	f	r	s	f	f	f	f	f	f	s	s	-	-	-	R	F	F	F	F
P. sceptrum-carolinum	Pedicularis	sceptrum-carolinum			810702	P. sceptrum-carolinum	-	f	f	-	-	r	s	r	f	r	f	-	s	-	-	-	-	-	-	-	-	-	-	-	R	F	F
P. tristis	Pedicularis	tristis			810703	P. tristis	-	-	-	-	-	-	-	r	s	r	-	-	r	-	-	-	-	-	-	-	-	-	-	-	-	S	S
P. dasyantha var. dasyantha	Pedicularis	dasyantha	var.	dasyantha	810704a	P. dasyantha var. dasyantha	-	-	-	s	r	-	-	-	-	-	-	-	-	-	-	-	-	-	-	-	-	-	R	F	F	R	-
P. dasyantha var. igoschiniae	Pedicularis	dasyantha	var.	igoschiniae	810704b	P. dasyantha var. igoschiniae	-	-	-	-	s	r	s	-	-	-	-	-	-	-	-	-	-	-	-	-	-	-	-	-	F	F	R
P. alopecuroides	Pedicularis	alopecuroides			810705	P. alopecuroides	-	-	-	-	-	-	s	s	f	-	f	-	-	r	-	-	-	-	-	-	-	-	-	R	F	F	F
P. lanata	Pedicularis	lanata			810706	P. lanata	-	-	-	-	-	-	-	-	-	-	s	-	f	f	f	f	f	s	s	s	-	?	S	F	F	F	F
P. hirsuta	Pedicularis	hirsuta			810707	P. hirsuta	-	-	s	f	f	f	s	s	f	s	r	r	-	-	-	r	s	f	f	f	f	R	F	F	F	F	S
P. langsdorffii	Pedicularis	langsdorffii			810708	P. langsdorffii	-	-	-	-	-	-	-	-	-	r	s	f	s	f	f	f	f	r	s	-	-	?	S	F	F	F	S
P. langsdorffii subsp. langsdorffii	Pedicularis	langsdorffii	subsp.	langsdorffii	810708a	P. langsdorffii subsp. langsdorffii	-	-	-	-	-	-	-	-	-	-	-	-	r	r	r	-	-	-	-	-	-	-	R	S	S	S	S
P. langsdorffii var. purpurascens	Pedicularis	langsdorffii	var.	purpurascens	810708b	P. langsdorffii var. purpurascens	-	-	-	-	-	-	-	-	-	-	-	-	-	r	r	-	-	-	-	-	-	-	-	-	-	R	S
P. langsdorffii subsp. arctica	Pedicularis	langsdorffii	subsp.	arctica	810708c	P. langsdorffii subsp. arctica	-	-	-	-	-	-	-	-	-	r	s	f	s	f	f	f	f	r	s	-	-	?	S	F	F	F	S
P. flammea	Pedicularis	flammea			810709	P. flammea	f	-	-	-	-	-	-	-	-	-	-	-	-	-	-	-	r	f	r	f	f	-	R	F	F	F	R
P. oederi	Pedicularis	oederi			810710	P. oederi	-	-	s	-	s	s	f	s	f	r	f	s	f	f	f	s	-	-	-	-	-	-	-	R	F	F	F
P. albolabiata	Pedicularis	albolabiata			810711	P. albolabiata	-	-	-	-	-	r	s	s	s	r	f	f	s	f	s	f	f	f	r	-	-	-	R	F	F	F	F
P. novaiae-zemliae	Pedicularis	novaiae-zemliae			810712	P. novaiae-zemliae	-	-	-	-	s	r	r	-	?	-	-	r	-	-	-	-	-	-	-	-	-	-	R	F	F	S	R
P. arctoeuropaea	Pedicularis	arctoeuropaea			810713	P. arctoeuropaea	-	r	s	-	r	r	X	X	X	X	X	?	?	X	f	f	r	-	-	-	-	-	?	F	F	F	S
P. interior	Pedicularis	interior			810714	P. interior	-	-	-	-	-	s	s	s	f	s	f	r	s	f	s	s	-	?	-	-	-	-	-	-	R	F	F
P. pacifica	Pedicularis	pacifica			810715	P. pacifica	-	-	-	-	-	-	-	-	-	-	?	-	r	s	s	-	-	-	-	-	-	-	-	-	R	F	F
P. villosa	Pedicularis	villosa			810716	P. villosa	-	-	-	-	-	-	r	r	f	-	s	f	s	s	-	-	-	-	-	-	-	-	-	R	S	F	F
P. labradorica	Pedicularis	labradorica			810717	P. labradorica	-	-	r	-	s	f	s	-	r	r	f	-	f	f	f	f	s	f	-	s	-	-	-	-	R	F	F
P. compacta	Pedicularis	compacta			810718	P. compacta	-	-	s	-	r	r	r	-	-	-	-	-	-	-	-	-	-	-	-	-	-	-	-	-	?	S	F
P. lapponica	Pedicularis	lapponica			810719	P. lapponica	-	f	f	-	s	s	s	s	f	s	f	-	s	f	-	s	s	f	-	s	s	-	-	R	F	F	F
P. adunca	Pedicularis	adunca			810720	P. adunca	-	-	-	-	-	-	-	-	-	-	-	-	*	-	-	-	-	-	-	-	-	-	-	-	-	*	R
P. palustris subsp. borealis	Pedicularis	palustris	subsp.	borealis	810721a	P. palustris subsp. borealis	-	r	r	-	-	-	-	-	-	-	-	-	-	-	-	-	-	-	-	-	-	-	-	-	-	S	F
P. palustris subsp. karoi	Pedicularis	palustris	subsp.	karoi	810721b	P. palustris subsp. karoi	-	-	-	-	r	r	?	-	-	-	-	-	-	-	-	-	-	-	-	-	-	-	-	-	-	R	S
P. parviflora	Pedicularis	parviflora			810722	P. parviflora	-	-	-	-	-	-	-	-	-	-	-	-	-	-	-	-	-	r	-	-	-	-	-	-	-	R	S
P. pennellii	Pedicularis	pennellii			810723	P. pennellii	-	-	-	-	-	r	s	r	r	r	s	-	s	f	f	r	-	-	-	-	-	-	-	-	?	S	F
P. hyperborea	Pedicularis	hyperborea			810724	P. hyperborea	-	-	-	-	?	s	-	-	-	-	-	-	-	-	-	-	-	-	-	-	-	-	-	-	-	S	S
P. groenlandica	Pedicularis	groenlandica			810725	P. groenlandica	-	-	-	-	-	-	-	-	-	-	-	-	-	-	-	-	-	s	-	r	-	-	-	-	-	S	F
P. verticillata	Pedicularis	verticillata			810726	P. verticillata	-	s	f	-	r	s	s	s	f	r	s	f	s	f	f	f	-	-	-	-	-	-	-	?	F	F	F
P. amoena	Pedicularis	amoena			810727	P. amoena	-	-	-	-	s	r	s	s	f	r	f	s	f	r	-	-	-	-	-	-	-	-	-	R	F	F	F
P. eriopoda	Pedicularis	eriopoda			810728	P. eriopoda	-	-	-	-	-	-	-	-	-	-	-	-	r	-	-	-	-	-	-	-	-	-	-	-	-	R	?
	LENTIBULARIACEAE				82	LENTIBULARIACEAE																											
	Pinguicula				8201	Pinguicula																											
P. vulgaris (subsp. vulgaris)	Pinguicula	vulgaris	(subsp.	vulgaris)	820101	P. vulgaris (subsp. vulgaris)	f	f	f	-	r	r	-	-	-	-	-	-	-	-	r	r	s	f	-	f	f	-	-	-	S	F	F
P. alpina	Pinguicula	alpina			820102	P. alpina	-	s	s	-	s	r	r	-	r	-	-	-	-	-	-	-	-	-	-	-	-	-	-	-	R	F	F
P. spathulata	Pinguicula	spathulata			820103	P. spathulata	-	-	-	-	-	-	-	-	-	-	s	-	s	s	-	-	-	-	-	-	-	-	-	-	R	S	S
P. algida	Pinguicula	algida			820104	P. algida	-	-	-	-	-	-	s	r	s	-	-	-	-	-	-	-	-	-	-	-	-	-	-	-	-	S	F
P. villosa	Pinguicula	villosa			820105	P. villosa	-	r	s	-	r	s	r	-	r	r	s	-	r	r	s	s	r	s	-	-	-	-	-	-	-	S	F
	Utricularia				8202	Utricularia																											
U. vulgaris subsp. vulgaris	Utricularia	vulgaris	subsp.	vulgaris	820201a	U. vulgaris subsp. vulgaris	-	b	r	-	r	-	-	-	r	r	-	-	-	-	-	-	-	-	-	-	-	-	-	-	-	R	F
U. vulgaris subsp. macrorhiza	Utricularia	vulgaris	subsp.	macrorhiza	820201b	U. vulgaris subsp. macrorhiza	-	-	-	-	-	-	-	-	-	r	s	-	-	r	r	s	r	r	-	-	-	-	-	-	-	R	F
U. intermedia	Utricularia	intermedia			820202	U. intermedia	-	-	-	-	-	-	r	-	-	-	r	-	r	r	r	r	r	s	-	r	-	-	-	-	R	S	F
U. ochroleuca	Utricularia	ochroleuca			820203	U. ochroleuca	-	-	-	-	-	-	-	-	-	-	-	-	-	?	-	-	r	r	-	s	-	-	-	-	R	R	F
U. minor	Utricularia	minor			820204	U. minor	s	r	-	-	-	-	r	-	-	-	r	-	r	r	-	r	b	r	-	s	r	-	-	-	R	R	F
	BORAGINACEAE				83	BORAGINACEAE																											
	Eritrichium				8301	Eritrichium																											
E. villosum	Eritrichium	villosum			830101	E. villosum	-	r	r	-	f	s	f	s	f	r	f	-	s	f	-	-	-	-	-	-	-	R	S	F	F	F	F
E. villosum subsp. villosum	Eritrichium	villosum	subsp.	villosum	830101a	E. villosum subsp. villosum	-	r	r	-	f	s	s	s	f	r	f	-	s	f	-	-	-	-	-	-	-	-	-	S	F	F	F
E. villosum subsp. pulvinatum	Eritrichium	villosum	subsp.	pulvinatum	830101b	E. villosum subsp. pulvinatum	-	-	-	-	s	r	f	r	r	r	-	-	-	-	-	-	-	-	-	-	-	R	S	F	F	S	R
E. aretioides var. aretioides	Eritrichium	aretioides	var.	aretioides	830102a	E. aretioides var. aretioides	-	-	-	-	-	-	-	-	-	-	-	-	-	s	s	s	-	-	-	-	-	-	-	?	F	F	S
E. aretioides var. chamissonis	Eritrichium	aretioides	var.	chamissonis	830102b	E. aretioides var. chamissonis	-	-	-	-	-	-	-	-	-	-	s	-	r	f	s	r	-	-	-	-	-	-	-	?	F	F	S
E. tschuktschorum	Eritrichium	tschuktschorum			830103	E. tschuktschorum	-	-	-	-	-	-	-	-	-	-	f	-	s	f	-	-	-	-	-	-	-	-	-	?	F	F	R
E. sericeum subsp. sericeum	Eritrichium	sericeum	subsp.	sericeum	830104a	E. sericeum subsp. sericeum	-	-	-	-	-	-	r	?	r	-	r	-	-	-	-	-	-	-	-	-	-	-	-	-	R	S	S
E. sericeum subsp. arctisibiricum	Eritrichium	sericeum	subsp.	arctisibiricum	830104b	E. sericeum subsp. arctisibiricum	-	-	-	-	-	r	s	r	-	-	?	f	-	-	-	-	-	-	-	-	-	-	-	R	F	F	S
E. splendens	Eritrichium	splendens			830103	E. splendens	-	-	-	-	-	-	-	-	-	-	-	-	-	-	r	r	-	-	-	-	-	-	-	-	R	R	S
	Amsinckia				8302	Amsinckia																											
A. lycopsoides	Amsinckia	lycopsoides			830201	A. lycopsoides	-	-	-	-	-	-	-	-	-	-	-	-	-	-	*	-	-	-	-	-	-	-	-	-	-	*	*
	Symphytum				8303	Symphytum																											
S. asperum	Symphytum	asperum			830301	S. asperum	-	*	**	-	-	-	-	-	-	-	-	-	-	-	-	-	-	-	-	-	-	-	-	-	-	*	*
	Mertensia				8304	Mertensia																											
M. maritima subsp. maritima	Mertensia	maritima	subsp.	maritima	830401a	M. maritima subsp. maritima	f	f	-	-	-	-	-	-	-	-	-	-	-	-	-	-	-	-	-	-	-	-	-	-	-	F	F
M. maritima subsp. asiatica	Mertensia	maritima	subsp.	asiatica	830401b	M. maritima subsp. asiatica	-	-	-	-	-	-	-	-	-	-	-	-	?	?	?	-	-	-	-	-	-	-	-	-	-	?	F
M. maritima subsp. tenella	Mertensia	maritima	subsp.	tenella	830401c	M. maritima subsp. tenella	r	-	-	s	-	-	-	-	-	-	r	s	r	f	f	f	s	f	r	f	r	-	R	F	F	S	R
M. drummondii	Mertensia	drummondii			830402	M. drummondii	-	-	-	-	-	-	-	-	-	-	-	-	-	-	-	r	r	-	-	-	-	-	-	R	R	R	-
M. paniculata (var. paniculata)	Mertensia	paniculata	(var.	paniculata)	830403	M. paniculata (var. paniculata)	-	-	-	-	-	-	-	-	-	-	-	-	-	-	f	r	-	r	-	-	-	-	-	-	R	S	F
M. eastwoodae	Mertensia	eastwoodae			830404	M. eastwoodae	-	-	-	-	-	-	-	-	-	-	-	-	-	-	r	-	-	-	-	-	-	-	-	-	-	R	R
M. pubescens	Mertensia	pubescens			830405	M. pubescens	-	-	-	-	-	-	-	-	-	-	-	-	s	-	-	-	-	-	-	-	-	-	-	-	-	R	F
	Myosotis				8305	Myosotis																											
M. scorpioides	Myosotis	scorpioides			830501	M. scorpioides	*	s	f	-	s	s	r	-	-	-	-	-	-	-	**	-	-	-	-	-	-	-	-	-	-	S	F
M. laxa subsp. cespitosa	Myosotis	laxa	subsp.	cespitosa	830502a	M. laxa subsp. cespitosa	-	*	*	-	-	*	*	-	-	-	-	-	-	-	-	-	-	-	-	-	-	-	-	-	-	R	F
M. decumbens (subsp. decumbens)	Myosotis	decumbens	(subsp.	decumbens)	830503	M. decumbens (subsp. decumbens)	-	s	?	-	-	-	-	-	-	-	-	-	-	-	-	-	-	-	-	-	-	-	-	-	-	S	F
M. pseudovariabilis	Myosotis	pseudovariabilis			830504	M. pseudovariabilis	-	-	-	-	-	r	r	-	-	-	-	-	-	-	-	-	-	-	-	-	-	-	-	-	-	R	R
M. arvensis	Myosotis	arvensis			830505	M. arvensis	*	*	**	**	-	-	**	-	-	-	-	-	-	-	-	-	-	-	-	*	-	-	-	**	**	*	S
M. alpestris subsp. asiatica	Myosotis	alpestris	subsp.	asiatica	830506a	M. alpestris subsp. asiatica	-	r	f	-	f	f	f	f	f	s	f	f	f	f	f	f	r	-	-	-	-	-	R	F	F	F	F
M. stricta	Myosotis	stricta			830507	M. stricta	b	-	-	-	-	-	-	-	-	-	-	-	-	-	-	-	-	-	-	-	-	-	-	-	-	b	S
	Asperugo				8306	Asperugo																											
A. procumbens	Asperugo	procumbens			830601	A. procumbens	-	-	**	-	-	-	**	-	-	-	-	-	-	-	**	-	-	-	-	*	-	-	-	-	*	*	F
	Lappula				8307	Lappula																											
L. occidentalis	Lappula	occidentalis			830701	L. occidentalis	-	-	-	-	-	-	-	-	-	-	-	-	-	-	-	*	*	-	-	-	-	-	-	-	-	*	S
L. squarrosa	Lappula	squarrosa			830702	L. squarrosa	-	**	-	**	**	-	**	-	-	*	-	-	-	-	-	-	-	-	-	-	-	-	-	**	-	*	*
	CAMPANULACEAE				84	CAMPANULACEAE																											
	Campanula				8401	Campanula																											
C. turczaninovii	Campanula	turczaninovii			840101	C. turczaninovii	-	-	-	-	-	-	r	-	-	-	-	-	-	-	-	-	-	-	-	-	-	-	-	-	-	R	S
C. lasiocarpa (subsp. lasiocarpa)	Campanula	lasiocarpa	(subsp.	lasiocarpa)	840102	C. lasiocarpa (subsp. lasiocarpa)	-	-	-	-	-	-	-	-	-	-	-	-	s	r	f	f	-	-	-	-	-	-	-	-	R	F	F
C. rotundifolia	Campanula	rotundifolia			840103	C. rotundifolia	r	f	f	r	f	f	s	s	f	r	r	-	-	*	*	-	r	s	-	f	f	-	-	R	F	F	F
C. rotundifolia subsp. rotundifolia	Campanula	rotundifolia	subsp.	rotundifolia	840103a	C. rotundifolia subsp. rotundifolia	r	?	-	-	-	-	-	-	-	-	-	-	-	-	*	-	-	-	-	-	-	-	-	-	-	R	F
C. rotundifolia subsp. groenlandica	Campanula	rotundifolia	subsp.	groenlandica	840103b	C. rotundifolia subsp. groenlandica	-	r	?	-	?	-	-	-	-	-	-	-	-	-	-	-	-	-	-	f	f	-	-	-	S	F	F
C. rotundifolia subsp. gieseckiana	Campanula	rotundifolia	subsp.	gieseckiana	840103c	C. rotundifolia subsp. gieseckiana	-	f	f	r	f	f	s	?	-	-	-	-	-	-	-	-	r	s	-	f	f	-	-	R	F	F	F
C. rotundifolia subsp. langsdorffiana	Campanula	rotundifolia	subsp.	langsdorffiana	840103d	C. rotundifolia subsp. langsdorffiana	-	-	-	-	-	-	-	s	f	r	r	-	-	-	-	-	-	-	-	-	-	-	-	-	-	S	F
C. uniflora	Campanula	uniflora			840104	C. uniflora	r	-	-	s	r	-	-	-	-	-	s	f	s	f	s	f	s	f	s	f	f	-	R	F	F	F	S
C. tschuktschorum	Campanula	tschuktschorum			840105	C. tschuktschorum	-	-	-	-	-	-	-	-	-	-	r	s	-	f	-	-	-	-	-	-	-	-	-	R	S	F	R
C. glomerata	Campanula	glomerata			840106	C. glomerata	-	*	-	-	-	-	*	-	*	-	-	-	-	-	-	-	-	-	-	-	-	-	-	-	-	*	S
C. aurita	Campanula	aurita			840107	C. aurita	-	-	-	-	-	-	-	-	-	-	-	-	-	-	-	b	-	-	-	-	-	-	-	-	-	b	S
	Lobelia				8402	Lobelia																											
L. kalmii	Lobelia	kalmii			840201	L. kalmii	-	-	-	-	-	-	-	-	-	-	-	-	-	-	-	-	-	b	-	-	-	-	-	-	-	b	S
	MENYANTHACEAE				85	MENYANTHACEAE																											
	Menyanthes				8501	Menyanthes																											
M. trifoliata	Menyanthes	trifoliata			850101	M. trifoliata	f	f	f	-	r	s	s	-	r	?	s	-	r	-	s	s	r	s	-	s	r	-	-	-	R	F	F
	ASTERACEAE				86	ASTERACEAE																											
	Solidago				8601	Solidago																											
S. virgaurea subsp. virgaurea	Solidago	virgaurea	subsp.	virgaurea	860101a	S. virgaurea subsp. virgaurea	-	-	r	-	-	-	-	-	-	-	-	-	-	-	-	-	-	-	-	-	-	-	-	-	-	R	F
S. virgaurea subsp. lapponica	Solidago	virgaurea	subsp.	lapponica	860101b	S. virgaurea subsp. lapponica	-	f	f	-	r	r	r	-	-	-	-	-	-	-	-	-	-	-	-	-	-	-	-	-	R	F	F
S. spiraefolia	Solidago	spiraefolia			860102	S. spiraefolia	-	-	-	-	-	-	-	-	?	?	-	-	-	-	-	-	-	-	-	-	-	-	-	-	-	?	R
S. dahurica	Solidago	dahurica			860103	S. dahurica	-	-	-	-	-	b	r	-	-	-	-	-	-	-	-	-	-	-	-	-	-	-	-	-	-	R	S
S. multiradiata	Solidago	multiradiata			860104	S. multiradiata	-	-	-	-	-	-	-	-	-	-	-	-	-	f	f	f	s	s	-	-	-	-	-	-	S	F	F
S. multiradiata subsp. multiradiata	Solidago	multiradiata	subsp.	multiradiata	860104a	S. multiradiata subsp. multiradiata	-	-	-	-	-	-	-	-	-	-	-	-	-	-	s	f	s	s	-	-	-	-	-	-	S	F	F
S. multiradiata subsp. arctica	Solidago	multiradiata	subsp.	arctica	860104b	S. multiradiata subsp. arctica	-	-	-	-	-	-	-	-	-	-	-	-	-	f	f	-	-	-	-	-	-	-	-	-	S	F	F
S. simplex	Solidago	simplex			860105	S. simplex	-	-	-	-	-	-	-	-	-	-	-	-	-	-	-	r	-	-	-	-	-	-	-	-	-	R	F
S. macrophylla	Solidago	macrophylla			860106	S. macrophylla	-	-	-	-	-	-	-	-	-	-	-	-	-	-	-	-	-	r	-	-	-	-	-	-	-	R	F
S. uliginosa	Solidago	uliginosa			860107	S. uliginosa	-	-	-	-	-	-	-	-	-	-	-	-	-	-	-	-	-	r	-	-	-	-	-	-	-	R	F
S. lepida	Solidago	lepida			860108	S. lepida	-	-	-	-	-	-	-	-	-	-	-	-	-	-	b	-	-	-	-	-	-	-	-	-	-	b	F
	Euthamia				8602	Euthamia																											
E. graminifolia	Euthamia	graminifolia			860201	E. graminifolia	-	-	-	-	-	-	-	-	-	-	-	-	-	-	-	-	-	b	-	-	-	-	-	-	-	b	F
	Aster				8603	Aster																											
A. alpinus subsp. vierhapperi	Aster	alpinus	subsp.	vierhapperi	860301a	A. alpinus subsp. vierhapperi	-	-	-	-	-	-	r	-	s	-	f	f	s	r	r	r	b	-	-	-	-	-	-	?	R	F	F
	Eurybia				8604	Eurybia																											
E. sibirica var. subintegerrima	Eurybia	sibirica	var.	subintegerrima	860401a	E. sibirica var. subintegerrima	-	r	f	-	s	r	r	r	r	r	?	-	-	-	-	-	-	-	-	-	-	-	-	-	R	S	S
E. sibirica var. gigantea	Eurybia	sibirica	var.	gigantea	860401b	E. sibirica var. gigantea	-	-	-	-	-	-	-	-	-	?	s	-	f	f	f	f	r	-	-	-	-	-	-	-	R	F	F
E. radula	Eurybia	radula			860402	E. radula	-	-	-	-	-	-	-	-	-	-	-	-	-	-	-	-	-	b	-	-	-	-	-	-	-	b	F
	Symphyotrichum				8605	Symphyotrichum																											
S. pygmaeum	Symphyotrichum	pygmaeum			860501	S. pygmaeum	-	-	-	-	-	-	-	-	-	-	-	-	-	-	-	r	r	-	-	-	-	-	-	-	R	R	-
S. yukonense	Symphyotrichum	yukonense			860502	S. yukonense	-	-	-	-	-	-	-	-	-	-	-	-	-	-	-	r	-	-	-	-	-	-	-	-	-	R	R
S. ericoides var. pansum	Symphyotrichum	ericoides	var.	pansum	860503a	S. ericoides var. pansum	-	-	-	-	-	-	-	-	-	-	-	-	-	-	-	-	b	-	-	-	-	-	-	-	-	b	F
S. falcatum	Symphyotrichum	falcatum			860504	S. falcatum	-	-	-	-	-	-	-	-	-	-	-	-	-	-	-	-	b	-	-	-	-	-	-	-	-	b	F
S. spathulatum	Symphyotrichum	spathulatum			860505	S. spathulatum	-	-	-	-	-	-	-	-	-	-	-	-	-	-	-	-	b	-	-	-	-	-	-	-	-	b	F
S. lanceolatum	Symphyotrichum	lanceolatum			860506	S. lanceolatum	-	-	-	-	-	-	-	-	-	-	-	-	-	-	-	-	-	b	-	-	-	-	-	-	-	b	F
S. boreale	Symphyotrichum	boreale			860507	S. boreale	-	-	-	-	-	-	-	-	-	-	-	-	-	-	-	-	-	r	-	-	-	-	-	-	-	R	F
S. puniceum	Symphyotrichum	puniceum			860508	S. puniceum	-	-	-	-	-	-	-	-	-	-	-	-	-	-	-	-	-	r	-	-	-	-	-	-	-	R	F
S. ciliolatum	Symphyotrichum	ciliolatum			860509	S. ciliolatum	-	-	-	-	-	-	-	-	-	-	-	-	-	-	-	-	-	r	-	-	-	-	-	-	-	R	F
	Tripolium				8606	Tripolium																											
T. pannonicum subsp. tripolium	Tripolium	pannonicum	subsp.	tripolium	860601a	T. pannonicum subsp. tripolium	-	-	r	-	-	-	-	-	-	-	-	-	-	-	-	-	-	-	-	-	-	-	-	-	-	R	S
	Erigeron				8607	Erigeron																											
E. compositus	Erigeron	compositus			860701	E. compositus	-	-	-	-	-	-	-	-	-	-	r	f	-	-	r	r	s	r	f	s	f	?	R	F	F	F	F
E. purpuratus	Erigeron	purpuratus			860702	E. purpuratus	-	-	-	-	-	-	-	-	-	-	-	-	-	-	r	s	-	-	-	-	-	-	-	-	?	S	S
E. denalii	Erigeron	denalii			860703	E. denalii	-	-	-	-	-	-	-	-	-	-	-	-	-	-	-	r	-	-	-	-	-	-	-	-	-	R	S
E. silenifolius	Erigeron	silenifolius			860704	E. silenifolius	-	-	-	-	-	r	r	r	-	-	-	-	-	-	-	-	-	-	-	-	-	-	-	-	R	R	F
E. hyperboreus	Erigeron	hyperboreus			860705	E. hyperboreus	-	-	-	-	-	-	-	-	-	-	-	-	-	s	s	s	-	-	-	-	-	-	-	-	R	S	S
E. koraginensis	Erigeron	koraginensis			860706	E. koraginensis	-	-	-	-	r	-	?	r	s	-	s	f	r	r	-	-	-	-	-	-	-	-	-	S	S	S	S
E. porsildii	Erigeron	porsildii			860707	E. porsildii	-	-	-	-	-	-	-	-	-	-	-	-	-	-	r	s	r	-	-	-	-	-	-	-	R	S	S
E. muirii	Erigeron	muirii			860708	E. muirii	-	-	-	-	-	-	-	-	-	-	-	-	-	-	r	r	-	-	-	-	-	-	-	S	S	S	R
E. yukonensis	Erigeron	yukonensis			860709	E. yukonensis	-	-	-	-	-	-	-	-	-	-	-	-	-	-	-	r	r	-	-	-	-	-	-	-	-	R	S
E. humilis	Erigeron	humilis			860710	E. humilis	r	-	-	s	-	-	-	-	-	-	f	-	f	f	s	f	s	s	-	s	f	-	R	F	F	F	F
E. uniflorus	Erigeron	uniflorus			860711	E. uniflorus	f	s	-	-	-	-	-	-	-	-	-	-	-	-	-	-	-	-	-	-	-	-	-	-	-	F	F
E. eriocephalus	Erigeron	eriocephalus			860712	E. eriocephalus	-	-	-	r	s	f	f	s	f	r	f	-	-	-	r	f	f	f	s	s	f	?	S	F	F	F	S
E. eriocalyx	Erigeron	eriocalyx			860713	E. eriocalyx	-	-	-	-	s	r	r	-	-	-	-	-	-	-	-	-	-	-	-	-	-	-	-	-	R	F	F
E. alpiniformis	Erigeron	alpiniformis			860714	E. alpiniformis	-	-	-	-	-	-	-	-	-	-	-	-	-	-	-	-	-	-	-	s	s	-	-	-	R	F	-
E. borealis	Erigeron	borealis			860715	E. borealis	f	s	f	-	s	r	r	-	-	-	-	-	-	-	-	-	-	-	-	-	-	-	-	-	R	F	F
E. acris subsp. acris	Erigeron	acris	subsp.	acris	860716a	E. acris subsp. acris	-	-	r	-	-	-	r	r	-	r	-	-	-	-	-	-	-	-	-	-	-	-	-	-	-	R	F
E. acris subsp. politus	Erigeron	acris	subsp.	politus	860716b	E. acris subsp. politus	-	s	r	-	r	X	r	?	r	?	r	-	r	-	b	r	r	r	-	-	-	-	-	-	-	S	F
E. acris subsp. kamtschaticus	Erigeron	acris	subsp.	kamtschaticus	860716c	E. acris subsp. kamtschaticus	-	-	-	-	-	-	-	-	-	-	-	-	-	-	?	?	-	-	-	-	-	-	-	-	-	R	F
E. lonchophyllus	Erigeron	lonchophyllus			860717	E. lonchophyllus	-	-	-	-	-	-	-	-	-	-	-	-	-	-	-	-	r	r	-	-	-	-	-	-	-	R	F
E. elatus	Erigeron	elatus			860718	E. elatus	-	-	-	-	-	-	-	-	-	-	-	-	-	-	-	r	r	s	-	-	-	-	-	-	-	S	F
E. peregrinus (subsp. peregrinus)	Erigeron	peregrinus	(subsp.	peregrinus)	860719	E. peregrinus (subsp. peregrinus)	-	-	-	-	-	-	-	-	-	-	-	-	-	-	b	-	-	-	-	-	-	-	-	-	-	b	F
E. glabellus subsp. pubescens	Erigeron	glabellus	subsp.	pubescens	860720a	E. glabellus subsp. pubescens	-	-	-	-	-	-	-	-	-	-	-	-	-	-	r	b	r	-	-	-	-	-	-	-	-	R	S
E. cespitosus	Erigeron	cespitosus			860721	E. cespitosus	-	-	-	-	-	-	-	-	-	-	-	-	-	-	-	?	-	-	-	-	-	-	-	-	-	?	S
E. ochroleucus	Erigeron	ochroleucus			860722	E. ochroleucus	-	-	-	-	-	-	-	-	-	-	-	-	-	-	-	r	-	-	-	-	-	-	-	-	-	R	R
E. hyssopifolius	Erigeron	hyssopifolius			860723	E. hyssopifolius	-	-	-	-	-	-	-	-	-	-	-	-	-	-	-	-	-	s	-	-	-	-	-	-	-	R	F
	Antennaria				8608	Antennaria																											
A. villifera	Antennaria	villifera			860801	A. villifera	-	b	r	-	f	f	s	s	f	-	f	-	r	r	-	-	-	-	-	-	-	-	-	R	F	F	F
A. pulcherrima	Antennaria	pulcherrima			860802	A. pulcherrima	-	-	-	-	-	-	-	-	-	-	-	-	-	-	-	r	b	s	-	-	-	-	-	-	-	R	F
A. neglecta	Antennaria	neglecta			860803	A. neglecta	-	-	-	-	-	-	-	-	-	-	-	-	-	-	-	-	-	r	-	-	-	-	-	-	-	R	S
A. dioica	Antennaria	dioica			860804	A. dioica	-	f	f	-	s	s	?	-	-	-	-	-	r	r	-	-	-	-	-	-	-	-	-	-	R	F	F
A. microphylla	Antennaria	microphylla			860805	A. microphylla	-	-	-	-	-	-	-	-	-	-	-	-	-	-	-	-	b	r	-	-	-	-	-	-	-	R	F
A. rosea subsp. rosea	Antennaria	rosea	subsp.	rosea	860806a	A. rosea subsp. rosea	-	-	-	-	-	-	-	-	-	-	-	-	-	-	-	-	b	r	-	-	-	-	-	-	-	S	F
A. rosea subsp. confinis	Antennaria	rosea	subsp.	confinis	860806b	A. rosea subsp. confinis	-	-	-	-	-	-	-	-	-	-	-	-	-	-	-	-	b	-	-	-	-	-	-	-	-	b	S
A. rosea subsp. pulvinata	Antennaria	rosea	subsp.	pulvinata	860806c	A. rosea subsp. pulvinata	-	-	-	-	-	-	-	-	-	-	-	-	-	-	-	r	s	r	-	s	r	-	-	?	S	S	F
A. hansii	Antennaria	hansii			860807	A. hansii	-	-	-	-	-	-	-	-	-	-	-	-	-	-	-	-	-	-	-	f	r	-	-	?	S	S	-
A. intermedia	Antennaria	intermedia			860808	A. intermedia	-	-	-	-	-	-	-	-	-	-	-	-	-	-	-	-	-	-	-	s	-	-	-	?	S	S	-
A. media subsp. compacta	Antennaria	media	subsp.	compacta	860809a	A. media subsp. compacta	-	-	-	-	-	-	-	-	-	-	-	-	-	s	r	s	s	r	s	s	r	-	R	S	S	S	R
A. media subsp. fusca	Antennaria	media	subsp.	fusca	860809b	A. media subsp. fusca	-	-	-	-	-	-	-	-	-	-	-	-	-	-	-	-	-	r	-	-	-	-	-	-	-	R	R
A. alpina subsp. alpina	Antennaria	alpina	subsp.	alpina	860810a	A. alpina subsp. alpina	-	s	-	-	-	-	-	-	-	-	-	-	-	-	-	-	-	-	-	-	-	-	-	-	-	F	F
A. alpina subsp. canescens	Antennaria	alpina	subsp.	canescens	860810b	A. alpina subsp. canescens	f	-	-	-	-	-	-	-	-	-	-	-	?	?	r	r	r	s	-	f	f	-	-	?	F	F	S
A. alpina subsp. porsildii	Antennaria	alpina	subsp.	porsildii	860810c	A. alpina subsp. porsildii	-	-	-	-	-	-	-	-	-	-	-	-	-	-	-	-	?	?	-	s	r	-	-	R	S	R	R
A. crymophila	Antennaria	crymophila			860811	A. crymophila	-	-	-	-	-	-	-	-	-	-	-	-	-	-	-	-	b	-	-	-	-	-	-	-	-	b	R
A. friesiana subsp. friesiana	Antennaria	friesiana	subsp.	friesiana	860812a	A. friesiana subsp. friesiana	-	-	-	-	-	-	-	-	r	r	f	r	s	f	r	f	s	s	s	f	-	?	R	F	F	F	S
A. friesiana subsp. pseudoisolepis	Antennaria	friesiana	subsp.	pseudoisolepis	860812b	A. friesiana subsp. pseudoisolepis	-	-	-	-	-	-	-	-	-	-	s	r	-	?	-	-	-	-	-	-	-	-	-	-	R	S	R
A. friesiana subsp. beringensis	Antennaria	friesiana	subsp.	beringensis	860812c	A. friesiana subsp. beringensis	-	-	-	-	-	-	-	-	-	-	-	f	r	f	-	-	-	-	-	-	-	-	-	R	F	F	-
A. friesiana subsp. alaskana	Antennaria	friesiana	subsp.	alaskana	860812d	A. friesiana subsp. alaskana	-	-	-	-	-	-	-	-	-	-	-	-	-	?	f	f	-	-	-	-	-	-	-	-	F	F	F
A. friesiana subsp. neoalaskana	Antennaria	friesiana	subsp.	neoalaskana	860812e	A. friesiana subsp. neoalaskana	-	-	-	-	-	-	-	-	-	-	-	-	-	-	-	r	?	-	-	-	-	-	-	-	?	R	S
A. monocephala subsp. monocephala	Antennaria	monocephala	subsp.	monocephala	860813a	A. monocephala subsp. monocephala	-	-	-	-	-	-	-	-	-	-	-	-	-	r	s	r	r	-	-	-	-	-	-	-	R	S	F
A. monocephala subsp. angustata	Antennaria	monocephala	subsp.	angustata	860813b	A. monocephala subsp. angustata	-	-	-	-	-	-	-	-	-	-	s	-	r	s	r	s	s	s	-	s	-	-	-	?	S	S	R
	Gnaphalium				8609	Gnaphalium																											
G. uliginosum	Gnaphalium	uliginosum			860901	G. uliginosum	-	r?	r	-	-	-	-	-	-	-	-	-	-	r	**	-	-	-	-	r	-	-	-	-	R	R	S
	Omalotheca				8610	Omalotheca																											
O. sylvatica	Omalotheca	sylvatica			861001	O. sylvatica	s	*	b	-	-	-	-	-	-	-	-	-	-	-	-	-	-	-	-	-	-	-	-	-	-	R	F
O. norvegica	Omalotheca	norvegica			861002	O. norvegica	f	f	s	-	r	r	-	-	-	-	-	-	-	-	-	-	-	s	-	s	s	-	-	-	R	F	F
O. supina	Omalotheca	supina			861003	O. supina	f	f	f	-	s	r	-	-	-	-	-	-	-	-	-	-	-	s	-	s	f	-	-	R	F	F	F
	Leontopodium				8611	Leontopodium																											
L. kurilense	Leontopodium	kurilense			861101	L. kurilense	-	-	-	-	-	-	-	-	-	-	r	-	r	-	-	-	-	-	-	-	-	-	-	-	-	R	S
	Arnica				8612	Arnica																											
A. angustifolia subsp. angustifolia s. str.	Arnica				861201a	A. angustifolia subsp. angustifolia s. str.	-	-	-	s	-	-	-	-	-	-	-	-	-	-	s	s	f	s	r	f	r	-	?	S	F	F	F
A. angustifolia subsp. alpina	Arnica	angustifolia	subsp.	alpina	861201b	A. angustifolia subsp. alpina	-	r	-	-	-	-	-	-	-	-	-	-	-	-	-	-	-	-	-	-	-	-	-	-	-	R	S
A. angustifolia subsp. iljinii	Arnica	angustifolia	subsp.	iljinii	861201c	A. angustifolia subsp. iljinii	-	-	r	-	s	s	f	s	f	r	f	f	s	f	-	-	-	-	-	-	-	-	-	R	S	F	F
A. angustifolia subsp. attenuata	Arnica	angustifolia	subsp.	attenuata	861201d	A. angustifolia subsp. attenuata	-	-	-	-	-	-	-	-	-	-	-	-	-	-	-	r	r	s	-	-	-	-	-	-	R	F	F
A. angustifolia subsp. sornborgeri	Arnica	angustifolia	subsp.	sornborgeri	861201e	A. angustifolia subsp. sornborgeri	-	-	-	-	-	-	-	-	-	-	-	-	-	-	-	-	-	r	-	-	-	-	-	-	-	R	S
A. angustifolia taxon plantaginea	Arnica	angustifolia	taxon	plantaginea	861201f	A. angustifolia taxon plantaginea	-	-	-	-	-	-	-	-	-	-	-	-	-	-	-	-	-	r	-	-	-	-	-	-	-	R	S
A. angustifolia subsp. tomentosa	Arnica	angustifolia	subsp.	tomentosa	861201g	A. angustifolia subsp. tomentosa	-	-	-	-	-	-	-	-	-	-	-	-	-	-	-	r	r	-	-	-	-	-	-	-	-	R	S
A. lonchophylla (subsp. lonchophylla)	Arnica	lonchophylla	(subsp.	lonchophylla)	861202	A. lonchophylla (subsp. lonchophylla)	-	-	-	-	-	-	-	-	-	-	-	-	-	-	-	-	b	r	-	-	-	-	-	-	-	R	F
A. frigida	Arnica	frigida			861203	A. frigida	-	-	-	-	-	-	-	-	-	r	f	f	f	f	f	f	s	-	-	-	-	-	-	?	S	F	F
A. unalaschkensis	Arnica	unalaschkensis			861204	A. unalaschkensis	-	-	-	-	-	-	-	-	-	-	-	-	-	-	r	-	-	-	-	-	-	-	-	-	-	R	S
A. lessingii	Arnica	lessingii			861205	A. lessingii	-	-	-	-	-	-	-	-	-	-	-	-	-	-	f	f	-	-	-	-	-	-	-	-	R	F	F
A. chamissonis subsp. chamissonis	Arnica	chamissonis	subsp.	chamissonis	861206a	A. chamissonis subsp. chamissonis	-	-	-	-	-	-	-	-	-	-	-	-	-	-	b	-	-	-	-	-	-	-	-	-	-	b	S
A. chamissonis subsp. foliosa	Arnica	chamissonis	subsp.	foliosa	861206b	A. chamissonis subsp. foliosa	-	-	-	-	-	-	-	-	-	-	-	-	-	-	-	-	-	r	-	-	-	-	-	-	-	R	F
	Bidens				8613	Bidens																											
B. hyperborea	Bidens	hyperborea			861301	B. hyperborea	-	-	-	-	-	-	-	-	-	-	-	-	-	-	-	-	-	r	-	-	-	-	-	-	-	R	F
	Achillea				8614	Achillea																											
A. millefolium subsp. millefolium	Achillea	millefolium	subsp.	millefolium	861401a	A. millefolium subsp. millefolium	f	f	f	**	s	r	r	-	*	-	-	-	-	-	-	-	-	-	-	*	*	-	-	**	**	F	F
A. millefolium subsp. borealis	Achillea	millefolium	subsp.	borealis	861401b	A. millefolium subsp. borealis	-	-	-	-	-	-	-	-	-	-	r	-	-	r	f	f	s	s	-	r	r	-	-	?	F	F	F
A. millefolium subsp. lanulosa	Achillea	millefolium	subsp.	lanulosa	861401c	A. millefolium subsp. lanulosa	-	-	-	-	-	-	-	-	-	-	-	-	-	-	-	?	-	r	-	*	-	-	-	-	-	R	F
A. ptarmica	Achillea	ptarmica			861402	A. ptarmica	*	*	*	-	-	-	-	-	-	-	-	-	-	-	-	-	-	-	-	*	-	-	-	-	-	*	F
A. salicifolia	Achillea	salicifolia			861403	A. salicifolia	-	-	r	-	?	r	r	-	r	-	-	-	-	-	-	-	-	-	-	-	-	-	-	-	-	R	F
A. alpina subsp. camtschatica	Achillea	alpina	subsp.	camtschatica	861404a	A. alpina subsp. camtschatica	-	-	-	-	-	-	-	-	-	-	-	-	r	r	-	-	-	-	-	-	-	-	-	-	-	R	F
A. alpina subsp. multiflora	Achillea	alpina	subsp.	multiflora	861404b	A. alpina subsp. multiflora	-	-	-	-	-	-	-	-	-	-	-	-	-	-	b	r	*	*	-	-	-	-	-	-	-	R	F
	Tripleurospermum				8615	Tripleurospermum																											
T. maritimum subsp. maritimum	Tripleurospermum	maritimum	subsp.	maritimum	861501a	T. maritimum subsp. maritimum	-	b	-	-	-	-	-	-	-	-	-	-	-	-	-	-	-	-	-	-	-	-	-	-	-	b	F
T. maritimum subsp. subpolare	Tripleurospermum	maritimum	subsp.	subpolare	861501b	T. maritimum subsp. subpolare	f	*	*	**	*	r	r	-	r	r	r	-	-	-	-	-	-	-	-	*	-	-	-	-	-	R	F
T. maritimum subsp. phaeocephalum	Tripleurospermum	maritimum	subsp.	phaeocephalum	861501c	T. maritimum subsp. phaeocephalum	r	f	f	**	f	s	f	r	s	s	f	r	s	s	s	s	s	f	-	r	r	-	-	R	F	F	F
T. tetragonospermum	Tripleurospermum	tetragonospermum			861502	T. tetragonospermum	-	-	-	-	-	-	-	-	-	-	*	-	-	-	-	-	-	-	-	-	-	-	-	-	-	*	R
T. inodorum	Tripleurospermum	inodorum			861503	T. inodorum	**	*	**	-	**	**	-	-	-	-	-	-	-	-	-	-	-	-	-	**	-	-	-	-	-	*	*
	Lepidotheca				8616	Lepidotheca																											
L. suaveolens	Lepidotheca	suaveolens			861601	L. suaveolens	*	*	*	-	*	-	-	-	-	-	-	-	-	*	*	*	*	*	-	*	-	-	-	-	-	*	*
	Chrysanthemum				8617	Chrysanthemum																											
C. mongolicum	Chrysanthemum	mongolicum			861701	C. mongolicum	-	-	-	-	-	-	s	s	f	b	-	-	-	-	-	-	-	-	-	-	-	-	-	-	R	S	F
	Arctanthemum				8618	Arctanthemum																											
A. arcticum subsp. arcticum	Arctanthemum	arcticum	subsp.	arcticum	861801a	A. arcticum subsp. arcticum	-	-	-	-	-	-	-	-	-	-	-	-	s	f	f	-	-	-	-	-	-	-	-	-	R	F	F
A. arcticum subsp. polare	Arctanthemum	arcticum	subsp.	polare	861801b	A. arcticum subsp. polare	-	s	s	-	r	r	-	-	r	-	s	r	-	s	s	r	r	f	-	-	-	-	-	-	R	F	F
	Hulteniella				8619	Hulteniella																											
H. integrifolia	Hulteniella	integrifolia			861901	H. integrifolia	-	-	-	-	-	-	-	-	-	-	-	-	-	f	s	f	f	s	r	-	-	-	R	F	F	F	F
	Leucanthemum				8620	Leucanthemum																											
L. vulgare	Leucanthemum	vulgare			862001	L. vulgare	*	*	*	-	-	-	-	-	-	-	-	-	-	-	-	-	-	*	-	**	-	-	-	-	-	*	F
	Tanacetum				8621	Tanacetum																											
T. vulgare subsp. vulgare	Tanacetum	vulgare	subsp.	vulgare	862101a	T. vulgare subsp. vulgare	*	*	*	-	-	-	**	-	-	-	-	-	-	-	-	-	-	-	-	**	-	-	-	-	-	*	F
T. vulgare subsp. boreale	Tanacetum	vulgare	subsp.	boreale	862101b	T. vulgare subsp. boreale	-	-	-	-	-	-	r	-	r	r	f	-	r	-	-	-	-	-	-	-	-	-	-	-	R	F	F
T. bipinnatum	Tanacetum	bipinnatum			862102	T. bipinnatum	-	r	f	-	s	f	s	s	f	r	s	-	r	s	s	r	-	-	-	-	-	-	-	-	S	F	F
T. huronense	Tanacetum	huronense			862103	T. huronense	-	-	-	-	-	-	-	-	-	-	-	-	-	-	-	r	r	r	-	-	-	-	-	-	-	R	S
	Artemisia				8622	Artemisia																											
A. tanacetifolia	Artemisia	tanacetifolia			862201	A. tanacetifolia	-	-	-	-	-	-	?	r	-	-	r	-	r	-	-	-	-	-	-	-	-	-	-	-	-	R	S
A. arctisibirica	Artemisia	arctisibirica			862202	A. arctisibirica	-	-	-	-	-	-	r	-	r	-	r	r	r	r	-	-	-	-	-	-	-	-	-	-	R	S	R
A. norvegica var. uralensis	Artemisia	norvegica	var.	uralensis	862203a	A. norvegica var. uralensis	-	-	-	-	r	-	-	-	-	-	-	-	-	-	-	-	-	-	-	-	-	-	-	-	-	R	S
A. subarctica	Artemisia	subarctica			862204	A. subarctica	-	-	-	-	-	-	-	r	f	r	-	-	-	-	-	-	-	-	-	-	-	-	-	-	-	F	F
A. arctica subsp. arctica	Artemisia	arctica	subsp.	arctica	862205a	A. arctica subsp. arctica	-	-	-	-	-	-	-	-	-	-	-	-	-	f	f	s	-	-	-	-	-	-	-	-	S	F	F
A. arctica subsp. ehrendorferi	Artemisia	arctica	subsp.	ehrendorferi	862205b	A. arctica subsp. ehrendorferi	-	-	-	-	-	-	-	-	-	-	f	f	f	f	f	f	-	-	-	-	-	-	-	R	F	F	F
A. arctica subsp. beringensis	Artemisia	arctica	subsp.	beringensis	862205c	A. arctica subsp. beringensis	-	-	-	-	-	-	-	-	-	-	-	-	-	-	r	-	-	-	-	-	-	-	-	-	-	R	R
A. comata	Artemisia	comata			862206	A. comata	-	-	-	-	-	-	-	-	-	-	-	-	-	-	r	s	-	-	-	-	-	-	-	R	F	S	-
A. furcata	Artemisia	furcata			862207	A. furcata	-	-	-	-	-	-	r	s	f	-	f	f	f	f	s	r	r	-	-	-	-	-	-	R	F	F	F
A. globularia	Artemisia	globularia			862208	A. globularia	-	-	-	-	-	-	-	-	-	-	r	-	-	f	s	s	-	-	-	-	-	-	-	-	F	F	S
A. globularia var. lutea	Artemisia	globularia	var.	lutea	862208a	A. globularia var. lutea	-	-	-	-	-	-	-	-	-	-	-	-	-	-	r	-	-	-	-	-	-	-	-	-	-	R	R
A. flava	Artemisia	flava			862209	A. flava	-	-	-	-	-	-	-	-	-	-	r	-	-	-	-	-	-	-	-	-	-	-	-	-	-	R	R
A. gmelinii subsp. scheludjakoviae	Artemisia	gmelinii	subsp.	scheludjakoviae	862210a	A. gmelinii subsp. scheludjakoviae	-	-	-	-	-	-	-	-	-	-	b	-	-	-	-	-	-	-	-	-	-	-	-	-	-	b	F
A. frigida	Artemisia	frigida			862211	A. frigida	-	-	-	-	-	-	-	-	-	-	-	-	-	-	-	r	r	-	-	-	-	-	-	-	-	R	F
A. sericea	Artemisia	sericea			862212	A. sericea	-	-	-	-	-	-	-	-	r	-	-	-	-	-	-	-	-	-	-	-	-	-	-	-	-	R	S
A. hyperborea	Artemisia	hyperborea			862213	A. hyperborea	-	-	-	-	-	-	-	-	-	-	-	-	-	-	-	-	r	-	-	-	-	-	-	?	R	R	R
A. lagopus subsp. abbreviata	Artemisia	lagopus	subsp.	abbreviata	862214a	A. lagopus subsp. abbreviata	-	-	-	-	-	-	-	r	f	-	-	-	-	-	-	-	-	-	-	-	-	-	-	-	-	S	S
A. lagopus subsp. triniana	Artemisia	lagopus	subsp.	triniana	862214b	A. lagopus subsp. triniana	-	-	-	-	-	-	-	r	-	-	-	-	-	-	-	-	-	-	-	-	-	-	-	-	R	R	R
A. glomerata	Artemisia	glomerata			862215	A. glomerata	-	-	-	-	-	-	-	-	-	-	f	f	f	f	s	s	-	-	-	-	-	-	-	S	F	F	F
A. senjavinensis	Artemisia	senjavinensis			862216	A. senjavinensis	-	-	-	-	-	-	-	-	-	-	-	-	-	r	r	-	-	-	-	-	-	-	-	-	-	R	-
A. kruhsiana subsp. kruhsiana	Artemisia	kruhsiana	subsp.	kruhsiana	862217a	A. kruhsiana subsp. kruhsiana	-	-	-	-	-	-	-	-	-	r	f	-	r	r	-	-	-	-	-	-	-	-	-	R	F	F	F
A. krushiana subsp. alaskana	Artemisia	krushiana	subsp.	alaskana	862217b	A. krushiana subsp. alaskana	-	-	-	-	-	-	-	-	-	-	-	-	-	-	r	s	-	-	-	-	-	-	-	-	R	F	F
A. kruhsiana subsp. condensata	Artemisia	kruhsiana	subsp.	condensata	862217c	A. kruhsiana subsp. condensata	-	-	-	-	-	-	-	-	s	-	-	-	-	-	-	-	-	-	-	-	-	-	-	-	-	R	S
A. samoiedorum	Artemisia	samoiedorum			862218	A. samoiedorum	-	-	-	-	-	r	r	-	-	-	-	-	-	-	-	-	-	-	-	-	-	-	-	-	-	R	?
A. jacutica	Artemisia	jacutica			862219	A. jacutica	-	-	-	-	-	-	-	-	*	-	-	-	-	-	-	-	-	-	-	-	-	-	-	-	*	-	S
A. tilesii subsp. tilesii	Artemisia	tilesii	subsp.	tilesii	862220a	A. tilesii subsp. tilesii	-	-	s	-	f	f	f	s	f	s	f	f	f	f	f	f	r	-	-	-	-	-	-	S	F	F	F
A. tilesii subsp. elatior	Artemisia	tilesii	subsp.	elatior	862220b	A. tilesii subsp. elatior	-	-	-	-	-	-	-	-	-	-	-	-	-	-	s	r	r	r	-	-	-	-	-	-	R	S	F
A. vulgaris	Artemisia	vulgaris			862221	A. vulgaris	-	*	*	-	*	*	*	-	-	-	-	-	-	-	-	-	-	-	-	**	-	-	-	-	-	*	S
A. leucophylla	Artemisia	leucophylla			862222	A. leucophylla	-	-	-	-	-	-	-	-	r	-	r	-	-	-	-	-	-	-	-	-	-	-	-	-	-	R	F
A. dudinensis	Artemisia	dudinensis			862223	A. dudinensis	-	-	-	-	-	-	b	-	-	-	-	-	-	-	-	-	-	-	-	-	-	-	-	-	-	b	R
A. dracunculus	Artemisia	dracunculus			862224	A. dracunculus	-	-	-	-	-	-	r	r	-	r	r	-	-	-	-	-	-	-	-	-	-	-	-	-	-	R	F
A. canadensis	Artemisia	canadensis			862225	A. canadensis	-	-	-	-	-	-	-	-	-	-	-	-	-	-	**	-	-	r	-	-	-	-	-	-	-	R	S
A. borealis subsp. borealis	Artemisia	borealis	subsp.	borealis	862226a	A. borealis subsp. borealis	-	r	-	-	f	f	f	f	f	r	f	f	s	f	s	r	s	f	-	f	-	-	-	R	F	F	F
A. borealis subsp. richardsoniana	Artemisia	borealis	subsp.	richardsoniana	862226b	A. borealis subsp. richardsoniana	-	-	-	-	-	-	r	-	r	-	-	s	-	-	r	r	s	-	-	-	-	-	-	R	S	S	-
	Tussilago				8623	Tussilago																											
T. farfara	Tussilago	farfara			862301	T. farfara	-	s	f	-	r	-	-	-	-	-	-	-	-	-	-	-	-	-	-	-	-	-	-	-	R	F	F
	Petasites				8624	Petasites																											
P. sagittatus	Petasites	sagittatus			862401	P. sagittatus	-	-	-	-	-	-	-	-	-	-	-	-	-	-	b	-	s	s	-	-	-	-	-	-	R	F	F
P. x vitifolius	Petasites	x	vitifolius		862402	P. x vitifolius	-	-	-	-	-	-	-	-	-	-	-	-	-	-	-	-	-	r	-	-	-	-	-	-	-	R	F
P. frigidus subsp. frigidus	Petasites	frigidus	subsp.	frigidus	862403a	P. frigidus subsp. frigidus	-	s	f	s	f	f	f	f	f	f	f	f	f	f	f	f	f	-	-	-	-	-	?	F	F	F	F
P. frigidus subsp. nivalis	Petasites	frigidus	subsp.	nivalis	862403b	P. frigidus subsp. nivalis	-	-	-	-	-	-	-	-	-	-	-	-	-	s	s	s	-	-	-	-	-	-	-	-	S	F	F
P. frigidus subsp. palmatus	Petasites	frigidus	subsp.	palmatus	862403c	P. frigidus subsp. palmatus	-	-	-	-	-	-	-	-	-	-	-	-	-	-	-	-	-	s	-	-	-	-	-	-	-	S	F
P. frigidus subsp. arcticus	Petasites	frigidus	subsp.	arcticus	862403d	P. frigidus subsp. arcticus	-	-	-	-	-	-	-	-	-	-	-	-	-	-	-	r	r	-	-	-	-	-	-	-	-	R	R
P. radiatus	Petasites	radiatus			862404	P. radiatus	-	r	f	-	s	-	?	-	-	-	-	-	-	-	-	-	-	-	-	-	-	-	-	-	R	F	F
	Endocellion				8625	Endocellion																											
E. glaciale	Endocellion	glaciale			862501	E. glaciale	-	-	-	-	-	-	r	s	f	-	f	f	s	f	-	-	-	-	-	-	-	-	-	?	S	F	F
E. sibiricum	Endocellion	sibiricum			862502	E. sibiricum	-	-	-	-	s	r	f	s	f	r	f	-	r	-	-	-	-	-	-	-	-	-	-	R	F	F	F
	Parasenecio				8626	Parasenecio																											
P. hastatus	Parasenecio	hastatus			862601	P. hastatus	-	-	r	-	r	?	-	-	-	r	-	-	-	-	-	-	-	-	-	-	-	-	-	-	-	R	F
	Ligularia				8627	Ligularia																											
L. sibirica	Ligularia	sibirica			862701	L. sibirica	-	r	s	-	-	?	-	-	-	-	-	-	-	-	-	-	-	-	-	-	-	-	-	-	-	S	F
	Tephroseris				8628	Tephroseris																											
T. palustris subsp. congesta	Tephroseris	palustris	subsp.	congesta	862801a	T. palustris subsp. congesta	-	-	f	-	s	f	f	s	f	s	f	f	f	f	f	f	f	f	-	-	-	-	-	R	F	F	F
T. x arctisibirica	Tephroseris	x	arctisibirica		862802	T. x arctisibirica	-	-	-	-	-	-	-	-	r	-	r	r	-	-	-	-	-	-	-	-	-	-	-	R	R	R	-
T. jacutica	Tephroseris	jacutica			862803	T. jacutica	-	-	-	-	-	-	-	-	f	-	r	-	r	-	-	-	-	-	-	-	-	-	-	-	-	F	F
T. integrifolia	Tephroseris	integrifolia			862804	T. integrifolia	-	f	f	-	s	-	r	-	r	-	s	f	s	f	-	-	-	-	-	-	-	-	-	R	F	F	F
T. lenensis	Tephroseris	lenensis			862805	T. lenensis	-	-	-	-	-	-	-	r	r	-	-	-	-	-	-	-	-	-	-	-	-	-	-	-	-	R	F
T. tundricola	Tephroseris	tundricola			862806	T. tundricola	-	-	-	-	r	r	s	r	s	r	r	?	?	?	r	-	-	-	-	-	-	-	-	-	S	F	F
T. lindstroemii	Tephroseris	lindstroemii			862807	T. lindstroemii	-	-	-	-	-	-	-	-	-	-	f	-	f	f	f	f	-	-	-	-	-	-	-	R	F	F	F
T. atropurpurea	Tephroseris	atropurpurea			862808	T. atropurpurea	-	-	-	-	s	f	f	r	f	s	f	f	-	f	r	-	-	-	-	-	-	-	-	R	F	F	F
T. frigida	Tephroseris	frigida			862809	T. frigida	-	-	-	-	-	-	-	-	-	-	f	f	s	f	f	f	s	-	-	-	-	-	-	R	F	F	F
T. subfrigida	Tephroseris	subfrigida			862810	T. subfrigida	-	-	-	-	-	-	-	-	-	-	-	-	s	s	r	-	-	-	-	-	-	-	-	-	R	F	F
T. kjellmanii	Tephroseris	kjellmanii			862811	T. kjellmanii	-	-	-	-	-	-	-	-	-	-	r	?	s	f	r	s	-	-	-	-	-	-	-	-	S	F	S
T. yukonensis	Tephroseris	yukonensis			862812	T. yukonensis	-	-	-	-	-	-	-	-	-	-	-	-	-	-	r	s	-	-	-	-	-	-	-	-	R	S	S
	Senecio				8629	Senecio																											
S. vulgaris	Senecio	vulgaris			862901	S. vulgaris	*	*	**	-	-	-	-	-	-	-	-	-	-	**	**	**	-	**	-	*	-	-	-	-	-	*	S
S. nemorensis (subsp. nemorensis)	Senecio	nemorensis	(subsp.	nemorensis)	862902	S. nemorensis (subsp. nemorensis)	-	r	s	-	r	b	r	-	-	-	-	-	-	-	-	-	-	-	-	-	-	-	-	-	-	S	F
S. pseudoarnica	Senecio	pseudoarnica			862903	S. pseudoarnica	-	-	-	-	-	-	-	-	-	-	-	-	r	f	f	-	-	-	-	-	-	-	-	-	S	F	F
S. lugens	Senecio	lugens			862904	S. lugens	-	-	-	-	-	-	-	-	-	-	-	-	-	-	f	f	s	-	-	-	-	-	-	R	F	F	F
	Jacobaea				8630	Jacobaea																											
J. ambracea	Jacobaea	ambracea			863005	J. ambracea	-	-	-	-	-	-	-	-	b	-	-	-	-	-	-	-	-	-	-	-	-	-	-	-	-	b	S
	Packera				8631	Packera																											
P. heterophylla	Packera	heterophylla			863101	P. heterophylla	-	-	-	-	s	r	f	s	f	-	f	-	f	f	f	f	-	-	-	-	-	-	-	R	F	F	F
P. ogotorukensis	Packera	ogotorukensis			863102	P. ogotorukensis	-	-	-	-	-	-	-	-	-	-	-	-	-	-	r	s	-	-	-	-	-	-	-	-	R	S	F
P. hyperborealis subsp. hyperborealis	Packera	hyperborealis	subsp.	hyperborealis	863103a	P. hyperborealis subsp. hyperborealis	-	-	-	-	-	-	-	-	-	-	-	-	-	r	r	s	s	-	-	-	-	-	-	R	F	F	S
P. hyperborealis subsp. wrangelica	Packera	hyperborealis	subsp.	wrangelica	863103b	P. hyperborealis subsp. wrangelica	-	-	-	-	-	-	-	-	-	-	-	s	-	-	-	-	-	-	-	-	-	-	-	R	R	-	-
P. pauciflora	Packera	pauciflora			863104	P. pauciflora	-	-	-	-	-	-	-	-	-	-	-	-	-	-	-	-	-	r	-	-	-	-	-	-	-	R	F
P. indecora	Packera	indecora			863105	P. indecora	-	-	-	-	-	-	-	-	-	-	-	-	-	-	-	-	-	r	-	-	-	-	-	-	-	R	F
P. paupercula	Packera	paupercula			863106	P. paupercula	-	-	-	-	-	-	-	-	-	-	-	-	-	-	-	r	r	s	-	-	-	-	-	-	-	S	F
	Saussurea				8632	Saussurea																											
S. schanginiana	Saussurea	schanginiana			863201	S. schanginiana	-	-	-	-	-	-	-	-	-	-	s	-	-	-	-	-	-	-	-	-	-	-	-	-	-	S	F
S. nuda	Saussurea	nuda			863202	S. nuda	-	-	-	-	-	-	-	-	-	-	s	-	s	-	s	r	-	-	-	-	-	-	-	-	R	F	F
S. oxyodonta	Saussurea	oxyodonta			863203	S. oxyodonta	-	-	-	-	-	-	-	-	-	-	r	-	s	-	-	-	-	-	-	-	-	-	-	-	?	S	F
S. parviflora	Saussurea	parviflora			863204	S. parviflora	-	-	-	-	-	-	r	-	-	-	-	-	-	-	-	-	-	-	-	-	-	-	-	-	-	R	F
S. alpina	Saussurea	alpina			863205	S. alpina	-	f	f	r	s	-	-	r	r	-	-	-	-	-	-	-	-	-	-	-	-	-	-	R	R	F	F
S. angustifolia subsp. angustifolia	Saussurea	angustifolia	subsp.	angustifolia	863206a	S. angustifolia subsp. angustifolia	-	-	-	-	-	-	-	-	-	-	-	-	-	f	s	f	r	-	-	-	-	-	-	R	F	F	F
S. angustifolia var. viscida	Saussurea	angustifolia	var.	viscida	863206b	S. angustifolia var. viscida	-	-	-	-	-	-	-	-	-	-	-	-	-	r	r	-	-	-	-	-	-	-	-	-	R	R	R
S. angustifolia subsp. yukonensis	Saussurea	angustifolia	subsp.	yukonensis	863206c	S. angustifolia subsp. yukonensis	-	-	-	-	-	-	-	-	-	-	-	-	-	-	s	s	r	-	-	-	-	-	-	R	S	S	S
S. tilesii	Saussurea	tilesii			863207	S. tilesii	-	-	-	-	r	r	f	f	f	f	f	f	f	f	-	-	-	-	-	-	-	-	S	F	F	F	S
S. triangulata	Saussurea	triangulata			863208	S. triangulata	-	-	-	-	-	-	-	-	-	-	-	-	-	-	b	-	-	-	-	-	-	-	-	-	-	b	R
	Carduus				8633	Carduus																											
C. crispus	Carduus	crispus			863301	C. crispus	-	-	*	-	*	-	-	-	-	-	-	-	-	-	-	-	-	-	-	**	-	-	-	-	-	*	R
	Cirsium				8634	Cirsium																											
C. heterophyllum	Cirsium	heterophyllum			863401	C. heterophyllum	*	s	f	-	r	r	r	-	-	-	-	-	-	-	-	-	-	-	-	r	-	-	-	-	S	F	F
"C. heterophyllum ""western subspecies"""	Cirsium	heterophyllum	"""western"	"subspecies"""	863401a	"C. heterophyllum ""western subspecies"""	*	s	f	-	r	-	-	-	-	-	-	-	-	-	-	-	-	-	-	r	-	-	-	-	S	F	
"C. heterophyllum ""eastern subspecies"""	Cirsium	heterophyllum	"""eastern"	"subspecies"""	863401b	"C. heterophyllum ""eastern subspecies"""	-	-	-	-	r	r	r	-	-	-	-	-	-	-	-	-	-	-	-	-	-	-	-	-	R	F	F
C. arvense subsp. arvense	Cirsium	arvense	subsp.	arvense	863402a	C. arvense subsp. arvense	*	*	-	-	-	-	-	-	-	-	-	-	-	-	-	-	-	-	-	*	-	-	-	-	-	*	S
C. arvense subsp. setosum	Cirsium	arvense	subsp.	setosum	863402b	C. arvense subsp. setosum	-	-	*	-	*	-	-	-	-	-	-	-	-	-	-	-	-	-	-	-	-	-	-	-	-	*	S
C. drummondii	Cirsium	drummondii			863403	C. drummondii	-	-	-	-	-	-	-	-	-	-	-	-	-	-	-	-	-	b	-	-	-	-	-	-	-	b	S
	Centaurea				8635	Centaurea																											
C. montana	Centaurea	montana			863501	C. montana	*	*	-	-	-	-	-	-	-	-	-	-	-	-	-	-	-	-	-	-	-	-	-	-	-	*	*
	Scorzoneroides				8636	Scorzoneroides																											
S. autumnalis	Scorzoneroides	autumnalis			863601	S. autumnalis	f	s	r	-	**	-	**	-	-	-	-	-	-	-	-	-	-	-	-	*	-	-	-	-	?	F	F
	Sonchus				8637	Sonchus																											
S. arvensis var. arvensis	Sonchus	arvensis	var.	arvensis	863701a	S. arvensis var. arvensis	-	r	**	-	-	-	**	-	-	-	-	-	-	-	-	-	-	-	-	-	-	-	-	-	-	R	F
S. arvensis var. glabrescens	Sonchus	arvensis	var.	glabrescens	863701b	S. arvensis var. glabrescens	-	-	-	-	-	-	-	-	-	-	-	-	-	-	-	-	-	*	-	-	-	-	-	-	-	*	*
	Mulgedium				8638	Mulgedium																											
M. sibiricum	Mulgedium	sibiricum			863801	M. sibiricum	-	r	r	-	r	r	-	-	-	r	r	-	-	-	-	-	-	-	-	-	-	-	-	-	-	R	F
M. tataricum	Mulgedium	tataricum			863802	M. tataricum	-	-	r	-	-	-	-	-	-	-	-	-	-	-	-	-	-	-	-	-	-	-	-	-	-	R	S
M. pulchellum	Mulgedium	pulchellum			863803	M. pulchellum	-	-	-	-	-	-	-	-	-	-	-	-	-	-	-	-	-	b	-	-	-	-	-	-	-	b	S
	Cicerbita				8639	Cicerbita																											
C. alpina	Cicerbita	alpina			863901	C. alpina	-	s	-	-	-	-	-	-	-	-	-	-	-	-	-	-	-	-	-	-	-	-	-	-	-	S	F
	Agoseris				8640	Agoseris																											
A. glauca var. dasycephala	Agoseris	glauca	var.	dasycephala	864001a	A. glauca var. dasycephala	-	-	-	-	-	-	-	-	-	-	-	-	-	-	-	-	r	-	-	-	-	-	-	-	-	R	-
	Taraxacum				8641	Taraxacum																											
T. holmenianum	Taraxacum	holmenianum			864101	T. holmenianum	-	-	-	-	-	-	-	-	-	-	-	-	-	-	-	-	s	-	s	-	r	?	S	S	S	R	-
T. phymatocarpum agg.	Taraxacum	phymatocarpum	agg.		864102	T. phymatocarpum agg.	-	-	-	-	r	r	f	-	r	-	r	f	-	f	s	r	f	r	f	s	f	R	F	F	F	S	R
T. czukoticum	Taraxacum	czukoticum			*	T. czukoticum	-	-	-	-	-	-	-	-	-	-	r	-	-	-	-	-	-	-	-	-	-	-	-	-	-	R	-
T. hyparcticum	Taraxacum	hyparcticum			*	T. hyparcticum	-	-	-	-	-	-	-	-	-	-	-	s	-	r	r	-	f	r	s	?	-	?	S	S	S	R	-
T. lyngeanum	Taraxacum	lyngeanum			*	T. lyngeanum	-	-	-	-	r	-	-	-	-	-	-	s	-	r	s	-	-	-	-	-	-	-	-	R	R	R	-
T. nanaunii	Taraxacum	nanaunii			*	T. nanaunii	-	-	-	-	-	-	-	-	-	-	-	r	-	-	-	-	-	-	-	-	-	-	-	-	R	-	-
T. phymatocarpum	Taraxacum	phymatocarpum			*	T. phymatocarpum	-	-	-	-	-	-	f	-	r	-	-	f	-	f	s	r	f	r	s	s	f	R	F	F	F	S	R
T. platylepium	Taraxacum	platylepium			*	T. platylepium	-	-	-	-	r	r	r	-	-	-	-	-	-	-	-	-	-	-	-	-	-	-	R	R	-	-	-
T. pseudoplatylepium	Taraxacum	pseudoplatylepium			*	T. pseudoplatylepium	-	-	-	-	-	-	-	-	-	-	-	s	-	-	-	-	-	-	-	-	-	-	-	R	?	-	-
T. senjavinense	Taraxacum	senjavinense			*	T. senjavinense	-	-	-	-	-	-	-	-	-	-	-	-	-	r	-	-	-	-	-	-	-	-	-	-	?	?	-
T. tolmaczevii	Taraxacum	tolmaczevii			*	T. tolmaczevii	-	-	-	-	-	-	-	-	-	-	-	s	-	-	-	-	-	-	-	-	-	-	-	-	R	R	-
T. uschakovii	Taraxacum	uschakovii			*	T. uschakovii	-	-	-	-	-	-	-	-	-	-	-	f	-	-	-	-	-	-	-	-	-	-	-	R	R	R	-
T. wrangelicum	Taraxacum	wrangelicum			*	T. wrangelicum	-	-	-	-	-	-	-	-	-	-	-	f	-	-	-	-	-	-	-	-	-	-	-	R	R	R	-
T. porsildii (ined.)	Taraxacum	porsildii	(ined.)		*	T. porsildii (ined.)	-	-	-	-	-	-	-	-	-	-	-	-	-	-	-	-	s	-	f	-	s	-	-	R	R	R	-
T. soczavae agg.	Taraxacum	soczavae	agg.		864103	T. soczavae agg.	-	-	-	-	-	-	r	-	-	-	f	-	s	s	-	-	-	-	-	-	-	-	-	R	F	F	S
T. byrrangicum	Taraxacum	byrrangicum			*	T. byrrangicum	-	-	-	-	-	-	r	-	-	-	-	-	-	-	-	-	-	-	-	-	-	-	-	R	-	-	-
T. soczavae	Taraxacum	soczavae			*	T. soczavae	-	-	-	-	-	-	-	-	-	-	-	-	r	-	-	-	-	-	-	-	-	-	-	-	-	R	?
T. tschuktschorum	Taraxacum	tschuktschorum			*	T. tschuktschorum	-	-	-	-	-	-	-	-	-	-	f	-	s	s	-	-	-	-	-	-	-	-	-	?	F	F	S
T. alaskanum agg.	Taraxacum	alaskanum	agg.		864104	T. alaskanum agg.	-	-	-	-	-	-	-	r	f	r	f	f	f	f	f	f	s	-	-	-	-	-	-	S	F	F	F
T. alaskanum	Taraxacum	alaskanum			*	T. alaskanum	-	-	-	-	-	-	-	-	-	-	-	-	-	-	f	f	s	-	-	-	-	-	-	R	F	F	F
T. kamtschaticum	Taraxacum	kamtschaticum			*	T. kamtschaticum	-	-	-	-	-	-	-	-	-	-	s	-	s	f	?	-	-	-	-	-	-	-	-	-	S	F	F
T. pseudoalaskanum	Taraxacum	pseudoalaskanum			*	T. pseudoalaskanum	-	-	-	-	-	-	-	-	-	-	f	f	f	f	?	-	-	-	-	-	-	-	-	S	F	F	F
T. pseudokamtschaticum	Taraxacum	pseudokamtschaticum			*	T. pseudokamtschaticum	-	-	-	-	-	-	-	-	-	-	-	-	-	-	f	r	-	-	-	-	-	-	-	?	S	F	F
T. sibiricum	Taraxacum	sibiricum			*	T. sibiricum	-	-	-	-	-	r	r	r	f	r	f	f	f	f	?	?	-	-	-	-	-	-	-	S	F	F	S
T. arcticum agg.	Taraxacum	arcticum	agg.		864105	T. arcticum agg.	-	-	-	f	s	f	f	s	f	r	f	f	f	f	-	-	-	-	s	-	f	-	R	F	F	F	F
T. arcticum	Taraxacum	arcticum			*	T. arcticum	-	-	-	f	s	f	f	s	f	r	f	f	-	r	-	-	-	-	s	-	f	-	R	F	F	F	R
T. jurtzevii	Taraxacum	jurtzevii			*	T. jurtzevii	-	-	-	-	-	-	-	-	-	-	f	-	-	r	-	-	-	-	-	-	-	-	-	-	S	S	R
T. semitubulosum	Taraxacum	semitubulosum			*	T. semitubulosum	-	-	-	-	-	-	-	s	f	-	-	-	-	-	-	-	-	-	-	-	-	-	-	R	R	R	-
T. zhukovae	Taraxacum	zhukovae			*	T. zhukovae	-	-	-	-	-	-	-	-	-	-	f	-	s	f	-	-	-	-	-	-	-	-	-	?	F	F	F
T. glabrum agg.	Taraxacum	glabrum	agg.		864106	T. glabrum agg.	-	-	-	-	f	s	f	-	-	-	-	-	-	-	-	-	-	-	-	-	-	-	R	S	S	S	R
T. glabrum	Taraxacum	glabrum			*	T. glabrum	-	-	-	-	r	-	f	-	-	-	-	-	-	-	-	-	-	-	-	-	-	-	-	-	R	R	R
T. nivale	Taraxacum	nivale			*	T. nivale	-	-	-	-	f	s	r	-	-	-	-	-	-	-	-	-	-	-	-	-	-	-	R	S	S	S	R
T. ceratophorum agg.	Taraxacum	ceratophorum	agg.		864107	T. ceratophorum agg.	-	r	s	s	s	f	f	s	r	f	f	s	s	s	r	-	-	r	-	r	s	-	R	F	F	F	F
T. brachyceras	Taraxacum	brachyceras			*	T. brachyceras	-	-	-	s	r	-	-	-	-	-	-	-	-	-	-	-	-	-	-	-	s	-	?	F	F	F	R
T. brevicorne	Taraxacum	brevicorne			*	T. brevicorne	-	-	-	-	r	-	-	-	-	-	-	-	-	-	-	-	-	-	-	-	-	-	R	-	-	-	-
T. ceratophorum	Taraxacum	ceratophorum			*	T. ceratophorum	-	-	s	-	s	f	f	s	r	f	f	f	s	s	r	-	-	-	-	-	-	-	R	F	F	F	F
T. flavovirens	Taraxacum	flavovirens			*	T. flavovirens	-	-	-	-	-	-	-	-	-	-	-	-	-	-	-	-	-	r	-	-	-	-	-	-	?	?	?
T. hjeltii	Taraxacum	hjeltii			*	T. hjeltii	-	r	-	-	-	-	-	-	-	-	-	-	-	-	-	-	-	-	-	-	-	-	-	-	-	R	S
T. murmanicum	Taraxacum	murmanicum			*	T. murmanicum	-	r	-	-	-	-	-	-	-	-	-	-	-	-	-	-	-	-	-	-	-	-	-	-	-	R	-
T. norvegicum	Taraxacum	norvegicum			*	T. norvegicum	-	r	-	-	-	-	-	-	-	-	-	-	-	-	-	-	-	-	-	-	-	-	-	-	-	R	S
T. novae-zemliae	Taraxacum	novae-zemliae			*	T. novae-zemliae	-	-	-	-	r	-	r	-	-	-	-	-	-	-	-	-	-	-	-	-	-	-	R	R	-	-	-
T. simulum	Taraxacum	simulum			*	T. simulum	-	r	-	-	-	-	-	-	-	-	-	-	-	-	-	-	-	-	-	-	-	-	-	-	-	R	F
T. tornense	Taraxacum	tornense			*	T. tornense	-	r	-	-	-	-	-	-	-	-	-	-	-	-	-	-	-	-	-	-	-	-	-	-	-	R	R
T. macroceras agg.	Taraxacum	macroceras	agg.		864108	T. macroceras agg.	-	-	-	-	r	-	r	s	s	r	f	-	r	r	r	?	-	-	-	-	-	-	R	R	S	S	S
T. bicorne	Taraxacum	bicorne			*	T. bicorne	-	-	-	-	r	-	r	-	-	-	-	-	-	-	-	-	-	-	-	-	-	-	-	-	-	R	R
T. fabbeanum	Taraxacum	fabbeanum			*	T. fabbeanum	-	-	-	-	-	-	-	-	-	-	-	-	-	-	r	-	-	-	-	-	-	-	-	-	-	R	R
T. leptopholis	Taraxacum	leptopholis			*	T. leptopholis	-	-	-	-	-	-	-	-	-	-	-	-	-	-	?	?	-	-	-	-	-	-	-	-	-	?	R
T. macroceras	Taraxacum	macroceras			*	T. macroceras	-	-	-	-	r	-	r	s	s	r	f	-	r	r	-	-	-	-	-	-	-	-	R	R	S	S	S
T. lacerum agg.	Taraxacum	lacerum	agg.		864109	T. lacerum agg.	-	-	-	-	s	s	s	f	f	s	f	f	f	f	f	f	f	f	s	s	-	?	S	F	F	F	F
T. acricorne	Taraxacum	acricorne			*	T. acricorne	-	-	-	-	-	-	r	-	r	-	-	-	s	-	-	-	-	-	-	-	-	-	-	-	-	R	R
T. andersonii	Taraxacum	andersonii			*	T. andersonii	-	-	-	-	-	-	-	-	-	-	f	-	r	r	-	-	-	-	-	-	-	-	-	-	S	S	R
T. angulatum	Taraxacum	angulatum			*	T. angulatum	-	-	-	-	-	-	-	-	-	-	-	-	-	-	r	-	-	-	-	-	-	-	-	-	-	R	-
T. arctogenum	Taraxacum	arctogenum			*	T. arctogenum	-	-	-	-	-	-	-	-	-	-	-	-	-	-	-	-	-	r	s	r	-	-	R	R	?	?	-
T. aureum	Taraxacum	aureum			*	T. aureum	-	-	-	-	-	-	-	-	-	-	-	-	-	-	s	-	-	-	-	-	-	-	-	-	?	R	-
T. carthamopsis	Taraxacum	carthamopsis			*	T. carthamopsis	-	-	-	-	-	-	-	-	-	-	-	-	-	-	-	-	r	-	-	-	-	?	?	?	?	?	?
T. demissum	Taraxacum	demissum			*	T. demissum	-	-	-	-	-	-	-	-	-	-	-	-	-	-	r	r	-	-	-	-	-	-	-	?	?	R	-
T. eurylepium	Taraxacum	eurylepium			*	T. eurylepium	-	-	-	-	-	-	-	-	-	-	-	r	-	?	?	r	-	-	-	-	-	-	-	-	R	R	-
T. festivum	Taraxacum	festivum			*	T. festivum	-	-	-	-	-	-	-	-	-	-	-	-	-	-	-	r	-	-	-	-	-	-	-	R	-	-	-
T. gorodkovii	Taraxacum	gorodkovii			*	T. gorodkovii	-	-	-	-	-	-	-	-	-	-	r	-	s	-	-	-	-	-	-	-	-	-	-	-	-	R	R
T. hyperboreum	Taraxacum	hyperboreum			*	T. hyperboreum	-	-	-	-	-	-	-	-	-	-	-	-	-	-	-	r	s	r	r	-	-	-	-	R	S	S	R
T. integratum	Taraxacum	integratum			*	T. integratum	-	-	-	-	-	-	-	-	-	-	-	-	-	-	r	r	r	-	-	-	-	-	-	-	R	R	R
T. lacerum	Taraxacum	lacerum			*	T. lacerum	-	-	-	-	-	-	-	-	-	-	-	-	-	-	f	f	f	f	-	s	-	-	R	F	F	F	F
T. lenense	Taraxacum	lenense			*	T. lenense	-	-	-	-	-	-	-	s	s	-	-	-	-	s	-	-	-	-	-	-	-	-	-	?	R	R	-
T. leucocarpum	Taraxacum	leucocarpum			*	T. leucocarpum	-	-	-	-	-	-	-	-	-	-	r	-	-	-	-	-	-	-	-	-	-	-	-	?	R	-	-
T. macilentum	Taraxacum	macilentum			*	T. macilentum	-	-	-	-	r	s	s	f	f	s	f	f	s	f	-	-	-	-	-	-	-	-	S	F	F	F	F
T. mackenziense	Taraxacum	mackenziense			*	T. mackenziense	-	-	-	-	-	-	-	-	-	-	-	-	-	-	-	-	r	-	-	-	-	-	-	-	-	R	R
T. maurolepium	Taraxacum	maurolepium			*	T. maurolepium	-	-	-	-	-	-	-	-	-	-	-	-	-	-	r	r	r	-	-	-	-	-	-	-	R	R	R
T. pellianum	Taraxacum	pellianum			*	T. pellianum	-	-	-	-	-	-	-	-	-	-	-	-	-	-	-	?	r	-	-	-	-	-	-	-	-	R	R
T. scotostigma	Taraxacum	scotostigma			*	T. scotostigma	-	-	-	-	-	-	-	-	-	-	-	-	-	-	?	-	-	-	-	-	-	-	-	-	-	?	R
T. signatum	Taraxacum	signatum			*	T. signatum	-	-	-	-	-	-	-	-	-	-	-	-	-	-	?	-	-	-	-	-	-	-	-	-	-	?	R
T. speirodon	Taraxacum	speirodon			*	T. speirodon	-	-	-	-	-	-	-	-	-	-	-	-	-	-	s	-	-	-	-	-	-	-	-	-	R	R	-
T. taimyrense	Taraxacum	taimyrense			*	T. taimyrense	-	-	-	-	-	-	s	-	-	-	-	-	-	-	-	-	-	-	-	-	-	-	-	R	R	-	-
T. tamarae	Taraxacum	tamarae			*	T. tamarae	-	-	-	-	-	-	-	-	-	-	r	s	-	s	-	-	-	-	-	-	-	-	-	R	R	R	R
T. umbrinum	Taraxacum	umbrinum			*	T. umbrinum	-	-	-	-	-	-	-	-	-	-	-	-	-	-	-	-	-	s	-	r	-	-	-	-	R	R	?
T. lateritium agg.	Taraxacum	lateritium	agg.		864110	T. lateritium agg.	-	-	-	-	r	s	s	f	f	s	f	f	f	f	s	s	r	s	-	r	-	-	-	S	F	F	F
T. amphiphron	Taraxacum	amphiphron			*	T. amphiphron	-	-	-	-	-	-	-	-	-	-	-	-	-	-	-	-	-	-	-	r	-	-	-	-	R	?	-
T. anadyrense	Taraxacum	anadyrense			*	T. anadyrense	-	-	-	-	-	-	-	-	-	-	-	-	r	-	-	-	-	-	-	-	-	-	-	-	-	R	?
T. callorhinorum	Taraxacum	callorhinorum			*	T. callorhinorum	-	-	-	-	-	-	-	-	-	-	s	r	s	-	-	-	-	-	-	-	-	-	-	?	R	R	R
T. czaunense	Taraxacum	czaunense			*	T. czaunense	-	-	-	-	-	-	-	-	-	-	r	-	-	-	-	-	-	-	-	-	-	-	-	-	R	R	R
T. korjakorum	Taraxacum	korjakorum			*	T. korjakorum	-	-	-	-	r	-	r	-	s	r	f	s	s	f	-	-	-	-	-	-	-	-	-	?	F	F	S
T. lateritium	Taraxacum	lateritium			*	T. lateritium	-	-	-	-	r	s	s	f	f	s	f	f	f	f	s	s	-	-	-	-	-	-	-	S	F	F	F
T. malteanum	Taraxacum	malteanum			*	T. malteanum	-	-	-	-	-	-	-	-	-	-	-	-	-	-	-	-	r	s	-	-	-	-	-	-	-	R	?
T. pseudonorvegicum	Taraxacum	pseudonorvegicum			*	T. pseudonorvegicum	-	-	-	-	-	-	-	-	-	-	-	-	-	-	-	-	-	r	-	-	-	-	-	-	R	R	R
T. russeolum	Taraxacum	russeolum			*	T. russeolum	-	-	-	-	-	-	-	-	-	-	-	-	-	-	-	-	-	r	-	-	-	-	-	-	?	?	?
T. sublacerum	Taraxacum	sublacerum			*	T. sublacerum	-	-	-	-	-	-	-	-	-	-	-	-	-	-	-	?	-	-	-	-	-	-	-	-	-	?	R
T. albescens agg.	Taraxacum	albescens	agg.		864111	T. albescens agg.	-	-	-	-	-	-	-	-	s	r	r	r	r	r	-	-	-	-	-	-	-	-	-	R	R	R	S
T. albescens	Taraxacum	albescens			*	T. albescens	-	-	-	-	-	-	-	-	-	r	r	-	r	-	-	-	-	-	-	-	-	-	-	R	R	R	S
T. anadyricum	Taraxacum	anadyricum			*	T. anadyricum	-	-	-	-	-	-	-	-	-	-	r	-	?	?	-	-	-	-	-	-	-	-	-	-	R	-	-
T. petrovskyi	Taraxacum	petrovskyi			*	T. petrovskyi	-	-	-	-	-	-	-	-	-	?	r	s	-	-	-	-	-	-	-	-	-	-	-	?	R	R	R
T. stepanovae	Taraxacum	stepanovae			*	T. stepanovae	-	-	-	-	-	-	-	-	s	-	b	-	r	r	-	-	-	-	-	-	-	-	-	-	-	R	S
T. varioviolaceum	Taraxacum	varioviolaceum			*	T. varioviolaceum	-	-	-	-	-	-	-	-	-	-	-	-	r	-	-	-	-	-	-	-	-	-	-	-	-	R	S
T. longicorne	Taraxacum	longicorne			*	T. longicorne	-	-	-	-	-	-	s	r	f	r	s	-	s	-	-	-	-	-	-	-	-	-	-	-	R	S	F
T. perfiljevii	Taraxacum	perfiljevii			*	T. perfiljevii	-	-	s	s	r	r	-	-	-	-	-	-	-	-	-	-	-	-	-	-	-	-	-	-	S	F	F
T. praestans agg.	Taraxacum	praestans	agg.		864113	T. praestans agg.	s	r	-	-	-	-	-	-	-	-	-	-	-	-	-	-	-	-	-	r	-	-	-	-	-	R	F
T. atroglaucum	Taraxacum	atroglaucum			*	T. atroglaucum	?	-	-	-	-	-	-	-	-	-	-	-	-	-	-	-	-	-	-	r	-	-	-	-	-	R	R
T. brachylobum	Taraxacum	brachylobum			*	T. brachylobum	?	-	-	-	-	-	-	-	-	-	-	-	-	-	-	-	-	-	-	-	-	-	-	-	-	?	-
T. brevihastatum	Taraxacum	brevihastatum			*	T. brevihastatum	?	-	-	-	-	-	-	-	-	-	-	-	-	-	-	-	-	-	-	-	-	-	-	-	-	?	-
T. brevilobum	Taraxacum	brevilobum			*	T. brevilobum	b	-	-	-	-	-	-	-	-	-	-	-	-	-	-	-	-	-	-	-	-	-	-	-	-	b	S
T. ciconium	Taraxacum	ciconium			*	T. ciconium	r	-	-	-	-	-	-	-	-	-	-	-	-	-	-	-	-	-	-	-	-	-	-	-	-	R	-
T. cyclocentrum	Taraxacum	cyclocentrum			*	T. cyclocentrum	-	-	-	-	-	-	-	-	-	-	-	-	-	-	-	-	-	-	-	r	-	-	-	-	-	R	R
T. dilutisquameum	Taraxacum	dilutisquameum			*	T. dilutisquameum	s	-	-	-	-	-	-	-	-	-	-	-	-	-	-	-	-	-	-	r	-	-	-	-	-	S	S
T. firmum	Taraxacum	firmum			*	T. firmum	-	-	-	-	-	-	-	-	-	-	-	-	-	-	-	-	-	-	-	r	-	-	-	-	-	R	?
T. galeipotens	Taraxacum	galeipotens			*	T. galeipotens	b	-	-	-	-	-	-	-	-	-	-	-	-	-	-	-	-	-	-	-	-	-	-	-	-	b	S
T. kolaense	Taraxacum	kolaense			*	T. kolaense	-	?	-	-	-	-	-	-	-	-	-	-	-	-	-	-	-	-	-	-	-	-	-	-	-	?	R
T. latidens	Taraxacum	latidens			*	T. latidens	b	-	-	-	-	-	-	-	-	-	-	-	-	-	-	-	-	-	-	-	-	-	-	-	-	b	S
T. latifrons	Taraxacum	latifrons			*	T. latifrons	?	-	-	-	-	-	-	-	-	-	-	-	-	-	-	-	-	-	-	-	-	-	-	-	-	?	R
T. naevosiforme	Taraxacum	naevosiforme			*	T. naevosiforme	-	?	-	-	-	-	-	-	-	-	-	-	-	-	-	-	-	-	-	-	-	-	-	-	-	?	F
T. naevosum	Taraxacum	naevosum			*	T. naevosum	b	r	-	-	-	-	-	-	-	-	-	-	-	-	-	-	-	-	-	r	-	-	-	-	-	R	F
T. pardinum	Taraxacum	pardinum			*	T. pardinum	b	-	-	-	-	-	-	-	-	-	-	-	-	-	-	-	-	-	-	-	-	-	-	-	-	b	-
T. rubellum	Taraxacum	rubellum			*	T. rubellum	b	-	-	-	-	-	-	-	-	-	-	-	-	-	-	-	-	-	-	-	-	-	-	-	-	b	-
T. scabrum	Taraxacum	scabrum			*	T. scabrum	r	-	-	-	-	-	-	-	-	-	-	-	-	-	-	-	-	-	-	-	-	-	-	-	-	R	R
T. stictophyllum	Taraxacum	stictophyllum			*	T. stictophyllum	?	-	-	-	-	-	-	-	-	-	-	-	-	-	-	-	-	-	-	-	-	-	-	-	-	?	S
T. triste	Taraxacum	triste			*	T. triste	s	-	-	-	-	-	-	-	-	-	-	-	-	-	-	-	-	-	-	-	-	-	-	-	-	R	F
T. croceum agg.	Taraxacum	croceum	agg.		864114	T. croceum agg.	f	f	f	r	f	r	-	-	-	-	-	-	-	-	-	-	-	s	-	f	s	-	-	R	F	F	F
T. appositum	Taraxacum	appositum			*	T. appositum	?	-	-	-	-	-	-	-	-	-	-	-	-	-	-	-	-	-	-	-	-	-	-	-	-	?	R
T. armatum	Taraxacum	armatum			*	T. armatum	?	-	-	-	-	-	-	-	-	-	-	-	-	-	-	-	-	-	-	-	-	-	-	-	-	?	R
T. azureum	Taraxacum	azureum			*	T. azureum	?	-	-	-	-	-	-	-	-	-	-	-	-	-	-	-	-	-	-	-	-	-	-	-	-	?	R
T. brachyrhynchum	Taraxacum	brachyrhynchum			*	T. brachyrhynchum	r	-	-	-	-	-	-	-	-	-	-	-	-	-	-	-	-	-	-	-	-	-	-	R	-	-	-
T. ceratolobum	Taraxacum	ceratolobum			*	T. ceratolobum	r	r	-	-	-	-	-	-	-	-	-	-	-	-	-	-	-	-	-	-	r	-	-	-	R	R	S
T. clitolobum	Taraxacum	clitolobum			*	T. clitolobum	?	-	-	-	-	-	-	-	-	-	-	-	-	-	-	-	-	-	-	-	-	-	-	-	-	?	R
T. croceum	Taraxacum	croceum			*	T. croceum	f	f	f	r	s	r	-	-	-	-	-	-	-	-	-	-	-	s	-	f	s	-	-	R	F	F	F
T. curvidens	Taraxacum	curvidens			*	T. curvidens	b	-	-	-	-	-	-	-	-	-	-	-	-	-	-	-	-	-	-	-	r	-	-	-	-	R	R
T. davidssonii	Taraxacum	davidssonii			*	T. davidssonii	f	-	-	-	-	-	-	-	-	-	-	-	-	-	-	-	-	-	-	-	r	-	-	-	R	F	F
T. declive	Taraxacum	declive			*	T. declive	b	-	-	-	-	-	-	-	-	-	-	-	-	-	-	-	-	-	-	-	-	-	-	-	-	b	R
T. dentifolium	Taraxacum	dentifolium			*	T. dentifolium	-	-	-	-	-	-	-	-	-	-	-	-	-	-	-	-	-	b	-	-	-	-	-	-	-	b	?
T. devexum	Taraxacum	devexum			*	T. devexum	b	-	-	-	-	-	-	-	-	-	-	-	-	-	-	-	-	-	-	-	-	-	-	-	-	b	S
T. divarium	Taraxacum	divarium			*	T. divarium	b	-	-	-	-	-	-	-	-	-	-	-	-	-	-	-	-	-	-	-	-	-	-	-	-	b	R
T. dolichocentrum	Taraxacum	dolichocentrum			*	T. dolichocentrum	r	-	-	-	-	-	-	-	-	-	-	-	-	-	-	-	-	-	-	-	-	-	-	-	-	R	S
T. gladiatum	Taraxacum	gladiatum			*	T. gladiatum	b	-	-	-	-	-	-	-	-	-	-	-	-	-	-	-	-	-	-	-	-	-	-	-	-	b	?
T. hamidens	Taraxacum	hamidens			*	T. hamidens	r	-	-	-	-	-	-	-	-	-	-	-	-	-	-	-	-	-	-	-	-	-	-	-	-	R	S
T. hastile	Taraxacum	hastile			*	T. hastile	r	-	-	-	-	-	-	-	-	-	-	-	-	-	-	-	-	-	-	-	-	-	-	-	-	R	S
T. hastiliforme	Taraxacum	hastiliforme			*	T. hastiliforme	b	-	-	-	-	-	-	-	-	-	-	-	-	-	-	-	-	-	-	-	-	-	-	-	-	b	?
T. isolobum	Taraxacum	isolobum			*	T. isolobum	r	-	-	-	-	-	-	-	-	-	-	-	-	-	-	-	-	-	-	-	-	-	-	-	-	R	-
T. lonchophyllum	Taraxacum	lonchophyllum			*	T. lonchophyllum	b	-	-	-	-	-	-	-	-	-	-	-	-	-	-	-	-	-	-	-	-	-	-	-	-	b	R
T. longihastatum	Taraxacum	longihastatum			*	T. longihastatum	b	-	-	-	-	-	-	-	-	-	-	-	-	-	-	-	-	-	-	-	-	-	-	-	-	b	R
T. longisagittatum	Taraxacum	longisagittatum			*	T. longisagittatum	b	-	-	-	-	-	-	-	-	-	-	-	-	-	-	-	-	-	-	-	-	-	-	-	-	b	S
T. macromerum	Taraxacum	macromerum			*	T. macromerum	r	-	-	-	-	-	-	-	-	-	-	-	-	-	-	-	-	-	-	-	-	-	-	-	-	R	-
T. obovatifrons	Taraxacum	obovatifrons			*	T. obovatifrons	r	-	-	-	-	-	-	-	-	-	-	-	-	-	-	-	-	-	-	-	-	-	-	-	-	R	R
T. officinale	Taraxacum	officinale			*	T. officinale	-	-	-	-	-	-	-	-	-	-	-	-	-	-	-	-	-	-	-	r	-	-	-	-	R	?	S
T. ostrinum	Taraxacum	ostrinum			*	T. ostrinum	?	-	-	-	-	-	-	-	-	-	-	-	-	-	-	-	-	-	-	-	-	-	-	-	-	?	R
T. oxyphoreum	Taraxacum	oxyphoreum			*	T. oxyphoreum	b	-	-	-	-	-	-	-	-	-	-	-	-	-	-	-	-	-	-	-	-	-	-	-	-	b	?
T. perdeflexum	Taraxacum	perdeflexum			*	T. perdeflexum	-	r	-	-	-	-	-	-	-	-	-	-	-	-	-	-	-	-	-	-	-	-	-	-	-	R	?
T. perdevexum	Taraxacum	perdevexum			*	T. perdevexum	?	-	-	-	-	-	-	-	-	-	-	-	-	-	-	-	-	-	-	-	-	-	-	-	-	?	R
T. planifrons	Taraxacum	planifrons			*	T. planifrons	r	-	-	-	-	-	-	-	-	-	-	-	-	-	-	-	-	-	-	-	-	-	-	-	-	R	R
T. pravum	Taraxacum	pravum			*	T. pravum	r	-	-	-	-	-	-	-	-	-	-	-	-	-	-	-	-	-	-	-	-	-	-	-	-	R	S
T. repletum	Taraxacum	repletum			*	T. repletum	-	r	s	-	f	r	-	-	-	-	-	-	-	-	-	-	-	-	-	-	-	-	-	-	R	F	F
T. rufescens	Taraxacum	rufescens			*	T. rufescens	?	-	-	-	-	-	-	-	-	-	-	-	-	-	-	-	-	-	-	-	-	-	-	-	-	?	R
T. scotolepidiforme	Taraxacum	scotolepidiforme			*	T. scotolepidiforme	?	-	-	-	-	-	-	-	-	-	-	-	-	-	-	-	-	-	-	-	-	-	-	-	-	?	R
T. sigmoideum	Taraxacum	sigmoideum			*	T. sigmoideum	r	-	-	-	-	-	-	-	-	-	-	-	-	-	-	-	-	-	-	-	-	-	-	-	-	R	-
T. spiculiforme	Taraxacum	spiculiforme			*	T. spiculiforme	b	-	-	-	-	-	-	-	-	-	-	-	-	-	-	-	-	-	-	-	-	-	-	-	-	b	?
T. subcrispum	Taraxacum	subcrispum			*	T. subcrispum	r	-	-	-	-	-	-	-	-	-	-	-	-	-	-	-	-	-	-	-	-	-	-	-	-	R	R
T. ulophyllum	Taraxacum	ulophyllum			*	T. ulophyllum	r	-	-	-	-	-	-	-	-	-	-	-	-	-	-	-	-	-	-	-	-	-	-	-	-	R	R
T. islandicum agg.	Taraxacum	islandicum	agg.		864115	T. islandicum agg.	s	f	r	-	-	-	-	-	-	-	-	-	-	-	-	-	-	-	-	r	-	-	-	R	R	S	F
T. acromaurum	Taraxacum	acromaurum			*	T. acromaurum	s	-	-	-	-	-	-	-	-	-	-	-	-	-	-	-	-	-	-	-	-	-	-	R	-	S	F
T. cymbifolium	Taraxacum	cymbifolium			*	T. cymbifolium	f	f	-	-	-	-	-	-	-	-	-	-	-	-	-	-	-	-	-	-	-	-	-	R	-	F	F
T. dentex	Taraxacum	dentex			*	T. dentex	?	-	-	-	-	-	-	-	-	-	-	-	-	-	-	-	-	-	-	-	-	-	-	-	-	?	R
T. hoplites	Taraxacum	hoplites			*	T. hoplites	?	-	-	-	-	-	-	-	-	-	-	-	-	-	-	-	-	-	-	-	-	-	-	-	-	?	S
T. islandiciforme	Taraxacum	islandiciforme			*	T. islandiciforme	-	-	-	-	-	-	-	-	-	-	-	-	-	-	-	-	-	-	-	r	-	-	-	-	-	R	?
T. islandicum	Taraxacum	islandicum			*	T. islandicum	s	-	-	-	-	-	-	-	-	-	-	-	-	-	-	-	-	-	-	-	-	-	-	-	-	S	F
T. latispinulosum	Taraxacum	latispinulosum			*	T. latispinulosum	b	-	-	-	-	-	-	-	-	-	-	-	-	-	-	-	-	-	-	r	-	-	-	-	-	R	R
T. selenodon	Taraxacum	selenodon			*	T. selenodon	r	-	-	-	-	-	-	-	-	-	-	-	-	-	-	-	-	-	-	-	-	-	-	-	-	R	S
T. subhoplites	Taraxacum	subhoplites			*	T. subhoplites	r	-	-	-	-	-	-	-	-	-	-	-	-	-	-	-	-	-	-	-	-	-	-	-	-	R	?
T. subreduncum	Taraxacum	subreduncum			*	T. subreduncum	?	-	-	-	-	-	-	-	-	-	-	-	-	-	-	-	-	-	-	-	-	-	-	-	-	?	R
T. tenebricans	Taraxacum	tenebricans			*	T. tenebricans	-	-	r	-	-	-	-	-	-	-	-	-	-	-	-	-	-	-	-	-	-	-	-	-	-	R	S
T. uncatilobum	Taraxacum	uncatilobum			*	T. uncatilobum	b	-	-	-	-	-	-	-	-	-	-	-	-	-	-	-	-	-	-	-	-	-	-	-	-	b	?
T. spectabile agg.	Taraxacum	spectabile	agg.		864116	T. spectabile agg.	s	r	-	-	-	-	-	-	-	-	-	-	-	-	-	-	-	r	-	-	r	-	-	R	-	S	S
T. crispifrons	Taraxacum	crispifrons			*	T. crispifrons	r	-	-	-	-	-	-	-	-	-	-	-	-	-	-	-	-	-	-	-	-	-	-	-	-	R	S
T. devians	Taraxacum	devians			*	T. devians	b	-	-	-	-	-	-	-	-	-	-	-	-	-	-	-	-	-	-	-	r	-	-	-	-	R	R
T. faeroense	Taraxacum	faeroense			*	T. faeroense	r	-	-	-	-	-	-	-	-	-	-	-	-	-	-	-	-	-	-	-	-	-	-	-	-	R	S
T. furvum	Taraxacum	furvum			*	T. furvum	r	-	-	-	-	-	-	-	-	-	-	-	-	-	-	-	-	-	-	-	-	-	-	-	-	R	R
T. laticonicum	Taraxacum	laticonicum			*	T. laticonicum	b	-	-	-	-	-	-	-	-	-	-	-	-	-	-	-	-	-	-	-	-	-	-	-	-	b	R
T. leptolepis	Taraxacum	leptolepis			*	T. leptolepis	?	-	-	-	-	-	-	-	-	-	-	-	-	-	-	-	-	-	-	-	-	-	-	-	-	?	R
T. pravicentrum	Taraxacum	pravicentrum			*	T. pravicentrum	r	?	-	-	-	-	-	-	-	-	-	-	-	-	-	-	-	-	-	-	-	-	-	-	-	R	F
T. purpuridens	Taraxacum	purpuridens			*	T. purpuridens	-	-	-	-	-	-	-	-	-	-	-	-	-	-	-	-	-	-	-	-	r	-	-	-	-	R	S
T. recedens	Taraxacum	recedens			*	T. recedens	r	-	-	-	-	-	-	-	-	-	-	-	-	-	-	-	-	-	-	-	-	-	-	R	-	-	-
T. reclinatum	Taraxacum	reclinatum			*	T. reclinatum	?	-	-	-	-	-	-	-	-	-	-	-	-	-	-	-	-	-	-	-	-	-	-	-	-	?	R
T. scalenum	Taraxacum	scalenum			*	T. scalenum	?	-	-	-	-	-	-	-	-	-	-	-	-	-	-	-	-	-	-	-	-	-	-	-	-	?	?
T. subspectabile	Taraxacum	subspectabile			*	T. subspectabile	r	-	-	-	-	-	-	-	-	-	-	-	-	-	-	-	-	-	-	-	-	-	-	-	-	R	R
T. torngatense	Taraxacum	torngatense			*	T. torngatense	-	-	-	-	-	-	-	-	-	-	-	-	-	-	-	-	-	r	-	-	-	-	-	-	-	R	?
T. torvum	Taraxacum	torvum			*	T. torvum	r	-	-	-	-	-	-	-	-	-	-	-	-	-	-	-	-	-	-	-	-	-	-	R	-	-	-
T. vestmannicum	Taraxacum	vestmannicum			*	T. vestmannicum	r	-	-	-	-	-	-	-	-	-	-	-	-	-	-	-	-	-	-	-	-	-	-	-	-	R	R
T. boreum agg.	Taraxacum	boreum	agg.		864117	T. boreum agg.	r	r	-	-	r	-	-	-	-	-	-	-	-	-	-	-	-	-	-	-	r	-	-	-	-	R	S
T. boreum	Taraxacum	boreum			*	T. boreum	-	r	-	-	-	-	-	-	-	-	-	-	-	-	-	-	-	-	-	-	-	-	-	-	-	R	S
T. penicilliforme	Taraxacum	penicilliforme			*	T. penicilliforme	-	-	-	-	r	-	-	-	-	-	-	-	-	-	-	-	-	-	-	-	-	-	-	-	-	R	S
T. rhodolepis	Taraxacum	rhodolepis			*	T. rhodolepis	-	-	-	-	-	-	-	-	-	-	-	-	-	-	-	-	-	-	-	-	r	-	-	-	-	R	S
T. triangulare	Taraxacum	triangulare			*	T. triangulare	r	-	-	-	-	-	-	-	-	-	-	-	-	-	-	-	-	-	-	-	-	-	-	-	-	R	R
T. falcatum	Taraxacum	falcatum			864118	T. falcatum	r	-	-	-	-	-	-	-	-	-	-	-	-	-	-	-	-	-	-	-	-	-	-	-	-	R	S
T. jacuticum	Taraxacum	jacuticum			864119	T. jacuticum	-	-	-	-	-	-	-	-	-	r	-	-	-	-	-	-	-	-	-	-	-	-	-	-	-	R	?
T. crassipes agg.	Taraxacum	crassipes	agg.		864120	T. crassipes agg.	-	s	X	-	X	-	-	-	-	-	-	-	-	-	-	-	-	-	-	-	-	-	-	-	-	R	F
T. crassipes	Taraxacum	crassipes			*	T. crassipes	-	-	X	-	-	-	-	-	-	-	-	-	-	-	-	-	-	-	-	-	-	-	-	-	-	X	S
T. hirtellum	Taraxacum	hirtellum			*	T. hirtellum	-	s	-	-	-	-	-	-	-	-	-	-	-	-	-	-	-	-	-	-	-	-	-	-	-	R	F
T. kuusamoense	Taraxacum	kuusamoense			*	T. kuusamoense	-	-	-	-	X	-	-	-	-	-	-	-	-	-	-	-	-	-	-	-	-	-	-	-	-	X	S
T. opacum	Taraxacum	opacum			*	T. opacum	-	X	-	-	-	-	-	-	-	-	-	-	-	-	-	-	-	-	-	-	-	-	-	-	-	X	F
T. rubrolineatum	Taraxacum	rubrolineatum			*	T. rubrolineatum	-	r	-	-	-	-	-	-	-	-	-	-	-	-	-	-	-	-	-	-	-	-	-	-	-	R	R
T. ruderalia agg.	Taraxacum	ruderalia	agg.		864121	T. ruderalia agg.	r	s	r	**	r	-	-	-	-	-	-	-	-	-	-	-	-	?	-	*	?	-	-	**	*	R	F
	Crepis				8642	Crepis																											
C. sibirica	Crepis	sibirica			864201	C. sibirica	-	-	s	-	-	-	b	-	-	-	-	-	-	-	-	-	-	-	-	-	-	-	-	-	-	S	F
C. paludosa	Crepis	paludosa			864202	C. paludosa	r	b	r	-	r	-	-	-	-	-	-	-	-	-	-	-	-	-	-	-	-	-	-	-	-	R	F
C. chrysantha subsp. minor	Crepis	chrysantha	subsp.	minor	864203a	C. chrysantha subsp. minor	-	-	r	-	s	-	r	?	f	?	f	-	f	s	-	-	-	-	-	-	-	-	-	-	S	F	F
C. tectorum subsp. tectorum	Crepis	tectorum	subsp.	tectorum	864204a	C. tectorum subsp. tectorum	-	-	s	-	-	-	-	-	-	-	-	-	-	-	-	-	-	-	-	**	-	-	-	-	-	R	F
C. tectorum subsp. nigrescens	Crepis	tectorum	subsp.	nigrescens	864204b	C. tectorum subsp. nigrescens	-	r	r	-	r	s	r	-	-	-	-	-	-	-	-	-	-	-	-	-	-	-	-	-	-	S	F
C. tectorum subsp. pumila	Crepis	tectorum	subsp.	pumila	864204c	C. tectorum subsp. pumila	-	-	-	-	r	-	-	-	-	-	-	-	-	-	-	-	-	-	-	-	-	-	-	-	-	R	S
C. multicaulis	Crepis	multicaulis			864205	C. multicaulis	-	r	r	-	r	-	r	-	-	-	-	-	-	-	-	-	-	-	-	-	-	-	-	-	-	R	R
	Askellia				8643	Askellia																											
A. nana	Askellia	nana			864301	A. nana	-	-	-	-	-	-	r	r	f	-	f	f	f	f	r	f	s	r	-	-	-	R	R	S	F	F	F
A. elegans	Askellia	elegans			864302	A. elegans	-	-	-	-	-	-	-	-	-	-	-	-	-	-	-	r	-	-	-	-	-	-	-	-	-	R	F
	Stenotheca				8644	Stenotheca																											
S. tristis	Stenotheca	tristis			864401	S. tristis	-	-	-	-	-	-	-	-	-	-	-	-	-	-	r	-	-	-	-	-	-	-	-	-	-	R	S
	Pilosella				8645	Pilosella																											
P. peleteriana	Pilosella	peleteriana			864501	P. peleteriana	-	r	-	-	-	-	-	-	-	-	-	-	-	-	-	-	-	-	-	-	-	-	-	-	-	R	S
P. cymosa	Pilosella	cymosa			864502	P. cymosa	-	r	-	-	-	-	-	-	-	-	-	-	-	-	-	-	-	-	-	-	-	-	-	-	-	R	F
P. onegensis	Pilosella	onegensis			864503	P. onegensis	-	*	-	-	-	-	-	-	-	-	-	-	-	-	-	-	-	-	-	-	-	-	-	-	-	*	S
Hieracium macranthelum	Pilosella	macranthelum			864504	Hieracium macranthelum	-	r	-	-	-	-	-	-	-	-	-	-	-	-	-	-	-	-	-	-	-	-	-	-	-	R	S
P. islandica	Pilosella	islandica			864505	P. islandica	f	-	-	-	-	-	-	-	-	-	-	-	-	-	-	-	-	-	-	-	-	-	-	-	-	F	F
P. aurantiaca	Pilosella	aurantiaca			864506	P. aurantiaca	*	*	-	-	-	-	-	-	-	-	-	-	-	-	-	-	-	-	-	-	-	-	-	-	-	*	*
	Hieracium				8646	Hieracium																											
H. murorum agg.	Hieracium	murorum	agg.		864601	H. murorum agg.	s	r	-	-	r	-	-	-	-	-	-	-	-	-	-	-	-	-	-	-	-	-	-	-	-	S	F
H. antecursorum	Hieracium	antecursorum			*	H. antecursorum	-	-	-	-	r	-	-	-	-	-	-	-	-	-	-	-	-	-	-	-	-	-	-	-	-	R	S
H. aquiliforme	Hieracium	aquiliforme			*	H. aquiliforme	r	-	-	-	-	-	-	-	-	-	-	-	-	-	-	-	-	-	-	-	-	-	-	-	-	R	S
H. belonodontum	Hieracium	belonodontum			*	H. belonodontum	s	-	-	-	-	-	-	-	-	-	-	-	-	-	-	-	-	-	-	-	-	-	-	-	-	R	S
H. catoxylepis	Hieracium	catoxylepis			*	H. catoxylepis	r	-	-	-	-	-	-	-	-	-	-	-	-	-	-	-	-	-	-	-	-	-	-	-	-	R	R
H. cuspidellum	Hieracium	cuspidellum			*	H. cuspidellum	-	-	-	-	r	-	-	-	-	-	-	-	-	-	-	-	-	-	-	-	-	-	-	-	-	R	S
H. declivium	Hieracium	declivium			*	H. declivium	-	b	-	-	-	-	-	-	-	-	-	-	-	-	-	-	-	-	-	-	-	-	-	-	-	b	R
H. furfurosum	Hieracium	furfurosum			*	H. furfurosum	r	-	-	-	-	-	-	-	-	-	-	-	-	-	-	-	-	-	-	-	-	-	-	-	-	R	R
H. kildinense	Hieracium	kildinense			*	H. kildinense	-	r	-	-	-	-	-	-	-	-	-	-	-	-	-	-	-	-	-	-	-	-	-	-	-	R	-
H. kuzenevae	Hieracium	kuzenevae			*	H. kuzenevae	-	b	-	-	-	-	-	-	-	-	-	-	-	-	-	-	-	-	-	-	-	-	-	-	-	b	R
H. integrilaterum	Hieracium	integrilaterum			*	H. integrilaterum	s	-	-	-	-	-	-	-	-	-	-	-	-	-	-	-	-	-	-	-	-	-	-	-	-	S	F
H. levihirtum	Hieracium	levihirtum			*	H. levihirtum	s	-	-	-	-	-	-	-	-	-	-	-	-	-	-	-	-	-	-	-	-	-	-	-	-	S	S
H. macrocladum	Hieracium	macrocladum			*	H. macrocladum	-	r	-	-	-	-	-	-	-	-	-	-	-	-	-	-	-	-	-	-	-	-	-	-	-	R	S
H. pellucidum	Hieracium	pellucidum			*	H. pellucidum	-	s	-	-	-	-	-	-	-	-	-	-	-	-	-	-	-	-	-	-	-	-	-	-	-	S	F
H. praenodatum	Hieracium	praenodatum			*	H. praenodatum	-	b	-	-	-	-	-	-	-	-	-	-	-	-	-	-	-	-	-	-	-	-	-	-	-	b	S
H. praetenerum	Hieracium	praetenerum			*	H. praetenerum	-	?	-	-	-	-	-	-	-	-	-	-	-	-	-	-	-	-	-	-	-	-	-	-	-	?	S
H. submaculigerum	Hieracium	submaculigerum			*	H. submaculigerum	-	r	-	-	-	-	-	-	-	-	-	-	-	-	-	-	-	-	-	-	-	-	-	-	-	R	-
H. tenuiglandulosum	Hieracium	tenuiglandulosum			*	H. tenuiglandulosum	-	b	-	-	-	-	-	-	-	-	-	-	-	-	-	-	-	-	-	-	-	-	-	-	-	b	-
H. zelencense	Hieracium	zelencense			*	H. zelencense	-	r	-	-	-	-	-	-	-	-	-	-	-	-	-	-	-	-	-	-	-	-	-	-	-	R	-
H. bifidum agg.	Hieracium	bifidum	agg.		864602	H. bifidum agg.	s	r	-	-	-	-	-	-	-	-	-	-	-	-	-	-	-	-	-	-	-	-	-	-	-	S	F
H. acidotoides	Hieracium	acidotoides			*	H. acidotoides	?	-	-	-	-	-	-	-	-	-	-	-	-	-	-	-	-	-	-	-	-	-	-	-	-	?	R
H. atriplicifolium	Hieracium	atriplicifolium			*	H. atriplicifolium	-	r	-	-	-	-	-	-	-	-	-	-	-	-	-	-	-	-	-	-	-	-	-	-	-	R	R
H. caesiiflorum	Hieracium	caesiiflorum			*	H. caesiiflorum	-	r	-	-	-	-	-	-	-	-	-	-	-	-	-	-	-	-	-	-	-	-	-	-	-	R	S
H. macropholidium	Hieracium	macropholidium			*	H. macropholidium	s	-	-	-	-	-	-	-	-	-	-	-	-	-	-	-	-	-	-	-	-	-	-	-	-	S	S
H. pellaeocephalum	Hieracium	pellaeocephalum			*	H. pellaeocephalum	b	-	-	-	-	-	-	-	-	-	-	-	-	-	-	-	-	-	-	-	-	-	-	-	-	b	R
H. praecordans	Hieracium	praecordans			*	H. praecordans	b	-	-	-	-	-	-	-	-	-	-	-	-	-	-	-	-	-	-	-	-	-	-	-	-	b	R
H. semiprolixum	Hieracium	semiprolixum			*	H. semiprolixum	r	-	-	-	-	-	-	-	-	-	-	-	-	-	-	-	-	-	-	-	-	-	-	-	-	R	S
H. stenolepis	Hieracium	stenolepis			*	H. stenolepis	-	s	-	-	-	-	-	-	-	-	-	-	-	-	-	-	-	-	-	-	-	-	-	-	-	S	F
H. thaectolepium	Hieracium	thaectolepium			*	H. thaectolepium	?	-	-	-	-	-	-	-	-	-	-	-	-	-	-	-	-	-	-	-	-	-	-	-	-	?	?
H. fuscocinereum agg.	Hieracium	fuscocinereum	agg.		864603	H. fuscocinereum agg.	r	r	-	-	-	-	-	-	-	-	-	-	-	-	-	-	-	-	-	-	-	-	-	-	-	R	F
H. cretatum	Hieracium	cretatum			*	H. cretatum	?	-	-	-	-	-	-	-	-	-	-	-	-	-	-	-	-	-	-	-	-	-	-	-	-	?	R
H. expallidum	Hieracium	expallidum			*	H. expallidum	-	b	-	-	-	-	-	-	-	-	-	-	-	-	-	-	-	-	-	-	-	-	-	-	-	b	R
H. philanthrax	Hieracium	philanthrax			*	H. philanthrax	-	r	-	-	-	-	-	-	-	-	-	-	-	-	-	-	-	-	-	-	-	-	-	-	-	R	F
H. praepallens	Hieracium	praepallens			*	H. praepallens	r	-	-	-	-	-	-	-	-	-	-	-	-	-	-	-	-	-	-	-	-	-	-	-	-	R	S
H. trichotum	Hieracium	trichotum			*	H. trichotum	?	-	-	-	-	-	-	-	-	-	-	-	-	-	-	-	-	-	-	-	-	-	-	-	-	?	S
H. vulgatum agg.	Hieracium	vulgatum	agg.		864604	H. vulgatum agg.	-	r	r	-	-	-	-	-	-	-	-	-	-	-	-	-	-	-	-	-	-	-	-	-	-	R	F
H. subviolascentiforme	Hieracium	subviolascentiforme			*	H. subviolascentiforme	-	-	r	-	-	-	-	-	-	-	-	-	-	-	-	-	-	-	-	-	-	-	-	-	-	R	S
H. tritum	Hieracium	tritum			*	H. tritum	-	-	r	-	-	-	-	-	-	-	-	-	-	-	-	-	-	-	-	-	-	-	-	-	-	R	?
H. trivialiforme	Hieracium	trivialiforme			*	H. trivialiforme	-	-	r	-	-	-	-	-	-	-	-	-	-	-	-	-	-	-	-	-	-	-	-	-	-	R	-
H. vulgatum	Hieracium	vulgatum			*	H. vulgatum	-	r	-	-	-	-	-	-	-	-	-	-	-	-	-	-	-	-	-	-	-	-	-	-	-	R	F
H. fasciculare agg.	Hieracium	fasciculare	agg.		864605	H. fasciculare agg.	-	r	-	-	-	r	-	-	-	-	-	-	-	-	-	-	-	-	-	-	-	-	-	-	-	R	S
H. adunans	Hieracium	adunans			*	H. adunans	-	r	-	-	-	-	-	-	-	-	-	-	-	-	-	-	-	-	-	-	-	-	-	-	-	R	S
H. tazense	Hieracium	tazense			*	H. tazense	-	-	-	-	-	r	-	-	-	-	-	-	-	-	-	-	-	-	-	-	-	-	-	-	-	R	S
H. caesium agg.	Hieracium	caesium	agg.		864606	H. caesium agg.	r	r	-	-	-	-	-	-	-	-	-	-	-	-	-	-	-	-	-	-	-	-	-	-	-	R	S
H. adlerzii	Hieracium	adlerzii			*	H. adlerzii	-	r	-	-	-	-	-	-	-	-	-	-	-	-	-	-	-	-	-	-	-	-	-	-	-	R	S
H. congenitum	Hieracium	congenitum			*	H. congenitum	r	-	-	-	-	-	-	-	-	-	-	-	-	-	-	-	-	-	-	-	-	-	-	-	-	R	R
H. hoidalicum	Hieracium	hoidalicum			*	H. hoidalicum	?	-	-	-	-	-	-	-	-	-	-	-	-	-	-	-	-	-	-	-	-	-	-	-	-	?	?
H. holopleuroides	Hieracium	holopleuroides			*	H. holopleuroides	r	-	-	-	-	-	-	-	-	-	-	-	-	-	-	-	-	-	-	-	-	-	-	-	-	R	S
H. lopholepidioides	Hieracium	lopholepidioides			*	H. lopholepidioides	r	-	-	-	-	-	-	-	-	-	-	-	-	-	-	-	-	-	-	-	-	-	-	-	-	R	-
H. ovatifolians	Hieracium	ovatifolians			*	H. ovatifolians	b	-	-	-	-	-	-	-	-	-	-	-	-	-	-	-	-	-	-	-	-	-	-	-	-	b	-
H. subramosum agg.	Hieracium	subramosum	agg.		864607	H. subramosum agg.	-	r	r	-	-	-	-	-	-	-	-	-	-	-	-	-	-	-	-	-	-	-	-	-	-	R	S
H. subramosum	Hieracium	subramosum			*	H. subramosum	-	r	-	-	-	-	-	-	-	-	-	-	-	-	-	-	-	-	-	-	-	-	-	-	-	R	S
H. wologdense	Hieracium	wologdense			*	H. wologdense	-	-	r	-	-	-	-	-	-	-	-	-	-	-	-	-	-	-	-	-	-	-	-	-	-	R	S
H. diaphanum agg.	Hieracium	diaphanum	agg.		864608	H. diaphanum agg.	-	-	r	-	-	-	-	-	-	-	-	-	-	-	-	-	-	-	-	-	-	-	-	-	-	S	S
H. adakense	Hieracium	adakense			*	H. adakense	-	-	r	-	-	-	-	-	-	-	-	-	-	-	-	-	-	-	-	-	-	-	-	-	-	R	?
H. diaphanoides agg.	Hieracium	diaphanoides	agg.		864609	H. diaphanoides agg.	-	s	s	-	r	r	-	-	-	-	-	-	-	-	-	-	-	-	-	-	-	-	-	-	-	S	F
H. congruens	Hieracium	congruens			*	H. congruens	-	s	s	-	-	r	-	-	-	-	-	-	-	-	-	-	-	-	-	-	-	-	-	-	-	S	F
H. diaphanoides	Hieracium	diaphanoides			*	H. diaphanoides	-	s	-	-	-	-	-	-	-	-	-	-	-	-	-	-	-	-	-	-	-	-	-	-	-	S	S
H. microplacerum	Hieracium	microplacerum			*	H. microplacerum	-	-	-	-	r	r	-	-	-	-	-	-	-	-	-	-	-	-	-	-	-	-	-	-	-	R	S
H. subpellucidum	Hieracium	subpellucidum			*	H. subpellucidum	-	-	r	-	r	-	-	-	-	-	-	-	-	-	-	-	-	-	-	-	-	-	-	-	-	R	S
H. taigense	Hieracium	taigense			*	H. taigense	-	-	r	-	r	b	-	-	-	-	-	-	-	-	-	-	-	-	-	-	-	-	-	-	-	R	S
H. aelocephalum	Hieracium	aelocephalum			*	H. aelocephalum	?	-	-	-	-	-	-	-	-	-	-	-	-	-	-	-	-	-	-	-	-	-	-	-	-	?	?
H. schmidtii agg.	Hieracium	schmidtii	agg.		864610	H. schmidtii agg.	r	s	-	-	-	-	-	-	-	-	-	-	-	-	-	-	-	-	-	-	-	-	-	-	-	S	F
H. basipinnatum	Hieracium	basipinnatum			*	H. basipinnatum	?	-	-	-	-	-	-	-	-	-	-	-	-	-	-	-	-	-	-	-	-	-	-	-	-	?	R
H. chlorolepium	Hieracium	chlorolepium			*	H. chlorolepium	r	-	-	-	-	-	-	-	-	-	-	-	-	-	-	-	-	-	-	-	-	-	-	-	-	R	S
H. euglaucum	Hieracium	euglaucum			*	H. euglaucum	?	-	-	-	-	-	-	-	-	-	-	-	-	-	-	-	-	-	-	-	-	-	-	-	-	?	?
H. floccilimbatum	Hieracium	floccilimbatum			*	H. floccilimbatum	r	-	-	-	-	-	-	-	-	-	-	-	-	-	-	-	-	-	-	-	-	-	-	-	-	R	R
H. schmidtii	Hieracium	schmidtii			*	H. schmidtii	-	s	-	-	-	-	-	-	-	-	-	-	-	-	-	-	-	-	-	-	-	-	-	-	-	S	F
H. superbum	Hieracium	superbum			*	H. superbum	?	-	-	-	-	-	-	-	-	-	-	-	-	-	-	-	-	-	-	-	-	-	-	-	-	?	R
H. sommerfeltii agg.	Hieracium	sommerfeltii	agg.		864611	H. sommerfeltii agg.	s	-	-	-	-	-	-	-	-	-	-	-	-	-	-	-	-	-	-	-	-	-	-	-	-	S	F
H. stenopholidium	Hieracium	stenopholidium			*	H. stenopholidium	s	-	-	-	-	-	-	-	-	-	-	-	-	-	-	-	-	-	-	-	-	-	-	-	-	S	F
H. saxifragum agg.	Hieracium	saxifragum	agg.		864612	H. saxifragum agg.	f	-	-	-	-	-	-	-	-	-	-	-	-	-	-	-	-	-	-	-	-	-	-	-	-	F	F
H. microdon	Hieracium	microdon			*	H. microdon	f	-	-	-	-	-	-	-	-	-	-	-	-	-	-	-	-	-	-	-	-	-	-	-	-	F	F
H. alatum agg.	Hieracium	alatum	agg.		864613	H. alatum agg.	r	-	-	-	-	-	-	-	-	-	-	-	-	-	-	-	-	-	-	-	-	-	-	-	-	R	S
H. arctocerinthe	Hieracium	arctocerinthe			*	H. arctocerinthe	?	-	-	-	-	-	-	-	-	-	-	-	-	-	-	-	-	-	-	-	-	-	-	-	-	?	S
H. leucodetum	Hieracium	leucodetum			*	H. leucodetum	r	-	-	-	-	-	-	-	-	-	-	-	-	-	-	-	-	-	-	-	-	-	-	-	-	R	R
H. alpinum agg.	Hieracium	alpinum	agg.		864614	H. alpinum agg.	f	f	f	-	s	s	-	-	-	-	-	-	-	-	-	-	-	-	-	s	f	-	-	?	F	F	F
H. alpinum	Hieracium	alpinum			*	H. alpinum	f	f	f	-	s	s	-	-	-	-	-	-	-	-	-	-	-	-	-	s	f	-	-	?	F	F	F
H. apicicomum	Hieracium	apicicomum			*	H. apicicomum	r	-	-	-	-	-	-	-	-	-	-	-	-	-	-	-	-	-	-	-	-	-	-	-	-	R	S
H. davidsonii	Hieracium	davidsonii			*	H. davidsonii	r	-	-	-	-	-	-	-	-	-	-	-	-	-	-	-	-	-	-	-	-	-	-	-	-	R	-
H. diacritum	Hieracium	diacritum			*	H. diacritum	r	-	-	-	-	-	-	-	-	-	-	-	-	-	-	-	-	-	-	-	-	-	-	-	-	R	-
H. haploum	Hieracium	haploum			*	H. haploum	r	-	-	-	-	-	-	-	-	-	-	-	-	-	-	-	-	-	-	-	-	-	-	-	-	R	R
H. holostenophyllum	Hieracium	holostenophyllum			*	H. holostenophyllum	?	-	-	-	-	-	-	-	-	-	-	-	-	-	-	-	-	-	-	-	-	-	-	-	-	?	?
H. petiolosum	Hieracium	petiolosum			*	H. petiolosum	r	-	-	-	-	-	-	-	-	-	-	-	-	-	-	-	-	-	-	-	-	-	-	-	-	R	R
H. trigonophorum	Hieracium	trigonophorum			*	H. trigonophorum	-	-	-	-	-	-	-	-	-	-	-	-	-	-	-	-	-	-	-	r	-	-	-	-	-	R	-
H. unguiculiferum	Hieracium	unguiculiferum			*	H. unguiculiferum	r	-	-	-	-	-	-	-	-	-	-	-	-	-	-	-	-	-	-	-	-	-	-	-	-	R	R
H. nigrescens agg.	Hieracium	nigrescens	agg.		864615	H. nigrescens agg.	s	s	s	-	r	r	-	-	-	-	-	-	-	-	-	-	-	-	-	-	r	-	-	-	R	S	F
H. angmagssalikense	Hieracium	angmagssalikense			*	H. angmagssalikense	-	-	-	-	-	-	-	-	-	-	-	-	-	-	-	-	-	-	-	-	r	-	-	-	R	-	-
H. cataponum	Hieracium	cataponum			*	H. cataponum	r	-	-	-	-	-	-	-	-	-	-	-	-	-	-	-	-	-	-	-	-	-	-	-	-	R	R
H. cisuralense	Hieracium	cisuralense			*	H. cisuralense	-	-	r	-	-	-	-	-	-	-	-	-	-	-	-	-	-	-	-	-	-	-	-	-	-	R	S
H. coloratum	Hieracium	coloratum			*	H. coloratum	-	-	b	-	-	-	-	-	-	-	-	-	-	-	-	-	-	-	-	-	-	-	-	-	-	b	R
H. czeschaense	Hieracium	czeschaense			*	H. czeschaense	-	-	r	-	-	-	-	-	-	-	-	-	-	-	-	-	-	-	-	-	-	-	-	-	-	R	-
H. dissotocoides	Hieracium	dissotocoides			*	H. dissotocoides	r	-	-	-	-	-	-	-	-	-	-	-	-	-	-	-	-	-	-	-	-	-	-	-	-	R	-
H. excubitum	Hieracium	excubitum			*	H. excubitum	-	-	r	-	r	r	-	-	-	-	-	-	-	-	-	-	-	-	-	-	-	-	-	-	-	R	S
H. eximiiforme	Hieracium	eximiiforme			*	H. eximiiforme	-	-	-	-	r	-	-	-	-	-	-	-	-	-	-	-	-	-	-	-	-	-	-	-	-	R	F
H. finmarkicum	Hieracium	finmarkicum			*	H. finmarkicum	-	?	-	-	-	-	-	-	-	-	-	-	-	-	-	-	-	-	-	-	-	-	-	-	-	?	S
H. foliolatum	Hieracium	foliolatum			*	H. foliolatum	-	-	r	-	r	-	-	-	-	-	-	-	-	-	-	-	-	-	-	-	-	-	-	-	-	R	S
H. folioliferum	Hieracium	folioliferum			*	H. folioliferum	-	r	-	-	-	-	-	-	-	-	-	-	-	-	-	-	-	-	-	-	-	-	-	-	-	R	-
H. fuliginosum	Hieracium	fuliginosum			*	H. fuliginosum	-	r	-	-	-	-	-	-	-	-	-	-	-	-	-	-	-	-	-	-	-	-	-	-	-	R	S
H. glabriligulatum	Hieracium	glabriligulatum			*	H. glabriligulatum	-	r	-	-	-	-	-	-	-	-	-	-	-	-	-	-	-	-	-	-	-	-	-	-	-	R	S
H. gorodkovianum	Hieracium	gorodkovianum			*	H. gorodkovianum	-	-	-	-	r	r	-	-	-	-	-	-	-	-	-	-	-	-	-	-	-	-	-	-	-	R	-
H. hraunense	Hieracium	hraunense			*	H. hraunense	r	-	-	-	-	-	-	-	-	-	-	-	-	-	-	-	-	-	-	-	-	-	-	-	-	R	-
H. issatchenkoi	Hieracium	issatchenkoi			*	H. issatchenkoi	-	r	-	-	-	-	-	-	-	-	-	-	-	-	-	-	-	-	-	-	-	-	-	-	-	R	-
H. kaldalonense	Hieracium	kaldalonense			*	H. kaldalonense	r	-	-	-	-	-	-	-	-	-	-	-	-	-	-	-	-	-	-	-	-	-	-	-	-	R	-
H. kaninense	Hieracium	kaninense			*	H. kaninense	-	-	b	-	-	-	-	-	-	-	-	-	-	-	-	-	-	-	-	-	-	-	-	-	-	b	-
H. kolgujevense	Hieracium	kolgujevense			*	H. kolgujevense	-	-	r	-	-	-	-	-	-	-	-	-	-	-	-	-	-	-	-	-	-	-	-	-	?	R	-
H. latypeum	Hieracium	latypeum			*	H. latypeum	-	r	-	-	-	-	-	-	-	-	-	-	-	-	-	-	-	-	-	-	-	-	-	-	-	R	S
H. leucomallum	Hieracium	leucomallum			*	H. leucomallum	r	-	-	-	-	-	-	-	-	-	-	-	-	-	-	-	-	-	-	-	-	-	-	-	-	R	S
H. ljapinense	Hieracium	ljapinense			*	H. ljapinense	-	-	r	-	r	-	-	-	-	-	-	-	-	-	-	-	-	-	-	-	-	-	-	-	-	R	S
H. lygistodon	Hieracium	lygistodon			*	H. lygistodon	r	-	-	-	-	-	-	-	-	-	-	-	-	-	-	-	-	-	-	-	-	-	-	-	-	R	-
H. neorepandum	Hieracium	neorepandum			*	H. neorepandum	s	-	-	-	-	-	-	-	-	-	-	-	-	-	-	-	-	-	-	-	-	-	-	-	-	S	S
H. percome	Hieracium	percome			*	H. percome	s	-	-	-	-	-	-	-	-	-	-	-	-	-	-	-	-	-	-	-	-	-	-	-	-	S	S
H. petiolatum	Hieracium	petiolatum			*	H. petiolatum	b	b	-	-	-	-	-	-	-	-	-	-	-	-	-	-	-	-	-	-	-	-	-	-	-	b	S
H. polymorphophyllum	Hieracium	polymorphophyllum			*	H. polymorphophyllum	-	-	r	-	r	-	-	-	-	-	-	-	-	-	-	-	-	-	-	-	-	-	-	-	?	R	-
H. shaparenkoi	Hieracium	shaparenkoi			*	H. shaparenkoi	-	-	r	-	-	-	-	-	-	-	-	-	-	-	-	-	-	-	-	-	-	-	-	-	-	R	?
H. soczavae	Hieracium	soczavae			*	H. soczavae	-	-	-	-	r	-	-	-	-	-	-	-	-	-	-	-	-	-	-	-	-	-	-	-	-	R	S
H. sosvaense	Hieracium	sosvaense			*	H. sosvaense	-	-	r	-	r	-	-	-	-	-	-	-	-	-	-	-	-	-	-	-	-	-	-	-	-	R	S
H. stenopiforme	Hieracium	stenopiforme			*	H. stenopiforme	-	-	-	-	r	r	-	-	-	-	-	-	-	-	-	-	-	-	-	-	-	-	-	-	-	R	S
H. stroemfeltii	Hieracium	stroemfeltii			*	H. stroemfeltii	b	-	-	-	-	-	-	-	-	-	-	-	-	-	-	-	-	-	-	-	-	-	-	-	-	b	R
H. tanense	Hieracium	tanense			*	H. tanense	-	r	-	-	-	-	-	-	-	-	-	-	-	-	-	-	-	-	-	-	-	-	-	-	-	R	R
H. teligerum	Hieracium	teligerum			*	H. teligerum	-	r	-	-	-	-	-	-	-	-	-	-	-	-	-	-	-	-	-	-	-	-	-	-	-	R	S
H. tolmatschevii	Hieracium	tolmatschevii			*	H. tolmatschevii	-	-	r	-	-	-	-	-	-	-	-	-	-	-	-	-	-	-	-	-	-	-	-	-	-	R	-
H. uralense	Hieracium	uralense			*	H. uralense	-	-	r	-	-	r	-	-	-	-	-	-	-	-	-	-	-	-	-	-	-	-	-	-	-	R	S
H. varangerense	Hieracium	varangerense			*	H. varangerense	-	r	-	-	-	-	-	-	-	-	-	-	-	-	-	-	-	-	-	-	-	-	-	-	-	R	R
H. atratum agg.	Hieracium	atratum	agg.		864616	H. atratum agg.	r	r	r	-	r	-	-	-	-	-	-	-	-	-	-	-	-	-	-	s	s	-	-	-	R	S	S
H. arctomurmanicum	Hieracium	arctomurmanicum			*	H. arctomurmanicum	-	r	-	-	-	-	-	-	-	-	-	-	-	-	-	-	-	-	-	-	-	-	-	-	-	R	S
H. barbulatum	Hieracium	barbulatum			*	H. barbulatum	-	-	r	-	r	-	-	-	-	-	-	-	-	-	-	-	-	-	-	-	-	-	-	-	-	R	S
H. dedovii	Hieracium	dedovii			*	H. dedovii	-	-	b	-	-	-	-	-	-	-	-	-	-	-	-	-	-	-	-	-	-	-	-	-	-	b	-
H. hyparcticum	Hieracium	hyparcticum			*	H. hyparcticum	-	-	-	-	-	-	-	-	-	-	-	-	-	-	-	-	-	-	-	s	r	-	-	-	R	S	-
H. leuceriodes	Hieracium	leuceriodes			*	H. leuceriodes	r	-	-	-	-	-	-	-	-	-	-	-	-	-	-	-	-	-	-	-	-	-	-	-	-	R	?
H. lividorubens	Hieracium	lividorubens			*	H. lividorubens	-	-	-	-	-	-	-	-	-	-	-	-	-	-	-	-	-	-	-	s	r	-	-	-	R	S	R
H. murmanicola	Hieracium	murmanicola			*	H. murmanicola	-	r	-	-	-	-	-	-	-	-	-	-	-	-	-	-	-	-	-	-	-	-	-	-	-	R	-
H. ovaliceps	Hieracium	ovaliceps			*	H. ovaliceps	-	?	-	-	-	-	-	-	-	-	-	-	-	-	-	-	-	-	-	-	-	-	-	-	-	?	S
H. pereffusum	Hieracium	pereffusum			*	H. pereffusum	-	r	-	-	-	-	-	-	-	-	-	-	-	-	-	-	-	-	-	-	-	-	-	-	-	R	S
H. piciniforme	Hieracium	piciniforme			*	H. piciniforme	?	-	-	-	-	-	-	-	-	-	-	-	-	-	-	-	-	-	-	-	-	-	-	-	-	?	S
H. semicurvatum	Hieracium	semicurvatum			*	H. semicurvatum	-	r	-	-	-	-	-	-	-	-	-	-	-	-	-	-	-	-	-	-	-	-	-	-	-	R	S
H. stefanssonii	Hieracium	stefanssonii			*	H. stefanssonii	?	-	-	-	-	-	-	-	-	-	-	-	-	-	-	-	-	-	-	-	-	-	-	-	-	?	?
H. stelechodes	Hieracium	stelechodes			*	H. stelechodes	-	-	-	-	-	-	-	-	-	-	-	-	-	-	-	-	-	-	-	-	r	-	-	-	-	R	-
H. subobtusum	Hieracium	subobtusum			*	H. subobtusum	r	-	-	-	-	-	-	-	-	-	-	-	-	-	-	-	-	-	-	-	-	-	-	-	-	R	R
H. transiens	Hieracium	transiens			*	H. transiens	r	-	-	-	-	-	-	-	-	-	-	-	-	-	-	-	-	-	-	-	-	-	-	-	-	R	-
H. vaidae	Hieracium	vaidae			*	H. vaidae	-	r	-	-	-	-	-	-	-	-	-	-	-	-	-	-	-	-	-	-	-	-	-	-	-	R	-
H. rohacsense agg.	Hieracium	rohacsense	agg.		864617	H. rohacsense agg.	r	?	-	-	-	-	-	-	-	-	-	-	-	-	-	-	-	-	-	-	-	-	-	-	-	R	R
H. bipediforme	Hieracium	bipediforme			*	H. bipediforme	r	-	-	-	-	-	-	-	-	-	-	-	-	-	-	-	-	-	-	-	-	-	-	-	-	R	?
H. euprosopum	Hieracium	euprosopum			*	H. euprosopum	?	-	-	-	-	-	-	-	-	-	-	-	-	-	-	-	-	-	-	-	-	-	-	-	-	?	R
H. magnidens	Hieracium	magnidens			*	H. magnidens	r	-	-	-	-	-	-	-	-	-	-	-	-	-	-	-	-	-	-	-	-	-	-	-	-	R	R
H. prenanthoides agg.	Hieracium	prenanthoides	agg.		864618	H. prenanthoides agg.	r	b	-	-	-	-	-	-	-	-	-	-	-	-	-	-	-	-	-	-	-	-	-	-	-	R	S
H. basileion	Hieracium	basileion			*	H. basileion	r	-	-	-	-	-	-	-	-	-	-	-	-	-	-	-	-	-	-	-	-	-	-	-	-	R	R
H. furvescens	Hieracium	furvescens			*	H. furvescens	r	b	-	-	-	-	-	-	-	-	-	-	-	-	-	-	-	-	-	-	-	-	-	-	-	R	S
H. reducatum	Hieracium	reducatum			*	H. reducatum	-	b	-	-	-	-	-	-	-	-	-	-	-	-	-	-	-	-	-	-	-	-	-	-	-	R	S
H. strictum	Hieracium	strictum			*	H. strictum	-	b	-	-	-	-	-	-	-	-	-	-	-	-	-	-	-	-	-	-	-	-	-	-	-	b	S
H. thulense	Hieracium	thulense			*	H. thulense	r	b	-	-	-	-	-	-	-	-	-	-	-	-	-	-	-	-	-	-	-	-	-	-	-	R	S
H. juranum agg.	Hieracium	juranum	agg.		864619	H. juranum agg.	?	-	-	-	-	-	-	-	-	-	-	-	-	-	-	-	-	-	-	-	-	-	-	-	-	?	R
H. atrichocephalum	Hieracium	atrichocephalum			*	H. atrichocephalum	?	-	-	-	-	-	-	-	-	-	-	-	-	-	-	-	-	-	-	-	-	-	-	-	-	?	R
H. epimedium agg.	Hieracium	epimedium	agg.		864620	H. epimedium agg.	s	?	-	-	-	-	-	-	-	-	-	-	-	-	-	-	-	-	-	-	-	-	-	-	-	S	S
H. arrostocephalum	Hieracium	arrostocephalum			*	H. arrostocephalum	?	-	-	-	-	-	-	-	-	-	-	-	-	-	-	-	-	-	-	-	-	-	-	-	-	?	?
H. paurocyma	Hieracium	paurocyma			*	H. paurocyma	?	-	-	-	-	-	-	-	-	-	-	-	-	-	-	-	-	-	-	-	-	-	-	-	-	?	?
H. phrixoclonum	Hieracium	phrixoclonum			*	H. phrixoclonum	s	-	-	-	-	-	-	-	-	-	-	-	-	-	-	-	-	-	-	-	-	-	-	-	-	S	R
H. phyllochnoum	Hieracium	phyllochnoum			*	H. phyllochnoum	?	-	-	-	-	-	-	-	-	-	-	-	-	-	-	-	-	-	-	-	-	-	-	-	-	?	?
H. dovrense agg.	Hieracium	dovrense	agg.		864621	H. dovrense agg.	?	r	-	-	-	-	-	-	-	-	-	-	-	-	-	-	-	-	-	-	-	-	-	-	-	R	S
H. eurofinmarkicum	Hieracium	eurofinmarkicum			*	H. eurofinmarkicum	-	r	-	-	-	-	-	-	-	-	-	-	-	-	-	-	-	-	-	-	-	-	-	-	-	R	S
H. gracilentipes	Hieracium	gracilentipes			*	H. gracilentipes	-	?	-	-	-	-	-	-	-	-	-	-	-	-	-	-	-	-	-	-	-	-	-	-	-	?	S
H. subgracilescens	Hieracium	subgracilescens			*	H. subgracilescens	-	r	-	-	-	-	-	-	-	-	-	-	-	-	-	-	-	-	-	-	-	-	-	-	-	R	S
H. tapeinocephalum	Hieracium	tapeinocephalum			*	H. tapeinocephalum	?	-	-	-	-	-	-	-	-	-	-	-	-	-	-	-	-	-	-	-	-	-	-	-	-	?	?
H. plicatum agg.	Hieracium	plicatum	agg.		864622	H. plicatum agg.	r	-	-	-	-	-	-	-	-	-	-	-	-	-	-	-	-	?	-	s	s	-	-	-	R	S	S
H. amitsokense	Hieracium	amitsokense			*	H. amitsokense	-	-	-	-	-	-	-	-	-	-	-	-	-	-	-	-	-	-	-	r	-	-	-	-	-	R	-
H. devians	Hieracium	devians			*	H. devians	?	-	-	-	-	-	-	-	-	-	-	-	-	-	-	-	-	-	-	-	-	-	-	-	-	?	?
H. elegantiforme	Hieracium	elegantiforme			*	H. elegantiforme	r	-	-	-	-	-	-	-	-	-	-	-	-	-	-	-	-	-	-	-	-	-	-	-	-	R	-
H. groenlandicum	Hieracium	groenlandicum			*	H. groenlandicum	-	-	-	-	-	-	-	-	-	-	-	-	-	-	-	-	-	?	-	s	r	-	-	-	R	S	S
H. ivigtutense	Hieracium	ivigtutense			*	H. ivigtutense	-	-	-	-	-	-	-	-	-	-	-	-	-	-	-	-	-	-	-	s	r	-	-	-	R	S	S
H. scholanderi	Hieracium	scholanderi			*	H. scholanderi	-	-	-	-	-	-	-	-	-	-	-	-	-	-	-	-	-	-	-	r	-	-	-	-	-	R	-
H. sylowii	Hieracium	sylowii			*	H. sylowii	-	-	-	-	-	-	-	-	-	-	-	-	-	-	-	-	-	-	-	r	-	-	-	-	-	R	-
H. truncatum agg.	Hieracium	truncatum	agg.		864623	H. truncatum agg.	r	?	-	-	-	-	-	-	-	-	-	-	-	-	-	-	-	-	-	-	-	-	-	-	-	R	R
H. altipetens	Hieracium	altipetens			*	H. altipetens	r	-	-	-	-	-	-	-	-	-	-	-	-	-	-	-	-	-	-	-	-	-	-	-	-	R	R
H. erythrostictum	Hieracium	erythrostictum			*	H. erythrostictum	r	-	-	-	-	-	-	-	-	-	-	-	-	-	-	-	-	-	-	-	-	-	-	-	-	R	-
H. inuloides agg.	Hieracium	inuloides	agg.		954224	H. inuloides agg.	-	r	-	-	-	-	-	-	-	-	-	-	-	-	-	-	-	-	-	-	-	-	-	-	-	R	S
H. fellmanii	Hieracium	fellmanii			*	H. fellmanii	-	r	-	-	-	-	-	-	-	-	-	-	-	-	-	-	-	-	-	-	-	-	-	-	-	R	-
H. polycomum	Hieracium	polycomum			*	H. polycomum	-	?	-	-	-	-	-	-	-	-	-	-	-	-	-	-	-	-	-	-	-	-	-	-	-	?	S
H. trichophyton	Hieracium	trichophyton			*	H. trichophyton	-	b	-	-	-	-	-	-	-	-	-	-	-	-	-	-	-	-	-	-	-	-	-	-	-	b	S
H. umbellatum agg.	Hieracium	umbellatum	agg.		864625	H. umbellatum agg.	-	r	r	-	-	r	-	-	-	-	-	-	-	-	-	-	-	-	-	-	-	-	-	-	-	R	F
H. acinacifolium	Hieracium	acinacifolium			*	H. acinacifolium	-	r	-	-	-	-	-	-	-	-	-	-	-	-	-	-	-	-	-	-	-	-	-	-	-	R	S
H. subarctophilum	Hieracium	subarctophilum			*	H. subarctophilum	-	b	r	-	-	r	-	-	-	-	-	-	-	-	-	-	-	-	-	-	-	-	-	-	-	R	S
H. tanfiliewii	Hieracium	tanfiliewii			*	H. tanfiliewii	-	-	r	-	-	-	-	-	-	-	-	-	-	-	-	-	-	-	-	-	-	-	-	-	-	R	R
H. umbellatum	Hieracium	umbellatum			*	H. umbellatum	-	-	r	-	-	r	-	-	-	-	-	-	-	-	-	-	-	-	-	-	-	-	-	-	-	R	F
H. laevigatum agg.	Hieracium	laevigatum	agg.		864626	H. laevigatum agg.	-	r	r	-	-	r	r	-	-	-	-	-	-	-	-	-	-	r	-	s	r	-	-	-	R	S	F
H. acranthophorum	Hieracium	acranthophorum			*	H. acranthophorum	-	-	-	-	-	-	-	-	-	-	-	-	-	-	-	-	-	-	-	r	-	-	-	-	R	R	-
H. brotheri	Hieracium	brotheri			*	H. brotheri	-	r	-	-	-	-	-	-	-	-	-	-	-	-	-	-	-	-	-	-	-	-	-	-	-	R	-
H. cruentiferum	Hieracium	cruentiferum			*	H. cruentiferum	-	-	r	-	-	-	-	-	-	-	-	-	-	-	-	-	-	-	-	-	-	-	-	-	-	R	S
H. devoldii	Hieracium	devoldii			*	H. devoldii	-	-	-	-	-	-	-	-	-	-	-	-	-	-	-	-	-	-	-	-	r	-	-	-	-	R	-
H. dolabratum	Hieracium	dolabratum			*	H. dolabratum	-	?	r	-	-	r	-	-	-	-	-	-	-	-	-	-	-	-	-	-	-	-	-	-	-	R	S
H. eugenii	Hieracium	eugenii			*	H. eugenii	-	-	-	-	-	-	-	-	-	-	-	-	-	-	-	-	-	-	-	r	-	-	-	-	-	R	-
H. lapponicum	Hieracium	lapponicum			*	H. lapponicum	-	b	r	-	-	-	-	-	-	-	-	-	-	-	-	-	-	-	-	-	-	-	-	-	-	R	S
H. musartutense	Hieracium	musartutense			*	H. musartutense	-	-	-	-	-	-	-	-	-	-	-	-	-	-	-	-	-	-	-	r	-	-	-	-	-	R	-
H. nepiocratum	Hieracium	nepiocratum			*	H. nepiocratum	-	-	-	-	-	-	-	-	-	-	-	-	-	-	-	-	-	-	-	r	-	-	-	-	-	R	-
H. puschlachtae	Hieracium	puschlachtae			*	H. puschlachtae	-	-	r	-	-	-	-	-	-	-	-	-	-	-	-	-	-	-	-	-	-	-	-	-	-	R	S
H. putoranicum	Hieracium	putoranicum			*	H. putoranicum	-	-	-	-	-	-	r	-	-	-	-	-	-	-	-	-	-	-	-	-	-	-	-	-	-	R	-
H. rigorosum	Hieracium	rigorosum			*	H. rigorosum	-	-	-	-	-	-	-	-	-	-	-	-	-	-	-	-	-	-	-	s	r	-	-	-	R	S	S
H. scabriusculum	Hieracium	scabriusculum			*	H. scabriusculum	-	-	-	-	-	-	-	-	-	-	-	-	-	-	-	-	-	r	-	-	-	-	-	-	-	R	F
H. stiptocaule	Hieracium	stiptocaule			*	H. stiptocaule	-	-	-	-	-	-	-	-	-	-	-	-	-	-	-	-	-	-	-	r	-	-	-	-	-	R	-
H. subasperellum	Hieracium	subasperellum			*	H. subasperellum	-	-	r	-	-	-	-	-	-	-	-	-	-	-	-	-	-	-	-	-	-	-	-	-	-	R	R
H. subrigidum	Hieracium	subrigidum			*	H. subrigidum	-	-	r	-	-	-	-	-	-	-	-	-	-	-	-	-	-	-	-	-	-	-	-	-	-	R	S
H. timanense	Hieracium	timanense			*	H. timanense	-	-	r	-	-	-	-	-	-	-	-	-	-	-	-	-	-	-	-	-	-	-	-	-	-	R	S
	ADOXACEAE				87	ADOXACEAE																											
	Adoxa				8701	Adoxa																											
A. moschatellina	Adoxa	moschatellina			870101	A. moschatellina	-	s	f	-	s	s	r	?	f	r	s	-	-	-	r	r	-	-	-	-	-	-	-	?	F	F	F
	Sambucus				8702	Sambucus																											
S. racemosa subsp. pubens	Sambucus	racemosa	subsp.	pubens	870201a	S. racemosa subsp. pubens	-	-	-	-	-	-	-	-	-	-	-	-	-	-	r	-	-	-	-	-	-	-	-	-	-	R	F
	Viburnum				8703	Viburnum																											
V. edule	Viburnum	edule			870301	V. edule	-	-	-	-	-	-	-	-	-	-	-	-	-	r	r	r	r	s	-	-	-	-	-	-	-	R	F
	CAPRIFOLIACEAE				88	CAPRIFOLIACEAE																											
	Lonicera				8801	Lonicera																											
L. involucrata	Lonicera	involucrata			880101	L. involucrata	-	-	-	-	-	-	-	-	-	-	-	-	-	-	-	-	-	b	-	-	-	-	-	-	-	b	F
L. caerulea	Lonicera	caerulea			880102	L. caerulea	**	r	s	-	r	r	r	-	-	-	-	-	-	-	-	-	-	-	-	-	-	-	-	-	-	S	F
L. caerulea subsp. altaica	Lonicera	caerulea	subsp.	altaica	880102a	L. caerulea subsp. altaica	-	?	r	-	r	r	-	-	-	-	-	-	-	-	-	-	-	-	-	-	-	-	-	-	-	R	F
L. caerulea subsp. pallasii	Lonicera	caerulea	subsp.	pallasii	880102b	L. caerulea subsp. pallasii	-	r	s	-	r	r	r	-	-	-	-	-	-	-	-	-	-	-	-	-	-	-	-	-	-	S	F
L. villosa	Lonicera	villosa			880103	L. villosa	-	-	-	-	-	-	-	-	-	-	-	-	-	-	-	-	-	r	-	-	-	-	-	-	-	R	S
	LINNAEACEAE				89	LINNAEACEAE																											
	Linnaea				8902	Linnaea																											
L. borealis subsp. borealis	Linnaea	borealis	subsp.	borealis	890201a	L. borealis subsp. borealis	-	s	f	-	s	f	r	-	r	-	f	-	f	f	s	s	-	-	-	-	-	-	-	-	S	F	F
L. borealis subsp. americana	Linnaea	borealis	subsp.	americana	890201b	L. borealis subsp. americana	-	-	-	-	-	-	-	-	-	-	-	-	-	-	r	s	r	s	-	s	r	-	-	?	S	F	F
	VALERIANACEAE				90	VALERIANACEAE																											
	Valeriana				9001	Valeriana																											
V. capitata	Valeriana	capitata			900101	V. capitata	-	r	f	-	f	f	f	s	f	s	f	f	f	f	f	f	r	-	-	-	-	-	-	R	F	F	F
V. septentrionalis	Valeriana	septentrionalis			900102	V. septentrionalis	-	-	-	-	-	-	-	-	-	-	-	-	-	-	-	-	-	s	-	-	-	-	-	-	-	R	F
V. sambucifolia subsp. procurrens	Valeriana	sambucifolia	subsp.	procurrens	900103a	V. sambucifolia subsp. procurrens	-	s	-	-	-	-	-	-	-	-	-	-	-	-	-	-	-	-	-	-	-	-	-	-	-	S	F
"V. sambucifolia ""Icelandic race"""	Valeriana	sambucifolia	"""Icelandic"	"race"""	900103b	"V. sambucifolia ""Icelandic race"""	*	-	-	-	-	-	-	-	-	-	-	-	-	-	-	-	-	-	-	-	-	-	-	-	-	*	?
V. wolgensis	Valeriana	wolgensis			900105	V. wolgensis	-	-	s	-	r	r	-	-	-	-	-	-	-	-	-	-	-	-	-	-	-	-	-	-	R	F	F
V. transjenisensis	Valeriana	transjenisensis			900106	V. transjenisensis	-	-	-	-	-	-	r	r	r	-	-	-	-	-	-	-	-	-	-	-	-	-	-	-	-	R	S
	APIACEAE				91	APIACEAE																											
	Chaerophyllum				9101	Chaerophyllum																											
C. prescottii	Chaerophyllum	prescottii			910101	C. prescottii	-	-	*	-	-	*	-	-	-	-	-	-	-	-	-	-	-	-	-	-	-	-	-	-	-	*	S
	Sphallerocarpus				9102	Sphallerocarpus																											
S. gracilis	Sphallerocarpus	gracilis			910201	S. gracilis	-	-	-	-	-	-	-	-	-	-	-	-	*	-	-	-	-	-	-	-	-	-	-	-	-	*	S
	Anthriscus				9103	Anthriscus																											
A. sylvestris subsp. sylvestris	Anthriscus	sylvestris	subsp.	sylvestris	910301a	A. sylvestris subsp. sylvestris	*	f	r	-	*	-	-	-	-	-	-	-	-	-	-	-	-	-	-	*	-	-	-	-	-	S	F
A. sylvestris subsp. aemula	Anthriscus	sylvestris	subsp.	aemula	910301b	A. sylvestris subsp. aemula	-	-	r	-	r	r	r	-	-	-	-	-	-	-	-	-	-	-	-	-	-	-	-	-	-	R	F
	Myrrhis				9104	Myrrhis																											
M. odorata	Myrrhis	odorata			910401	M. odorata	*	-	-	-	-	-	-	-	-	-	-	-	-	-	-	-	-	-	-	-	-	-	-	-	-	*	*
	Pleurospermum				9105	Pleurospermum																											
P. uralense	Pleurospermum	uralense			910501	P. uralense	-	-	r	-	r	r	r	-	-	-	-	-	-	-	-	-	-	-	-	-	-	-	-	-	-	R	F
	Bupleurum				9106	Bupleurum																											
B. triradiatum	Bupleurum	triradiatum			910601	B. triradiatum	-	-	-	-	-	-	-	-	-	-	-	-	r	-	-	-	-	-	-	-	-	-	-	-	-	R	F
B. arcticum	Bupleurum	arcticum			910602	B. arcticum	-	-	-	-	-	-	-	-	-	-	-	-	-	r	r	f	-	-	-	-	-	-	-	-	S	S	S
B. americanum	Bupleurum	americanum			910603	B. americanum	-	-	-	-	-	-	-	-	-	-	r	r	s	f	f	f	r	-	-	-	-	-	-	-	S	F	F
	Cicuta				9107	Cicuta																											
C. virosa	Cicuta	virosa			910701	C. virosa	-	-	r	-	r	r	r	-	-	r	r	-	r	-	s	b	r	r	-	-	-	-	-	-	-	R	F
C. bulbifera	Cicuta	bulbifera			910702	C. bulbifera	-	-	-	-	-	-	-	-	-	-	-	-	-	-	-	-	-	r	-	-	-	-	-	-	-	R	F
C. douglasii	Cicuta	douglasii			910703	C. douglasii	-	-	-	-	-	-	-	-	-	-	-	-	-	-	r	-	-	-	-	-	-	-	-	-	-	R	S
	Sium				9108	Sium																											
S. suave	Sium	suave			910801	S. suave	-	-	-	-	-	-	-	-	-	-	-	-	-	-	b	-	-	r	-	-	-	-	-	-	-	R	F
	Carum				9109	Carum																											
C. carvi	Carum	carvi			910901	C. carvi	*	*	*	-	*	-	-	-	-	-	-	-	-	-	-	-	-	*	-	**	-	-	-	-	-	*	F
	Pimpinella				9110	Pimpinella																											
P. saxifraga	Pimpinella	saxifraga			911001	P. saxifraga	-	*	-	-	-	-	-	-	-	-	-	-	-	-	-	-	-	-	-	-	-	-	-	-	-	*	S
	Aegopodium				9111	Aegopodium																											
A. alpestre	Aegopodium	alpestre			911101	A. alpestre	-	-	-	-	-	-	-	r	-	-	-	-	-	-	-	-	-	-	-	-	-	-	-	-	-	R	F
A. podagraria	Aegopodium	podagraria			911102	A. podagraria	*	*	-	-	-	-	-	-	-	-	-	-	-	-	-	-	-	-	-	-	-	-	-	-	-	*	S
	Seseli				9112	Seseli																											
S. condensatum	Seseli	condensatum			911201	S. condensatum	-	-	r	-	r	b	-	b	-	r	-	-	-	-	-	-	-	-	-	-	-	-	-	-	-	R	S
	Ligusticum				9113	Ligusticum																											
L. scothicum subsp. scothicum	Ligusticum	scothicum	subsp.	scothicum	911301a	L. scothicum subsp. scothicum	b	f	r	-	-	-	-	-	-	-	-	-	-	-	-	-	-	r	-	s	-	-	-	-	-	S	F
L. scothicum subsp. hultenii	Ligusticum	scothicum	subsp.	hultenii	911301b	L. scothicum subsp. hultenii	-	-	-	-	-	-	-	-	-	-	-	-	-	-	f	-	-	-	-	-	-	-	-	-	-	S	F
	Podistera				9114	Podistera																											
P. macounii	Podistera	macounii			911401	P. macounii	-	-	-	-	-	-	-	-	-	-	-	-	-	s	s	r	-	-	-	-	-	-	-	-	-	S	S
	Pachypleurum				9115	Pachypleurum																											
P. alpinum	Pachypleurum	alpinum			911501	P. alpinum	-	-	f	-	f	f	f	f	f	r	f	-	r	r	-	-	-	-	-	-	-	-	-	-	R	F	F
	Cenolophium				9116	Cenolophium																											
C. denudatum	Cenolophium	denudatum			911601	C. denudatum	-	-	r	-	*	-	-	-	-	-	-	-	-	-	-	-	-	-	-	-	-	-	-	-	-	R	S
	Cnidium				9117	Cnidium																											
C. cnidiifolium	Cnidium	cnidiifolium			911701	C. cnidiifolium	-	-	-	-	-	-	r	r	r	r	r	r	r	r	s	s	r	-	-	-	-	-	-	-	R	S	F
C. ajanense	Cnidium	ajanense			911702	C. ajanense	-	-	-	-	-	-	-	-	-	-	-	-	r	r	-	-	-	-	-	-	-	-	-	-	-	R	S
	Conioselinum				9118	Conioselinum																											
C. tataricum	Conioselinum	tataricum			911801	C. tataricum	-	s	f	-	r	r	r	r	r	-	-	-	-	-	-	-	-	-	-	-	-	-	-	-	-	S	F
C. longifolium	Conioselinum	longifolium			911802	C. longifolium	-	-	-	-	-	-	-	b	-	-	-	-	-	-	-	-	-	-	-	-	-	-	-	-	-	b	R
C. pacificum	Conioselinum	pacificum			911803	C. pacificum	-	-	-	-	-	-	-	-	-	-	-	-	-	-	s	-	-	-	-	-	-	-	-	-	R	S	F
	Angelica				9119	Angelica																											
A. sylvestris	Angelica	sylvestris			911901	A. sylvestris	f	s	s	-	r	r	-	-	-	-	-	-	-	-	-	-	-	-	-	-	-	-	-	-	-	S	F
A. archangelica (subsp. archangelica)	Angelica	archangelica	(subsp.	archangelica)	911902a	A. archangelica (subsp. archangelica)	f	f	f	-	-	-	-	-	-	-	-	-	-	-	-	-	-	-	-	f	r	-	-	-	F	F	F
A. decurrens	Angelica	decurrens			911903	A. decurrens	-	-	-	-	r	f	s	r	f	r	-	-	-	-	-	-	-	-	-	-	-	-	-	-	-	F	F
A. atropurpurea	Angelica	atropurpurea			911904	A. atropurpurea	-	-	-	-	-	-	-	-	-	-	-	-	-	-	-	-	-	r	-	-	-	-	-	-	-	R	F
A. gmelinii	Angelica	gmelinii			911905	A. gmelinii	-	-	-	-	-	-	-	-	-	-	-	-	s	f	f	-	-	-	-	-	-	-	-	-	R	F	F
A. genuflexa (subsp. genuflexa)	Angelica	genuflexa	(subsp.	genuflexa)	911906	A. genuflexa (subsp. genuflexa)	-	-	-	-	-	-	-	-	-	-	-	-	-	-	r	-	-	-	-	-	-	-	-	-	-	R	S
A. tenuifolia	Angelica	tenuifolia			911907	A. tenuifolia	-	-	-	-	r	r	r	-	-	-	-	-	-	-	-	-	-	-	-	-	-	-	-	-	-	R	F
	Phloiodicarpus				9120	Phloiodicarpus																											
P. villosus	Phloiodicarpus	villosus			912001	P. villosus	-	-	-	-	-	-	r	r	s	r	f	-	r	-	-	-	-	-	-	-	-	-	-	-	R	S	F
	Peucedanum				9121	Peucedanum																											
P. palustre	Peucedanum	palustre			912101	P. palustre	-	?	-	-	-	-	-	-	-	-	-	-	-	-	-	-	-	-	-	-	-	-	-	-	-	?	R
	Heracleum				9122	Heracleum																											
H. sphondylium subsp. sibiricum	Heracleum	sphondylium	subsp.	sibiricum	912201a	H. sphondylium subsp. sibiricum	-	*	f	-	s	-	-	-	-	-	-	-	-	-	-	-	-	-	-	-	-	-	-	-	-	R	F
H. lanatum	Heracleum	lanatum			912202	H. lanatum	-	-	-	-	-	-	-	-	-	-	-	-	-	-	r	-	-	r	-	-	-	-	-	-	-	R	F
H. dissectum	Heracleum	dissectum			912203	H. dissectum	-	-	-	-	-	?	r	-	-	-	-	-	-	-	-	-	-	-	-	-	-	-	-	-	-	R	F
H. persicum	Heracleum	persicum			912204	H. persicum	-	*	-	-	-	-	-	-	-	-	-	-	-	-	-	-	-	-	-	-	-	-	-	-	-	*	*
H. mantegazzianum	Heracleum	mantegazzianum			912205	H. mantegazzianum	*	-	-	-	-	-	-	-	-	-	-	-	-	-	-	-	-	-	-	-	-	-	-	-	-	*	*
	Heracleum																																