location_id	bin_early	bin_late	morphotype	taxon	rank	taxonomic_tree	taxon_ambiguous_with	variable	variable_unit	variable_value (float)	variable_ci (float option)	variable_confidence_qualitative (string option)
z4-p93	7499	7000	NA	community	NA	NA	NA	Leaf area (in case of compound leaves: leaf, petiole included)	unknown unit	NaN	NaN	
z4-p93	7499	7000	NA	community	NA	NA	NA	Leaf nitrogen (N) content per leaf dry mass	unknown unit	NaN	NaN	
z4-p93	7499	7000	NA	community	NA	NA	NA	Leaf area per leaf dry mass (specific leaf area, SLA or 1/LMA): petiole included	unknown unit	NaN	NaN	
z4-p93	7499	7000	NA	community	NA	NA	NA	Plant height vegetative	unknown unit	NaN	NaN	
z4-p93	7499	7000	NA	community	NA	NA	NA	Seed dry mass	unknown unit	NaN	NaN	
z4-p93	7499	7000	NA	community	NA	NA	NA	Stem specific density (SSD) or wood density (stem dry mass per stem fresh volume)	unknown unit	NaN	NaN	
z4-p93	7999	7500	NA	community	NA	NA	NA	Leaf area (in case of compound leaves: leaf, petiole included)	unknown unit	NaN	NaN	
z4-p93	7999	7500	NA	community	NA	NA	NA	Leaf nitrogen (N) content per leaf dry mass	unknown unit	NaN	NaN	
z4-p93	7999	7500	NA	community	NA	NA	NA	Leaf area per leaf dry mass (specific leaf area, SLA or 1/LMA): petiole included	unknown unit	NaN	NaN	
z4-p93	7999	7500	NA	community	NA	NA	NA	Plant height vegetative	unknown unit	NaN	NaN	
z4-p93	7999	7500	NA	community	NA	NA	NA	Seed dry mass	unknown unit	NaN	NaN	
z4-p93	7999	7500	NA	community	NA	NA	NA	Stem specific density (SSD) or wood density (stem dry mass per stem fresh volume)	unknown unit	NaN	NaN	
z4-p93	8499	8000	NA	community	NA	NA	NA	Leaf area (in case of compound leaves: leaf, petiole included)	unknown unit	NaN	NaN	
z4-p93	8499	8000	NA	community	NA	NA	NA	Leaf nitrogen (N) content per leaf dry mass	unknown unit	NaN	NaN	
z4-p93	8499	8000	NA	community	NA	NA	NA	Leaf area per leaf dry mass (specific leaf area, SLA or 1/LMA): petiole included	unknown unit	NaN	NaN	
z4-p93	8499	8000	NA	community	NA	NA	NA	Plant height vegetative	unknown unit	NaN	NaN	
z4-p93	8499	8000	NA	community	NA	NA	NA	Seed dry mass	unknown unit	NaN	NaN	
z4-p93	8499	8000	NA	community	NA	NA	NA	Stem specific density (SSD) or wood density (stem dry mass per stem fresh volume)	unknown unit	NaN	NaN	
z4-p93	8999	8500	NA	community	NA	NA	NA	Leaf area (in case of compound leaves: leaf, petiole included)	unknown unit	NaN	NaN	
z4-p93	8999	8500	NA	community	NA	NA	NA	Leaf nitrogen (N) content per leaf dry mass	unknown unit	NaN	NaN	
z4-p93	8999	8500	NA	community	NA	NA	NA	Leaf area per leaf dry mass (specific leaf area, SLA or 1/LMA): petiole included	unknown unit	NaN	NaN	
z4-p93	8999	8500	NA	community	NA	NA	NA	Plant height vegetative	unknown unit	NaN	NaN	
z4-p93	8999	8500	NA	community	NA	NA	NA	Seed dry mass	unknown unit	NaN	NaN	
z4-p93	8999	8500	NA	community	NA	NA	NA	Stem specific density (SSD) or wood density (stem dry mass per stem fresh volume)	unknown unit	NaN	NaN	
z4-p93	9499	9000	NA	community	NA	NA	NA	Leaf area (in case of compound leaves: leaf, petiole included)	unknown unit	NaN	NaN	
z4-p93	9499	9000	NA	community	NA	NA	NA	Leaf nitrogen (N) content per leaf dry mass	unknown unit	NaN	NaN	
z4-p93	9499	9000	NA	community	NA	NA	NA	Leaf area per leaf dry mass (specific leaf area, SLA or 1/LMA): petiole included	unknown unit	NaN	NaN	
z4-p93	9499	9000	NA	community	NA	NA	NA	Plant height vegetative	unknown unit	NaN	NaN	
z4-p93	9499	9000	NA	community	NA	NA	NA	Seed dry mass	unknown unit	NaN	NaN	
z4-p93	9499	9000	NA	community	NA	NA	NA	Stem specific density (SSD) or wood density (stem dry mass per stem fresh volume)	unknown unit	NaN	NaN	
z4-p93	9999	9500	NA	community	NA	NA	NA	Leaf area (in case of compound leaves: leaf, petiole included)	unknown unit	NaN	NaN	
z4-p93	9999	9500	NA	community	NA	NA	NA	Leaf nitrogen (N) content per leaf dry mass	unknown unit	NaN	NaN	
z4-p93	9999	9500	NA	community	NA	NA	NA	Leaf area per leaf dry mass (specific leaf area, SLA or 1/LMA): petiole included	unknown unit	NaN	NaN	
z4-p93	9999	9500	NA	community	NA	NA	NA	Plant height vegetative	unknown unit	NaN	NaN	
z4-p93	9999	9500	NA	community	NA	NA	NA	Seed dry mass	unknown unit	NaN	NaN	
z4-p93	9999	9500	NA	community	NA	NA	NA	Stem specific density (SSD) or wood density (stem dry mass per stem fresh volume)	unknown unit	NaN	NaN	
z4-p93	10499	10000	NA	community	NA	NA	NA	Leaf area (in case of compound leaves: leaf, petiole included)	unknown unit	NaN	NaN	
z4-p93	10499	10000	NA	community	NA	NA	NA	Leaf nitrogen (N) content per leaf dry mass	unknown unit	NaN	NaN	
z4-p93	10499	10000	NA	community	NA	NA	NA	Leaf area per leaf dry mass (specific leaf area, SLA or 1/LMA): petiole included	unknown unit	NaN	NaN	
z4-p93	10499	10000	NA	community	NA	NA	NA	Plant height vegetative	unknown unit	NaN	NaN	
z4-p93	10499	10000	NA	community	NA	NA	NA	Seed dry mass	unknown unit	NaN	NaN	
z4-p93	10499	10000	NA	community	NA	NA	NA	Stem specific density (SSD) or wood density (stem dry mass per stem fresh volume)	unknown unit	NaN	NaN	
z4-p93	10999	10500	NA	community	NA	NA	NA	Leaf area (in case of compound leaves: leaf, petiole included)	unknown unit	NaN	NaN	
z4-p93	10999	10500	NA	community	NA	NA	NA	Leaf nitrogen (N) content per leaf dry mass	unknown unit	NaN	NaN	
z4-p93	10999	10500	NA	community	NA	NA	NA	Leaf area per leaf dry mass (specific leaf area, SLA or 1/LMA): petiole included	unknown unit	NaN	NaN	
z4-p93	10999	10500	NA	community	NA	NA	NA	Plant height vegetative	unknown unit	NaN	NaN	
z4-p93	10999	10500	NA	community	NA	NA	NA	Seed dry mass	unknown unit	NaN	NaN	
z4-p93	10999	10500	NA	community	NA	NA	NA	Stem specific density (SSD) or wood density (stem dry mass per stem fresh volume)	unknown unit	NaN	NaN	
z4-p93	11499	11000	NA	community	NA	NA	NA	Leaf area (in case of compound leaves: leaf, petiole included)	unknown unit	NaN	NaN	
z4-p93	11499	11000	NA	community	NA	NA	NA	Leaf nitrogen (N) content per leaf dry mass	unknown unit	NaN	NaN	
z4-p93	11499	11000	NA	community	NA	NA	NA	Leaf area per leaf dry mass (specific leaf area, SLA or 1/LMA): petiole included	unknown unit	NaN	NaN	
z4-p93	11499	11000	NA	community	NA	NA	NA	Plant height vegetative	unknown unit	NaN	NaN	
z4-p93	11499	11000	NA	community	NA	NA	NA	Seed dry mass	unknown unit	NaN	NaN	
z4-p93	11499	11000	NA	community	NA	NA	NA	Stem specific density (SSD) or wood density (stem dry mass per stem fresh volume)	unknown unit	NaN	NaN	
z4-p93	11999	11500	NA	community	NA	NA	NA	Leaf area (in case of compound leaves: leaf, petiole included)	unknown unit	NaN	NaN	
z4-p93	11999	11500	NA	community	NA	NA	NA	Leaf nitrogen (N) content per leaf dry mass	unknown unit	NaN	NaN	
z4-p93	11999	11500	NA	community	NA	NA	NA	Leaf area per leaf dry mass (specific leaf area, SLA or 1/LMA): petiole included	unknown unit	NaN	NaN	
z4-p93	11999	11500	NA	community	NA	NA	NA	Plant height vegetative	unknown unit	NaN	NaN	
z4-p93	11999	11500	NA	community	NA	NA	NA	Seed dry mass	unknown unit	NaN	NaN	
z4-p93	11999	11500	NA	community	NA	NA	NA	Stem specific density (SSD) or wood density (stem dry mass per stem fresh volume)	unknown unit	NaN	NaN	
z4-p93	12499	12000	NA	community	NA	NA	NA	Leaf area (in case of compound leaves: leaf, petiole included)	unknown unit	NaN	NaN	
z4-p93	12499	12000	NA	community	NA	NA	NA	Leaf nitrogen (N) content per leaf dry mass	unknown unit	NaN	NaN	
z4-p93	12499	12000	NA	community	NA	NA	NA	Leaf area per leaf dry mass (specific leaf area, SLA or 1/LMA): petiole included	unknown unit	NaN	NaN	
z4-p93	12499	12000	NA	community	NA	NA	NA	Plant height vegetative	unknown unit	NaN	NaN	
z4-p93	12499	12000	NA	community	NA	NA	NA	Seed dry mass	unknown unit	NaN	NaN	
z4-p93	12499	12000	NA	community	NA	NA	NA	Stem specific density (SSD) or wood density (stem dry mass per stem fresh volume)	unknown unit	NaN	NaN	
z3-p92	499	0	NA	community	NA	NA	NA	Leaf area (in case of compound leaves: leaf, petiole included)	mm^2	517.1159607597322	809.0611506220064	
z3-p92	499	0	NA	community	NA	NA	NA	Leaf nitrogen (N) content per leaf dry mass	mg/g	20.17747139652727	6.987792220435966	
z3-p92	499	0	NA	community	NA	NA	NA	Leaf area per leaf dry mass (specific leaf area, SLA or 1/LMA): petiole included	mm^2/mg	15.088840652972221	5.285066225108488	
z3-p92	499	0	NA	community	NA	NA	NA	Plant height vegetative	m	0.27263071278181816	0.5174792940565506	
z3-p92	499	0	NA	community	NA	NA	NA	Seed dry mass	mg	1.779678682787879	7.913571280509974	
z3-p92	499	0	NA	community	NA	NA	NA	Stem specific density (SSD) or wood density (stem dry mass per stem fresh volume)	g/cm^3	0.24647221073214287	NaN	
z3-p92	999	500	NA	community	NA	NA	NA	Leaf area (in case of compound leaves: leaf, petiole included)	mm^2	534.6551683815715	820.3148546366873	
z3-p92	999	500	NA	community	NA	NA	NA	Leaf nitrogen (N) content per leaf dry mass	mg/g	20.392345522299998	7.001617890469323	
z3-p92	999	500	NA	community	NA	NA	NA	Leaf area per leaf dry mass (specific leaf area, SLA or 1/LMA): petiole included	mm^2/mg	15.117329450624998	5.337086539269394	
z3-p92	999	500	NA	community	NA	NA	NA	Plant height vegetative	m	0.25770358675	0.43570078272806717	
z3-p92	999	500	NA	community	NA	NA	NA	Seed dry mass	mg	1.7534926986333335	8.535900352024601	
z3-p92	999	500	NA	community	NA	NA	NA	Stem specific density (SSD) or wood density (stem dry mass per stem fresh volume)	g/cm^3	0.24938100354166667	NaN	
z3-p92	1499	1000	NA	community	NA	NA	NA	Leaf area (in case of compound leaves: leaf, petiole included)	mm^2	534.6551683815715	820.3148546366873	
z3-p92	1499	1000	NA	community	NA	NA	NA	Leaf nitrogen (N) content per leaf dry mass	mg/g	20.392345522299998	7.001617890469323	
z3-p92	1499	1000	NA	community	NA	NA	NA	Leaf area per leaf dry mass (specific leaf area, SLA or 1/LMA): petiole included	mm^2/mg	15.117329450624998	5.337086539269394	
z3-p92	1499	1000	NA	community	NA	NA	NA	Plant height vegetative	m	0.25770358675	0.43570078272806717	
z3-p92	1499	1000	NA	community	NA	NA	NA	Seed dry mass	mg	1.7534926986333335	8.535900352024601	
z3-p92	1499	1000	NA	community	NA	NA	NA	Stem specific density (SSD) or wood density (stem dry mass per stem fresh volume)	g/cm^3	0.24938100354166667	NaN	
z3-p92	1999	1500	NA	community	NA	NA	NA	Leaf area (in case of compound leaves: leaf, petiole included)	mm^2	507.904053583875	813.7408936393562	
z3-p92	1999	1500	NA	community	NA	NA	NA	Leaf nitrogen (N) content per leaf dry mass	mg/g	20.31399765781818	6.978894444772784	
z3-p92	1999	1500	NA	community	NA	NA	NA	Leaf area per leaf dry mass (specific leaf area, SLA or 1/LMA): petiole included	mm^2/mg	15.12692673388889	5.512592322255601	
z3-p92	1999	1500	NA	community	NA	NA	NA	Plant height vegetative	m	0.24792406927272725	0.33075272416102425	
z3-p92	1999	1500	NA	community	NA	NA	NA	Seed dry mass	mg	1.6463636969500004	8.523474044452392	
z3-p92	1999	1500	NA	community	NA	NA	NA	Stem specific density (SSD) or wood density (stem dry mass per stem fresh volume)	g/cm^3	0.23996619646666667	NaN	
z3-p92	2499	2000	NA	community	NA	NA	NA	Leaf area (in case of compound leaves: leaf, petiole included)	mm^2	575.8559877995499	877.1394566983483	
z3-p92	2499	2000	NA	community	NA	NA	NA	Leaf nitrogen (N) content per leaf dry mass	mg/g	20.34802581693706	6.925693784575154	
z3-p92	2499	2000	NA	community	NA	NA	NA	Leaf area per leaf dry mass (specific leaf area, SLA or 1/LMA): petiole included	mm^2/mg	15.00180090018182	5.427032654179742	
z3-p92	2499	2000	NA	community	NA	NA	NA	Plant height vegetative	m	0.30119866847902094	0.5478016799538382	
z3-p92	2499	2000	NA	community	NA	NA	NA	Seed dry mass	mg	2.1592257499833334	8.531661793364592	
z3-p92	2499	2000	NA	community	NA	NA	NA	Stem specific density (SSD) or wood density (stem dry mass per stem fresh volume)	g/cm^3	0.23203817772857144	NaN	
z3-p92	2999	2500	NA	community	NA	NA	NA	Leaf area (in case of compound leaves: leaf, petiole included)	mm^2	575.8559877995499	877.1394566983483	
z3-p92	2999	2500	NA	community	NA	NA	NA	Leaf nitrogen (N) content per leaf dry mass	mg/g	20.34802581693706	6.925693784575154	
z3-p92	2999	2500	NA	community	NA	NA	NA	Leaf area per leaf dry mass (specific leaf area, SLA or 1/LMA): petiole included	mm^2/mg	15.00180090018182	5.427032654179742	
z3-p92	2999	2500	NA	community	NA	NA	NA	Plant height vegetative	m	0.30119866847902094	0.5478016799538382	
z3-p92	2999	2500	NA	community	NA	NA	NA	Seed dry mass	mg	2.1592257499833334	8.531661793364592	
z3-p92	2999	2500	NA	community	NA	NA	NA	Stem specific density (SSD) or wood density (stem dry mass per stem fresh volume)	g/cm^3	0.23203817772857144	NaN	
z3-p92	3499	3000	NA	community	NA	NA	NA	Leaf area (in case of compound leaves: leaf, petiole included)	mm^2	537.6333132869643	815.8783381901565	
z3-p92	3499	3000	NA	community	NA	NA	NA	Leaf nitrogen (N) content per leaf dry mass	mg/g	20.866547110590908	6.996594217993328	
z3-p92	3499	3000	NA	community	NA	NA	NA	Leaf area per leaf dry mass (specific leaf area, SLA or 1/LMA): petiole included	mm^2/mg	15.085228399875	5.314440831249533	
z3-p92	3499	3000	NA	community	NA	NA	NA	Plant height vegetative	m	0.2533620245136363	0.3308315255465514	
z3-p92	3499	3000	NA	community	NA	NA	NA	Seed dry mass	mg	1.6463636969500004	8.523474044452392	
z3-p92	3499	3000	NA	community	NA	NA	NA	Stem specific density (SSD) or wood density (stem dry mass per stem fresh volume)	g/cm^3	0.23996619646666667	NaN	
z3-p92	3999	3500	NA	community	NA	NA	NA	Leaf area (in case of compound leaves: leaf, petiole included)	mm^2	520.094105665125	804.6246341754754	
z3-p92	3999	3500	NA	community	NA	NA	NA	Leaf nitrogen (N) content per leaf dry mass	mg/g	20.65167298481818	6.982768547959973	
z3-p92	3999	3500	NA	community	NA	NA	NA	Leaf area per leaf dry mass (specific leaf area, SLA or 1/LMA): petiole included	mm^2/mg	15.056739602222223	5.262420517088627	
z3-p92	3999	3500	NA	community	NA	NA	NA	Plant height vegetative	m	0.2682891505454545	0.41261003687503484	
z3-p92	3999	3500	NA	community	NA	NA	NA	Seed dry mass	mg	1.6725496811045457	7.9011449729377645	
z3-p92	3999	3500	NA	community	NA	NA	NA	Stem specific density (SSD) or wood density (stem dry mass per stem fresh volume)	g/cm^3	0.2370574036571429	NaN	
z3-p92	4499	4000	NA	community	NA	NA	NA	Leaf area (in case of compound leaves: leaf, petiole included)	mm^2	520.094105665125	804.6246341754754	
z3-p92	4499	4000	NA	community	NA	NA	NA	Leaf nitrogen (N) content per leaf dry mass	mg/g	20.65167298481818	6.982768547959973	
z3-p92	4499	4000	NA	community	NA	NA	NA	Leaf area per leaf dry mass (specific leaf area, SLA or 1/LMA): petiole included	mm^2/mg	15.056739602222223	5.262420517088627	
z3-p92	4499	4000	NA	community	NA	NA	NA	Plant height vegetative	m	0.2682891505454545	0.41261003687503484	
z3-p92	4499	4000	NA	community	NA	NA	NA	Seed dry mass	mg	1.6725496811045457	7.9011449729377645	
z3-p92	4499	4000	NA	community	NA	NA	NA	Stem specific density (SSD) or wood density (stem dry mass per stem fresh volume)	g/cm^3	0.2370574036571429	NaN	
z3-p92	4999	4500	NA	community	NA	NA	NA	Leaf area (in case of compound leaves: leaf, petiole included)	mm^2	495.6168978870278	802.6852872914163	
z3-p92	4999	4500	NA	community	NA	NA	NA	Leaf nitrogen (N) content per leaf dry mass	mg/g	20.163075496924243	6.9653669925233945	
z3-p92	4999	4500	NA	community	NA	NA	NA	Leaf area per leaf dry mass (specific leaf area, SLA or 1/LMA): petiole included	mm^2/mg	15.097116982600001	5.459598702352328	
z3-p92	4999	4500	NA	community	NA	NA	NA	Plant height vegetative	m	0.2620604310719697	0.4124728942011465	
z3-p92	4999	4500	NA	community	NA	NA	NA	Seed dry mass	mg	1.6725496811045457	7.9011449729377645	
z3-p92	4999	4500	NA	community	NA	NA	NA	Stem specific density (SSD) or wood density (stem dry mass per stem fresh volume)	g/cm^3	0.2370574036571429	NaN	
z3-p92	5499	5000	NA	community	NA	NA	NA	Leaf area (in case of compound leaves: leaf, petiole included)	mm^2	507.904053583875	813.7408936393562	
z3-p92	5499	5000	NA	community	NA	NA	NA	Leaf nitrogen (N) content per leaf dry mass	mg/g	20.31399765781818	6.978894444772784	
z3-p92	5499	5000	NA	community	NA	NA	NA	Leaf area per leaf dry mass (specific leaf area, SLA or 1/LMA): petiole included	mm^2/mg	15.12692673388889	5.512592322255601	
z3-p92	5499	5000	NA	community	NA	NA	NA	Plant height vegetative	m	0.24792406927272725	0.33075272416102425	
z3-p92	5499	5000	NA	community	NA	NA	NA	Seed dry mass	mg	1.6463636969500004	8.523474044452392	
z3-p92	5499	5000	NA	community	NA	NA	NA	Stem specific density (SSD) or wood density (stem dry mass per stem fresh volume)	g/cm^3	0.23996619646666667	NaN	
z3-p92	5999	5500	NA	community	NA	NA	NA	Leaf area (in case of compound leaves: leaf, petiole included)	mm^2	519.9775460370278	810.7568030886732	
z3-p92	5999	5500	NA	community	NA	NA	NA	Leaf nitrogen (N) content per leaf dry mass	mg/g	20.721637555257573	6.9753878548229835	
z3-p92	5999	5500	NA	community	NA	NA	NA	Leaf area per leaf dry mass (specific leaf area, SLA or 1/LMA): petiole included	mm^2/mg	15.0889953041	5.488429432115305	
z3-p92	5999	5500	NA	community	NA	NA	NA	Plant height vegetative	m	0.24840318111363635	0.35227613032757155	
z3-p92	5999	5500	NA	community	NA	NA	NA	Seed dry mass	mg	1.616390725877273	8.511353743186667	
z3-p92	5999	5500	NA	community	NA	NA	NA	Stem specific density (SSD) or wood density (stem dry mass per stem fresh volume)	g/cm^3	0.23203817772857144	NaN	
z3-p92	6499	6000	NA	community	NA	NA	NA	Leaf area (in case of compound leaves: leaf, petiole included)	mm^2	575.8559877995499	877.1394566983483	
z3-p92	6499	6000	NA	community	NA	NA	NA	Leaf nitrogen (N) content per leaf dry mass	mg/g	20.34802581693706	6.925693784575154	
z3-p92	6499	6000	NA	community	NA	NA	NA	Leaf area per leaf dry mass (specific leaf area, SLA or 1/LMA): petiole included	mm^2/mg	15.00180090018182	5.427032654179742	
z3-p92	6499	6000	NA	community	NA	NA	NA	Plant height vegetative	m	0.30119866847902094	0.5478016799538382	
z3-p92	6499	6000	NA	community	NA	NA	NA	Seed dry mass	mg	2.1592257499833334	8.531661793364592	
z3-p92	6499	6000	NA	community	NA	NA	NA	Stem specific density (SSD) or wood density (stem dry mass per stem fresh volume)	g/cm^3	0.23203817772857144	NaN	
z3-p92	6999	6500	NA	community	NA	NA	NA	Leaf area (in case of compound leaves: leaf, petiole included)	mm^2	575.8559877995499	877.1394566983483	
z3-p92	6999	6500	NA	community	NA	NA	NA	Leaf nitrogen (N) content per leaf dry mass	mg/g	20.34802581693706	6.925693784575154	
z3-p92	6999	6500	NA	community	NA	NA	NA	Leaf area per leaf dry mass (specific leaf area, SLA or 1/LMA): petiole included	mm^2/mg	15.00180090018182	5.427032654179742	
z3-p92	6999	6500	NA	community	NA	NA	NA	Plant height vegetative	m	0.30119866847902094	0.5478016799538382	
z3-p92	6999	6500	NA	community	NA	NA	NA	Seed dry mass	mg	2.1592257499833334	8.531661793364592	
z3-p92	6999	6500	NA	community	NA	NA	NA	Stem specific density (SSD) or wood density (stem dry mass per stem fresh volume)	g/cm^3	0.23203817772857144	NaN	
z3-p92	7499	7000	NA	community	NA	NA	NA	Leaf area (in case of compound leaves: leaf, petiole included)	mm^2	575.8559877995499	877.1394566983483	
z3-p92	7499	7000	NA	community	NA	NA	NA	Leaf nitrogen (N) content per leaf dry mass	mg/g	20.34802581693706	6.925693784575154	
z3-p92	7499	7000	NA	community	NA	NA	NA	Leaf area per leaf dry mass (specific leaf area, SLA or 1/LMA): petiole included	mm^2/mg	15.00180090018182	5.427032654179742	
z3-p92	7499	7000	NA	community	NA	NA	NA	Plant height vegetative	m	0.30119866847902094	0.5478016799538382	
z3-p92	7499	7000	NA	community	NA	NA	NA	Seed dry mass	mg	2.1592257499833334	8.531661793364592	
z3-p92	7499	7000	NA	community	NA	NA	NA	Stem specific density (SSD) or wood density (stem dry mass per stem fresh volume)	g/cm^3	0.23203817772857144	NaN	
z3-p92	7999	7500	NA	community	NA	NA	NA	Leaf area (in case of compound leaves: leaf, petiole included)	mm^2	597.7016595173	833.3655983907098	
z3-p92	7999	7500	NA	community	NA	NA	NA	Leaf nitrogen (N) content per leaf dry mass	mg/g	22.400287610679484	7.23928910253516	
z3-p92	7999	7500	NA	community	NA	NA	NA	Leaf area per leaf dry mass (specific leaf area, SLA or 1/LMA): petiole included	mm^2/mg	16.57918842543182	5.46981713737973	
z3-p92	7999	7500	NA	community	NA	NA	NA	Plant height vegetative	m	0.24762258728205128	0.3248841250004082	
z3-p92	7999	7500	NA	community	NA	NA	NA	Seed dry mass	mg	1.1588901825	4.320447785116512	
z3-p92	7999	7500	NA	community	NA	NA	NA	Stem specific density (SSD) or wood density (stem dry mass per stem fresh volume)	g/cm^3	NaN	NaN	
z3-p92	8499	8000	NA	community	NA	NA	NA	Leaf area (in case of compound leaves: leaf, petiole included)	mm^2	637.8605478323	880.0763234080208	
z3-p92	8499	8000	NA	community	NA	NA	NA	Leaf nitrogen (N) content per leaf dry mass	mg/g	21.067259111721153	7.114700200228417	
z3-p92	8499	8000	NA	community	NA	NA	NA	Leaf area per leaf dry mass (specific leaf area, SLA or 1/LMA): petiole included	mm^2/mg	15.878366650015153	5.290879488062497	
z3-p92	8499	8000	NA	community	NA	NA	NA	Plant height vegetative	m	0.3557824651153846	0.6257082130112704	
z3-p92	8499	8000	NA	community	NA	NA	NA	Seed dry mass	mg	2.0968711340208337	4.799833869386642	
z3-p92	8499	8000	NA	community	NA	NA	NA	Stem specific density (SSD) or wood density (stem dry mass per stem fresh volume)	g/cm^3	NaN	NaN	
z3-p92	8999	8500	NA	community	NA	NA	NA	Leaf area (in case of compound leaves: leaf, petiole included)	mm^2	633.3372702920001	883.1480232740662	
z3-p92	8999	8500	NA	community	NA	NA	NA	Leaf nitrogen (N) content per leaf dry mass	mg/g	20.66245489420833	7.117396367381011	
z3-p92	8999	8500	NA	community	NA	NA	NA	Leaf area per leaf dry mass (specific leaf area, SLA or 1/LMA): petiole included	mm^2/mg	15.903785496433333	5.308530283805119	
z3-p92	8999	8500	NA	community	NA	NA	NA	Plant height vegetative	m	0.3597429032083333	0.7285858804255988	
z3-p92	8999	8500	NA	community	NA	NA	NA	Seed dry mass	mg	2.173467928096591	4.811942995779248	
z3-p92	8999	8500	NA	community	NA	NA	NA	Stem specific density (SSD) or wood density (stem dry mass per stem fresh volume)	g/cm^3	NaN	NaN	
z3-p92	9499	9000	NA	community	NA	NA	NA	Leaf area (in case of compound leaves: leaf, petiole included)	mm^2	633.3372702920001	883.1480232740662	
z3-p92	9499	9000	NA	community	NA	NA	NA	Leaf nitrogen (N) content per leaf dry mass	mg/g	20.66245489420833	7.117396367381011	
z3-p92	9499	9000	NA	community	NA	NA	NA	Leaf area per leaf dry mass (specific leaf area, SLA or 1/LMA): petiole included	mm^2/mg	15.903785496433333	5.308530283805119	
z3-p92	9499	9000	NA	community	NA	NA	NA	Plant height vegetative	m	0.3597429032083333	0.7285858804255988	
z3-p92	9499	9000	NA	community	NA	NA	NA	Seed dry mass	mg	2.173467928096591	4.811942995779248	
z3-p92	9499	9000	NA	community	NA	NA	NA	Stem specific density (SSD) or wood density (stem dry mass per stem fresh volume)	g/cm^3	NaN	NaN	
z3-p92	9999	9500	NA	community	NA	NA	NA	Leaf area (in case of compound leaves: leaf, petiole included)	mm^2	663.3031495966251	902.8546257736257	
z3-p92	9999	9500	NA	community	NA	NA	NA	Leaf nitrogen (N) content per leaf dry mass	mg/g	21.05785273172727	7.03427674641749	
z3-p92	9999	9500	NA	community	NA	NA	NA	Leaf area per leaf dry mass (specific leaf area, SLA or 1/LMA): petiole included	mm^2/mg	16.194663667055554	5.443804940540425	
z3-p92	9999	9500	NA	community	NA	NA	NA	Plant height vegetative	m	0.3332633172727273	0.6437418050771438	
z3-p92	9999	9500	NA	community	NA	NA	NA	Seed dry mass	mg	2.13379933105	4.814592752563484	
z3-p92	9999	9500	NA	community	NA	NA	NA	Stem specific density (SSD) or wood density (stem dry mass per stem fresh volume)	g/cm^3	0.22280434640000002	NaN	
z3-p92	10499	10000	NA	community	NA	NA	NA	Leaf area (in case of compound leaves: leaf, petiole included)	mm^2	760.4948441900001	914.2121656296166	
z3-p92	10499	10000	NA	community	NA	NA	NA	Leaf nitrogen (N) content per leaf dry mass	mg/g	22.120751274299998	7.186034918822731	
z3-p92	10499	10000	NA	community	NA	NA	NA	Leaf area per leaf dry mass (specific leaf area, SLA or 1/LMA): petiole included	mm^2/mg	17.986710846875	5.48760469062357	
z3-p92	10499	10000	NA	community	NA	NA	NA	Plant height vegetative	m	0.36321452325	0.6544782759471797	
z3-p92	10499	10000	NA	community	NA	NA	NA	Seed dry mass	mg	1.9541290488055556	0.9273000375390614	
z3-p92	10499	10000	NA	community	NA	NA	NA	Stem specific density (SSD) or wood density (stem dry mass per stem fresh volume)	g/cm^3	NaN	NaN	
z3-p92	10999	10500	NA	community	NA	NA	NA	Leaf area (in case of compound leaves: leaf, petiole included)	mm^2	683.0948259020001	879.3239017688044	
z3-p92	10999	10500	NA	community	NA	NA	NA	Leaf nitrogen (N) content per leaf dry mass	mg/g	21.810454292761538	7.24266593898579	
z3-p92	10999	10500	NA	community	NA	NA	NA	Leaf area per leaf dry mass (specific leaf area, SLA or 1/LMA): petiole included	mm^2/mg	18.17244099755682	5.5777250571941455	
z3-p92	10999	10500	NA	community	NA	NA	NA	Plant height vegetative	m	0.3364650658653846	0.6586857533416974	
z3-p92	10999	10500	NA	community	NA	NA	NA	Seed dry mass	mg	1.7460654008055556	0.7035027069072923	
z3-p92	10999	10500	NA	community	NA	NA	NA	Stem specific density (SSD) or wood density (stem dry mass per stem fresh volume)	g/cm^3	NaN	NaN	
z3-p92	11499	11000	NA	community	NA	NA	NA	Leaf area (in case of compound leaves: leaf, petiole included)	mm^2	720.4811891828572	923.7855416240745	
z3-p92	11499	11000	NA	community	NA	NA	NA	Leaf nitrogen (N) content per leaf dry mass	mg/g	21.872301908049998	7.45476300504121	
z3-p92	11499	11000	NA	community	NA	NA	NA	Leaf area per leaf dry mass (specific leaf area, SLA or 1/LMA): petiole included	mm^2/mg	18.580768922946426	5.749095093416026	
z3-p92	11499	11000	NA	community	NA	NA	NA	Plant height vegetative	m	0.34465988818749993	0.778464166732082	
z3-p92	11499	11000	NA	community	NA	NA	NA	Seed dry mass	mg	2.069823581198413	0.7061169174235328	
z3-p92	11499	11000	NA	community	NA	NA	NA	Stem specific density (SSD) or wood density (stem dry mass per stem fresh volume)	g/cm^3	NaN	NaN	
z3-p92	11999	11500	NA	community	NA	NA	NA	Leaf area (in case of compound leaves: leaf, petiole included)	mm^2	712.0224068136667	950.345354337853	
z3-p92	11999	11500	NA	community	NA	NA	NA	Leaf nitrogen (N) content per leaf dry mass	mg/g	21.663847045440477	7.274350528938873	
z3-p92	11999	11500	NA	community	NA	NA	NA	Leaf area per leaf dry mass (specific leaf area, SLA or 1/LMA): petiole included	mm^2/mg	16.809119667066668	5.681550984014352	
z3-p92	11999	11500	NA	community	NA	NA	NA	Plant height vegetative	m	0.33222372587499993	0.6571234076142536	
z3-p92	11999	11500	NA	community	NA	NA	NA	Seed dry mass	mg	2.3972815475151514	3.5515105053547567	
z3-p92	11999	11500	NA	community	NA	NA	NA	Stem specific density (SSD) or wood density (stem dry mass per stem fresh volume)	g/cm^3	NaN	NaN	
z3-p92	12499	12000	NA	community	NA	NA	NA	Leaf area (in case of compound leaves: leaf, petiole included)	mm^2	662.6156253870001	889.9139824633478	
z3-p92	12499	12000	NA	community	NA	NA	NA	Leaf nitrogen (N) content per leaf dry mass	mg/g	21.61314973002778	7.162412920275134	
z3-p92	12499	12000	NA	community	NA	NA	NA	Leaf area per leaf dry mass (specific leaf area, SLA or 1/LMA): petiole included	mm^2/mg	16.7044285004	5.4792047382667555	
z3-p92	12499	12000	NA	community	NA	NA	NA	Plant height vegetative	m	0.34530167798611106	0.6568972957533182	
z3-p92	12499	12000	NA	community	NA	NA	NA	Seed dry mass	mg	2.177808583744318	3.518407296535567	
z3-p92	12499	12000	NA	community	NA	NA	NA	Stem specific density (SSD) or wood density (stem dry mass per stem fresh volume)	g/cm^3	0.174520028375	NaN	
z3-p81	499	0	NA	community	NA	NA	NA	Leaf area (in case of compound leaves: leaf, petiole included)	unknown unit	659.0101497910714	698.4472688020937	
z3-p81	499	0	NA	community	NA	NA	NA	Leaf nitrogen (N) content per leaf dry mass	unknown unit	22.821689742777775	7.413645290179083	
z3-p81	499	0	NA	community	NA	NA	NA	Leaf area per leaf dry mass (specific leaf area, SLA or 1/LMA): petiole included	unknown unit	16.732148047708332	7.34156688903691	
z3-p81	499	0	NA	community	NA	NA	NA	Plant height vegetative	unknown unit	0.3399723593194445	0.6163337415574487	
z3-p81	499	0	NA	community	NA	NA	NA	Seed dry mass	unknown unit	2.053864321895833	1.2536356852190407	
z3-p81	499	0	NA	community	NA	NA	NA	Stem specific density (SSD) or wood density (stem dry mass per stem fresh volume)	unknown unit	0.20227421233333334	NaN	
z3-p81	999	500	NA	community	NA	NA	NA	Leaf area (in case of compound leaves: leaf, petiole included)	unknown unit	570.5792935708333	665.5922279188993	
z3-p81	999	500	NA	community	NA	NA	NA	Leaf nitrogen (N) content per leaf dry mass	unknown unit	23.41793700520833	7.467428366343743	
z3-p81	999	500	NA	community	NA	NA	NA	Leaf area per leaf dry mass (specific leaf area, SLA or 1/LMA): petiole included	unknown unit	16.554004742708333	7.49330558267193	
z3-p81	999	500	NA	community	NA	NA	NA	Plant height vegetative	unknown unit	0.253529480075	0.44733863804560386	
z3-p81	999	500	NA	community	NA	NA	NA	Seed dry mass	unknown unit	1.2675542170124998	1.1183289100314946	
z3-p81	999	500	NA	community	NA	NA	NA	Stem specific density (SSD) or wood density (stem dry mass per stem fresh volume)	unknown unit	0.20227421233333334	NaN	
z3-p81	1499	1000	NA	community	NA	NA	NA	Leaf area (in case of compound leaves: leaf, petiole included)	unknown unit	570.5792935708333	665.5922279188993	
z3-p81	1499	1000	NA	community	NA	NA	NA	Leaf nitrogen (N) content per leaf dry mass	unknown unit	23.41793700520833	7.467428366343743	
z3-p81	1499	1000	NA	community	NA	NA	NA	Leaf area per leaf dry mass (specific leaf area, SLA or 1/LMA): petiole included	unknown unit	16.554004742708333	7.49330558267193	
z3-p81	1499	1000	NA	community	NA	NA	NA	Plant height vegetative	unknown unit	0.253529480075	0.44733863804560386	
z3-p81	1499	1000	NA	community	NA	NA	NA	Seed dry mass	unknown unit	1.2675542170124998	1.1183289100314946	
z3-p81	1499	1000	NA	community	NA	NA	NA	Stem specific density (SSD) or wood density (stem dry mass per stem fresh volume)	unknown unit	0.20227421233333334	NaN	
z3-p81	1999	1500	NA	community	NA	NA	NA	Leaf area (in case of compound leaves: leaf, petiole included)	unknown unit	570.5792935708333	665.5922279188993	
z3-p81	1999	1500	NA	community	NA	NA	NA	Leaf nitrogen (N) content per leaf dry mass	unknown unit	23.41793700520833	7.467428366343743	
z3-p81	1999	1500	NA	community	NA	NA	NA	Leaf area per leaf dry mass (specific leaf area, SLA or 1/LMA): petiole included	unknown unit	16.554004742708333	7.49330558267193	
z3-p81	1999	1500	NA	community	NA	NA	NA	Plant height vegetative	unknown unit	0.253529480075	0.44733863804560386	
z3-p81	1999	1500	NA	community	NA	NA	NA	Seed dry mass	unknown unit	1.2675542170124998	1.1183289100314946	
z3-p81	1999	1500	NA	community	NA	NA	NA	Stem specific density (SSD) or wood density (stem dry mass per stem fresh volume)	unknown unit	0.20227421233333334	NaN	
z3-p81	2499	2000	NA	community	NA	NA	NA	Leaf area (in case of compound leaves: leaf, petiole included)	unknown unit	636.40795095625	698.4472688020937	
z3-p81	2499	2000	NA	community	NA	NA	NA	Leaf nitrogen (N) content per leaf dry mass	unknown unit	22.53621914833333	7.366529276868126	
z3-p81	2499	2000	NA	community	NA	NA	NA	Leaf area per leaf dry mass (specific leaf area, SLA or 1/LMA): petiole included	unknown unit	15.74782757060606	7.326436715295054	
z3-p81	2499	2000	NA	community	NA	NA	NA	Plant height vegetative	unknown unit	0.3097997545673077	0.6114649173169777	
z3-p81	2499	2000	NA	community	NA	NA	NA	Seed dry mass	unknown unit	2.538061296677884	4.853715450094964	
z3-p81	2499	2000	NA	community	NA	NA	NA	Stem specific density (SSD) or wood density (stem dry mass per stem fresh volume)	unknown unit	0.21137756646428574	NaN	
z3-p81	2999	2500	NA	community	NA	NA	NA	Leaf area (in case of compound leaves: leaf, petiole included)	unknown unit	644.1333718410715	699.9530015073007	
z3-p81	2999	2500	NA	community	NA	NA	NA	Leaf nitrogen (N) content per leaf dry mass	unknown unit	22.515810307833327	7.370755913435416	
z3-p81	2999	2500	NA	community	NA	NA	NA	Leaf area per leaf dry mass (specific leaf area, SLA or 1/LMA): petiole included	unknown unit	16.39232063777778	7.336375811667899	
z3-p81	2999	2500	NA	community	NA	NA	NA	Plant height vegetative	unknown unit	0.333731313225	0.6137458767840822	
z3-p81	2999	2500	NA	community	NA	NA	NA	Seed dry mass	unknown unit	2.9587676979124997	6.203944553509401	
z3-p81	2999	2500	NA	community	NA	NA	NA	Stem specific density (SSD) or wood density (stem dry mass per stem fresh volume)	unknown unit	0.20866229633333336	NaN	
z3-p81	3499	3000	NA	community	NA	NA	NA	Leaf area (in case of compound leaves: leaf, petiole included)	unknown unit	NaN	NaN	
z3-p81	3499	3000	NA	community	NA	NA	NA	Leaf nitrogen (N) content per leaf dry mass	unknown unit	22.025221308999996	7.3753947269030515	
z3-p81	3499	3000	NA	community	NA	NA	NA	Leaf area per leaf dry mass (specific leaf area, SLA or 1/LMA): petiole included	unknown unit	15.759268921272726	7.357571600880815	
z3-p81	3499	3000	NA	community	NA	NA	NA	Plant height vegetative	unknown unit	0.32088182512087915	0.9859987685131186	
z3-p81	3499	3000	NA	community	NA	NA	NA	Seed dry mass	unknown unit	2.6700523935439557	4.862725579222887	
z3-p81	3499	3000	NA	community	NA	NA	NA	Stem specific density (SSD) or wood density (stem dry mass per stem fresh volume)	unknown unit	NaN	NaN	
z3-p81	3999	3500	NA	community	NA	NA	NA	Leaf area (in case of compound leaves: leaf, petiole included)	unknown unit	NaN	NaN	
z3-p81	3999	3500	NA	community	NA	NA	NA	Leaf nitrogen (N) content per leaf dry mass	unknown unit	22.473672059499997	7.423931630211262	
z3-p81	3999	3500	NA	community	NA	NA	NA	Leaf area per leaf dry mass (specific leaf area, SLA or 1/LMA): petiole included	unknown unit	15.9410261575	7.515752693287934	
z3-p81	3999	3500	NA	community	NA	NA	NA	Plant height vegetative	unknown unit	0.2659565223035714	0.8213421569823246	
z3-p81	3999	3500	NA	community	NA	NA	NA	Seed dry mass	unknown unit	2.2073751950952376	4.857644921344916	
z3-p81	3999	3500	NA	community	NA	NA	NA	Stem specific density (SSD) or wood density (stem dry mass per stem fresh volume)	unknown unit	NaN	NaN	
z3-p81	4499	4000	NA	community	NA	NA	NA	Leaf area (in case of compound leaves: leaf, petiole included)	unknown unit	NaN	NaN	
z3-p81	4499	4000	NA	community	NA	NA	NA	Leaf nitrogen (N) content per leaf dry mass	unknown unit	21.74736220633333	7.384901110260122	
z3-p81	4499	4000	NA	community	NA	NA	NA	Leaf area per leaf dry mass (specific leaf area, SLA or 1/LMA): petiole included	unknown unit	16.186517804333334	7.499679578408834	
z3-p81	4499	4000	NA	community	NA	NA	NA	Plant height vegetative	unknown unit	0.24783407525	0.7745797075417887	
z3-p81	4499	4000	NA	community	NA	NA	NA	Seed dry mass	unknown unit	2.0557442172916662	4.755753431844308	
z3-p81	4499	4000	NA	community	NA	NA	NA	Stem specific density (SSD) or wood density (stem dry mass per stem fresh volume)	unknown unit	NaN	NaN	
z3-p81	4999	4500	NA	community	NA	NA	NA	Leaf area (in case of compound leaves: leaf, petiole included)	unknown unit	580.0526426785714	702.3954166247156	
z3-p81	4999	4500	NA	community	NA	NA	NA	Leaf nitrogen (N) content per leaf dry mass	unknown unit	20.453282495909086	7.383279160094503	
z3-p81	4999	4500	NA	community	NA	NA	NA	Leaf area per leaf dry mass (specific leaf area, SLA or 1/LMA): petiole included	unknown unit	16.257010624935063	7.372078665046841	
z3-p81	4999	4500	NA	community	NA	NA	NA	Plant height vegetative	unknown unit	0.32891911008119656	1.0402954113353264	
z3-p81	4999	4500	NA	community	NA	NA	NA	Seed dry mass	unknown unit	2.5178944698942303	5.911945163141656	
z3-p81	4999	4500	NA	community	NA	NA	NA	Stem specific density (SSD) or wood density (stem dry mass per stem fresh volume)	unknown unit	0.21570285595833338	NaN	
z3-p81	5499	5000	NA	community	NA	NA	NA	Leaf area (in case of compound leaves: leaf, petiole included)	unknown unit	580.0526426785714	702.3954166247156	
z3-p81	5499	5000	NA	community	NA	NA	NA	Leaf nitrogen (N) content per leaf dry mass	unknown unit	20.453282495909086	7.383279160094503	
z3-p81	5499	5000	NA	community	NA	NA	NA	Leaf area per leaf dry mass (specific leaf area, SLA or 1/LMA): petiole included	unknown unit	16.607641596071428	7.379379871129317	
z3-p81	5499	5000	NA	community	NA	NA	NA	Plant height vegetative	unknown unit	0.34464448279797977	1.0422209119472827	
z3-p81	5499	5000	NA	community	NA	NA	NA	Seed dry mass	unknown unit	2.7719051744886363	6.038445099102691	
z3-p81	5499	5000	NA	community	NA	NA	NA	Stem specific density (SSD) or wood density (stem dry mass per stem fresh volume)	unknown unit	0.21570285595833338	NaN	
z3-p81	5999	5500	NA	community	NA	NA	NA	Leaf area (in case of compound leaves: leaf, petiole included)	unknown unit	604.0802781333333	702.5907681673598	
z3-p81	5999	5500	NA	community	NA	NA	NA	Leaf nitrogen (N) content per leaf dry mass	unknown unit	21.016755594666662	7.462454690444458	
z3-p81	5999	5500	NA	community	NA	NA	NA	Leaf area per leaf dry mass (specific leaf area, SLA or 1/LMA): petiole included	unknown unit	15.431464001166667	7.374054140789509	
z3-p81	5999	5500	NA	community	NA	NA	NA	Plant height vegetative	unknown unit	0.3559401535625001	1.0689710882955827	
z3-p81	5999	5500	NA	community	NA	NA	NA	Seed dry mass	unknown unit	2.763865973595238	6.822730032484785	
z3-p81	5999	5500	NA	community	NA	NA	NA	Stem specific density (SSD) or wood density (stem dry mass per stem fresh volume)	unknown unit	0.22914487587500004	NaN	
z3-p81	6499	6000	NA	community	NA	NA	NA	Leaf area (in case of compound leaves: leaf, petiole included)	unknown unit	678.86142792	847.6173882700316	
z3-p81	6499	6000	NA	community	NA	NA	NA	Leaf nitrogen (N) content per leaf dry mass	unknown unit	23.29683962142857	7.474744784884121	
z3-p81	6499	6000	NA	community	NA	NA	NA	Leaf area per leaf dry mass (specific leaf area, SLA or 1/LMA): petiole included	unknown unit	14.65594526	4.748959617687241	
z3-p81	6499	6000	NA	community	NA	NA	NA	Plant height vegetative	unknown unit	0.41833516666666676	0.9508721919648037	
z3-p81	6499	6000	NA	community	NA	NA	NA	Seed dry mass	unknown unit	2.2003753561249995	1.912280364078265	
z3-p81	6499	6000	NA	community	NA	NA	NA	Stem specific density (SSD) or wood density (stem dry mass per stem fresh volume)	unknown unit	0.1970646688	NaN	
z3-p81	6999	6500	NA	community	NA	NA	NA	Leaf area (in case of compound leaves: leaf, petiole included)	unknown unit	817.385118225	857.9726082410208	
z3-p81	6999	6500	NA	community	NA	NA	NA	Leaf nitrogen (N) content per leaf dry mass	unknown unit	24.83771391666666	7.3492737611215855	
z3-p81	6999	6500	NA	community	NA	NA	NA	Leaf area per leaf dry mass (specific leaf area, SLA or 1/LMA): petiole included	unknown unit	14.605217536666666	4.674025785655068	
z3-p81	6999	6500	NA	community	NA	NA	NA	Plant height vegetative	unknown unit	0.36540677675	0.679977009548289	
z3-p81	6999	6500	NA	community	NA	NA	NA	Seed dry mass	unknown unit	2.2003753561249995	1.912280364078265	
z3-p81	6999	6500	NA	community	NA	NA	NA	Stem specific density (SSD) or wood density (stem dry mass per stem fresh volume)	unknown unit	0.1955470075	NaN	
z3-p81	7499	7000	NA	community	NA	NA	NA	Leaf area (in case of compound leaves: leaf, petiole included)	unknown unit	NaN	NaN	
z3-p81	7499	7000	NA	community	NA	NA	NA	Leaf nitrogen (N) content per leaf dry mass	unknown unit	20.069647797499996	7.370240150258123	
z3-p81	7499	7000	NA	community	NA	NA	NA	Leaf area per leaf dry mass (specific leaf area, SLA or 1/LMA): petiole included	unknown unit	14.628100237999998	4.736295556826592	
z3-p81	7499	7000	NA	community	NA	NA	NA	Plant height vegetative	unknown unit	0.42583607083333336	1.4910346199742845	
z3-p81	7499	7000	NA	community	NA	NA	NA	Seed dry mass	unknown unit	2.7682520458333326	2.1465830135598396	
z3-p81	7499	7000	NA	community	NA	NA	NA	Stem specific density (SSD) or wood density (stem dry mass per stem fresh volume)	unknown unit	NaN	NaN	
z3-p81	7999	7500	NA	community	NA	NA	NA	Leaf area (in case of compound leaves: leaf, petiole included)	unknown unit	NaN	NaN	
z3-p81	7999	7500	NA	community	NA	NA	NA	Leaf nitrogen (N) content per leaf dry mass	unknown unit	20.694336391666663	7.685507912545805	
z3-p81	7999	7500	NA	community	NA	NA	NA	Leaf area per leaf dry mass (specific leaf area, SLA or 1/LMA): petiole included	unknown unit	14.140216933333333	5.029139116673836	
z3-p81	7999	7500	NA	community	NA	NA	NA	Plant height vegetative	unknown unit	0.3918963095000001	1.544485492773959	
z3-p81	7999	7500	NA	community	NA	NA	NA	Seed dry mass	unknown unit	2.269823536285714	1.7377072998114351	
z3-p81	7999	7500	NA	community	NA	NA	NA	Stem specific density (SSD) or wood density (stem dry mass per stem fresh volume)	unknown unit	NaN	NaN	
z3-p81	8499	8000	NA	community	NA	NA	NA	Leaf area (in case of compound leaves: leaf, petiole included)	unknown unit	NaN	NaN	
z3-p81	8499	8000	NA	community	NA	NA	NA	Leaf nitrogen (N) content per leaf dry mass	unknown unit	NaN	NaN	
z3-p81	8499	8000	NA	community	NA	NA	NA	Leaf area per leaf dry mass (specific leaf area, SLA or 1/LMA): petiole included	unknown unit	NaN	NaN	
z3-p81	8499	8000	NA	community	NA	NA	NA	Plant height vegetative	unknown unit	NaN	NaN	
z3-p81	8499	8000	NA	community	NA	NA	NA	Seed dry mass	unknown unit	NaN	NaN	
z3-p81	8499	8000	NA	community	NA	NA	NA	Stem specific density (SSD) or wood density (stem dry mass per stem fresh volume)	unknown unit	NaN	NaN	
z3-p81	6499	6000	NA	community	NA	NA	NA	Leaf area (in case of compound leaves: leaf, petiole included)	mm^2	474.583922275	537.724416068677	
z3-p81	6499	6000	NA	community	NA	NA	NA	Leaf nitrogen (N) content per leaf dry mass	mg/g	21.31533276333333	7.4046951353352535	
z3-p81	6499	6000	NA	community	NA	NA	NA	Leaf area per leaf dry mass (specific leaf area, SLA or 1/LMA): petiole included	mm^2/mg	16.63088128916667	9.87965704074415	
z3-p81	6499	6000	NA	community	NA	NA	NA	Plant height vegetative	m	0.26061310057142856	0.4594881683241958	
z3-p81	6499	6000	NA	community	NA	NA	NA	Seed dry mass	mg	2.6609222783571425	9.747840636201511	
z3-p81	6499	6000	NA	community	NA	NA	NA	Stem specific density (SSD) or wood density (stem dry mass per stem fresh volume)	g/cm^3	0.20559458885714288	0.9364934838546358	
z3-p81	6999	6500	NA	community	NA	NA	NA	Leaf area (in case of compound leaves: leaf, petiole included)	mm^2	474.583922275	537.724416068677	
z3-p81	6999	6500	NA	community	NA	NA	NA	Leaf nitrogen (N) content per leaf dry mass	mg/g	22.369180253	7.50829016547151	
z3-p81	6999	6500	NA	community	NA	NA	NA	Leaf area per leaf dry mass (specific leaf area, SLA or 1/LMA): petiole included	mm^2/mg	17.745367175555558	9.917105032631065	
z3-p81	6999	6500	NA	community	NA	NA	NA	Plant height vegetative	m	0.3280340932	0.4674018856939171	
z3-p81	6999	6500	NA	community	NA	NA	NA	Seed dry mass	mg	3.6465137716999996	10.218805852291453	
z3-p81	6999	6500	NA	community	NA	NA	NA	Stem specific density (SSD) or wood density (stem dry mass per stem fresh volume)	g/cm^3	0.18378562450000002	0.9364934838546358	
z3-p81	7499	7000	NA	community	NA	NA	NA	Leaf area (in case of compound leaves: leaf, petiole included)	mm^2	474.583922275	537.724416068677	
z3-p81	7499	7000	NA	community	NA	NA	NA	Leaf nitrogen (N) content per leaf dry mass	mg/g	22.369180253	7.50829016547151	
z3-p81	7499	7000	NA	community	NA	NA	NA	Leaf area per leaf dry mass (specific leaf area, SLA or 1/LMA): petiole included	mm^2/mg	17.011330458	9.90271152041698	
z3-p81	7499	7000	NA	community	NA	NA	NA	Plant height vegetative	m	0.2865351074166667	0.46506953986397315	
z3-p81	7499	7000	NA	community	NA	NA	NA	Seed dry mass	mg	3.0521907422499996	9.97498276228861	
z3-p81	7499	7000	NA	community	NA	NA	NA	Stem specific density (SSD) or wood density (stem dry mass per stem fresh volume)	g/cm^3	0.18378562450000002	0.9364934838546358	
z3-p81	7999	7500	NA	community	NA	NA	NA	Leaf area (in case of compound leaves: leaf, petiole included)	mm^2	460.4384743888889	534.8773625514848	
z3-p81	7999	7500	NA	community	NA	NA	NA	Leaf nitrogen (N) content per leaf dry mass	mg/g	22.212245792727273	7.499668608783832	
z3-p81	7999	7500	NA	community	NA	NA	NA	Leaf area per leaf dry mass (specific leaf area, SLA or 1/LMA): petiole included	mm^2/mg	16.535300416363636	9.897627887360892	
z3-p81	7999	7500	NA	community	NA	NA	NA	Plant height vegetative	m	0.2741759966153846	0.46471106454460176	
z3-p81	7999	7500	NA	community	NA	NA	NA	Seed dry mass	mg	2.821403954153846	7.678836665589808	
z3-p81	7999	7500	NA	community	NA	NA	NA	Stem specific density (SSD) or wood density (stem dry mass per stem fresh volume)	g/cm^3	0.19464358771428575	0.9302358369469921	
z3-p81	8499	8000	NA	community	NA	NA	NA	Leaf area (in case of compound leaves: leaf, petiole included)	mm^2	460.4384743888889	534.8773625514848	
z3-p81	8499	8000	NA	community	NA	NA	NA	Leaf nitrogen (N) content per leaf dry mass	mg/g	21.619558643333335	7.45625779463467	
z3-p81	8499	8000	NA	community	NA	NA	NA	Leaf area per leaf dry mass (specific leaf area, SLA or 1/LMA): petiole included	mm^2/mg	16.621858715000002	9.879664904507887	
z3-p81	8499	8000	NA	community	NA	NA	NA	Plant height vegetative	m	0.2615642657857143	0.46189910225348174	
z3-p81	8499	8000	NA	community	NA	NA	NA	Seed dry mass	mg	2.6226080935	7.621382764335915	
z3-p81	8499	8000	NA	community	NA	NA	NA	Stem specific density (SSD) or wood density (stem dry mass per stem fresh volume)	g/cm^3	0.19464358771428575	0.9302358369469921	
z3-p81	8999	8500	NA	community	NA	NA	NA	Leaf area (in case of compound leaves: leaf, petiole included)	unknown unit	475.6509743888889	537.8766928120702	
z3-p81	8999	8500	NA	community	NA	NA	NA	Leaf nitrogen (N) content per leaf dry mass	unknown unit	20.886455821666665	7.391219694679007	
z3-p81	8999	8500	NA	community	NA	NA	NA	Leaf area per leaf dry mass (specific leaf area, SLA or 1/LMA): petiole included	unknown unit	17.164695565833334	9.941229040895426	
z3-p81	8999	8500	NA	community	NA	NA	NA	Plant height vegetative	unknown unit	0.24998748007142857	0.46153605569457273	
z3-p81	8999	8500	NA	community	NA	NA	NA	Seed dry mass	unknown unit	2.656222493142857	7.7811551009770925	
z3-p81	8999	8500	NA	community	NA	NA	NA	Stem specific density (SSD) or wood density (stem dry mass per stem fresh volume)	unknown unit	0.20011704857142856	0.9313044453248509	
z3-p81	9499	9000	NA	community	NA	NA	NA	Leaf area (in case of compound leaves: leaf, petiole included)	unknown unit	475.6509743888889	537.8766928120702	
z3-p81	9499	9000	NA	community	NA	NA	NA	Leaf nitrogen (N) content per leaf dry mass	unknown unit	20.886455821666665	7.391219694679007	
z3-p81	9499	9000	NA	community	NA	NA	NA	Leaf area per leaf dry mass (specific leaf area, SLA or 1/LMA): petiole included	unknown unit	17.164695565833334	9.941229040895426	
z3-p81	9499	9000	NA	community	NA	NA	NA	Plant height vegetative	unknown unit	0.24998748007142857	0.46153605569457273	
z3-p81	9499	9000	NA	community	NA	NA	NA	Seed dry mass	unknown unit	2.656222493142857	7.7811551009770925	
z3-p81	9499	9000	NA	community	NA	NA	NA	Stem specific density (SSD) or wood density (stem dry mass per stem fresh volume)	unknown unit	0.20011704857142856	0.9313044453248509	
z3-p81	9999	9500	NA	community	NA	NA	NA	Leaf area (in case of compound leaves: leaf, petiole included)	unknown unit	500.63518135714287	538.9219293631666	
z3-p81	9999	9500	NA	community	NA	NA	NA	Leaf nitrogen (N) content per leaf dry mass	unknown unit	20.805665568888887	7.478016819236582	
z3-p81	9999	9500	NA	community	NA	NA	NA	Leaf area per leaf dry mass (specific leaf area, SLA or 1/LMA): petiole included	unknown unit	17.919736496666665	9.994366108639314	
z3-p81	9999	9500	NA	community	NA	NA	NA	Plant height vegetative	unknown unit	0.27172016672727267	0.5486109358603314	
z3-p81	9999	9500	NA	community	NA	NA	NA	Seed dry mass	unknown unit	1.5752118889999998	0.5860947123762108	
z3-p81	9999	9500	NA	community	NA	NA	NA	Stem specific density (SSD) or wood density (stem dry mass per stem fresh volume)	unknown unit	0.20900141716666668	0.958193702408421	
z4-p82	499	0	NA	community	NA	NA	NA	Leaf area (in case of compound leaves: leaf, petiole included)	mm^2	637.8436430667637	655.7262750590337	
z4-p82	499	0	NA	community	NA	NA	NA	Leaf nitrogen (N) content per leaf dry mass	mg/g	20.431766053196426	7.548271032672918	
z4-p82	499	0	NA	community	NA	NA	NA	Leaf area per leaf dry mass (specific leaf area, SLA or 1/LMA): petiole included	mm^2/mg	17.143254386946126	10.252449585067144	
z4-p82	499	0	NA	community	NA	NA	NA	Plant height vegetative	m	1.4547152524270834	4.885519401535072	
z4-p82	499	0	NA	community	NA	NA	NA	Seed dry mass	mg	2.757625738930976	5.179185301896939	
z4-p82	499	0	NA	community	NA	NA	NA	Stem specific density (SSD) or wood density (stem dry mass per stem fresh volume)	g/cm^3	0.3106485571666667	0.16025455739365024	
z4-p82	999	500	NA	community	NA	NA	NA	Leaf area (in case of compound leaves: leaf, petiole included)	mm^2	613.0828038022387	499.01863677701056	
z4-p82	999	500	NA	community	NA	NA	NA	Leaf nitrogen (N) content per leaf dry mass	mg/g	20.95002188884643	7.764647258412808	
z4-p82	999	500	NA	community	NA	NA	NA	Leaf area per leaf dry mass (specific leaf area, SLA or 1/LMA): petiole included	mm^2/mg	17.34103359192592	11.097782035788898	
z4-p82	999	500	NA	community	NA	NA	NA	Plant height vegetative	m	1.60798818069375	5.455185573746423	
z4-p82	999	500	NA	community	NA	NA	NA	Seed dry mass	mg	2.4652949213912034	5.525777209516119	
z4-p82	999	500	NA	community	NA	NA	NA	Stem specific density (SSD) or wood density (stem dry mass per stem fresh volume)	g/cm^3	0.2847738234375	0.1599490300638845	
z4-p82	1499	1000	NA	community	NA	NA	NA	Leaf area (in case of compound leaves: leaf, petiole included)	mm^2	637.6030960834137	587.0983380099285	
z4-p82	1499	1000	NA	community	NA	NA	NA	Leaf nitrogen (N) content per leaf dry mass	mg/g	20.079788982561812	7.645417897991528	
z4-p82	1499	1000	NA	community	NA	NA	NA	Leaf area per leaf dry mass (specific leaf area, SLA or 1/LMA): petiole included	mm^2/mg	17.23071608112037	10.788485127993106	
z4-p82	1499	1000	NA	community	NA	NA	NA	Plant height vegetative	m	1.4061960072475963	5.142390905867317	
z4-p82	1499	1000	NA	community	NA	NA	NA	Seed dry mass	mg	2.671998758340067	5.473426006421069	
z4-p82	1499	1000	NA	community	NA	NA	NA	Stem specific density (SSD) or wood density (stem dry mass per stem fresh volume)	g/cm^3	0.2847738234375	0.1599490300638845	
z4-p82	1999	1500	NA	community	NA	NA	NA	Leaf area (in case of compound leaves: leaf, petiole included)	mm^2	636.2135061056692	597.3060644428501	
z4-p82	1999	1500	NA	community	NA	NA	NA	Leaf nitrogen (N) content per leaf dry mass	mg/g	19.914789959446423	7.753479743854826	
z4-p82	1999	1500	NA	community	NA	NA	NA	Leaf area per leaf dry mass (specific leaf area, SLA or 1/LMA): petiole included	mm^2/mg	17.002954143309765	10.867903174430534	
z4-p82	1999	1500	NA	community	NA	NA	NA	Plant height vegetative	m	1.4649301077187502	5.146233080221835	
z4-p82	1999	1500	NA	community	NA	NA	NA	Seed dry mass	mg	2.7947987669037033	5.478095796517693	
z4-p82	1999	1500	NA	community	NA	NA	NA	Stem specific density (SSD) or wood density (stem dry mass per stem fresh volume)	g/cm^3	0.30025647432142866	0.16161621892769165	
z4-p82	2499	2000	NA	community	NA	NA	NA	Leaf area (in case of compound leaves: leaf, petiole included)	mm^2	636.2135061056692	597.3060644428501	
z4-p82	2499	2000	NA	community	NA	NA	NA	Leaf nitrogen (N) content per leaf dry mass	mg/g	19.914789959446423	7.753479743854826	
z4-p82	2499	2000	NA	community	NA	NA	NA	Leaf area per leaf dry mass (specific leaf area, SLA or 1/LMA): petiole included	mm^2/mg	17.002954143309765	10.867903174430534	
z4-p82	2499	2000	NA	community	NA	NA	NA	Plant height vegetative	m	1.4649301077187502	5.146233080221835	
z4-p82	2499	2000	NA	community	NA	NA	NA	Seed dry mass	mg	2.7947987669037033	5.478095796517693	
z4-p82	2499	2000	NA	community	NA	NA	NA	Stem specific density (SSD) or wood density (stem dry mass per stem fresh volume)	g/cm^3	0.30025647432142866	0.16161621892769165	
z4-p82	2999	2500	NA	community	NA	NA	NA	Leaf area (in case of compound leaves: leaf, petiole included)	mm^2	636.2135061056692	597.3060644428501	
z4-p82	2999	2500	NA	community	NA	NA	NA	Leaf nitrogen (N) content per leaf dry mass	mg/g	19.914789959446423	7.753479743854826	
z4-p82	2999	2500	NA	community	NA	NA	NA	Leaf area per leaf dry mass (specific leaf area, SLA or 1/LMA): petiole included	mm^2/mg	17.002954143309765	10.867903174430534	
z4-p82	2999	2500	NA	community	NA	NA	NA	Plant height vegetative	m	1.4649301077187502	5.146233080221835	
z4-p82	2999	2500	NA	community	NA	NA	NA	Seed dry mass	mg	2.7947987669037033	5.478095796517693	
z4-p82	2999	2500	NA	community	NA	NA	NA	Stem specific density (SSD) or wood density (stem dry mass per stem fresh volume)	g/cm^3	0.30025647432142866	0.16161621892769165	
z4-p82	3499	3000	NA	community	NA	NA	NA	Leaf area (in case of compound leaves: leaf, petiole included)	mm^2	665.7767133647387	702.9715557396328	
z4-p82	3499	3000	NA	community	NA	NA	NA	Leaf nitrogen (N) content per leaf dry mass	mg/g	19.34683532258279	7.682272830525605	
z4-p82	3499	3000	NA	community	NA	NA	NA	Leaf area per leaf dry mass (specific leaf area, SLA or 1/LMA): petiole included	mm^2/mg	16.670090555437035	10.135882412287408	
z4-p82	3499	3000	NA	community	NA	NA	NA	Plant height vegetative	m	1.5486921220937502	5.330410646593797	
z4-p82	3499	3000	NA	community	NA	NA	NA	Seed dry mass	mg	2.9856933362037035	5.6423376252528	
z4-p82	3499	3000	NA	community	NA	NA	NA	Stem specific density (SSD) or wood density (stem dry mass per stem fresh volume)	g/cm^3	0.32012525675000003	0.16195277799807417	
z4-p82	3999	3500	NA	community	NA	NA	NA	Leaf area (in case of compound leaves: leaf, petiole included)	mm^2	636.2135061056692	597.3060644428501	
z4-p82	3999	3500	NA	community	NA	NA	NA	Leaf nitrogen (N) content per leaf dry mass	mg/g	19.914789959446423	7.753479743854826	
z4-p82	3999	3500	NA	community	NA	NA	NA	Leaf area per leaf dry mass (specific leaf area, SLA or 1/LMA): petiole included	mm^2/mg	17.002954143309765	10.867903174430534	
z4-p82	3999	3500	NA	community	NA	NA	NA	Plant height vegetative	m	1.4649301077187502	5.146233080221835	
z4-p82	3999	3500	NA	community	NA	NA	NA	Seed dry mass	mg	2.7947987669037033	5.478095796517693	
z4-p82	3999	3500	NA	community	NA	NA	NA	Stem specific density (SSD) or wood density (stem dry mass per stem fresh volume)	g/cm^3	0.30025647432142866	0.16161621892769165	
z4-p82	4499	4000	NA	community	NA	NA	NA	Leaf area (in case of compound leaves: leaf, petiole included)	mm^2	664.5630945890025	594.2555158390053	
z4-p82	4499	4000	NA	community	NA	NA	NA	Leaf nitrogen (N) content per leaf dry mass	mg/g	20.46916068076461	7.692078990942809	
z4-p82	4499	4000	NA	community	NA	NA	NA	Leaf area per leaf dry mass (specific leaf area, SLA or 1/LMA): petiole included	mm^2/mg	17.201629056937037	10.853985731917724	
z4-p82	4499	4000	NA	community	NA	NA	NA	Plant height vegetative	m	1.5735335098664773	5.247504697274394	
z4-p82	4499	4000	NA	community	NA	NA	NA	Seed dry mass	mg	3.0507064493148146	5.535999044950513	
z4-p82	4499	4000	NA	community	NA	NA	NA	Stem specific density (SSD) or wood density (stem dry mass per stem fresh volume)	g/cm^3	0.2847738234375	0.1599490300638845	
z4-p82	4999	4500	NA	community	NA	NA	NA	Leaf area (in case of compound leaves: leaf, petiole included)	mm^2	606.8479647318863	580.3764907669074	
z4-p82	4999	4500	NA	community	NA	NA	NA	Leaf nitrogen (N) content per leaf dry mass	mg/g	19.871651265589286	7.638246908367355	
z4-p82	4999	4500	NA	community	NA	NA	NA	Leaf area per leaf dry mass (specific leaf area, SLA or 1/LMA): petiole included	mm^2/mg	17.30558559888319	10.88023785202631	
z4-p82	4999	4500	NA	community	NA	NA	NA	Plant height vegetative	m	1.3399112894866074	4.660877028290408	
z4-p82	4999	4500	NA	community	NA	NA	NA	Seed dry mass	mg	2.51358598562037	5.234236895983712	
z4-p82	4999	4500	NA	community	NA	NA	NA	Stem specific density (SSD) or wood density (stem dry mass per stem fresh volume)	g/cm^3	0.2847738234375	0.1599490300638845	
z4-p82	5499	5000	NA	community	NA	NA	NA	Leaf area (in case of compound leaves: leaf, petiole included)	mm^2	606.8479647318863	580.3764907669074	
z4-p82	5499	5000	NA	community	NA	NA	NA	Leaf nitrogen (N) content per leaf dry mass	mg/g	19.871651265589286	7.638246908367355	
z4-p82	5499	5000	NA	community	NA	NA	NA	Leaf area per leaf dry mass (specific leaf area, SLA or 1/LMA): petiole included	mm^2/mg	17.30558559888319	10.88023785202631	
z4-p82	5499	5000	NA	community	NA	NA	NA	Plant height vegetative	m	1.3399112894866074	4.660877028290408	
z4-p82	5499	5000	NA	community	NA	NA	NA	Seed dry mass	mg	2.51358598562037	5.234236895983712	
z4-p82	5499	5000	NA	community	NA	NA	NA	Stem specific density (SSD) or wood density (stem dry mass per stem fresh volume)	g/cm^3	0.2847738234375	0.1599490300638845	
z4-p82	5999	5500	NA	community	NA	NA	NA	Leaf area (in case of compound leaves: leaf, petiole included)	mm^2	586.068640427822	511.5382782461626	
z4-p82	5999	5500	NA	community	NA	NA	NA	Leaf nitrogen (N) content per leaf dry mass	mg/g	19.99661161287976	7.536003172654418	
z4-p82	5999	5500	NA	community	NA	NA	NA	Leaf area per leaf dry mass (specific leaf area, SLA or 1/LMA): petiole included	mm^2/mg	17.66659728732275	16.39942895680246	
z4-p82	5999	5500	NA	community	NA	NA	NA	Plant height vegetative	m	1.3002634006604168	4.031395790737813	
z4-p82	5999	5500	NA	community	NA	NA	NA	Seed dry mass	mg	2.407262120396011	5.043225096598701	
z4-p82	5999	5500	NA	community	NA	NA	NA	Stem specific density (SSD) or wood density (stem dry mass per stem fresh volume)	g/cm^3	0.2881874143055556	0.16055475496920352	
z4-p82	6499	6000	NA	community	NA	NA	NA	Leaf area (in case of compound leaves: leaf, petiole included)	mm^2	603.0105306455227	539.5893256815484	
z4-p82	6499	6000	NA	community	NA	NA	NA	Leaf nitrogen (N) content per leaf dry mass	mg/g	19.556205944875	7.4844792000020774	
z4-p82	6499	6000	NA	community	NA	NA	NA	Leaf area per leaf dry mass (specific leaf area, SLA or 1/LMA): petiole included	mm^2/mg	17.461597846190884	17.16789082303334	
z4-p82	6499	6000	NA	community	NA	NA	NA	Plant height vegetative	m	1.3543145043080358	4.087949466927988	
z4-p82	6499	6000	NA	community	NA	NA	NA	Seed dry mass	mg	2.5181383268287036	5.139392807987642	
z4-p82	6499	6000	NA	community	NA	NA	NA	Stem specific density (SSD) or wood density (stem dry mass per stem fresh volume)	g/cm^3	0.30158036862500004	0.16084822206304178	
z4-p82	6999	6500	NA	community	NA	NA	NA	Leaf area (in case of compound leaves: leaf, petiole included)	mm^2	603.0105306455227	539.5893256815484	
z4-p82	6999	6500	NA	community	NA	NA	NA	Leaf nitrogen (N) content per leaf dry mass	mg/g	19.556205944875	7.4844792000020774	
z4-p82	6999	6500	NA	community	NA	NA	NA	Leaf area per leaf dry mass (specific leaf area, SLA or 1/LMA): petiole included	mm^2/mg	17.251615271608465	17.140670497372497	
z4-p82	6999	6500	NA	community	NA	NA	NA	Plant height vegetative	m	1.245313552625	4.070831531344358	
z4-p82	6999	6500	NA	community	NA	NA	NA	Seed dry mass	mg	2.2704452044537033	5.067928633313477	
z4-p82	6999	6500	NA	community	NA	NA	NA	Stem specific density (SSD) or wood density (stem dry mass per stem fresh volume)	g/cm^3	0.30158036862500004	0.16084822206304178	
z4-p82	7499	7000	NA	community	NA	NA	NA	Leaf area (in case of compound leaves: leaf, petiole included)	mm^2	633.3819185884137	543.528848544154	
z4-p82	7499	7000	NA	community	NA	NA	NA	Leaf nitrogen (N) content per leaf dry mass	mg/g	18.93277736402976	7.49060107216537	
z4-p82	7499	7000	NA	community	NA	NA	NA	Leaf area per leaf dry mass (specific leaf area, SLA or 1/LMA): petiole included	mm^2/mg	17.17835338388319	17.43743806569437	
z4-p82	7499	7000	NA	community	NA	NA	NA	Plant height vegetative	m	1.3517878629866071	4.316653093048636	
z4-p82	7499	7000	NA	community	NA	NA	NA	Seed dry mass	mg	2.4958911180787036	5.275699531032062	
z4-p82	7499	7000	NA	community	NA	NA	NA	Stem specific density (SSD) or wood density (stem dry mass per stem fresh volume)	g/cm^3	0.30158036862500004	0.16084822206304178	
z4-p82	7999	7500	NA	community	NA	NA	NA	Leaf area (in case of compound leaves: leaf, petiole included)	mm^2	633.3819185884137	543.528848544154	
z4-p82	7999	7500	NA	community	NA	NA	NA	Leaf nitrogen (N) content per leaf dry mass	mg/g	19.7400786371772	7.489748054403633	
z4-p82	7999	7500	NA	community	NA	NA	NA	Leaf area per leaf dry mass (specific leaf area, SLA or 1/LMA): petiole included	mm^2/mg	17.399729349037038	17.467656386677426	
z4-p82	7999	7500	NA	community	NA	NA	NA	Plant height vegetative	m	1.3530342788080358	4.320116358635508	
z4-p82	7999	7500	NA	community	NA	NA	NA	Seed dry mass	mg	2.6769649487491582	5.324764886972899	
z4-p82	7999	7500	NA	community	NA	NA	NA	Stem specific density (SSD) or wood density (stem dry mass per stem fresh volume)	g/cm^3	0.30158036862500004	0.16084822206304178	
z4-p82	8499	8000	NA	community	NA	NA	NA	Leaf area (in case of compound leaves: leaf, petiole included)	mm^2	603.0105306455227	539.5893256815484	
z4-p82	8499	8000	NA	community	NA	NA	NA	Leaf nitrogen (N) content per leaf dry mass	mg/g	19.556205944875	7.4844792000020774	
z4-p82	8499	8000	NA	community	NA	NA	NA	Leaf area per leaf dry mass (specific leaf area, SLA or 1/LMA): petiole included	mm^2/mg	17.251615271608465	17.140670497372497	
z4-p82	8499	8000	NA	community	NA	NA	NA	Plant height vegetative	m	1.1991355084466913	4.068228368802508	
z4-p82	8499	8000	NA	community	NA	NA	NA	Seed dry mass	mg	2.2704452044537033	5.067928633313477	
z4-p82	8499	8000	NA	community	NA	NA	NA	Stem specific density (SSD) or wood density (stem dry mass per stem fresh volume)	g/cm^3	0.30158036862500004	0.16084822206304178	
z4-p82	8999	8500	NA	community	NA	NA	NA	Leaf area (in case of compound leaves: leaf, petiole included)	mm^2	633.1249416942637	543.1633306864252	
z4-p82	8999	8500	NA	community	NA	NA	NA	Leaf nitrogen (N) content per leaf dry mass	mg/g	19.867916144100278	7.498402739930642	
z4-p82	8999	8500	NA	community	NA	NA	NA	Leaf area per leaf dry mass (specific leaf area, SLA or 1/LMA): petiole included	mm^2/mg	17.443335398498576	17.26354077277532	
z4-p82	8999	8500	NA	community	NA	NA	NA	Plant height vegetative	m	1.0753583895937502	4.067922794313814	
z4-p82	8999	8500	NA	community	NA	NA	NA	Seed dry mass	mg	1.7880774465113958	4.546753874354528	
z4-p82	8999	8500	NA	community	NA	NA	NA	Stem specific density (SSD) or wood density (stem dry mass per stem fresh volume)	g/cm^3	0.28819781110714293	0.1602741724452546	
z4-p82	9499	9000	NA	community	NA	NA	NA	Leaf area (in case of compound leaves: leaf, petiole included)	mm^2	754.2133690156851	711.3249278446723	
z4-p82	9499	9000	NA	community	NA	NA	NA	Leaf nitrogen (N) content per leaf dry mass	mg/g	20.107219708346427	7.618330149755594	
z4-p82	9499	9000	NA	community	NA	NA	NA	Leaf area per leaf dry mass (specific leaf area, SLA or 1/LMA): petiole included	mm^2/mg	17.225754303037036	9.88431196704348	
z4-p82	9499	9000	NA	community	NA	NA	NA	Plant height vegetative	m	1.40773439329375	5.432496565991158	
z4-p82	9499	9000	NA	community	NA	NA	NA	Seed dry mass	mg	2.325189246016204	4.936442999431587	
z4-p82	9499	9000	NA	community	NA	NA	NA	Stem specific density (SSD) or wood density (stem dry mass per stem fresh volume)	g/cm^3	0.2836480894166667	0.15961978546155886	
z4-p82	9999	9500	NA	community	NA	NA	NA	Leaf area (in case of compound leaves: leaf, petiole included)	mm^2	504.555904872828	636.8446231297555	
z4-p82	9999	9500	NA	community	NA	NA	NA	Leaf nitrogen (N) content per leaf dry mass	mg/g	20.062543805846424	7.533117190850982	
z4-p82	9999	9500	NA	community	NA	NA	NA	Leaf area per leaf dry mass (specific leaf area, SLA or 1/LMA): petiole included	mm^2/mg	20.6244595546734	9.533074506769513	
z4-p82	9999	9500	NA	community	NA	NA	NA	Plant height vegetative	m	0.7147489998437502	2.388857928283673	
z4-p82	9999	9500	NA	community	NA	NA	NA	Seed dry mass	mg	1.827917941658249	4.295844618232668	
z4-p82	9999	9500	NA	community	NA	NA	NA	Stem specific density (SSD) or wood density (stem dry mass per stem fresh volume)	g/cm^3	0.25238842708333337	0.16588580555954582	
z4-p82	10499	10000	NA	community	NA	NA	NA	Leaf area (in case of compound leaves: leaf, petiole included)	mm^2	504.555904872828	636.8446231297555	
z4-p82	10499	10000	NA	community	NA	NA	NA	Leaf nitrogen (N) content per leaf dry mass	mg/g	20.062543805846424	7.533117190850982	
z4-p82	10499	10000	NA	community	NA	NA	NA	Leaf area per leaf dry mass (specific leaf area, SLA or 1/LMA): petiole included	mm^2/mg	20.6244595546734	9.533074506769513	
z4-p82	10499	10000	NA	community	NA	NA	NA	Plant height vegetative	m	0.7147489998437502	2.388857928283673	
z4-p82	10499	10000	NA	community	NA	NA	NA	Seed dry mass	mg	1.827917941658249	4.295844618232668	
z4-p82	10499	10000	NA	community	NA	NA	NA	Stem specific density (SSD) or wood density (stem dry mass per stem fresh volume)	g/cm^3	0.25238842708333337	0.16588580555954582	
z4-p82	10999	10500	NA	community	NA	NA	NA	Leaf area (in case of compound leaves: leaf, petiole included)	mm^2	619.8697433886073	702.1310995629466	
z4-p82	10999	10500	NA	community	NA	NA	NA	Leaf nitrogen (N) content per leaf dry mass	mg/g	19.983483122499997	7.395026706967066	
z4-p82	10999	10500	NA	community	NA	NA	NA	Leaf area per leaf dry mass (specific leaf area, SLA or 1/LMA): petiole included	mm^2/mg	16.774823114611113	11.464832009433053	
z4-p82	10999	10500	NA	community	NA	NA	NA	Plant height vegetative	m	0.7618779319384059	3.09005958704002	
z4-p82	10999	10500	NA	community	NA	NA	NA	Seed dry mass	mg	2.297251349194444	5.832767009068361	
z4-p82	10999	10500	NA	community	NA	NA	NA	Stem specific density (SSD) or wood density (stem dry mass per stem fresh volume)	g/cm^3	0.24027654757500003	NaN	
z5-p83	499	0	NA	community	NA	NA	NA	Leaf area (in case of compound leaves: leaf, petiole included)	mm^2	1199.0643062223637	809.4352943766212	
z5-p83	499	0	NA	community	NA	NA	NA	Leaf nitrogen (N) content per leaf dry mass	mg/g	19.864201257160715	8.285472720095862	
z5-p83	499	0	NA	community	NA	NA	NA	Leaf area per leaf dry mass (specific leaf area, SLA or 1/LMA): petiole included	mm^2/mg	16.58330305809524	7.585041958821913	
z5-p83	499	0	NA	community	NA	NA	NA	Plant height vegetative	m	2.6303680154702382	7.229258997027455	
z5-p83	499	0	NA	community	NA	NA	NA	Seed dry mass	mg	3.5524411353666663	5.353286284391167	
z5-p83	499	0	NA	community	NA	NA	NA	Stem specific density (SSD) or wood density (stem dry mass per stem fresh volume)	g/cm^3	0.3787545823214286	0.16562819491497974	
z5-p83	999	500	NA	community	NA	NA	NA	Leaf area (in case of compound leaves: leaf, petiole included)	mm^2	1276.0122954979377	965.8808599014046	
z5-p83	999	500	NA	community	NA	NA	NA	Leaf nitrogen (N) content per leaf dry mass	mg/g	18.938013470199998	7.601127308509356	
z5-p83	999	500	NA	community	NA	NA	NA	Leaf area per leaf dry mass (specific leaf area, SLA or 1/LMA): petiole included	mm^2/mg	16.007298598545454	6.714909642334112	
z5-p83	999	500	NA	community	NA	NA	NA	Plant height vegetative	m	2.2109553789000005	7.241214197048736	
z5-p83	999	500	NA	community	NA	NA	NA	Seed dry mass	mg	3.5144840486161613	4.976842133683263	
z5-p83	999	500	NA	community	NA	NA	NA	Stem specific density (SSD) or wood density (stem dry mass per stem fresh volume)	g/cm^3	0.38211391875	0.16506391553764266	
z5-p83	1499	1000	NA	community	NA	NA	NA	Leaf area (in case of compound leaves: leaf, petiole included)	mm^2	1086.3905809773332	883.0468543926588	
z5-p83	1499	1000	NA	community	NA	NA	NA	Leaf nitrogen (N) content per leaf dry mass	mg/g	18.96363238270779	7.395442740428093	
z5-p83	1499	1000	NA	community	NA	NA	NA	Leaf area per leaf dry mass (specific leaf area, SLA or 1/LMA): petiole included	mm^2/mg	16.057078854375	6.503022722551966	
z5-p83	1499	1000	NA	community	NA	NA	NA	Plant height vegetative	m	2.2524940432820513	7.945121697436836	
z5-p83	1499	1000	NA	community	NA	NA	NA	Seed dry mass	mg	3.5356094997708327	5.059380172037378	
z5-p83	1499	1000	NA	community	NA	NA	NA	Stem specific density (SSD) or wood density (stem dry mass per stem fresh volume)	g/cm^3	0.35388598406666666	0.16307380688743944	
z5-p83	1999	1500	NA	community	NA	NA	NA	Leaf area (in case of compound leaves: leaf, petiole included)	mm^2	997.53000265585	639.154282181172	
z5-p83	1999	1500	NA	community	NA	NA	NA	Leaf nitrogen (N) content per leaf dry mass	mg/g	19.62602682895833	7.6075682729229825	
z5-p83	1999	1500	NA	community	NA	NA	NA	Leaf area per leaf dry mass (specific leaf area, SLA or 1/LMA): petiole included	mm^2/mg	15.849473733076923	7.5987110800471545	
z5-p83	1999	1500	NA	community	NA	NA	NA	Plant height vegetative	m	2.1058374240912703	7.793102153770551	
z5-p83	1999	1500	NA	community	NA	NA	NA	Seed dry mass	mg	2.6551111084326924	5.391108169715076	
z5-p83	1999	1500	NA	community	NA	NA	NA	Stem specific density (SSD) or wood density (stem dry mass per stem fresh volume)	g/cm^3	0.35811233016666666	0.16341142499688976	
z5-p83	2499	2000	NA	community	NA	NA	NA	Leaf area (in case of compound leaves: leaf, petiole included)	mm^2	1048.4983696844447	613.1989302678365	
z5-p83	2499	2000	NA	community	NA	NA	NA	Leaf nitrogen (N) content per leaf dry mass	mg/g	19.58688812285	7.419488601322559	
z5-p83	2499	2000	NA	community	NA	NA	NA	Leaf area per leaf dry mass (specific leaf area, SLA or 1/LMA): petiole included	mm^2/mg	16.818399492272725	15.551292958638651	
z5-p83	2499	2000	NA	community	NA	NA	NA	Plant height vegetative	m	2.872642114833334	7.159874694758029	
z5-p83	2499	2000	NA	community	NA	NA	NA	Seed dry mass	mg	3.6175265638000003	5.774373717284488	
z5-p83	2499	2000	NA	community	NA	NA	NA	Stem specific density (SSD) or wood density (stem dry mass per stem fresh volume)	g/cm^3	0.38574333476666667	0.16429147092006444	
z5-p83	2999	2500	NA	community	NA	NA	NA	Leaf area (in case of compound leaves: leaf, petiole included)	mm^2	967.0651072353573	665.3294704050791	
z5-p83	2999	2500	NA	community	NA	NA	NA	Leaf nitrogen (N) content per leaf dry mass	mg/g	20.99221607280682	7.539790364125107	
z5-p83	2999	2500	NA	community	NA	NA	NA	Leaf area per leaf dry mass (specific leaf area, SLA or 1/LMA): petiole included	mm^2/mg	17.031757730738633	13.552490811285818	
z5-p83	2999	2500	NA	community	NA	NA	NA	Plant height vegetative	m	2.5870102867272733	6.74587920438461	
z5-p83	2999	2500	NA	community	NA	NA	NA	Seed dry mass	mg	4.725938550083333	5.777398161676738	
z5-p83	2999	2500	NA	community	NA	NA	NA	Stem specific density (SSD) or wood density (stem dry mass per stem fresh volume)	g/cm^3	0.3866730372666667	0.1660195272960151	
z5-p83	3499	3000	NA	community	NA	NA	NA	Leaf area (in case of compound leaves: leaf, petiole included)	mm^2	864.1198298710715	643.2135802328883	
z5-p83	3499	3000	NA	community	NA	NA	NA	Leaf nitrogen (N) content per leaf dry mass	mg/g	21.56875351718182	8.004571773222658	
z5-p83	3499	3000	NA	community	NA	NA	NA	Leaf area per leaf dry mass (specific leaf area, SLA or 1/LMA): petiole included	mm^2/mg	16.944402058863638	7.578942882258967	
z5-p83	3499	3000	NA	community	NA	NA	NA	Plant height vegetative	m	2.4698407672897726	8.244394004021725	
z5-p83	3499	3000	NA	community	NA	NA	NA	Seed dry mass	mg	3.5794523000000003	5.317545707901923	
z5-p83	3499	3000	NA	community	NA	NA	NA	Stem specific density (SSD) or wood density (stem dry mass per stem fresh volume)	g/cm^3	0.3548156865666667	0.1648304878344406	
z5-p83	3999	3500	NA	community	NA	NA	NA	Leaf area (in case of compound leaves: leaf, petiole included)	mm^2	1045.2286724303976	806.0809992600971	
z5-p83	3999	3500	NA	community	NA	NA	NA	Leaf nitrogen (N) content per leaf dry mass	mg/g	20.45360444134188	8.018960100963323	
z5-p83	3999	3500	NA	community	NA	NA	NA	Leaf area per leaf dry mass (specific leaf area, SLA or 1/LMA): petiole included	mm^2/mg	16.68204423448718	7.567553545797114	
z5-p83	3999	3500	NA	community	NA	NA	NA	Plant height vegetative	m	2.213379297974359	7.702650245866532	
z5-p83	3999	3500	NA	community	NA	NA	NA	Seed dry mass	mg	3.210259391507143	5.232234938161366	
z5-p83	3999	3500	NA	community	NA	NA	NA	Stem specific density (SSD) or wood density (stem dry mass per stem fresh volume)	g/cm^3	0.3419932968375	0.1648304878344406	
z5-p83	4499	4000	NA	community	NA	NA	NA	Leaf area (in case of compound leaves: leaf, petiole included)	mm^2	1198.5545923824675	932.7732171760838	
z5-p83	4499	4000	NA	community	NA	NA	NA	Leaf nitrogen (N) content per leaf dry mass	mg/g	19.062960077629807	7.485776653721937	
z5-p83	4499	4000	NA	community	NA	NA	NA	Leaf area per leaf dry mass (specific leaf area, SLA or 1/LMA): petiole included	mm^2/mg	16.586378693076924	12.349510275751436	
z5-p83	4499	4000	NA	community	NA	NA	NA	Plant height vegetative	m	2.467178828413462	7.023310097108776	
z5-p83	4499	4000	NA	community	NA	NA	NA	Seed dry mass	mg	4.363981719325758	5.303351018888446	
z5-p83	4499	4000	NA	community	NA	NA	NA	Stem specific density (SSD) or wood density (stem dry mass per stem fresh volume)	g/cm^3	0.3729724376388889	0.16584246801217628	
z5-p83	4999	4500	NA	community	NA	NA	NA	Leaf area (in case of compound leaves: leaf, petiole included)	mm^2	1008.2249196833334	566.4767076758953	
z5-p83	4999	4500	NA	community	NA	NA	NA	Leaf nitrogen (N) content per leaf dry mass	mg/g	19.460977971939556	7.342911525229628	
z5-p83	4999	4500	NA	community	NA	NA	NA	Leaf area per leaf dry mass (specific leaf area, SLA or 1/LMA): petiole included	mm^2/mg	17.099328232142856	19.3547593857511	
z5-p83	4999	4500	NA	community	NA	NA	NA	Plant height vegetative	m	2.643790571725275	5.749065448852688	
z5-p83	4999	4500	NA	community	NA	NA	NA	Seed dry mass	mg	4.302178994416667	5.684264946084319	
z5-p83	4999	4500	NA	community	NA	NA	NA	Stem specific density (SSD) or wood density (stem dry mass per stem fresh volume)	g/cm^3	0.38413073210000004	0.16660325534269424	
z5-p83	5499	5000	NA	community	NA	NA	NA	Leaf area (in case of compound leaves: leaf, petiole included)	mm^2	891.2519804627842	563.7793941658358	
z5-p83	5499	5000	NA	community	NA	NA	NA	Leaf nitrogen (N) content per leaf dry mass	mg/g	21.67226436712393	7.366216632845036	
z5-p83	5499	5000	NA	community	NA	NA	NA	Leaf area per leaf dry mass (specific leaf area, SLA or 1/LMA): petiole included	mm^2/mg	17.296122886230158	19.025133485685025	
z5-p83	5499	5000	NA	community	NA	NA	NA	Plant height vegetative	m	2.174182628233334	5.4712337317744435	
z5-p83	5499	5000	NA	community	NA	NA	NA	Seed dry mass	mg	3.9513325792142853	5.494242048285184	
z5-p83	5499	5000	NA	community	NA	NA	NA	Stem specific density (SSD) or wood density (stem dry mass per stem fresh volume)	g/cm^3	0.3863334447428572	0.16660325534269424	
z5-p83	5999	5500	NA	community	NA	NA	NA	Leaf area (in case of compound leaves: leaf, petiole included)	mm^2	892.0709647631314	640.4646352372074	
z5-p83	5999	5500	NA	community	NA	NA	NA	Leaf nitrogen (N) content per leaf dry mass	mg/g	21.385323484746152	7.376470521154046	
z5-p83	5999	5500	NA	community	NA	NA	NA	Leaf area per leaf dry mass (specific leaf area, SLA or 1/LMA): petiole included	mm^2/mg	16.55469233814935	12.818736926906823	
z5-p83	5999	5500	NA	community	NA	NA	NA	Plant height vegetative	m	1.8455761999000002	6.373246595068265	
z5-p83	5999	5500	NA	community	NA	NA	NA	Seed dry mass	mg	3.2598986576	5.417265170809786	
z5-p83	5999	5500	NA	community	NA	NA	NA	Stem specific density (SSD) or wood density (stem dry mass per stem fresh volume)	g/cm^3	0.35851326994285715	0.16399515304356893	
z5-p83	6499	6000	NA	community	NA	NA	NA	Leaf area (in case of compound leaves: leaf, petiole included)	mm^2	1051.015339758409	741.6236761292395	
z5-p83	6499	6000	NA	community	NA	NA	NA	Leaf nitrogen (N) content per leaf dry mass	mg/g	20.513276395999995	7.34146141750838	
z5-p83	6499	6000	NA	community	NA	NA	NA	Leaf area per leaf dry mass (specific leaf area, SLA or 1/LMA): petiole included	mm^2/mg	16.505097078846156	12.93103270096509	
z5-p83	6499	6000	NA	community	NA	NA	NA	Plant height vegetative	m	1.7768406511785715	6.614347272859481	
z5-p83	6499	6000	NA	community	NA	NA	NA	Seed dry mass	mg	3.000485088625	5.118710211306862	
z5-p83	6499	6000	NA	community	NA	NA	NA	Stem specific density (SSD) or wood density (stem dry mass per stem fresh volume)	g/cm^3	0.33671484207142854	0.16327622542193357	
z5-p83	6999	6500	NA	community	NA	NA	NA	Leaf area (in case of compound leaves: leaf, petiole included)	mm^2	962.9127174611111	700.4005491832872	
z5-p83	6999	6500	NA	community	NA	NA	NA	Leaf nitrogen (N) content per leaf dry mass	mg/g	19.534996065916665	7.233975552138431	
z5-p83	6999	6500	NA	community	NA	NA	NA	Leaf area per leaf dry mass (specific leaf area, SLA or 1/LMA): petiole included	mm^2/mg	16.03556533705128	13.753237004074808	
z5-p83	6999	6500	NA	community	NA	NA	NA	Plant height vegetative	m	1.820864158203297	6.8475537809655656	
z5-p83	6999	6500	NA	community	NA	NA	NA	Seed dry mass	mg	2.9813156958333336	5.19271559871895	
z5-p83	6999	6500	NA	community	NA	NA	NA	Stem specific density (SSD) or wood density (stem dry mass per stem fresh volume)	g/cm^3	0.3536960157142857	0.16350281596476443	
z5-p83	7499	7000	NA	community	NA	NA	NA	Leaf area (in case of compound leaves: leaf, petiole included)	mm^2	1040.832281370635	630.3086269268085	
z5-p83	7499	7000	NA	community	NA	NA	NA	Leaf nitrogen (N) content per leaf dry mass	mg/g	18.778534997361533	6.998564111770083	
z5-p83	7499	7000	NA	community	NA	NA	NA	Leaf area per leaf dry mass (specific leaf area, SLA or 1/LMA): petiole included	mm^2/mg	15.847376080314685	20.866321945396628	
z5-p83	7499	7000	NA	community	NA	NA	NA	Plant height vegetative	m	1.8485555429083336	5.760150826644033	
z5-p83	7499	7000	NA	community	NA	NA	NA	Seed dry mass	mg	2.9287136571850647	5.633881696886065	
z5-p83	7499	7000	NA	community	NA	NA	NA	Stem specific density (SSD) or wood density (stem dry mass per stem fresh volume)	g/cm^3	0.39716263820238096	0.16510178950957444	
z5-p83	7999	7500	NA	community	NA	NA	NA	Leaf area (in case of compound leaves: leaf, petiole included)	mm^2	1451.578134169643	946.9969523478455	
z5-p83	7999	7500	NA	community	NA	NA	NA	Leaf nitrogen (N) content per leaf dry mass	mg/g	20.70421418065	7.088267819961333	
z5-p83	7999	7500	NA	community	NA	NA	NA	Leaf area per leaf dry mass (specific leaf area, SLA or 1/LMA): petiole included	mm^2/mg	16.331892942	13.164109243263823	
z5-p83	7999	7500	NA	community	NA	NA	NA	Plant height vegetative	m	1.8788399458988096	7.047954687418521	
z5-p83	7999	7500	NA	community	NA	NA	NA	Seed dry mass	mg	2.4995357490378787	4.079671311792358	
z5-p83	7999	7500	NA	community	NA	NA	NA	Stem specific density (SSD) or wood density (stem dry mass per stem fresh volume)	g/cm^3	NaN	NaN	
z5-p83	8499	8000	NA	community	NA	NA	NA	Leaf area (in case of compound leaves: leaf, petiole included)	mm^2	1656.917539705	1041.2026341809944	
z5-p83	8499	8000	NA	community	NA	NA	NA	Leaf nitrogen (N) content per leaf dry mass	mg/g	20.101259232766232	6.9611536714606865	
z5-p83	8499	8000	NA	community	NA	NA	NA	Leaf area per leaf dry mass (specific leaf area, SLA or 1/LMA): petiole included	mm^2/mg	16.578819249488635	13.135584790916468	
z5-p83	8499	8000	NA	community	NA	NA	NA	Plant height vegetative	m	1.6181453446025642	6.817188580730166	
z5-p83	8499	8000	NA	community	NA	NA	NA	Seed dry mass	mg	2.1216974089545455	3.9327014883638425	
z5-p83	8499	8000	NA	community	NA	NA	NA	Stem specific density (SSD) or wood density (stem dry mass per stem fresh volume)	g/cm^3	NaN	NaN	
z5-p83	8999	8500	NA	community	NA	NA	NA	Leaf area (in case of compound leaves: leaf, petiole included)	mm^2	1262.6753002650003	903.2574210475768	
z5-p83	8999	8500	NA	community	NA	NA	NA	Leaf nitrogen (N) content per leaf dry mass	mg/g	20.44580099875909	7.070312648537351	
z5-p83	8999	8500	NA	community	NA	NA	NA	Leaf area per leaf dry mass (specific leaf area, SLA or 1/LMA): petiole included	mm^2/mg	16.534431515	13.237994056291052	
z5-p83	8999	8500	NA	community	NA	NA	NA	Plant height vegetative	m	1.7709192703525642	5.152412771218874	
z5-p83	8999	8500	NA	community	NA	NA	NA	Seed dry mass	mg	2.7353710065045456	4.544035963868274	
z5-p83	8999	8500	NA	community	NA	NA	NA	Stem specific density (SSD) or wood density (stem dry mass per stem fresh volume)	g/cm^3	0.38280056920000005	0.16298251972166178	
z5-p83	9499	9000	NA	community	NA	NA	NA	Leaf area (in case of compound leaves: leaf, petiole included)	mm^2	1382.6366387664289	1147.3567108333505	
z5-p83	9499	9000	NA	community	NA	NA	NA	Leaf nitrogen (N) content per leaf dry mass	mg/g	19.912348657627778	7.351063726719405	
z5-p83	9499	9000	NA	community	NA	NA	NA	Leaf area per leaf dry mass (specific leaf area, SLA or 1/LMA): petiole included	mm^2/mg	16.3118679095	5.6063505620434135	
z5-p83	9499	9000	NA	community	NA	NA	NA	Plant height vegetative	m	1.9224681701401516	5.939270288472766	
z5-p83	9499	9000	NA	community	NA	NA	NA	Seed dry mass	mg	3.036609514111111	4.161627535448702	
z5-p83	9499	9000	NA	community	NA	NA	NA	Stem specific density (SSD) or wood density (stem dry mass per stem fresh volume)	g/cm^3	0.3632085167	NaN	
z5-p83	9999	9500	NA	community	NA	NA	NA	Leaf area (in case of compound leaves: leaf, petiole included)	mm^2	1556.7065941089286	1190.5035430286125	
z5-p83	9999	9500	NA	community	NA	NA	NA	Leaf nitrogen (N) content per leaf dry mass	mg/g	19.226710696824995	7.333303667259892	
z5-p83	9999	9500	NA	community	NA	NA	NA	Leaf area per leaf dry mass (specific leaf area, SLA or 1/LMA): petiole included	mm^2/mg	15.456533638249999	4.751322300976522	
z5-p83	9999	9500	NA	community	NA	NA	NA	Plant height vegetative	m	1.4735592519583334	4.642168285016044	
z5-p83	9999	9500	NA	community	NA	NA	NA	Seed dry mass	mg	2.9896082589	2.1857727979006345	
z5-p83	9999	9500	NA	community	NA	NA	NA	Stem specific density (SSD) or wood density (stem dry mass per stem fresh volume)	g/cm^3	NaN	NaN	
z5-p83	10499	10000	NA	community	NA	NA	NA	Leaf area (in case of compound leaves: leaf, petiole included)	mm^2	1466.1068100229377	1166.9260469554818	
z5-p83	10499	10000	NA	community	NA	NA	NA	Leaf nitrogen (N) content per leaf dry mass	mg/g	19.185527399825	7.366208065132071	
z5-p83	10499	10000	NA	community	NA	NA	NA	Leaf area per leaf dry mass (specific leaf area, SLA or 1/LMA): petiole included	mm^2/mg	15.46630143925	5.107452770387155	
z5-p83	10499	10000	NA	community	NA	NA	NA	Plant height vegetative	m	1.4724440248333335	4.195351636581805	
z5-p83	10499	10000	NA	community	NA	NA	NA	Seed dry mass	mg	2.99039984495	2.1060139826524638	
z5-p83	10499	10000	NA	community	NA	NA	NA	Stem specific density (SSD) or wood density (stem dry mass per stem fresh volume)	g/cm^3	NaN	NaN	
z5-p83	10999	10500	NA	community	NA	NA	NA	Leaf area (in case of compound leaves: leaf, petiole included)	mm^2	NaN	NaN	
z5-p83	10999	10500	NA	community	NA	NA	NA	Leaf nitrogen (N) content per leaf dry mass	mg/g	NaN	NaN	
z5-p83	10999	10500	NA	community	NA	NA	NA	Leaf area per leaf dry mass (specific leaf area, SLA or 1/LMA): petiole included	mm^2/mg	NaN	NaN	
z5-p83	10999	10500	NA	community	NA	NA	NA	Plant height vegetative	m	NaN	NaN	
z5-p83	10999	10500	NA	community	NA	NA	NA	Seed dry mass	mg	NaN	NaN	
z5-p83	10999	10500	NA	community	NA	NA	NA	Stem specific density (SSD) or wood density (stem dry mass per stem fresh volume)	g/cm^3	NaN	NaN	
z5-p83	11499	11000	NA	community	NA	NA	NA	Leaf area (in case of compound leaves: leaf, petiole included)	mm^2	1440.4446406095717	1137.2333397330228	
z5-p83	11499	11000	NA	community	NA	NA	NA	Leaf nitrogen (N) content per leaf dry mass	mg/g	22.451331177666663	7.894163184640295	
z5-p83	11499	11000	NA	community	NA	NA	NA	Leaf area per leaf dry mass (specific leaf area, SLA or 1/LMA): petiole included	mm^2/mg	15.172051006666667	6.1372833973459775	
z5-p83	11499	11000	NA	community	NA	NA	NA	Plant height vegetative	m	1.650055208727273	6.8138619060886985	
z5-p83	11499	11000	NA	community	NA	NA	NA	Seed dry mass	mg	1.8879129799	2.976521360606506	
z5-p83	11499	11000	NA	community	NA	NA	NA	Stem specific density (SSD) or wood density (stem dry mass per stem fresh volume)	g/cm^3	0.38934207425	NaN	
z4-p92	499	0	NA	community	NA	NA	NA	Leaf area (in case of compound leaves: leaf, petiole included)	mm^2	500.9408752142857	716.595994505908	
z4-p92	499	0	NA	community	NA	NA	NA	Leaf nitrogen (N) content per leaf dry mass	mg/g	23.61884311111111	7.398629098585054	
z4-p92	499	0	NA	community	NA	NA	NA	Leaf area per leaf dry mass (specific leaf area, SLA or 1/LMA): petiole included	mm^2/mg	15.209721765555555	4.180415949161414	
z4-p92	499	0	NA	community	NA	NA	NA	Plant height vegetative	m	0.5012483628333334	1.456263454851989	
z4-p92	499	0	NA	community	NA	NA	NA	Seed dry mass	mg	1.7284038678181814	1.1415553352829755	
z4-p92	499	0	NA	community	NA	NA	NA	Stem specific density (SSD) or wood density (stem dry mass per stem fresh volume)	g/cm^3	0.28631620350000003	0.16302642680642235	
z4-p92	999	500	NA	community	NA	NA	NA	Leaf area (in case of compound leaves: leaf, petiole included)	mm^2	517.9998283125	708.8972636007876	
z4-p92	999	500	NA	community	NA	NA	NA	Leaf nitrogen (N) content per leaf dry mass	mg/g	24.251728031	7.386404389635429	
z4-p92	999	500	NA	community	NA	NA	NA	Leaf area per leaf dry mass (specific leaf area, SLA or 1/LMA): petiole included	mm^2/mg	15.137829992000002	4.145651956437155	
z4-p92	999	500	NA	community	NA	NA	NA	Plant height vegetative	m	0.47886447253846165	0.7656180299587242	
z4-p92	999	500	NA	community	NA	NA	NA	Seed dry mass	mg	1.6137452121666662	1.1392580638748668	
z4-p92	999	500	NA	community	NA	NA	NA	Stem specific density (SSD) or wood density (stem dry mass per stem fresh volume)	g/cm^3	0.26638686542857143	0.1610109491316886	
z4-p92	1499	1000	NA	community	NA	NA	NA	Leaf area (in case of compound leaves: leaf, petiole included)	mm^2	517.9998283125	708.8972636007876	
z4-p92	1499	1000	NA	community	NA	NA	NA	Leaf nitrogen (N) content per leaf dry mass	mg/g	24.251728031	7.386404389635429	
z4-p92	1499	1000	NA	community	NA	NA	NA	Leaf area per leaf dry mass (specific leaf area, SLA or 1/LMA): petiole included	mm^2/mg	15.137829992000002	4.145651956437155	
z4-p92	1499	1000	NA	community	NA	NA	NA	Plant height vegetative	m	0.47886447253846165	0.7656180299587242	
z4-p92	1499	1000	NA	community	NA	NA	NA	Seed dry mass	mg	1.6137452121666662	1.1392580638748668	
z4-p92	1499	1000	NA	community	NA	NA	NA	Stem specific density (SSD) or wood density (stem dry mass per stem fresh volume)	g/cm^3	0.26638686542857143	0.1610109491316886	
z4-p92	1999	1500	NA	community	NA	NA	NA	Leaf area (in case of compound leaves: leaf, petiole included)	mm^2	432.86361264999994	686.2359445601744	
z4-p92	1999	1500	NA	community	NA	NA	NA	Leaf nitrogen (N) content per leaf dry mass	mg/g	24.020074869166667	7.34041425180108	
z4-p92	1999	1500	NA	community	NA	NA	NA	Leaf area per leaf dry mass (specific leaf area, SLA or 1/LMA): petiole included	mm^2/mg	15.60811613416667	4.224955195221689	
z4-p92	1999	1500	NA	community	NA	NA	NA	Plant height vegetative	m	0.4437447650666667	0.7635797701074037	
z4-p92	1999	1500	NA	community	NA	NA	NA	Seed dry mass	mg	2.7838488496428573	11.040902126050682	
z4-p92	1999	1500	NA	community	NA	NA	NA	Stem specific density (SSD) or wood density (stem dry mass per stem fresh volume)	g/cm^3	0.23921890225	0.16008940955811188	
z4-p92	2499	2000	NA	community	NA	NA	NA	Leaf area (in case of compound leaves: leaf, petiole included)	mm^2	432.86361264999994	686.2359445601744	
z4-p92	2499	2000	NA	community	NA	NA	NA	Leaf nitrogen (N) content per leaf dry mass	mg/g	24.020074869166667	7.34041425180108	
z4-p92	2499	2000	NA	community	NA	NA	NA	Leaf area per leaf dry mass (specific leaf area, SLA or 1/LMA): petiole included	mm^2/mg	15.60811613416667	4.224955195221689	
z4-p92	2499	2000	NA	community	NA	NA	NA	Plant height vegetative	m	0.4437447650666667	0.7635797701074037	
z4-p92	2499	2000	NA	community	NA	NA	NA	Seed dry mass	mg	2.7838488496428573	11.040902126050682	
z4-p92	2499	2000	NA	community	NA	NA	NA	Stem specific density (SSD) or wood density (stem dry mass per stem fresh volume)	g/cm^3	0.23921890225	0.16008940955811188	
z4-p92	2999	2500	NA	community	NA	NA	NA	Leaf area (in case of compound leaves: leaf, petiole included)	mm^2	432.86361264999994	686.2359445601744	
z4-p92	2999	2500	NA	community	NA	NA	NA	Leaf nitrogen (N) content per leaf dry mass	mg/g	24.020074869166667	7.34041425180108	
z4-p92	2999	2500	NA	community	NA	NA	NA	Leaf area per leaf dry mass (specific leaf area, SLA or 1/LMA): petiole included	mm^2/mg	15.60811613416667	4.224955195221689	
z4-p92	2999	2500	NA	community	NA	NA	NA	Plant height vegetative	m	0.4437447650666667	0.7635797701074037	
z4-p92	2999	2500	NA	community	NA	NA	NA	Seed dry mass	mg	2.7838488496428573	11.040902126050682	
z4-p92	2999	2500	NA	community	NA	NA	NA	Stem specific density (SSD) or wood density (stem dry mass per stem fresh volume)	g/cm^3	0.23921890225	0.16008940955811188	
z4-p92	3499	3000	NA	community	NA	NA	NA	Leaf area (in case of compound leaves: leaf, petiole included)	mm^2	432.86361264999994	686.2359445601744	
z4-p92	3499	3000	NA	community	NA	NA	NA	Leaf nitrogen (N) content per leaf dry mass	mg/g	24.020074869166667	7.34041425180108	
z4-p92	3499	3000	NA	community	NA	NA	NA	Leaf area per leaf dry mass (specific leaf area, SLA or 1/LMA): petiole included	mm^2/mg	15.60811613416667	4.224955195221689	
z4-p92	3499	3000	NA	community	NA	NA	NA	Plant height vegetative	m	0.4437447650666667	0.7635797701074037	
z4-p92	3499	3000	NA	community	NA	NA	NA	Seed dry mass	mg	2.7838488496428573	11.040902126050682	
z4-p92	3499	3000	NA	community	NA	NA	NA	Stem specific density (SSD) or wood density (stem dry mass per stem fresh volume)	g/cm^3	0.23921890225	0.16008940955811188	
z4-p92	3999	3500	NA	community	NA	NA	NA	Leaf area (in case of compound leaves: leaf, petiole included)	mm^2	432.86361264999994	686.2359445601744	
z4-p92	3999	3500	NA	community	NA	NA	NA	Leaf nitrogen (N) content per leaf dry mass	mg/g	24.020074869166667	7.34041425180108	
z4-p92	3999	3500	NA	community	NA	NA	NA	Leaf area per leaf dry mass (specific leaf area, SLA or 1/LMA): petiole included	mm^2/mg	15.60811613416667	4.224955195221689	
z4-p92	3999	3500	NA	community	NA	NA	NA	Plant height vegetative	m	0.4437447650666667	0.7635797701074037	
z4-p92	3999	3500	NA	community	NA	NA	NA	Seed dry mass	mg	2.7838488496428573	11.040902126050682	
z4-p92	3999	3500	NA	community	NA	NA	NA	Stem specific density (SSD) or wood density (stem dry mass per stem fresh volume)	g/cm^3	0.23921890225	0.16008940955811188	
z4-p92	4499	4000	NA	community	NA	NA	NA	Leaf area (in case of compound leaves: leaf, petiole included)	mm^2	432.86361264999994	686.2359445601744	
z4-p92	4499	4000	NA	community	NA	NA	NA	Leaf nitrogen (N) content per leaf dry mass	mg/g	24.020074869166667	7.34041425180108	
z4-p92	4499	4000	NA	community	NA	NA	NA	Leaf area per leaf dry mass (specific leaf area, SLA or 1/LMA): petiole included	mm^2/mg	15.60811613416667	4.224955195221689	
z4-p92	4499	4000	NA	community	NA	NA	NA	Plant height vegetative	m	0.4437447650666667	0.7635797701074037	
z4-p92	4499	4000	NA	community	NA	NA	NA	Seed dry mass	mg	2.7838488496428573	11.040902126050682	
z4-p92	4499	4000	NA	community	NA	NA	NA	Stem specific density (SSD) or wood density (stem dry mass per stem fresh volume)	g/cm^3	0.23921890225	0.16008940955811188	
z4-p92	4999	4500	NA	community	NA	NA	NA	Leaf area (in case of compound leaves: leaf, petiole included)	mm^2	432.86361264999994	686.2359445601744	
z4-p92	4999	4500	NA	community	NA	NA	NA	Leaf nitrogen (N) content per leaf dry mass	mg/g	24.020074869166667	7.34041425180108	
z4-p92	4999	4500	NA	community	NA	NA	NA	Leaf area per leaf dry mass (specific leaf area, SLA or 1/LMA): petiole included	mm^2/mg	15.60811613416667	4.224955195221689	
z4-p92	4999	4500	NA	community	NA	NA	NA	Plant height vegetative	m	0.4437447650666667	0.7635797701074037	
z4-p92	4999	4500	NA	community	NA	NA	NA	Seed dry mass	mg	2.7838488496428573	11.040902126050682	
z4-p92	4999	4500	NA	community	NA	NA	NA	Stem specific density (SSD) or wood density (stem dry mass per stem fresh volume)	g/cm^3	0.23921890225	0.16008940955811188	
z4-p92	5499	5000	NA	community	NA	NA	NA	Leaf area (in case of compound leaves: leaf, petiole included)	mm^2	475.88873627777775	708.8972636007876	
z4-p92	5499	5000	NA	community	NA	NA	NA	Leaf nitrogen (N) content per leaf dry mass	mg/g	23.714187976363636	7.354814092002274	
z4-p92	5499	5000	NA	community	NA	NA	NA	Leaf area per leaf dry mass (specific leaf area, SLA or 1/LMA): petiole included	mm^2/mg	14.910201291818185	4.127381418881441	
z4-p92	5499	5000	NA	community	NA	NA	NA	Plant height vegetative	m	0.45916224828571434	0.7642563330816023	
z4-p92	5499	5000	NA	community	NA	NA	NA	Seed dry mass	mg	2.9872280589230766	14.157304741220727	
z4-p92	5499	5000	NA	community	NA	NA	NA	Stem specific density (SSD) or wood density (stem dry mass per stem fresh volume)	g/cm^3	0.26638686542857143	0.1610109491316886	
z4-p92	5999	5500	NA	community	NA	NA	NA	Leaf area (in case of compound leaves: leaf, petiole included)	mm^2	432.86361264999994	686.2359445601744	
z4-p92	5999	5500	NA	community	NA	NA	NA	Leaf nitrogen (N) content per leaf dry mass	mg/g	24.020074869166667	7.34041425180108	
z4-p92	5999	5500	NA	community	NA	NA	NA	Leaf area per leaf dry mass (specific leaf area, SLA or 1/LMA): petiole included	mm^2/mg	15.60811613416667	4.224955195221689	
z4-p92	5999	5500	NA	community	NA	NA	NA	Plant height vegetative	m	0.4437447650666667	0.7635797701074037	
z4-p92	5999	5500	NA	community	NA	NA	NA	Seed dry mass	mg	2.7838488496428573	11.040902126050682	
z4-p92	5999	5500	NA	community	NA	NA	NA	Stem specific density (SSD) or wood density (stem dry mass per stem fresh volume)	g/cm^3	0.23921890225	0.16008940955811188	
z4-p92	6499	6000	NA	community	NA	NA	NA	Leaf area (in case of compound leaves: leaf, petiole included)	mm^2	517.9998283125	708.8972636007876	
z4-p92	6499	6000	NA	community	NA	NA	NA	Leaf nitrogen (N) content per leaf dry mass	mg/g	24.251728031	7.386404389635429	
z4-p92	6499	6000	NA	community	NA	NA	NA	Leaf area per leaf dry mass (specific leaf area, SLA or 1/LMA): petiole included	mm^2/mg	15.137829992000002	4.145651956437155	
z4-p92	6499	6000	NA	community	NA	NA	NA	Plant height vegetative	m	0.47886447253846165	0.7656180299587242	
z4-p92	6499	6000	NA	community	NA	NA	NA	Seed dry mass	mg	1.6137452121666662	1.1392580638748668	
z4-p92	6499	6000	NA	community	NA	NA	NA	Stem specific density (SSD) or wood density (stem dry mass per stem fresh volume)	g/cm^3	0.26638686542857143	0.1610109491316886	
z4-p92	6999	6500	NA	community	NA	NA	NA	Leaf area (in case of compound leaves: leaf, petiole included)	mm^2	517.9998283125	708.8972636007876	
z4-p92	6999	6500	NA	community	NA	NA	NA	Leaf nitrogen (N) content per leaf dry mass	mg/g	24.251728031	7.386404389635429	
z4-p92	6999	6500	NA	community	NA	NA	NA	Leaf area per leaf dry mass (specific leaf area, SLA or 1/LMA): petiole included	mm^2/mg	15.137829992000002	4.145651956437155	
z4-p92	6999	6500	NA	community	NA	NA	NA	Plant height vegetative	m	0.47886447253846165	0.7656180299587242	
z4-p92	6999	6500	NA	community	NA	NA	NA	Seed dry mass	mg	1.6137452121666662	1.1392580638748668	
z4-p92	6999	6500	NA	community	NA	NA	NA	Stem specific density (SSD) or wood density (stem dry mass per stem fresh volume)	g/cm^3	0.26638686542857143	0.1610109491316886	
z4-p92	7499	7000	NA	community	NA	NA	NA	Leaf area (in case of compound leaves: leaf, petiole included)	mm^2	517.9998283125	708.8972636007876	
z4-p92	7499	7000	NA	community	NA	NA	NA	Leaf nitrogen (N) content per leaf dry mass	mg/g	24.251728031	7.386404389635429	
z4-p92	7499	7000	NA	community	NA	NA	NA	Leaf area per leaf dry mass (specific leaf area, SLA or 1/LMA): petiole included	mm^2/mg	15.137829992000002	4.145651956437155	
z4-p92	7499	7000	NA	community	NA	NA	NA	Plant height vegetative	m	0.47886447253846165	0.7656180299587242	
z4-p92	7499	7000	NA	community	NA	NA	NA	Seed dry mass	mg	1.6137452121666662	1.1392580638748668	
z4-p92	7499	7000	NA	community	NA	NA	NA	Stem specific density (SSD) or wood density (stem dry mass per stem fresh volume)	g/cm^3	0.26638686542857143	0.1610109491316886	
z4-p92	7999	7500	NA	community	NA	NA	NA	Leaf area (in case of compound leaves: leaf, petiole included)	mm^2	517.9998283125	708.8972636007876	
z4-p92	7999	7500	NA	community	NA	NA	NA	Leaf nitrogen (N) content per leaf dry mass	mg/g	24.251728031	7.386404389635429	
z4-p92	7999	7500	NA	community	NA	NA	NA	Leaf area per leaf dry mass (specific leaf area, SLA or 1/LMA): petiole included	mm^2/mg	15.137829992000002	4.145651956437155	
z4-p92	7999	7500	NA	community	NA	NA	NA	Plant height vegetative	m	0.47886447253846165	0.7656180299587242	
z4-p92	7999	7500	NA	community	NA	NA	NA	Seed dry mass	mg	1.6137452121666662	1.1392580638748668	
z4-p92	7999	7500	NA	community	NA	NA	NA	Stem specific density (SSD) or wood density (stem dry mass per stem fresh volume)	g/cm^3	0.26638686542857143	0.1610109491316886	
z4-p92	8499	8000	NA	community	NA	NA	NA	Leaf area (in case of compound leaves: leaf, petiole included)	mm^2	517.9998283125	708.8972636007876	
z4-p92	8499	8000	NA	community	NA	NA	NA	Leaf nitrogen (N) content per leaf dry mass	mg/g	24.251728031	7.386404389635429	
z4-p92	8499	8000	NA	community	NA	NA	NA	Leaf area per leaf dry mass (specific leaf area, SLA or 1/LMA): petiole included	mm^2/mg	15.137829992000002	4.145651956437155	
z4-p92	8499	8000	NA	community	NA	NA	NA	Plant height vegetative	m	0.47886447253846165	0.7656180299587242	
z4-p92	8499	8000	NA	community	NA	NA	NA	Seed dry mass	mg	1.6137452121666662	1.1392580638748668	
z4-p92	8499	8000	NA	community	NA	NA	NA	Stem specific density (SSD) or wood density (stem dry mass per stem fresh volume)	g/cm^3	0.26638686542857143	0.1610109491316886	
z4-p92	8999	8500	NA	community	NA	NA	NA	Leaf area (in case of compound leaves: leaf, petiole included)	mm^2	517.9998283125	708.8972636007876	
z4-p92	8999	8500	NA	community	NA	NA	NA	Leaf nitrogen (N) content per leaf dry mass	mg/g	24.251728031	7.386404389635429	
z4-p92	8999	8500	NA	community	NA	NA	NA	Leaf area per leaf dry mass (specific leaf area, SLA or 1/LMA): petiole included	mm^2/mg	15.137829992000002	4.145651956437155	
z4-p92	8999	8500	NA	community	NA	NA	NA	Plant height vegetative	m	0.47886447253846165	0.7656180299587242	
z4-p92	8999	8500	NA	community	NA	NA	NA	Seed dry mass	mg	1.6137452121666662	1.1392580638748668	
z4-p92	8999	8500	NA	community	NA	NA	NA	Stem specific density (SSD) or wood density (stem dry mass per stem fresh volume)	g/cm^3	0.26638686542857143	0.1610109491316886	
z4-p92	9499	9000	NA	community	NA	NA	NA	Leaf area (in case of compound leaves: leaf, petiole included)	mm^2	517.9998283125	708.8972636007876	
z4-p92	9499	9000	NA	community	NA	NA	NA	Leaf nitrogen (N) content per leaf dry mass	mg/g	24.251728031	7.386404389635429	
z4-p92	9499	9000	NA	community	NA	NA	NA	Leaf area per leaf dry mass (specific leaf area, SLA or 1/LMA): petiole included	mm^2/mg	15.137829992000002	4.145651956437155	
z4-p92	9499	9000	NA	community	NA	NA	NA	Plant height vegetative	m	0.47886447253846165	0.7656180299587242	
z4-p92	9499	9000	NA	community	NA	NA	NA	Seed dry mass	mg	1.6137452121666662	1.1392580638748668	
z4-p92	9499	9000	NA	community	NA	NA	NA	Stem specific density (SSD) or wood density (stem dry mass per stem fresh volume)	g/cm^3	0.26638686542857143	0.1610109491316886	
z4-p84	499	0	NA	community	NA	NA	NA	Leaf area (in case of compound leaves: leaf, petiole included)	mm^2	224.14243067966666	265.60653252669243	
z4-p84	499	0	NA	community	NA	NA	NA	Leaf nitrogen (N) content per leaf dry mass	mg/g	23.886083168	7.4580224178879	
z4-p84	499	0	NA	community	NA	NA	NA	Leaf area per leaf dry mass (specific leaf area, SLA or 1/LMA): petiole included	mm^2/mg	16.636802165555554	21.93297008720299	
z4-p84	499	0	NA	community	NA	NA	NA	Plant height vegetative	m	0.9979231274	1.0237540844252	
z4-p84	499	0	NA	community	NA	NA	NA	Seed dry mass	mg	1.9658732796999998	5.629662798728533	
z4-p84	499	0	NA	community	NA	NA	NA	Stem specific density (SSD) or wood density (stem dry mass per stem fresh volume)	g/cm^3	0.33337176542857144	0.16549433279593673	
z4-p84	999	500	NA	community	NA	NA	NA	Leaf area (in case of compound leaves: leaf, petiole included)	mm^2	224.14243067966666	265.60653252669243	
z4-p84	999	500	NA	community	NA	NA	NA	Leaf nitrogen (N) content per leaf dry mass	mg/g	23.886083168	7.4580224178879	
z4-p84	999	500	NA	community	NA	NA	NA	Leaf area per leaf dry mass (specific leaf area, SLA or 1/LMA): petiole included	mm^2/mg	16.013621949	21.85657382106446	
z4-p84	999	500	NA	community	NA	NA	NA	Plant height vegetative	m	0.8447759692500001	1.0173216903698938	
z4-p84	999	500	NA	community	NA	NA	NA	Seed dry mass	mg	1.6516569989166667	5.4757489693384125	
z4-p84	999	500	NA	community	NA	NA	NA	Stem specific density (SSD) or wood density (stem dry mass per stem fresh volume)	g/cm^3	0.33337176542857144	0.16549433279593673	
z4-p84	1499	1000	NA	community	NA	NA	NA	Leaf area (in case of compound leaves: leaf, petiole included)	mm^2	224.14243067966666	265.60653252669243	
z4-p84	1499	1000	NA	community	NA	NA	NA	Leaf nitrogen (N) content per leaf dry mass	mg/g	23.886083168	7.4580224178879	
z4-p84	1499	1000	NA	community	NA	NA	NA	Leaf area per leaf dry mass (specific leaf area, SLA or 1/LMA): petiole included	mm^2/mg	16.013621949	21.85657382106446	
z4-p84	1499	1000	NA	community	NA	NA	NA	Plant height vegetative	m	0.8447759692500001	1.0173216903698938	
z4-p84	1499	1000	NA	community	NA	NA	NA	Seed dry mass	mg	1.6516569989166667	5.4757489693384125	
z4-p84	1499	1000	NA	community	NA	NA	NA	Stem specific density (SSD) or wood density (stem dry mass per stem fresh volume)	g/cm^3	0.33337176542857144	0.16549433279593673	
z4-p84	1999	1500	NA	community	NA	NA	NA	Leaf area (in case of compound leaves: leaf, petiole included)	mm^2	224.14243067966666	265.60653252669243	
z4-p84	1999	1500	NA	community	NA	NA	NA	Leaf nitrogen (N) content per leaf dry mass	mg/g	23.886083168	7.4580224178879	
z4-p84	1999	1500	NA	community	NA	NA	NA	Leaf area per leaf dry mass (specific leaf area, SLA or 1/LMA): petiole included	mm^2/mg	16.013621949	21.85657382106446	
z4-p84	1999	1500	NA	community	NA	NA	NA	Plant height vegetative	m	0.8447759692500001	1.0173216903698938	
z4-p84	1999	1500	NA	community	NA	NA	NA	Seed dry mass	mg	1.6516569989166667	5.4757489693384125	
z4-p84	1999	1500	NA	community	NA	NA	NA	Stem specific density (SSD) or wood density (stem dry mass per stem fresh volume)	g/cm^3	0.33337176542857144	0.16549433279593673	
z4-p84	2499	2000	NA	community	NA	NA	NA	Leaf area (in case of compound leaves: leaf, petiole included)	mm^2	224.14243067966666	265.60653252669243	
z4-p84	2499	2000	NA	community	NA	NA	NA	Leaf nitrogen (N) content per leaf dry mass	mg/g	23.886083168	7.4580224178879	
z4-p84	2499	2000	NA	community	NA	NA	NA	Leaf area per leaf dry mass (specific leaf area, SLA or 1/LMA): petiole included	mm^2/mg	16.013621949	21.85657382106446	
z4-p84	2499	2000	NA	community	NA	NA	NA	Plant height vegetative	m	0.8447759692500001	1.0173216903698938	
z4-p84	2499	2000	NA	community	NA	NA	NA	Seed dry mass	mg	1.6516569989166667	5.4757489693384125	
z4-p84	2499	2000	NA	community	NA	NA	NA	Stem specific density (SSD) or wood density (stem dry mass per stem fresh volume)	g/cm^3	0.33337176542857144	0.16549433279593673	
z4-p84	2999	2500	NA	community	NA	NA	NA	Leaf area (in case of compound leaves: leaf, petiole included)	mm^2	224.14243067966666	265.60653252669243	
z4-p84	2999	2500	NA	community	NA	NA	NA	Leaf nitrogen (N) content per leaf dry mass	mg/g	23.886083168	7.4580224178879	
z4-p84	2999	2500	NA	community	NA	NA	NA	Leaf area per leaf dry mass (specific leaf area, SLA or 1/LMA): petiole included	mm^2/mg	16.013621949	21.85657382106446	
z4-p84	2999	2500	NA	community	NA	NA	NA	Plant height vegetative	m	0.8447759692500001	1.0173216903698938	
z4-p84	2999	2500	NA	community	NA	NA	NA	Seed dry mass	mg	1.6516569989166667	5.4757489693384125	
z4-p84	2999	2500	NA	community	NA	NA	NA	Stem specific density (SSD) or wood density (stem dry mass per stem fresh volume)	g/cm^3	0.33337176542857144	0.16549433279593673	
z4-p84	3499	3000	NA	community	NA	NA	NA	Leaf area (in case of compound leaves: leaf, petiole included)	mm^2	172.48367201462497	266.42598826678596	
z4-p84	3499	3000	NA	community	NA	NA	NA	Leaf nitrogen (N) content per leaf dry mass	mg/g	23.21257104111111	7.47003345623389	
z4-p84	3499	3000	NA	community	NA	NA	NA	Leaf area per leaf dry mass (specific leaf area, SLA or 1/LMA): petiole included	mm^2/mg	16.182823940000002	21.98460621690539	
z4-p84	3499	3000	NA	community	NA	NA	NA	Plant height vegetative	m	0.9024594401818183	1.2976495779866333	
z4-p84	3499	3000	NA	community	NA	NA	NA	Seed dry mass	mg	1.7697621806363637	5.481900358187065	
z4-p84	3499	3000	NA	community	NA	NA	NA	Stem specific density (SSD) or wood density (stem dry mass per stem fresh volume)	g/cm^3	0.3644652535	0.1678653192935652	
z4-p84	3999	3500	NA	community	NA	NA	NA	Leaf area (in case of compound leaves: leaf, petiole included)	mm^2	272.64953021170004	262.6236265324597	
z4-p84	3999	3500	NA	community	NA	NA	NA	Leaf nitrogen (N) content per leaf dry mass	mg/g	23.902272579090912	7.332238802723024	
z4-p84	3999	3500	NA	community	NA	NA	NA	Leaf area per leaf dry mass (specific leaf area, SLA or 1/LMA): petiole included	mm^2/mg	17.056473068	21.485263149374713	
z4-p84	3999	3500	NA	community	NA	NA	NA	Plant height vegetative	m	0.954221024909091	1.023475429142487	
z4-p84	3999	3500	NA	community	NA	NA	NA	Seed dry mass	mg	1.9144302542727274	5.623093981178095	
z4-p84	3999	3500	NA	community	NA	NA	NA	Stem specific density (SSD) or wood density (stem dry mass per stem fresh volume)	g/cm^3	0.30287715962500006	0.16298973275691722	
z4-p84	4499	4000	NA	community	NA	NA	NA	Leaf area (in case of compound leaves: leaf, petiole included)	mm^2	302.10082060555555	266.9127480893597	
z4-p84	4499	4000	NA	community	NA	NA	NA	Leaf nitrogen (N) content per leaf dry mass	mg/g	24.864866431000003	7.342351463352071	
z4-p84	4499	4000	NA	community	NA	NA	NA	Leaf area per leaf dry mass (specific leaf area, SLA or 1/LMA): petiole included	mm^2/mg	16.97726385111111	22.314446002066628	
z4-p84	4499	4000	NA	community	NA	NA	NA	Plant height vegetative	m	1.042558496	1.1111105226045812	
z4-p84	4499	4000	NA	community	NA	NA	NA	Seed dry mass	mg	2.1004639171	6.03781415806267	
z4-p84	4499	4000	NA	community	NA	NA	NA	Stem specific density (SSD) or wood density (stem dry mass per stem fresh volume)	g/cm^3	0.30287715962500006	0.16298973275691722	
z4-p84	4999	4500	NA	community	NA	NA	NA	Leaf area (in case of compound leaves: leaf, petiole included)	mm^2	302.10082060555555	266.9127480893597	
z4-p84	4999	4500	NA	community	NA	NA	NA	Leaf nitrogen (N) content per leaf dry mass	mg/g	24.864866431000003	7.342351463352071	
z4-p84	4999	4500	NA	community	NA	NA	NA	Leaf area per leaf dry mass (specific leaf area, SLA or 1/LMA): petiole included	mm^2/mg	16.97726385111111	22.314446002066628	
z4-p84	4999	4500	NA	community	NA	NA	NA	Plant height vegetative	m	1.042558496	1.1111105226045812	
z4-p84	4999	4500	NA	community	NA	NA	NA	Seed dry mass	mg	2.1004639171	6.03781415806267	
z4-p84	4999	4500	NA	community	NA	NA	NA	Stem specific density (SSD) or wood density (stem dry mass per stem fresh volume)	g/cm^3	0.30287715962500006	0.16298973275691722	
z4-p84	5499	5000	NA	community	NA	NA	NA	Leaf area (in case of compound leaves: leaf, petiole included)	mm^2	203.76918243125	271.0520057874849	
z4-p84	5499	5000	NA	community	NA	NA	NA	Leaf nitrogen (N) content per leaf dry mass	mg/g	25.268973916666667	7.481888247197862	
z4-p84	5499	5000	NA	community	NA	NA	NA	Leaf area per leaf dry mass (specific leaf area, SLA or 1/LMA): petiole included	mm^2/mg	17.08338243	22.973417987536507	
z4-p84	5499	5000	NA	community	NA	NA	NA	Plant height vegetative	m	1.095437638888889	1.4595364217120712	
z4-p84	5499	5000	NA	community	NA	NA	NA	Seed dry mass	mg	2.406517396375	6.054252664148851	
z4-p84	5499	5000	NA	community	NA	NA	NA	Stem specific density (SSD) or wood density (stem dry mass per stem fresh volume)	g/cm^3	0.3644652535	0.1678653192935652	
z4-p84	5999	5500	NA	community	NA	NA	NA	Leaf area (in case of compound leaves: leaf, petiole included)	mm^2	203.76918243125	271.0520057874849	
z4-p84	5999	5500	NA	community	NA	NA	NA	Leaf nitrogen (N) content per leaf dry mass	mg/g	25.268973916666667	7.481888247197862	
z4-p84	5999	5500	NA	community	NA	NA	NA	Leaf area per leaf dry mass (specific leaf area, SLA or 1/LMA): petiole included	mm^2/mg	17.08338243	22.973417987536507	
z4-p84	5999	5500	NA	community	NA	NA	NA	Plant height vegetative	m	1.095437638888889	1.4595364217120712	
z4-p84	5999	5500	NA	community	NA	NA	NA	Seed dry mass	mg	2.406517396375	6.054252664148851	
z4-p84	5999	5500	NA	community	NA	NA	NA	Stem specific density (SSD) or wood density (stem dry mass per stem fresh volume)	g/cm^3	0.3644652535	0.1678653192935652	
z4-p84	6499	6000	NA	community	NA	NA	NA	Leaf area (in case of compound leaves: leaf, petiole included)	mm^2	251.95177327222225	270.1750428156961	
z4-p84	6499	6000	NA	community	NA	NA	NA	Leaf nitrogen (N) content per leaf dry mass	mg/g	25.736845755999997	7.469706302382566	
z4-p84	6499	6000	NA	community	NA	NA	NA	Leaf area per leaf dry mass (specific leaf area, SLA or 1/LMA): petiole included	mm^2/mg	16.795318163333334	22.825199823198908	
z4-p84	6499	6000	NA	community	NA	NA	NA	Plant height vegetative	m	1.0069196539	1.0889495136806202	
z4-p84	6499	6000	NA	community	NA	NA	NA	Seed dry mass	mg	2.1782932412222222	6.045966192763161	
z4-p84	6499	6000	NA	community	NA	NA	NA	Stem specific density (SSD) or wood density (stem dry mass per stem fresh volume)	g/cm^3	0.33337176542857144	0.16549433279593673	
z4-p84	6999	6500	NA	community	NA	NA	NA	Leaf area (in case of compound leaves: leaf, petiole included)	mm^2	251.95177327222225	270.1750428156961	
z4-p84	6999	6500	NA	community	NA	NA	NA	Leaf nitrogen (N) content per leaf dry mass	mg/g	25.736845755999997	7.469706302382566	
z4-p84	6999	6500	NA	community	NA	NA	NA	Leaf area per leaf dry mass (specific leaf area, SLA or 1/LMA): petiole included	mm^2/mg	16.795318163333334	22.825199823198908	
z4-p84	6999	6500	NA	community	NA	NA	NA	Plant height vegetative	m	1.0069196539	1.0889495136806202	
z4-p84	6999	6500	NA	community	NA	NA	NA	Seed dry mass	mg	2.1782932412222222	6.045966192763161	
z4-p84	6999	6500	NA	community	NA	NA	NA	Stem specific density (SSD) or wood density (stem dry mass per stem fresh volume)	g/cm^3	0.33337176542857144	0.16549433279593673	
z4-p84	7499	7000	NA	community	NA	NA	NA	Leaf area (in case of compound leaves: leaf, petiole included)	mm^2	251.95177327222225	270.1750428156961	
z4-p84	7499	7000	NA	community	NA	NA	NA	Leaf nitrogen (N) content per leaf dry mass	mg/g	25.736845755999997	7.469706302382566	
z4-p84	7499	7000	NA	community	NA	NA	NA	Leaf area per leaf dry mass (specific leaf area, SLA or 1/LMA): petiole included	mm^2/mg	16.795318163333334	22.825199823198908	
z4-p84	7499	7000	NA	community	NA	NA	NA	Plant height vegetative	m	1.0069196539	1.0889495136806202	
z4-p84	7499	7000	NA	community	NA	NA	NA	Seed dry mass	mg	2.1782932412222222	6.045966192763161	
z4-p84	7499	7000	NA	community	NA	NA	NA	Stem specific density (SSD) or wood density (stem dry mass per stem fresh volume)	g/cm^3	0.33337176542857144	0.16549433279593673	
z4-p84	7999	7500	NA	community	NA	NA	NA	Leaf area (in case of compound leaves: leaf, petiole included)	mm^2	297.677938545	266.9127480893597	
z4-p84	7999	7500	NA	community	NA	NA	NA	Leaf nitrogen (N) content per leaf dry mass	mg/g	25.584784022727277	7.342351463352071	
z4-p84	7999	7500	NA	community	NA	NA	NA	Leaf area per leaf dry mass (specific leaf area, SLA or 1/LMA): petiole included	mm^2/mg	16.58148860545455	22.232850080899592	
z4-p84	7999	7500	NA	community	NA	NA	NA	Plant height vegetative	m	0.8264982227692308	1.0808606929978914	
z4-p84	7999	7500	NA	community	NA	NA	NA	Seed dry mass	mg	1.7638158634166665	5.849087061289215	
z4-p84	7999	7500	NA	community	NA	NA	NA	Stem specific density (SSD) or wood density (stem dry mass per stem fresh volume)	g/cm^3	0.30287715962500006	0.16298973275691722	
z4-p84	8499	8000	NA	community	NA	NA	NA	Leaf area (in case of compound leaves: leaf, petiole included)	mm^2	271.3061183742727	262.6236265324597	
z4-p84	8499	8000	NA	community	NA	NA	NA	Leaf nitrogen (N) content per leaf dry mass	mg/g	24.642413192500005	7.332238802723024	
z4-p84	8499	8000	NA	community	NA	NA	NA	Leaf area per leaf dry mass (specific leaf area, SLA or 1/LMA): petiole included	mm^2/mg	16.68047755666667	21.41350367748579	
z4-p84	8499	8000	NA	community	NA	NA	NA	Plant height vegetative	m	0.7725230864285715	0.9997708341516972	
z4-p84	8499	8000	NA	community	NA	NA	NA	Seed dry mass	mg	1.6322987682307692	5.469709273836051	
z4-p84	8499	8000	NA	community	NA	NA	NA	Stem specific density (SSD) or wood density (stem dry mass per stem fresh volume)	g/cm^3	0.30287715962500006	0.16298973275691722	
z4-p84	8999	8500	NA	community	NA	NA	NA	Leaf area (in case of compound leaves: leaf, petiole included)	mm^2	297.1639847567	266.5140519574555	
z4-p84	8999	8500	NA	community	NA	NA	NA	Leaf nitrogen (N) content per leaf dry mass	mg/g	25.886945402727278	7.359893182269925	
z4-p84	8999	8500	NA	community	NA	NA	NA	Leaf area per leaf dry mass (specific leaf area, SLA or 1/LMA): petiole included	mm^2/mg	17.20780973090909	21.753318287090114	
z4-p84	8999	8500	NA	community	NA	NA	NA	Plant height vegetative	m	0.410904461	0.7016213515513086	
z4-p84	8999	8500	NA	community	NA	NA	NA	Seed dry mass	mg	0.4687857680833334	3.2323102275454327	
z4-p84	8999	8500	NA	community	NA	NA	NA	Stem specific density (SSD) or wood density (stem dry mass per stem fresh volume)	g/cm^3	0.2708394785714286	0.16205844249805146	
z4-p84	9499	9000	NA	community	NA	NA	NA	Leaf area (in case of compound leaves: leaf, petiole included)	mm^2	297.1639847567	266.5140519574555	
z4-p84	9499	9000	NA	community	NA	NA	NA	Leaf nitrogen (N) content per leaf dry mass	mg/g	25.886945402727278	7.359893182269925	
z4-p84	9499	9000	NA	community	NA	NA	NA	Leaf area per leaf dry mass (specific leaf area, SLA or 1/LMA): petiole included	mm^2/mg	17.20780973090909	21.753318287090114	
z4-p84	9499	9000	NA	community	NA	NA	NA	Plant height vegetative	m	0.410904461	0.7016213515513086	
z4-p84	9499	9000	NA	community	NA	NA	NA	Seed dry mass	mg	0.4687857680833334	3.2323102275454327	
z4-p84	9499	9000	NA	community	NA	NA	NA	Stem specific density (SSD) or wood density (stem dry mass per stem fresh volume)	g/cm^3	0.2708394785714286	0.16205844249805146	
z4-p84	9999	9500	NA	community	NA	NA	NA	Leaf area (in case of compound leaves: leaf, petiole included)	mm^2	297.1639847567	266.5140519574555	
z4-p84	9999	9500	NA	community	NA	NA	NA	Leaf nitrogen (N) content per leaf dry mass	mg/g	25.886945402727278	7.359893182269925	
z4-p84	9999	9500	NA	community	NA	NA	NA	Leaf area per leaf dry mass (specific leaf area, SLA or 1/LMA): petiole included	mm^2/mg	17.20780973090909	21.753318287090114	
z4-p84	9999	9500	NA	community	NA	NA	NA	Plant height vegetative	m	0.410904461	0.7016213515513086	
z4-p84	9999	9500	NA	community	NA	NA	NA	Seed dry mass	mg	0.4687857680833334	3.2323102275454327	
z4-p84	9999	9500	NA	community	NA	NA	NA	Stem specific density (SSD) or wood density (stem dry mass per stem fresh volume)	g/cm^3	0.2708394785714286	0.16205844249805146	
z4-p84	10499	10000	NA	community	NA	NA	NA	Leaf area (in case of compound leaves: leaf, petiole included)	mm^2	308.07989047411115	270.88770959681165	
z4-p84	10499	10000	NA	community	NA	NA	NA	Leaf nitrogen (N) content per leaf dry mass	mg/g	26.821419652000003	7.382681642672808	
z4-p84	10499	10000	NA	community	NA	NA	NA	Leaf area per leaf dry mass (specific leaf area, SLA or 1/LMA): petiole included	mm^2/mg	17.463266944	22.061215227480734	
z4-p84	10499	10000	NA	community	NA	NA	NA	Plant height vegetative	m	0.43892983274999997	0.7049838845379779	
z4-p84	10499	10000	NA	community	NA	NA	NA	Seed dry mass	mg	0.4334935651818182	3.2323102275454327	
z4-p84	10499	10000	NA	community	NA	NA	NA	Stem specific density (SSD) or wood density (stem dry mass per stem fresh volume)	g/cm^3	0.2708394785714286	0.16205844249805146	
z4-p84	10999	10500	NA	community	NA	NA	NA	Leaf area (in case of compound leaves: leaf, petiole included)	mm^2	308.07989047411115	270.88770959681165	
z4-p84	10999	10500	NA	community	NA	NA	NA	Leaf nitrogen (N) content per leaf dry mass	mg/g	26.821419652000003	7.382681642672808	
z4-p84	10999	10500	NA	community	NA	NA	NA	Leaf area per leaf dry mass (specific leaf area, SLA or 1/LMA): petiole included	mm^2/mg	17.463266944	22.061215227480734	
z4-p84	10999	10500	NA	community	NA	NA	NA	Plant height vegetative	m	0.43892983274999997	0.7049838845379779	
z4-p84	10999	10500	NA	community	NA	NA	NA	Seed dry mass	mg	0.4334935651818182	3.2323102275454327	
z4-p84	10999	10500	NA	community	NA	NA	NA	Stem specific density (SSD) or wood density (stem dry mass per stem fresh volume)	g/cm^3	0.2708394785714286	0.16205844249805146	
z4-p84	11499	11000	NA	community	NA	NA	NA	Leaf area (in case of compound leaves: leaf, petiole included)	mm^2	308.07989047411115	270.88770959681165	
z4-p84	11499	11000	NA	community	NA	NA	NA	Leaf nitrogen (N) content per leaf dry mass	mg/g	26.821419652000003	7.382681642672808	
z4-p84	11499	11000	NA	community	NA	NA	NA	Leaf area per leaf dry mass (specific leaf area, SLA or 1/LMA): petiole included	mm^2/mg	17.463266944	22.061215227480734	
z4-p84	11499	11000	NA	community	NA	NA	NA	Plant height vegetative	m	0.43892983274999997	0.7049838845379779	
z4-p84	11499	11000	NA	community	NA	NA	NA	Seed dry mass	mg	0.4334935651818182	3.2323102275454327	
z4-p84	11499	11000	NA	community	NA	NA	NA	Stem specific density (SSD) or wood density (stem dry mass per stem fresh volume)	g/cm^3	0.2708394785714286	0.16205844249805146	
z4-p84	11999	11500	NA	community	NA	NA	NA	Leaf area (in case of compound leaves: leaf, petiole included)	mm^2	331.68959269587504	272.0794589131011	
z4-p84	11999	11500	NA	community	NA	NA	NA	Leaf nitrogen (N) content per leaf dry mass	mg/g	27.33554880888889	7.323911797059971	
z4-p84	11999	11500	NA	community	NA	NA	NA	Leaf area per leaf dry mass (specific leaf area, SLA or 1/LMA): petiole included	mm^2/mg	18.04209226888889	22.668255965395804	
z4-p84	11999	11500	NA	community	NA	NA	NA	Plant height vegetative	m	0.21973514218181822	0.6469006488076906	
z4-p84	11999	11500	NA	community	NA	NA	NA	Seed dry mass	mg	0.4198072853	4.2016853347265375	
z4-p84	11999	11500	NA	community	NA	NA	NA	Stem specific density (SSD) or wood density (stem dry mass per stem fresh volume)	g/cm^3	0.21810490583333333	0.13594843577471952	
