location_id	bin_early	bin_late	morphotype	taxon	rank	taxonomic_tree	taxon_ambiguous_with	variable	variable_unit	variable_value (float)	variable_ci (float option)	variable_confidence_qualitative (string option)
individualtimelinenode_40f5222c-4060-4b23-8623-81944b44844f	7499	7000	NA	community	NA	NA	NA	Leaf area (in case of compound leaves: leaf, petiole included)	unknown unit	NaN	NaN	
individualtimelinenode_40f5222c-4060-4b23-8623-81944b44844f	7499	7000	NA	community	NA	NA	NA	Leaf nitrogen (N) content per leaf dry mass	unknown unit	NaN	NaN	
individualtimelinenode_40f5222c-4060-4b23-8623-81944b44844f	7499	7000	NA	community	NA	NA	NA	Leaf area per leaf dry mass (specific leaf area, SLA or 1/LMA): petiole included	unknown unit	NaN	NaN	
individualtimelinenode_40f5222c-4060-4b23-8623-81944b44844f	7499	7000	NA	community	NA	NA	NA	Plant height vegetative	unknown unit	NaN	NaN	
individualtimelinenode_40f5222c-4060-4b23-8623-81944b44844f	7499	7000	NA	community	NA	NA	NA	Seed dry mass	unknown unit	NaN	NaN	
individualtimelinenode_40f5222c-4060-4b23-8623-81944b44844f	7499	7000	NA	community	NA	NA	NA	Stem specific density (SSD) or wood density (stem dry mass per stem fresh volume)	unknown unit	NaN	NaN	
individualtimelinenode_40f5222c-4060-4b23-8623-81944b44844f	7999	7500	NA	community	NA	NA	NA	Leaf area (in case of compound leaves: leaf, petiole included)	unknown unit	NaN	NaN	
individualtimelinenode_40f5222c-4060-4b23-8623-81944b44844f	7999	7500	NA	community	NA	NA	NA	Leaf nitrogen (N) content per leaf dry mass	unknown unit	NaN	NaN	
individualtimelinenode_40f5222c-4060-4b23-8623-81944b44844f	7999	7500	NA	community	NA	NA	NA	Leaf area per leaf dry mass (specific leaf area, SLA or 1/LMA): petiole included	unknown unit	NaN	NaN	
individualtimelinenode_40f5222c-4060-4b23-8623-81944b44844f	7999	7500	NA	community	NA	NA	NA	Plant height vegetative	unknown unit	NaN	NaN	
individualtimelinenode_40f5222c-4060-4b23-8623-81944b44844f	7999	7500	NA	community	NA	NA	NA	Seed dry mass	unknown unit	NaN	NaN	
individualtimelinenode_40f5222c-4060-4b23-8623-81944b44844f	7999	7500	NA	community	NA	NA	NA	Stem specific density (SSD) or wood density (stem dry mass per stem fresh volume)	unknown unit	NaN	NaN	
individualtimelinenode_40f5222c-4060-4b23-8623-81944b44844f	8499	8000	NA	community	NA	NA	NA	Leaf area (in case of compound leaves: leaf, petiole included)	unknown unit	NaN	NaN	
individualtimelinenode_40f5222c-4060-4b23-8623-81944b44844f	8499	8000	NA	community	NA	NA	NA	Leaf nitrogen (N) content per leaf dry mass	unknown unit	NaN	NaN	
individualtimelinenode_40f5222c-4060-4b23-8623-81944b44844f	8499	8000	NA	community	NA	NA	NA	Leaf area per leaf dry mass (specific leaf area, SLA or 1/LMA): petiole included	unknown unit	NaN	NaN	
individualtimelinenode_40f5222c-4060-4b23-8623-81944b44844f	8499	8000	NA	community	NA	NA	NA	Plant height vegetative	unknown unit	NaN	NaN	
individualtimelinenode_40f5222c-4060-4b23-8623-81944b44844f	8499	8000	NA	community	NA	NA	NA	Seed dry mass	unknown unit	NaN	NaN	
individualtimelinenode_40f5222c-4060-4b23-8623-81944b44844f	8499	8000	NA	community	NA	NA	NA	Stem specific density (SSD) or wood density (stem dry mass per stem fresh volume)	unknown unit	NaN	NaN	
individualtimelinenode_40f5222c-4060-4b23-8623-81944b44844f	8999	8500	NA	community	NA	NA	NA	Leaf area (in case of compound leaves: leaf, petiole included)	unknown unit	NaN	NaN	
individualtimelinenode_40f5222c-4060-4b23-8623-81944b44844f	8999	8500	NA	community	NA	NA	NA	Leaf nitrogen (N) content per leaf dry mass	unknown unit	NaN	NaN	
individualtimelinenode_40f5222c-4060-4b23-8623-81944b44844f	8999	8500	NA	community	NA	NA	NA	Leaf area per leaf dry mass (specific leaf area, SLA or 1/LMA): petiole included	unknown unit	NaN	NaN	
individualtimelinenode_40f5222c-4060-4b23-8623-81944b44844f	8999	8500	NA	community	NA	NA	NA	Plant height vegetative	unknown unit	NaN	NaN	
individualtimelinenode_40f5222c-4060-4b23-8623-81944b44844f	8999	8500	NA	community	NA	NA	NA	Seed dry mass	unknown unit	NaN	NaN	
individualtimelinenode_40f5222c-4060-4b23-8623-81944b44844f	8999	8500	NA	community	NA	NA	NA	Stem specific density (SSD) or wood density (stem dry mass per stem fresh volume)	unknown unit	NaN	NaN	
individualtimelinenode_40f5222c-4060-4b23-8623-81944b44844f	9499	9000	NA	community	NA	NA	NA	Leaf area (in case of compound leaves: leaf, petiole included)	unknown unit	NaN	NaN	
individualtimelinenode_40f5222c-4060-4b23-8623-81944b44844f	9499	9000	NA	community	NA	NA	NA	Leaf nitrogen (N) content per leaf dry mass	unknown unit	NaN	NaN	
individualtimelinenode_40f5222c-4060-4b23-8623-81944b44844f	9499	9000	NA	community	NA	NA	NA	Leaf area per leaf dry mass (specific leaf area, SLA or 1/LMA): petiole included	unknown unit	NaN	NaN	
individualtimelinenode_40f5222c-4060-4b23-8623-81944b44844f	9499	9000	NA	community	NA	NA	NA	Plant height vegetative	unknown unit	NaN	NaN	
individualtimelinenode_40f5222c-4060-4b23-8623-81944b44844f	9499	9000	NA	community	NA	NA	NA	Seed dry mass	unknown unit	NaN	NaN	
individualtimelinenode_40f5222c-4060-4b23-8623-81944b44844f	9499	9000	NA	community	NA	NA	NA	Stem specific density (SSD) or wood density (stem dry mass per stem fresh volume)	unknown unit	NaN	NaN	
individualtimelinenode_40f5222c-4060-4b23-8623-81944b44844f	9999	9500	NA	community	NA	NA	NA	Leaf area (in case of compound leaves: leaf, petiole included)	unknown unit	NaN	NaN	
individualtimelinenode_40f5222c-4060-4b23-8623-81944b44844f	9999	9500	NA	community	NA	NA	NA	Leaf nitrogen (N) content per leaf dry mass	unknown unit	NaN	NaN	
individualtimelinenode_40f5222c-4060-4b23-8623-81944b44844f	9999	9500	NA	community	NA	NA	NA	Leaf area per leaf dry mass (specific leaf area, SLA or 1/LMA): petiole included	unknown unit	NaN	NaN	
individualtimelinenode_40f5222c-4060-4b23-8623-81944b44844f	9999	9500	NA	community	NA	NA	NA	Plant height vegetative	unknown unit	NaN	NaN	
individualtimelinenode_40f5222c-4060-4b23-8623-81944b44844f	9999	9500	NA	community	NA	NA	NA	Seed dry mass	unknown unit	NaN	NaN	
individualtimelinenode_40f5222c-4060-4b23-8623-81944b44844f	9999	9500	NA	community	NA	NA	NA	Stem specific density (SSD) or wood density (stem dry mass per stem fresh volume)	unknown unit	NaN	NaN	
individualtimelinenode_40f5222c-4060-4b23-8623-81944b44844f	10499	10000	NA	community	NA	NA	NA	Leaf area (in case of compound leaves: leaf, petiole included)	unknown unit	NaN	NaN	
individualtimelinenode_40f5222c-4060-4b23-8623-81944b44844f	10499	10000	NA	community	NA	NA	NA	Leaf nitrogen (N) content per leaf dry mass	unknown unit	NaN	NaN	
individualtimelinenode_40f5222c-4060-4b23-8623-81944b44844f	10499	10000	NA	community	NA	NA	NA	Leaf area per leaf dry mass (specific leaf area, SLA or 1/LMA): petiole included	unknown unit	NaN	NaN	
individualtimelinenode_40f5222c-4060-4b23-8623-81944b44844f	10499	10000	NA	community	NA	NA	NA	Plant height vegetative	unknown unit	NaN	NaN	
individualtimelinenode_40f5222c-4060-4b23-8623-81944b44844f	10499	10000	NA	community	NA	NA	NA	Seed dry mass	unknown unit	NaN	NaN	
individualtimelinenode_40f5222c-4060-4b23-8623-81944b44844f	10499	10000	NA	community	NA	NA	NA	Stem specific density (SSD) or wood density (stem dry mass per stem fresh volume)	unknown unit	NaN	NaN	
individualtimelinenode_40f5222c-4060-4b23-8623-81944b44844f	10999	10500	NA	community	NA	NA	NA	Leaf area (in case of compound leaves: leaf, petiole included)	unknown unit	NaN	NaN	
individualtimelinenode_40f5222c-4060-4b23-8623-81944b44844f	10999	10500	NA	community	NA	NA	NA	Leaf nitrogen (N) content per leaf dry mass	unknown unit	NaN	NaN	
individualtimelinenode_40f5222c-4060-4b23-8623-81944b44844f	10999	10500	NA	community	NA	NA	NA	Leaf area per leaf dry mass (specific leaf area, SLA or 1/LMA): petiole included	unknown unit	NaN	NaN	
individualtimelinenode_40f5222c-4060-4b23-8623-81944b44844f	10999	10500	NA	community	NA	NA	NA	Plant height vegetative	unknown unit	NaN	NaN	
individualtimelinenode_40f5222c-4060-4b23-8623-81944b44844f	10999	10500	NA	community	NA	NA	NA	Seed dry mass	unknown unit	NaN	NaN	
individualtimelinenode_40f5222c-4060-4b23-8623-81944b44844f	10999	10500	NA	community	NA	NA	NA	Stem specific density (SSD) or wood density (stem dry mass per stem fresh volume)	unknown unit	NaN	NaN	
individualtimelinenode_40f5222c-4060-4b23-8623-81944b44844f	11499	11000	NA	community	NA	NA	NA	Leaf area (in case of compound leaves: leaf, petiole included)	unknown unit	NaN	NaN	
individualtimelinenode_40f5222c-4060-4b23-8623-81944b44844f	11499	11000	NA	community	NA	NA	NA	Leaf nitrogen (N) content per leaf dry mass	unknown unit	NaN	NaN	
individualtimelinenode_40f5222c-4060-4b23-8623-81944b44844f	11499	11000	NA	community	NA	NA	NA	Leaf area per leaf dry mass (specific leaf area, SLA or 1/LMA): petiole included	unknown unit	NaN	NaN	
individualtimelinenode_40f5222c-4060-4b23-8623-81944b44844f	11499	11000	NA	community	NA	NA	NA	Plant height vegetative	unknown unit	NaN	NaN	
individualtimelinenode_40f5222c-4060-4b23-8623-81944b44844f	11499	11000	NA	community	NA	NA	NA	Seed dry mass	unknown unit	NaN	NaN	
individualtimelinenode_40f5222c-4060-4b23-8623-81944b44844f	11499	11000	NA	community	NA	NA	NA	Stem specific density (SSD) or wood density (stem dry mass per stem fresh volume)	unknown unit	NaN	NaN	
individualtimelinenode_40f5222c-4060-4b23-8623-81944b44844f	11999	11500	NA	community	NA	NA	NA	Leaf area (in case of compound leaves: leaf, petiole included)	unknown unit	NaN	NaN	
individualtimelinenode_40f5222c-4060-4b23-8623-81944b44844f	11999	11500	NA	community	NA	NA	NA	Leaf nitrogen (N) content per leaf dry mass	unknown unit	NaN	NaN	
individualtimelinenode_40f5222c-4060-4b23-8623-81944b44844f	11999	11500	NA	community	NA	NA	NA	Leaf area per leaf dry mass (specific leaf area, SLA or 1/LMA): petiole included	unknown unit	NaN	NaN	
individualtimelinenode_40f5222c-4060-4b23-8623-81944b44844f	11999	11500	NA	community	NA	NA	NA	Plant height vegetative	unknown unit	NaN	NaN	
individualtimelinenode_40f5222c-4060-4b23-8623-81944b44844f	11999	11500	NA	community	NA	NA	NA	Seed dry mass	unknown unit	NaN	NaN	
individualtimelinenode_40f5222c-4060-4b23-8623-81944b44844f	11999	11500	NA	community	NA	NA	NA	Stem specific density (SSD) or wood density (stem dry mass per stem fresh volume)	unknown unit	NaN	NaN	
individualtimelinenode_40f5222c-4060-4b23-8623-81944b44844f	12499	12000	NA	community	NA	NA	NA	Leaf area (in case of compound leaves: leaf, petiole included)	unknown unit	NaN	NaN	
individualtimelinenode_40f5222c-4060-4b23-8623-81944b44844f	12499	12000	NA	community	NA	NA	NA	Leaf nitrogen (N) content per leaf dry mass	unknown unit	NaN	NaN	
individualtimelinenode_40f5222c-4060-4b23-8623-81944b44844f	12499	12000	NA	community	NA	NA	NA	Leaf area per leaf dry mass (specific leaf area, SLA or 1/LMA): petiole included	unknown unit	NaN	NaN	
individualtimelinenode_40f5222c-4060-4b23-8623-81944b44844f	12499	12000	NA	community	NA	NA	NA	Plant height vegetative	unknown unit	NaN	NaN	
individualtimelinenode_40f5222c-4060-4b23-8623-81944b44844f	12499	12000	NA	community	NA	NA	NA	Seed dry mass	unknown unit	NaN	NaN	
individualtimelinenode_40f5222c-4060-4b23-8623-81944b44844f	12499	12000	NA	community	NA	NA	NA	Stem specific density (SSD) or wood density (stem dry mass per stem fresh volume)	unknown unit	NaN	NaN	
individualtimelinenode_5dfad8fa-d904-4bfc-b626-5eeb08ced60b	499	0	NA	community	NA	NA	NA	Leaf area (in case of compound leaves: leaf, petiole included)	mm^2	589.7621815137144	937.4134010424679	
individualtimelinenode_5dfad8fa-d904-4bfc-b626-5eeb08ced60b	499	0	NA	community	NA	NA	NA	Leaf nitrogen (N) content per leaf dry mass	mg/g	19.515257367599997	7.00273608390902	
individualtimelinenode_5dfad8fa-d904-4bfc-b626-5eeb08ced60b	499	0	NA	community	NA	NA	NA	Leaf area per leaf dry mass (specific leaf area, SLA or 1/LMA): petiole included	mm^2/mg	15.0686229435	5.615357839728559	
individualtimelinenode_5dfad8fa-d904-4bfc-b626-5eeb08ced60b	499	0	NA	community	NA	NA	NA	Plant height vegetative	m	0.3057721582	0.7584410984819115	
individualtimelinenode_5dfad8fa-d904-4bfc-b626-5eeb08ced60b	499	0	NA	community	NA	NA	NA	Seed dry mass	mg	2.495080033666667	8.593099941951387	
individualtimelinenode_5dfad8fa-d904-4bfc-b626-5eeb08ced60b	499	0	NA	community	NA	NA	NA	Stem specific density (SSD) or wood density (stem dry mass per stem fresh volume)	g/cm^3	0.24095890775	NaN	
individualtimelinenode_5dfad8fa-d904-4bfc-b626-5eeb08ced60b	999	500	NA	community	NA	NA	NA	Leaf area (in case of compound leaves: leaf, petiole included)	mm^2	589.7621815137144	937.4134010424679	
individualtimelinenode_5dfad8fa-d904-4bfc-b626-5eeb08ced60b	999	500	NA	community	NA	NA	NA	Leaf nitrogen (N) content per leaf dry mass	mg/g	19.515257367599997	7.00273608390902	
individualtimelinenode_5dfad8fa-d904-4bfc-b626-5eeb08ced60b	999	500	NA	community	NA	NA	NA	Leaf area per leaf dry mass (specific leaf area, SLA or 1/LMA): petiole included	mm^2/mg	15.0686229435	5.615357839728559	
individualtimelinenode_5dfad8fa-d904-4bfc-b626-5eeb08ced60b	999	500	NA	community	NA	NA	NA	Plant height vegetative	m	0.3057721582	0.7584410984819115	
individualtimelinenode_5dfad8fa-d904-4bfc-b626-5eeb08ced60b	999	500	NA	community	NA	NA	NA	Seed dry mass	mg	2.495080033666667	8.593099941951387	
individualtimelinenode_5dfad8fa-d904-4bfc-b626-5eeb08ced60b	999	500	NA	community	NA	NA	NA	Stem specific density (SSD) or wood density (stem dry mass per stem fresh volume)	g/cm^3	0.24095890775	NaN	
individualtimelinenode_5dfad8fa-d904-4bfc-b626-5eeb08ced60b	1499	1000	NA	community	NA	NA	NA	Leaf area (in case of compound leaves: leaf, petiole included)	mm^2	589.7621815137144	937.4134010424679	
individualtimelinenode_5dfad8fa-d904-4bfc-b626-5eeb08ced60b	1499	1000	NA	community	NA	NA	NA	Leaf nitrogen (N) content per leaf dry mass	mg/g	19.515257367599997	7.00273608390902	
individualtimelinenode_5dfad8fa-d904-4bfc-b626-5eeb08ced60b	1499	1000	NA	community	NA	NA	NA	Leaf area per leaf dry mass (specific leaf area, SLA or 1/LMA): petiole included	mm^2/mg	15.0686229435	5.615357839728559	
individualtimelinenode_5dfad8fa-d904-4bfc-b626-5eeb08ced60b	1499	1000	NA	community	NA	NA	NA	Plant height vegetative	m	0.3057721582	0.7584410984819115	
individualtimelinenode_5dfad8fa-d904-4bfc-b626-5eeb08ced60b	1499	1000	NA	community	NA	NA	NA	Seed dry mass	mg	2.495080033666667	8.593099941951387	
individualtimelinenode_5dfad8fa-d904-4bfc-b626-5eeb08ced60b	1499	1000	NA	community	NA	NA	NA	Stem specific density (SSD) or wood density (stem dry mass per stem fresh volume)	g/cm^3	0.24095890775	NaN	
individualtimelinenode_5dfad8fa-d904-4bfc-b626-5eeb08ced60b	1999	1500	NA	community	NA	NA	NA	Leaf area (in case of compound leaves: leaf, petiole included)	mm^2	595.7184713245	928.540368149406	
individualtimelinenode_5dfad8fa-d904-4bfc-b626-5eeb08ced60b	1999	1500	NA	community	NA	NA	NA	Leaf nitrogen (N) content per leaf dry mass	mg/g	20.463660544181817	6.992688738957033	
individualtimelinenode_5dfad8fa-d904-4bfc-b626-5eeb08ced60b	1999	1500	NA	community	NA	NA	NA	Leaf area per leaf dry mass (specific leaf area, SLA or 1/LMA): petiole included	mm^2/mg	15.004420842000002	5.570066423688836	
individualtimelinenode_5dfad8fa-d904-4bfc-b626-5eeb08ced60b	1999	1500	NA	community	NA	NA	NA	Plant height vegetative	m	0.2970890337272727	0.54870258411888	
individualtimelinenode_5dfad8fa-d904-4bfc-b626-5eeb08ced60b	1999	1500	NA	community	NA	NA	NA	Seed dry mass	mg	2.2808220303000004	8.568247326806969	
individualtimelinenode_5dfad8fa-d904-4bfc-b626-5eeb08ced60b	1999	1500	NA	community	NA	NA	NA	Stem specific density (SSD) or wood density (stem dry mass per stem fresh volume)	g/cm^3	0.22212929360000003	NaN	
individualtimelinenode_5dfad8fa-d904-4bfc-b626-5eeb08ced60b	2499	2000	NA	community	NA	NA	NA	Leaf area (in case of compound leaves: leaf, petiole included)	mm^2	595.7184713245	928.540368149406	
individualtimelinenode_5dfad8fa-d904-4bfc-b626-5eeb08ced60b	2499	2000	NA	community	NA	NA	NA	Leaf nitrogen (N) content per leaf dry mass	mg/g	20.463660544181817	6.992688738957033	
individualtimelinenode_5dfad8fa-d904-4bfc-b626-5eeb08ced60b	2499	2000	NA	community	NA	NA	NA	Leaf area per leaf dry mass (specific leaf area, SLA or 1/LMA): petiole included	mm^2/mg	15.004420842000002	5.570066423688836	
individualtimelinenode_5dfad8fa-d904-4bfc-b626-5eeb08ced60b	2499	2000	NA	community	NA	NA	NA	Plant height vegetative	m	0.2970890337272727	0.54870258411888	
individualtimelinenode_5dfad8fa-d904-4bfc-b626-5eeb08ced60b	2499	2000	NA	community	NA	NA	NA	Seed dry mass	mg	2.2808220303000004	8.568247326806969	
individualtimelinenode_5dfad8fa-d904-4bfc-b626-5eeb08ced60b	2499	2000	NA	community	NA	NA	NA	Stem specific density (SSD) or wood density (stem dry mass per stem fresh volume)	g/cm^3	0.22212929360000003	NaN	
individualtimelinenode_5dfad8fa-d904-4bfc-b626-5eeb08ced60b	2999	2500	NA	community	NA	NA	NA	Leaf area (in case of compound leaves: leaf, petiole included)	mm^2	595.7184713245	928.540368149406	
individualtimelinenode_5dfad8fa-d904-4bfc-b626-5eeb08ced60b	2999	2500	NA	community	NA	NA	NA	Leaf nitrogen (N) content per leaf dry mass	mg/g	20.463660544181817	6.992688738957033	
individualtimelinenode_5dfad8fa-d904-4bfc-b626-5eeb08ced60b	2999	2500	NA	community	NA	NA	NA	Leaf area per leaf dry mass (specific leaf area, SLA or 1/LMA): petiole included	mm^2/mg	15.004420842000002	5.570066423688836	
individualtimelinenode_5dfad8fa-d904-4bfc-b626-5eeb08ced60b	2999	2500	NA	community	NA	NA	NA	Plant height vegetative	m	0.2970890337272727	0.54870258411888	
individualtimelinenode_5dfad8fa-d904-4bfc-b626-5eeb08ced60b	2999	2500	NA	community	NA	NA	NA	Seed dry mass	mg	2.2808220303000004	8.568247326806969	
individualtimelinenode_5dfad8fa-d904-4bfc-b626-5eeb08ced60b	2999	2500	NA	community	NA	NA	NA	Stem specific density (SSD) or wood density (stem dry mass per stem fresh volume)	g/cm^3	0.22212929360000003	NaN	
individualtimelinenode_5dfad8fa-d904-4bfc-b626-5eeb08ced60b	3499	3000	NA	community	NA	NA	NA	Leaf area (in case of compound leaves: leaf, petiole included)	mm^2	595.7184713245	928.540368149406	
individualtimelinenode_5dfad8fa-d904-4bfc-b626-5eeb08ced60b	3499	3000	NA	community	NA	NA	NA	Leaf nitrogen (N) content per leaf dry mass	mg/g	20.463660544181817	6.992688738957033	
individualtimelinenode_5dfad8fa-d904-4bfc-b626-5eeb08ced60b	3499	3000	NA	community	NA	NA	NA	Leaf area per leaf dry mass (specific leaf area, SLA or 1/LMA): petiole included	mm^2/mg	15.004420842000002	5.570066423688836	
individualtimelinenode_5dfad8fa-d904-4bfc-b626-5eeb08ced60b	3499	3000	NA	community	NA	NA	NA	Plant height vegetative	m	0.2970890337272727	0.54870258411888	
individualtimelinenode_5dfad8fa-d904-4bfc-b626-5eeb08ced60b	3499	3000	NA	community	NA	NA	NA	Seed dry mass	mg	2.2808220303000004	8.568247326806969	
individualtimelinenode_5dfad8fa-d904-4bfc-b626-5eeb08ced60b	3499	3000	NA	community	NA	NA	NA	Stem specific density (SSD) or wood density (stem dry mass per stem fresh volume)	g/cm^3	0.22212929360000003	NaN	
individualtimelinenode_5dfad8fa-d904-4bfc-b626-5eeb08ced60b	3999	3500	NA	community	NA	NA	NA	Leaf area (in case of compound leaves: leaf, petiole included)	mm^2	595.7184713245	928.540368149406	
individualtimelinenode_5dfad8fa-d904-4bfc-b626-5eeb08ced60b	3999	3500	NA	community	NA	NA	NA	Leaf nitrogen (N) content per leaf dry mass	mg/g	20.463660544181817	6.992688738957033	
individualtimelinenode_5dfad8fa-d904-4bfc-b626-5eeb08ced60b	3999	3500	NA	community	NA	NA	NA	Leaf area per leaf dry mass (specific leaf area, SLA or 1/LMA): petiole included	mm^2/mg	15.004420842000002	5.570066423688836	
individualtimelinenode_5dfad8fa-d904-4bfc-b626-5eeb08ced60b	3999	3500	NA	community	NA	NA	NA	Plant height vegetative	m	0.2970890337272727	0.54870258411888	
individualtimelinenode_5dfad8fa-d904-4bfc-b626-5eeb08ced60b	3999	3500	NA	community	NA	NA	NA	Seed dry mass	mg	2.2808220303000004	8.568247326806969	
individualtimelinenode_5dfad8fa-d904-4bfc-b626-5eeb08ced60b	3999	3500	NA	community	NA	NA	NA	Stem specific density (SSD) or wood density (stem dry mass per stem fresh volume)	g/cm^3	0.22212929360000003	NaN	
individualtimelinenode_5dfad8fa-d904-4bfc-b626-5eeb08ced60b	4499	4000	NA	community	NA	NA	NA	Leaf area (in case of compound leaves: leaf, petiole included)	mm^2	595.7184713245	928.540368149406	
individualtimelinenode_5dfad8fa-d904-4bfc-b626-5eeb08ced60b	4499	4000	NA	community	NA	NA	NA	Leaf nitrogen (N) content per leaf dry mass	mg/g	20.463660544181817	6.992688738957033	
individualtimelinenode_5dfad8fa-d904-4bfc-b626-5eeb08ced60b	4499	4000	NA	community	NA	NA	NA	Leaf area per leaf dry mass (specific leaf area, SLA or 1/LMA): petiole included	mm^2/mg	15.004420842000002	5.570066423688836	
individualtimelinenode_5dfad8fa-d904-4bfc-b626-5eeb08ced60b	4499	4000	NA	community	NA	NA	NA	Plant height vegetative	m	0.2970890337272727	0.54870258411888	
individualtimelinenode_5dfad8fa-d904-4bfc-b626-5eeb08ced60b	4499	4000	NA	community	NA	NA	NA	Seed dry mass	mg	2.2808220303000004	8.568247326806969	
individualtimelinenode_5dfad8fa-d904-4bfc-b626-5eeb08ced60b	4499	4000	NA	community	NA	NA	NA	Stem specific density (SSD) or wood density (stem dry mass per stem fresh volume)	g/cm^3	0.22212929360000003	NaN	
individualtimelinenode_5dfad8fa-d904-4bfc-b626-5eeb08ced60b	4999	4500	NA	community	NA	NA	NA	Leaf area (in case of compound leaves: leaf, petiole included)	mm^2	595.7184713245	928.540368149406	
individualtimelinenode_5dfad8fa-d904-4bfc-b626-5eeb08ced60b	4999	4500	NA	community	NA	NA	NA	Leaf nitrogen (N) content per leaf dry mass	mg/g	20.463660544181817	6.992688738957033	
individualtimelinenode_5dfad8fa-d904-4bfc-b626-5eeb08ced60b	4999	4500	NA	community	NA	NA	NA	Leaf area per leaf dry mass (specific leaf area, SLA or 1/LMA): petiole included	mm^2/mg	15.004420842000002	5.570066423688836	
individualtimelinenode_5dfad8fa-d904-4bfc-b626-5eeb08ced60b	4999	4500	NA	community	NA	NA	NA	Plant height vegetative	m	0.2970890337272727	0.54870258411888	
individualtimelinenode_5dfad8fa-d904-4bfc-b626-5eeb08ced60b	4999	4500	NA	community	NA	NA	NA	Seed dry mass	mg	2.2808220303000004	8.568247326806969	
individualtimelinenode_5dfad8fa-d904-4bfc-b626-5eeb08ced60b	4999	4500	NA	community	NA	NA	NA	Stem specific density (SSD) or wood density (stem dry mass per stem fresh volume)	g/cm^3	0.22212929360000003	NaN	
individualtimelinenode_5dfad8fa-d904-4bfc-b626-5eeb08ced60b	5499	5000	NA	community	NA	NA	NA	Leaf area (in case of compound leaves: leaf, petiole included)	mm^2	595.7184713245	928.540368149406	
individualtimelinenode_5dfad8fa-d904-4bfc-b626-5eeb08ced60b	5499	5000	NA	community	NA	NA	NA	Leaf nitrogen (N) content per leaf dry mass	mg/g	20.463660544181817	6.992688738957033	
individualtimelinenode_5dfad8fa-d904-4bfc-b626-5eeb08ced60b	5499	5000	NA	community	NA	NA	NA	Leaf area per leaf dry mass (specific leaf area, SLA or 1/LMA): petiole included	mm^2/mg	15.004420842000002	5.570066423688836	
individualtimelinenode_5dfad8fa-d904-4bfc-b626-5eeb08ced60b	5499	5000	NA	community	NA	NA	NA	Plant height vegetative	m	0.2970890337272727	0.54870258411888	
individualtimelinenode_5dfad8fa-d904-4bfc-b626-5eeb08ced60b	5499	5000	NA	community	NA	NA	NA	Seed dry mass	mg	2.2808220303000004	8.568247326806969	
individualtimelinenode_5dfad8fa-d904-4bfc-b626-5eeb08ced60b	5499	5000	NA	community	NA	NA	NA	Stem specific density (SSD) or wood density (stem dry mass per stem fresh volume)	g/cm^3	0.22212929360000003	NaN	
individualtimelinenode_5dfad8fa-d904-4bfc-b626-5eeb08ced60b	5999	5500	NA	community	NA	NA	NA	Leaf area (in case of compound leaves: leaf, petiole included)	mm^2	595.7184713245	928.540368149406	
individualtimelinenode_5dfad8fa-d904-4bfc-b626-5eeb08ced60b	5999	5500	NA	community	NA	NA	NA	Leaf nitrogen (N) content per leaf dry mass	mg/g	20.463660544181817	6.992688738957033	
individualtimelinenode_5dfad8fa-d904-4bfc-b626-5eeb08ced60b	5999	5500	NA	community	NA	NA	NA	Leaf area per leaf dry mass (specific leaf area, SLA or 1/LMA): petiole included	mm^2/mg	15.004420842000002	5.570066423688836	
individualtimelinenode_5dfad8fa-d904-4bfc-b626-5eeb08ced60b	5999	5500	NA	community	NA	NA	NA	Plant height vegetative	m	0.2970890337272727	0.54870258411888	
individualtimelinenode_5dfad8fa-d904-4bfc-b626-5eeb08ced60b	5999	5500	NA	community	NA	NA	NA	Seed dry mass	mg	2.2808220303000004	8.568247326806969	
individualtimelinenode_5dfad8fa-d904-4bfc-b626-5eeb08ced60b	5999	5500	NA	community	NA	NA	NA	Stem specific density (SSD) or wood density (stem dry mass per stem fresh volume)	g/cm^3	0.22212929360000003	NaN	
individualtimelinenode_5dfad8fa-d904-4bfc-b626-5eeb08ced60b	6499	6000	NA	community	NA	NA	NA	Leaf area (in case of compound leaves: leaf, petiole included)	mm^2	595.7184713245	928.540368149406	
individualtimelinenode_5dfad8fa-d904-4bfc-b626-5eeb08ced60b	6499	6000	NA	community	NA	NA	NA	Leaf nitrogen (N) content per leaf dry mass	mg/g	20.463660544181817	6.992688738957033	
individualtimelinenode_5dfad8fa-d904-4bfc-b626-5eeb08ced60b	6499	6000	NA	community	NA	NA	NA	Leaf area per leaf dry mass (specific leaf area, SLA or 1/LMA): petiole included	mm^2/mg	15.004420842000002	5.570066423688836	
individualtimelinenode_5dfad8fa-d904-4bfc-b626-5eeb08ced60b	6499	6000	NA	community	NA	NA	NA	Plant height vegetative	m	0.2970890337272727	0.54870258411888	
individualtimelinenode_5dfad8fa-d904-4bfc-b626-5eeb08ced60b	6499	6000	NA	community	NA	NA	NA	Seed dry mass	mg	2.2808220303000004	8.568247326806969	
individualtimelinenode_5dfad8fa-d904-4bfc-b626-5eeb08ced60b	6499	6000	NA	community	NA	NA	NA	Stem specific density (SSD) or wood density (stem dry mass per stem fresh volume)	g/cm^3	0.22212929360000003	NaN	
individualtimelinenode_5dfad8fa-d904-4bfc-b626-5eeb08ced60b	6999	6500	NA	community	NA	NA	NA	Leaf area (in case of compound leaves: leaf, petiole included)	mm^2	595.7184713245	928.540368149406	
individualtimelinenode_5dfad8fa-d904-4bfc-b626-5eeb08ced60b	6999	6500	NA	community	NA	NA	NA	Leaf nitrogen (N) content per leaf dry mass	mg/g	20.463660544181817	6.992688738957033	
individualtimelinenode_5dfad8fa-d904-4bfc-b626-5eeb08ced60b	6999	6500	NA	community	NA	NA	NA	Leaf area per leaf dry mass (specific leaf area, SLA or 1/LMA): petiole included	mm^2/mg	15.004420842000002	5.570066423688836	
individualtimelinenode_5dfad8fa-d904-4bfc-b626-5eeb08ced60b	6999	6500	NA	community	NA	NA	NA	Plant height vegetative	m	0.2970890337272727	0.54870258411888	
individualtimelinenode_5dfad8fa-d904-4bfc-b626-5eeb08ced60b	6999	6500	NA	community	NA	NA	NA	Seed dry mass	mg	2.2808220303000004	8.568247326806969	
individualtimelinenode_5dfad8fa-d904-4bfc-b626-5eeb08ced60b	6999	6500	NA	community	NA	NA	NA	Stem specific density (SSD) or wood density (stem dry mass per stem fresh volume)	g/cm^3	0.22212929360000003	NaN	
individualtimelinenode_5dfad8fa-d904-4bfc-b626-5eeb08ced60b	7499	7000	NA	community	NA	NA	NA	Leaf area (in case of compound leaves: leaf, petiole included)	mm^2	595.7184713245	928.540368149406	
individualtimelinenode_5dfad8fa-d904-4bfc-b626-5eeb08ced60b	7499	7000	NA	community	NA	NA	NA	Leaf nitrogen (N) content per leaf dry mass	mg/g	20.463660544181817	6.992688738957033	
individualtimelinenode_5dfad8fa-d904-4bfc-b626-5eeb08ced60b	7499	7000	NA	community	NA	NA	NA	Leaf area per leaf dry mass (specific leaf area, SLA or 1/LMA): petiole included	mm^2/mg	15.004420842000002	5.570066423688836	
individualtimelinenode_5dfad8fa-d904-4bfc-b626-5eeb08ced60b	7499	7000	NA	community	NA	NA	NA	Plant height vegetative	m	0.2970890337272727	0.54870258411888	
individualtimelinenode_5dfad8fa-d904-4bfc-b626-5eeb08ced60b	7499	7000	NA	community	NA	NA	NA	Seed dry mass	mg	2.2808220303000004	8.568247326806969	
individualtimelinenode_5dfad8fa-d904-4bfc-b626-5eeb08ced60b	7499	7000	NA	community	NA	NA	NA	Stem specific density (SSD) or wood density (stem dry mass per stem fresh volume)	g/cm^3	0.22212929360000003	NaN	
individualtimelinenode_5dfad8fa-d904-4bfc-b626-5eeb08ced60b	7999	7500	NA	community	NA	NA	NA	Leaf area (in case of compound leaves: leaf, petiole included)	mm^2	639.40981476	840.9926515341289	
individualtimelinenode_5dfad8fa-d904-4bfc-b626-5eeb08ced60b	7999	7500	NA	community	NA	NA	NA	Leaf nitrogen (N) content per leaf dry mass	mg/g	24.568184131666666	7.619879374877046	
individualtimelinenode_5dfad8fa-d904-4bfc-b626-5eeb08ced60b	7999	7500	NA	community	NA	NA	NA	Leaf area per leaf dry mass (specific leaf area, SLA or 1/LMA): petiole included	mm^2/mg	18.1591958925	5.6556353900888094	
individualtimelinenode_5dfad8fa-d904-4bfc-b626-5eeb08ced60b	7999	7500	NA	community	NA	NA	NA	Plant height vegetative	m	0.18993687133333334	0.10286747421201997	
individualtimelinenode_5dfad8fa-d904-4bfc-b626-5eeb08ced60b	7999	7500	NA	community	NA	NA	NA	Seed dry mass	mg	0.2801508953333333	0.1458193103108106	
individualtimelinenode_5dfad8fa-d904-4bfc-b626-5eeb08ced60b	7999	7500	NA	community	NA	NA	NA	Stem specific density (SSD) or wood density (stem dry mass per stem fresh volume)	g/cm^3	NaN	NaN	
individualtimelinenode_5dfad8fa-d904-4bfc-b626-5eeb08ced60b	8499	8000	NA	community	NA	NA	NA	Leaf area (in case of compound leaves: leaf, petiole included)	mm^2	719.7275913899999	934.4141015687509	
individualtimelinenode_5dfad8fa-d904-4bfc-b626-5eeb08ced60b	8499	8000	NA	community	NA	NA	NA	Leaf nitrogen (N) content per leaf dry mass	mg/g	21.90212713375	7.370701570263559	
individualtimelinenode_5dfad8fa-d904-4bfc-b626-5eeb08ced60b	8499	8000	NA	community	NA	NA	NA	Leaf area per leaf dry mass (specific leaf area, SLA or 1/LMA): petiole included	mm^2/mg	16.757552341666667	5.297760091454345	
individualtimelinenode_5dfad8fa-d904-4bfc-b626-5eeb08ced60b	8499	8000	NA	community	NA	NA	NA	Plant height vegetative	m	0.406256627	0.7045156502337444	
individualtimelinenode_5dfad8fa-d904-4bfc-b626-5eeb08ced60b	8499	8000	NA	community	NA	NA	NA	Seed dry mass	mg	2.156112798375	1.1045914788510716	
individualtimelinenode_5dfad8fa-d904-4bfc-b626-5eeb08ced60b	8499	8000	NA	community	NA	NA	NA	Stem specific density (SSD) or wood density (stem dry mass per stem fresh volume)	g/cm^3	NaN	NaN	
individualtimelinenode_5dfad8fa-d904-4bfc-b626-5eeb08ced60b	8999	8500	NA	community	NA	NA	NA	Leaf area (in case of compound leaves: leaf, petiole included)	mm^2	719.7275913899999	934.4141015687509	
individualtimelinenode_5dfad8fa-d904-4bfc-b626-5eeb08ced60b	8999	8500	NA	community	NA	NA	NA	Leaf nitrogen (N) content per leaf dry mass	mg/g	21.90212713375	7.370701570263559	
individualtimelinenode_5dfad8fa-d904-4bfc-b626-5eeb08ced60b	8999	8500	NA	community	NA	NA	NA	Leaf area per leaf dry mass (specific leaf area, SLA or 1/LMA): petiole included	mm^2/mg	16.757552341666667	5.297760091454345	
individualtimelinenode_5dfad8fa-d904-4bfc-b626-5eeb08ced60b	8999	8500	NA	community	NA	NA	NA	Plant height vegetative	m	0.406256627	0.7045156502337444	
individualtimelinenode_5dfad8fa-d904-4bfc-b626-5eeb08ced60b	8999	8500	NA	community	NA	NA	NA	Seed dry mass	mg	2.156112798375	1.1045914788510716	
individualtimelinenode_5dfad8fa-d904-4bfc-b626-5eeb08ced60b	8999	8500	NA	community	NA	NA	NA	Stem specific density (SSD) or wood density (stem dry mass per stem fresh volume)	g/cm^3	NaN	NaN	
individualtimelinenode_5dfad8fa-d904-4bfc-b626-5eeb08ced60b	9499	9000	NA	community	NA	NA	NA	Leaf area (in case of compound leaves: leaf, petiole included)	mm^2	719.7275913899999	934.4141015687509	
individualtimelinenode_5dfad8fa-d904-4bfc-b626-5eeb08ced60b	9499	9000	NA	community	NA	NA	NA	Leaf nitrogen (N) content per leaf dry mass	mg/g	21.90212713375	7.370701570263559	
individualtimelinenode_5dfad8fa-d904-4bfc-b626-5eeb08ced60b	9499	9000	NA	community	NA	NA	NA	Leaf area per leaf dry mass (specific leaf area, SLA or 1/LMA): petiole included	mm^2/mg	16.757552341666667	5.297760091454345	
individualtimelinenode_5dfad8fa-d904-4bfc-b626-5eeb08ced60b	9499	9000	NA	community	NA	NA	NA	Plant height vegetative	m	0.406256627	0.7045156502337444	
individualtimelinenode_5dfad8fa-d904-4bfc-b626-5eeb08ced60b	9499	9000	NA	community	NA	NA	NA	Seed dry mass	mg	2.156112798375	1.1045914788510716	
individualtimelinenode_5dfad8fa-d904-4bfc-b626-5eeb08ced60b	9499	9000	NA	community	NA	NA	NA	Stem specific density (SSD) or wood density (stem dry mass per stem fresh volume)	g/cm^3	NaN	NaN	
individualtimelinenode_5dfad8fa-d904-4bfc-b626-5eeb08ced60b	9999	9500	NA	community	NA	NA	NA	Leaf area (in case of compound leaves: leaf, petiole included)	mm^2	799.9426596000001	936.9233087298403	
individualtimelinenode_5dfad8fa-d904-4bfc-b626-5eeb08ced60b	9999	9500	NA	community	NA	NA	NA	Leaf nitrogen (N) content per leaf dry mass	mg/g	23.114866811999995	7.1150141804257325	
individualtimelinenode_5dfad8fa-d904-4bfc-b626-5eeb08ced60b	9999	9500	NA	community	NA	NA	NA	Leaf area per leaf dry mass (specific leaf area, SLA or 1/LMA): petiole included	mm^2/mg	17.981918965	5.431605617413171	
individualtimelinenode_5dfad8fa-d904-4bfc-b626-5eeb08ced60b	9999	9500	NA	community	NA	NA	NA	Plant height vegetative	m	0.371840257	0.5346613572998942	
individualtimelinenode_5dfad8fa-d904-4bfc-b626-5eeb08ced60b	9999	9500	NA	community	NA	NA	NA	Seed dry mass	mg	1.9976932984999998	1.0856135032248047	
individualtimelinenode_5dfad8fa-d904-4bfc-b626-5eeb08ced60b	9999	9500	NA	community	NA	NA	NA	Stem specific density (SSD) or wood density (stem dry mass per stem fresh volume)	g/cm^3	0.1541279574	0.12756944042329052	
individualtimelinenode_5dfad8fa-d904-4bfc-b626-5eeb08ced60b	10499	10000	NA	community	NA	NA	NA	Leaf area (in case of compound leaves: leaf, petiole included)	mm^2	799.9426596000001	936.9233087298403	
individualtimelinenode_5dfad8fa-d904-4bfc-b626-5eeb08ced60b	10499	10000	NA	community	NA	NA	NA	Leaf nitrogen (N) content per leaf dry mass	mg/g	23.114866811999995	7.1150141804257325	
individualtimelinenode_5dfad8fa-d904-4bfc-b626-5eeb08ced60b	10499	10000	NA	community	NA	NA	NA	Leaf area per leaf dry mass (specific leaf area, SLA or 1/LMA): petiole included	mm^2/mg	17.981918965	5.431605617413171	
individualtimelinenode_5dfad8fa-d904-4bfc-b626-5eeb08ced60b	10499	10000	NA	community	NA	NA	NA	Plant height vegetative	m	0.371840257	0.5346613572998942	
individualtimelinenode_5dfad8fa-d904-4bfc-b626-5eeb08ced60b	10499	10000	NA	community	NA	NA	NA	Seed dry mass	mg	1.9976932984999998	1.0856135032248047	
individualtimelinenode_5dfad8fa-d904-4bfc-b626-5eeb08ced60b	10499	10000	NA	community	NA	NA	NA	Stem specific density (SSD) or wood density (stem dry mass per stem fresh volume)	g/cm^3	0.1541279574	0.12756944042329052	
individualtimelinenode_5dfad8fa-d904-4bfc-b626-5eeb08ced60b	10999	10500	NA	community	NA	NA	NA	Leaf area (in case of compound leaves: leaf, petiole included)	mm^2	645.142623024	867.1467810082158	
individualtimelinenode_5dfad8fa-d904-4bfc-b626-5eeb08ced60b	10999	10500	NA	community	NA	NA	NA	Leaf nitrogen (N) content per leaf dry mass	mg/g	22.494272848923078	7.228276220751851	
individualtimelinenode_5dfad8fa-d904-4bfc-b626-5eeb08ced60b	10999	10500	NA	community	NA	NA	NA	Leaf area per leaf dry mass (specific leaf area, SLA or 1/LMA): petiole included	mm^2/mg	18.35337926636364	5.6118463505543215	
individualtimelinenode_5dfad8fa-d904-4bfc-b626-5eeb08ced60b	10999	10500	NA	community	NA	NA	NA	Plant height vegetative	m	0.31834134223076926	0.5430763120889298	
individualtimelinenode_5dfad8fa-d904-4bfc-b626-5eeb08ced60b	10999	10500	NA	community	NA	NA	NA	Seed dry mass	mg	1.5815660024999998	0.6380188419612662	
individualtimelinenode_5dfad8fa-d904-4bfc-b626-5eeb08ced60b	10999	10500	NA	community	NA	NA	NA	Stem specific density (SSD) or wood density (stem dry mass per stem fresh volume)	g/cm^3	0.12052058939999999	0.12806887425312438	
individualtimelinenode_5dfad8fa-d904-4bfc-b626-5eeb08ced60b	11499	11000	NA	community	NA	NA	NA	Leaf area (in case of compound leaves: leaf, petiole included)	mm^2	719.9153495857144	956.0700607187563	
individualtimelinenode_5dfad8fa-d904-4bfc-b626-5eeb08ced60b	11499	11000	NA	community	NA	NA	NA	Leaf nitrogen (N) content per leaf dry mass	mg/g	22.6179680795	7.65247035286269	
individualtimelinenode_5dfad8fa-d904-4bfc-b626-5eeb08ced60b	11499	11000	NA	community	NA	NA	NA	Leaf area per leaf dry mass (specific leaf area, SLA or 1/LMA): petiole included	mm^2/mg	19.170035117142856	5.954586422998083	
individualtimelinenode_5dfad8fa-d904-4bfc-b626-5eeb08ced60b	11499	11000	NA	community	NA	NA	NA	Plant height vegetative	m	0.33473098687499997	0.7826331388696987	
individualtimelinenode_5dfad8fa-d904-4bfc-b626-5eeb08ced60b	11499	11000	NA	community	NA	NA	NA	Seed dry mass	mg	2.2290823632857144	0.6432472629937472	
individualtimelinenode_5dfad8fa-d904-4bfc-b626-5eeb08ced60b	11499	11000	NA	community	NA	NA	NA	Stem specific density (SSD) or wood density (stem dry mass per stem fresh volume)	g/cm^3	NaN	NaN	
individualtimelinenode_5dfad8fa-d904-4bfc-b626-5eeb08ced60b	11999	11500	NA	community	NA	NA	NA	Leaf area (in case of compound leaves: leaf, petiole included)	mm^2	782.5573929833332	1025.7771659363848	
individualtimelinenode_5dfad8fa-d904-4bfc-b626-5eeb08ced60b	11999	11500	NA	community	NA	NA	NA	Leaf nitrogen (N) content per leaf dry mass	mg/g	23.441796493714286	7.570848496416719	
individualtimelinenode_5dfad8fa-d904-4bfc-b626-5eeb08ced60b	11999	11500	NA	community	NA	NA	NA	Leaf area per leaf dry mass (specific leaf area, SLA or 1/LMA): petiole included	mm^2/mg	17.351007038333332	5.916441313905157	
individualtimelinenode_5dfad8fa-d904-4bfc-b626-5eeb08ced60b	11999	11500	NA	community	NA	NA	NA	Plant height vegetative	m	0.347648431	0.5577797992816904	
individualtimelinenode_5dfad8fa-d904-4bfc-b626-5eeb08ced60b	11999	11500	NA	community	NA	NA	NA	Seed dry mass	mg	2.6136632656666667	1.2669021528318278	
individualtimelinenode_5dfad8fa-d904-4bfc-b626-5eeb08ced60b	11999	11500	NA	community	NA	NA	NA	Stem specific density (SSD) or wood density (stem dry mass per stem fresh volume)	g/cm^3	NaN	NaN	
individualtimelinenode_5dfad8fa-d904-4bfc-b626-5eeb08ced60b	12499	12000	NA	community	NA	NA	NA	Leaf area (in case of compound leaves: leaf, petiole included)	mm^2	683.7438301300001	904.9144221873743	
individualtimelinenode_5dfad8fa-d904-4bfc-b626-5eeb08ced60b	12499	12000	NA	community	NA	NA	NA	Leaf nitrogen (N) content per leaf dry mass	mg/g	23.34040186288889	7.34697327908924	
individualtimelinenode_5dfad8fa-d904-4bfc-b626-5eeb08ced60b	12499	12000	NA	community	NA	NA	NA	Leaf area per leaf dry mass (specific leaf area, SLA or 1/LMA): petiole included	mm^2/mg	17.141624704999998	5.511748822409962	
individualtimelinenode_5dfad8fa-d904-4bfc-b626-5eeb08ced60b	12499	12000	NA	community	NA	NA	NA	Plant height vegetative	m	0.3738043352222222	0.5573275755598197	
individualtimelinenode_5dfad8fa-d904-4bfc-b626-5eeb08ced60b	12499	12000	NA	community	NA	NA	NA	Seed dry mass	mg	2.174717338125	1.2006957351934486	
individualtimelinenode_5dfad8fa-d904-4bfc-b626-5eeb08ced60b	12499	12000	NA	community	NA	NA	NA	Stem specific density (SSD) or wood density (stem dry mass per stem fresh volume)	g/cm^3	0.13838994675	0.13019701364379213	
individualtimelinenode_9a793e68-13ff-4595-b5aa-5ff8905e44a5	499	0	NA	community	NA	NA	NA	Leaf area (in case of compound leaves: leaf, petiole included)	mm^2	444.46974000575005	680.7089002015448	
individualtimelinenode_9a793e68-13ff-4595-b5aa-5ff8905e44a5	499	0	NA	community	NA	NA	NA	Leaf nitrogen (N) content per leaf dry mass	mg/g	20.839685425454544	6.9728483569629125	
individualtimelinenode_9a793e68-13ff-4595-b5aa-5ff8905e44a5	499	0	NA	community	NA	NA	NA	Leaf area per leaf dry mass (specific leaf area, SLA or 1/LMA): petiole included	mm^2/mg	15.109058362444443	4.954774610488417	
individualtimelinenode_9a793e68-13ff-4595-b5aa-5ff8905e44a5	499	0	NA	community	NA	NA	NA	Plant height vegetative	m	0.23948926736363632	0.27651748963118966	
individualtimelinenode_9a793e68-13ff-4595-b5aa-5ff8905e44a5	499	0	NA	community	NA	NA	NA	Seed dry mass	mg	1.064277331909091	7.234042619068561	
individualtimelinenode_9a793e68-13ff-4595-b5aa-5ff8905e44a5	499	0	NA	community	NA	NA	NA	Stem specific density (SSD) or wood density (stem dry mass per stem fresh volume)	g/cm^3	0.25198551371428574	0.12111544077985152	
individualtimelinenode_9a793e68-13ff-4595-b5aa-5ff8905e44a5	999	500	NA	community	NA	NA	NA	Leaf area (in case of compound leaves: leaf, petiole included)	mm^2	479.5481552494286	703.2163082309067	
individualtimelinenode_9a793e68-13ff-4595-b5aa-5ff8905e44a5	999	500	NA	community	NA	NA	NA	Leaf nitrogen (N) content per leaf dry mass	mg/g	21.269433677	7.000499697029625	
individualtimelinenode_9a793e68-13ff-4595-b5aa-5ff8905e44a5	999	500	NA	community	NA	NA	NA	Leaf area per leaf dry mass (specific leaf area, SLA or 1/LMA): petiole included	mm^2/mg	15.166035957749997	5.0588152388102285	
individualtimelinenode_9a793e68-13ff-4595-b5aa-5ff8905e44a5	999	500	NA	community	NA	NA	NA	Plant height vegetative	m	0.2096350153	0.11296046697422284	
individualtimelinenode_9a793e68-13ff-4595-b5aa-5ff8905e44a5	999	500	NA	community	NA	NA	NA	Seed dry mass	mg	1.0119053636000002	8.478700762097816	
individualtimelinenode_9a793e68-13ff-4595-b5aa-5ff8905e44a5	999	500	NA	community	NA	NA	NA	Stem specific density (SSD) or wood density (stem dry mass per stem fresh volume)	g/cm^3	0.25780309933333334	0.1242123108423186	
individualtimelinenode_9a793e68-13ff-4595-b5aa-5ff8905e44a5	1499	1000	NA	community	NA	NA	NA	Leaf area (in case of compound leaves: leaf, petiole included)	mm^2	479.5481552494286	703.2163082309067	
individualtimelinenode_9a793e68-13ff-4595-b5aa-5ff8905e44a5	1499	1000	NA	community	NA	NA	NA	Leaf nitrogen (N) content per leaf dry mass	mg/g	21.269433677	7.000499697029625	
individualtimelinenode_9a793e68-13ff-4595-b5aa-5ff8905e44a5	1499	1000	NA	community	NA	NA	NA	Leaf area per leaf dry mass (specific leaf area, SLA or 1/LMA): petiole included	mm^2/mg	15.166035957749997	5.0588152388102285	
individualtimelinenode_9a793e68-13ff-4595-b5aa-5ff8905e44a5	1499	1000	NA	community	NA	NA	NA	Plant height vegetative	m	0.2096350153	0.11296046697422284	
individualtimelinenode_9a793e68-13ff-4595-b5aa-5ff8905e44a5	1499	1000	NA	community	NA	NA	NA	Seed dry mass	mg	1.0119053636000002	8.478700762097816	
individualtimelinenode_9a793e68-13ff-4595-b5aa-5ff8905e44a5	1499	1000	NA	community	NA	NA	NA	Stem specific density (SSD) or wood density (stem dry mass per stem fresh volume)	g/cm^3	0.25780309933333334	0.1242123108423186	
individualtimelinenode_9a793e68-13ff-4595-b5aa-5ff8905e44a5	1999	1500	NA	community	NA	NA	NA	Leaf area (in case of compound leaves: leaf, petiole included)	mm^2	420.08963584325005	698.9414191293063	
individualtimelinenode_9a793e68-13ff-4595-b5aa-5ff8905e44a5	1999	1500	NA	community	NA	NA	NA	Leaf nitrogen (N) content per leaf dry mass	mg/g	20.164334771454545	6.965100150588535	
individualtimelinenode_9a793e68-13ff-4595-b5aa-5ff8905e44a5	1999	1500	NA	community	NA	NA	NA	Leaf area per leaf dry mass (specific leaf area, SLA or 1/LMA): petiole included	mm^2/mg	15.249432625777777	5.455118220822365	
individualtimelinenode_9a793e68-13ff-4595-b5aa-5ff8905e44a5	1999	1500	NA	community	NA	NA	NA	Plant height vegetative	m	0.1987591048181818	0.11280286420316853	
individualtimelinenode_9a793e68-13ff-4595-b5aa-5ff8905e44a5	1999	1500	NA	community	NA	NA	NA	Seed dry mass	mg	1.0119053636000002	8.478700762097816	
individualtimelinenode_9a793e68-13ff-4595-b5aa-5ff8905e44a5	1999	1500	NA	community	NA	NA	NA	Stem specific density (SSD) or wood density (stem dry mass per stem fresh volume)	g/cm^3	0.25780309933333334	0.1242123108423186	
individualtimelinenode_9a793e68-13ff-4595-b5aa-5ff8905e44a5	2499	2000	NA	community	NA	NA	NA	Leaf area (in case of compound leaves: leaf, petiole included)	mm^2	555.9935042745999	825.7385452472907	
individualtimelinenode_9a793e68-13ff-4595-b5aa-5ff8905e44a5	2499	2000	NA	community	NA	NA	NA	Leaf nitrogen (N) content per leaf dry mass	mg/g	20.232391089692307	6.8586988301932745	
individualtimelinenode_9a793e68-13ff-4595-b5aa-5ff8905e44a5	2499	2000	NA	community	NA	NA	NA	Leaf area per leaf dry mass (specific leaf area, SLA or 1/LMA): petiole included	mm^2/mg	14.999180958363636	5.283998884670649	
individualtimelinenode_9a793e68-13ff-4595-b5aa-5ff8905e44a5	2499	2000	NA	community	NA	NA	NA	Plant height vegetative	m	0.3053083032307692	0.5469007757887965	
individualtimelinenode_9a793e68-13ff-4595-b5aa-5ff8905e44a5	2499	2000	NA	community	NA	NA	NA	Seed dry mass	mg	2.037629469666667	8.495076259922213	
individualtimelinenode_9a793e68-13ff-4595-b5aa-5ff8905e44a5	2499	2000	NA	community	NA	NA	NA	Stem specific density (SSD) or wood density (stem dry mass per stem fresh volume)	g/cm^3	0.24194706185714288	0.12882485509372946	
individualtimelinenode_9a793e68-13ff-4595-b5aa-5ff8905e44a5	2999	2500	NA	community	NA	NA	NA	Leaf area (in case of compound leaves: leaf, petiole included)	mm^2	555.9935042745999	825.7385452472907	
individualtimelinenode_9a793e68-13ff-4595-b5aa-5ff8905e44a5	2999	2500	NA	community	NA	NA	NA	Leaf nitrogen (N) content per leaf dry mass	mg/g	20.232391089692307	6.8586988301932745	
individualtimelinenode_9a793e68-13ff-4595-b5aa-5ff8905e44a5	2999	2500	NA	community	NA	NA	NA	Leaf area per leaf dry mass (specific leaf area, SLA or 1/LMA): petiole included	mm^2/mg	14.999180958363636	5.283998884670649	
individualtimelinenode_9a793e68-13ff-4595-b5aa-5ff8905e44a5	2999	2500	NA	community	NA	NA	NA	Plant height vegetative	m	0.3053083032307692	0.5469007757887965	
individualtimelinenode_9a793e68-13ff-4595-b5aa-5ff8905e44a5	2999	2500	NA	community	NA	NA	NA	Seed dry mass	mg	2.037629469666667	8.495076259922213	
individualtimelinenode_9a793e68-13ff-4595-b5aa-5ff8905e44a5	2999	2500	NA	community	NA	NA	NA	Stem specific density (SSD) or wood density (stem dry mass per stem fresh volume)	g/cm^3	0.24194706185714288	0.12882485509372946	
individualtimelinenode_9a793e68-13ff-4595-b5aa-5ff8905e44a5	3499	3000	NA	community	NA	NA	NA	Leaf area (in case of compound leaves: leaf, petiole included)	mm^2	479.5481552494286	703.2163082309067	
individualtimelinenode_9a793e68-13ff-4595-b5aa-5ff8905e44a5	3499	3000	NA	community	NA	NA	NA	Leaf nitrogen (N) content per leaf dry mass	mg/g	21.269433677	7.000499697029625	
individualtimelinenode_9a793e68-13ff-4595-b5aa-5ff8905e44a5	3499	3000	NA	community	NA	NA	NA	Leaf area per leaf dry mass (specific leaf area, SLA or 1/LMA): petiole included	mm^2/mg	15.166035957749997	5.0588152388102285	
individualtimelinenode_9a793e68-13ff-4595-b5aa-5ff8905e44a5	3499	3000	NA	community	NA	NA	NA	Plant height vegetative	m	0.2096350153	0.11296046697422284	
individualtimelinenode_9a793e68-13ff-4595-b5aa-5ff8905e44a5	3499	3000	NA	community	NA	NA	NA	Seed dry mass	mg	1.0119053636000002	8.478700762097816	
individualtimelinenode_9a793e68-13ff-4595-b5aa-5ff8905e44a5	3499	3000	NA	community	NA	NA	NA	Stem specific density (SSD) or wood density (stem dry mass per stem fresh volume)	g/cm^3	0.25780309933333334	0.1242123108423186	
individualtimelinenode_9a793e68-13ff-4595-b5aa-5ff8905e44a5	3999	3500	NA	community	NA	NA	NA	Leaf area (in case of compound leaves: leaf, petiole included)	mm^2	444.46974000575005	680.7089002015448	
individualtimelinenode_9a793e68-13ff-4595-b5aa-5ff8905e44a5	3999	3500	NA	community	NA	NA	NA	Leaf nitrogen (N) content per leaf dry mass	mg/g	20.839685425454544	6.9728483569629125	
individualtimelinenode_9a793e68-13ff-4595-b5aa-5ff8905e44a5	3999	3500	NA	community	NA	NA	NA	Leaf area per leaf dry mass (specific leaf area, SLA or 1/LMA): petiole included	mm^2/mg	15.109058362444443	4.954774610488417	
individualtimelinenode_9a793e68-13ff-4595-b5aa-5ff8905e44a5	3999	3500	NA	community	NA	NA	NA	Plant height vegetative	m	0.23948926736363632	0.27651748963118966	
individualtimelinenode_9a793e68-13ff-4595-b5aa-5ff8905e44a5	3999	3500	NA	community	NA	NA	NA	Seed dry mass	mg	1.064277331909091	7.234042619068561	
individualtimelinenode_9a793e68-13ff-4595-b5aa-5ff8905e44a5	3999	3500	NA	community	NA	NA	NA	Stem specific density (SSD) or wood density (stem dry mass per stem fresh volume)	g/cm^3	0.25198551371428574	0.12111544077985152	
individualtimelinenode_9a793e68-13ff-4595-b5aa-5ff8905e44a5	4499	4000	NA	community	NA	NA	NA	Leaf area (in case of compound leaves: leaf, petiole included)	mm^2	444.46974000575005	680.7089002015448	
individualtimelinenode_9a793e68-13ff-4595-b5aa-5ff8905e44a5	4499	4000	NA	community	NA	NA	NA	Leaf nitrogen (N) content per leaf dry mass	mg/g	20.839685425454544	6.9728483569629125	
individualtimelinenode_9a793e68-13ff-4595-b5aa-5ff8905e44a5	4499	4000	NA	community	NA	NA	NA	Leaf area per leaf dry mass (specific leaf area, SLA or 1/LMA): petiole included	mm^2/mg	15.109058362444443	4.954774610488417	
individualtimelinenode_9a793e68-13ff-4595-b5aa-5ff8905e44a5	4499	4000	NA	community	NA	NA	NA	Plant height vegetative	m	0.23948926736363632	0.27651748963118966	
individualtimelinenode_9a793e68-13ff-4595-b5aa-5ff8905e44a5	4499	4000	NA	community	NA	NA	NA	Seed dry mass	mg	1.064277331909091	7.234042619068561	
individualtimelinenode_9a793e68-13ff-4595-b5aa-5ff8905e44a5	4499	4000	NA	community	NA	NA	NA	Stem specific density (SSD) or wood density (stem dry mass per stem fresh volume)	g/cm^3	0.25198551371428574	0.12111544077985152	
individualtimelinenode_9a793e68-13ff-4595-b5aa-5ff8905e44a5	4999	4500	NA	community	NA	NA	NA	Leaf area (in case of compound leaves: leaf, petiole included)	mm^2	395.51532444955564	676.8302064334266	
individualtimelinenode_9a793e68-13ff-4595-b5aa-5ff8905e44a5	4999	4500	NA	community	NA	NA	NA	Leaf nitrogen (N) content per leaf dry mass	mg/g	19.862490449666666	6.9380452460897555	
individualtimelinenode_9a793e68-13ff-4595-b5aa-5ff8905e44a5	4999	4500	NA	community	NA	NA	NA	Leaf area per leaf dry mass (specific leaf area, SLA or 1/LMA): petiole included	mm^2/mg	15.1898131232	5.34913098101582	
individualtimelinenode_9a793e68-13ff-4595-b5aa-5ff8905e44a5	4999	4500	NA	community	NA	NA	NA	Plant height vegetative	m	0.22703182841666666	0.27624320428341315	
individualtimelinenode_9a793e68-13ff-4595-b5aa-5ff8905e44a5	4999	4500	NA	community	NA	NA	NA	Seed dry mass	mg	1.064277331909091	7.234042619068561	
individualtimelinenode_9a793e68-13ff-4595-b5aa-5ff8905e44a5	4999	4500	NA	community	NA	NA	NA	Stem specific density (SSD) or wood density (stem dry mass per stem fresh volume)	g/cm^3	0.25198551371428574	0.12111544077985152	
individualtimelinenode_9a793e68-13ff-4595-b5aa-5ff8905e44a5	5499	5000	NA	community	NA	NA	NA	Leaf area (in case of compound leaves: leaf, petiole included)	mm^2	420.08963584325005	698.9414191293063	
individualtimelinenode_9a793e68-13ff-4595-b5aa-5ff8905e44a5	5499	5000	NA	community	NA	NA	NA	Leaf nitrogen (N) content per leaf dry mass	mg/g	20.164334771454545	6.965100150588535	
individualtimelinenode_9a793e68-13ff-4595-b5aa-5ff8905e44a5	5499	5000	NA	community	NA	NA	NA	Leaf area per leaf dry mass (specific leaf area, SLA or 1/LMA): petiole included	mm^2/mg	15.249432625777777	5.455118220822365	
individualtimelinenode_9a793e68-13ff-4595-b5aa-5ff8905e44a5	5499	5000	NA	community	NA	NA	NA	Plant height vegetative	m	0.1987591048181818	0.11280286420316853	
individualtimelinenode_9a793e68-13ff-4595-b5aa-5ff8905e44a5	5499	5000	NA	community	NA	NA	NA	Seed dry mass	mg	1.0119053636000002	8.478700762097816	
individualtimelinenode_9a793e68-13ff-4595-b5aa-5ff8905e44a5	5499	5000	NA	community	NA	NA	NA	Stem specific density (SSD) or wood density (stem dry mass per stem fresh volume)	g/cm^3	0.25780309933333334	0.1242123108423186	
individualtimelinenode_9a793e68-13ff-4595-b5aa-5ff8905e44a5	5999	5500	NA	community	NA	NA	NA	Leaf area (in case of compound leaves: leaf, petiole included)	mm^2	444.2366207495556	692.9732380279403	
individualtimelinenode_9a793e68-13ff-4595-b5aa-5ff8905e44a5	5999	5500	NA	community	NA	NA	NA	Leaf nitrogen (N) content per leaf dry mass	mg/g	20.979614566333332	6.958086970688934	
individualtimelinenode_9a793e68-13ff-4595-b5aa-5ff8905e44a5	5999	5500	NA	community	NA	NA	NA	Leaf area per leaf dry mass (specific leaf area, SLA or 1/LMA): petiole included	mm^2/mg	15.173569766199998	5.406792440541775	
individualtimelinenode_9a793e68-13ff-4595-b5aa-5ff8905e44a5	5999	5500	NA	community	NA	NA	NA	Plant height vegetative	m	0.19971732849999999	0.1558496765362632	
individualtimelinenode_9a793e68-13ff-4595-b5aa-5ff8905e44a5	5999	5500	NA	community	NA	NA	NA	Seed dry mass	mg	0.9519594214545456	8.454460159566365	
individualtimelinenode_9a793e68-13ff-4595-b5aa-5ff8905e44a5	5999	5500	NA	community	NA	NA	NA	Stem specific density (SSD) or wood density (stem dry mass per stem fresh volume)	g/cm^3	0.24194706185714288	0.12882485509372946	
individualtimelinenode_9a793e68-13ff-4595-b5aa-5ff8905e44a5	6499	6000	NA	community	NA	NA	NA	Leaf area (in case of compound leaves: leaf, petiole included)	mm^2	555.9935042745999	825.7385452472907	
individualtimelinenode_9a793e68-13ff-4595-b5aa-5ff8905e44a5	6499	6000	NA	community	NA	NA	NA	Leaf nitrogen (N) content per leaf dry mass	mg/g	20.232391089692307	6.8586988301932745	
individualtimelinenode_9a793e68-13ff-4595-b5aa-5ff8905e44a5	6499	6000	NA	community	NA	NA	NA	Leaf area per leaf dry mass (specific leaf area, SLA or 1/LMA): petiole included	mm^2/mg	14.999180958363636	5.283998884670649	
individualtimelinenode_9a793e68-13ff-4595-b5aa-5ff8905e44a5	6499	6000	NA	community	NA	NA	NA	Plant height vegetative	m	0.3053083032307692	0.5469007757887965	
individualtimelinenode_9a793e68-13ff-4595-b5aa-5ff8905e44a5	6499	6000	NA	community	NA	NA	NA	Seed dry mass	mg	2.037629469666667	8.495076259922213	
individualtimelinenode_9a793e68-13ff-4595-b5aa-5ff8905e44a5	6499	6000	NA	community	NA	NA	NA	Stem specific density (SSD) or wood density (stem dry mass per stem fresh volume)	g/cm^3	0.24194706185714288	0.12882485509372946	
individualtimelinenode_9a793e68-13ff-4595-b5aa-5ff8905e44a5	6999	6500	NA	community	NA	NA	NA	Leaf area (in case of compound leaves: leaf, petiole included)	mm^2	555.9935042745999	825.7385452472907	
individualtimelinenode_9a793e68-13ff-4595-b5aa-5ff8905e44a5	6999	6500	NA	community	NA	NA	NA	Leaf nitrogen (N) content per leaf dry mass	mg/g	20.232391089692307	6.8586988301932745	
individualtimelinenode_9a793e68-13ff-4595-b5aa-5ff8905e44a5	6999	6500	NA	community	NA	NA	NA	Leaf area per leaf dry mass (specific leaf area, SLA or 1/LMA): petiole included	mm^2/mg	14.999180958363636	5.283998884670649	
individualtimelinenode_9a793e68-13ff-4595-b5aa-5ff8905e44a5	6999	6500	NA	community	NA	NA	NA	Plant height vegetative	m	0.3053083032307692	0.5469007757887965	
individualtimelinenode_9a793e68-13ff-4595-b5aa-5ff8905e44a5	6999	6500	NA	community	NA	NA	NA	Seed dry mass	mg	2.037629469666667	8.495076259922213	
individualtimelinenode_9a793e68-13ff-4595-b5aa-5ff8905e44a5	6999	6500	NA	community	NA	NA	NA	Stem specific density (SSD) or wood density (stem dry mass per stem fresh volume)	g/cm^3	0.24194706185714288	0.12882485509372946	
individualtimelinenode_9a793e68-13ff-4595-b5aa-5ff8905e44a5	7499	7000	NA	community	NA	NA	NA	Leaf area (in case of compound leaves: leaf, petiole included)	mm^2	555.9935042745999	825.7385452472907	
individualtimelinenode_9a793e68-13ff-4595-b5aa-5ff8905e44a5	7499	7000	NA	community	NA	NA	NA	Leaf nitrogen (N) content per leaf dry mass	mg/g	20.232391089692307	6.8586988301932745	
individualtimelinenode_9a793e68-13ff-4595-b5aa-5ff8905e44a5	7499	7000	NA	community	NA	NA	NA	Leaf area per leaf dry mass (specific leaf area, SLA or 1/LMA): petiole included	mm^2/mg	14.999180958363636	5.283998884670649	
individualtimelinenode_9a793e68-13ff-4595-b5aa-5ff8905e44a5	7499	7000	NA	community	NA	NA	NA	Plant height vegetative	m	0.3053083032307692	0.5469007757887965	
individualtimelinenode_9a793e68-13ff-4595-b5aa-5ff8905e44a5	7499	7000	NA	community	NA	NA	NA	Seed dry mass	mg	2.037629469666667	8.495076259922213	
individualtimelinenode_9a793e68-13ff-4595-b5aa-5ff8905e44a5	7499	7000	NA	community	NA	NA	NA	Stem specific density (SSD) or wood density (stem dry mass per stem fresh volume)	g/cm^3	0.24194706185714288	0.12882485509372946	
individualtimelinenode_9a793e68-13ff-4595-b5aa-5ff8905e44a5	7999	7500	NA	community	NA	NA	NA	Leaf area (in case of compound leaves: leaf, petiole included)	mm^2	555.9935042745999	825.7385452472907	
individualtimelinenode_9a793e68-13ff-4595-b5aa-5ff8905e44a5	7999	7500	NA	community	NA	NA	NA	Leaf nitrogen (N) content per leaf dry mass	mg/g	20.232391089692307	6.8586988301932745	
individualtimelinenode_9a793e68-13ff-4595-b5aa-5ff8905e44a5	7999	7500	NA	community	NA	NA	NA	Leaf area per leaf dry mass (specific leaf area, SLA or 1/LMA): petiole included	mm^2/mg	14.999180958363636	5.283998884670649	
individualtimelinenode_9a793e68-13ff-4595-b5aa-5ff8905e44a5	7999	7500	NA	community	NA	NA	NA	Plant height vegetative	m	0.3053083032307692	0.5469007757887965	
individualtimelinenode_9a793e68-13ff-4595-b5aa-5ff8905e44a5	7999	7500	NA	community	NA	NA	NA	Seed dry mass	mg	2.037629469666667	8.495076259922213	
individualtimelinenode_9a793e68-13ff-4595-b5aa-5ff8905e44a5	7999	7500	NA	community	NA	NA	NA	Stem specific density (SSD) or wood density (stem dry mass per stem fresh volume)	g/cm^3	0.24194706185714288	0.12882485509372946	
individualtimelinenode_9a793e68-13ff-4595-b5aa-5ff8905e44a5	8499	8000	NA	community	NA	NA	NA	Leaf area (in case of compound leaves: leaf, petiole included)	mm^2	555.9935042745999	825.7385452472907	
individualtimelinenode_9a793e68-13ff-4595-b5aa-5ff8905e44a5	8499	8000	NA	community	NA	NA	NA	Leaf nitrogen (N) content per leaf dry mass	mg/g	20.232391089692307	6.8586988301932745	
individualtimelinenode_9a793e68-13ff-4595-b5aa-5ff8905e44a5	8499	8000	NA	community	NA	NA	NA	Leaf area per leaf dry mass (specific leaf area, SLA or 1/LMA): petiole included	mm^2/mg	14.999180958363636	5.283998884670649	
individualtimelinenode_9a793e68-13ff-4595-b5aa-5ff8905e44a5	8499	8000	NA	community	NA	NA	NA	Plant height vegetative	m	0.3053083032307692	0.5469007757887965	
individualtimelinenode_9a793e68-13ff-4595-b5aa-5ff8905e44a5	8499	8000	NA	community	NA	NA	NA	Seed dry mass	mg	2.037629469666667	8.495076259922213	
individualtimelinenode_9a793e68-13ff-4595-b5aa-5ff8905e44a5	8499	8000	NA	community	NA	NA	NA	Stem specific density (SSD) or wood density (stem dry mass per stem fresh volume)	g/cm^3	0.24194706185714288	0.12882485509372946	
individualtimelinenode_9a793e68-13ff-4595-b5aa-5ff8905e44a5	8999	8500	NA	community	NA	NA	NA	Leaf area (in case of compound leaves: leaf, petiole included)	mm^2	546.9469491940001	831.8819449793815	
individualtimelinenode_9a793e68-13ff-4595-b5aa-5ff8905e44a5	8999	8500	NA	community	NA	NA	NA	Leaf nitrogen (N) content per leaf dry mass	mg/g	19.422782654666666	6.864091164498463	
individualtimelinenode_9a793e68-13ff-4595-b5aa-5ff8905e44a5	8999	8500	NA	community	NA	NA	NA	Leaf area per leaf dry mass (specific leaf area, SLA or 1/LMA): petiole included	mm^2/mg	15.0500186512	5.319300476155894	
individualtimelinenode_9a793e68-13ff-4595-b5aa-5ff8905e44a5	8999	8500	NA	community	NA	NA	NA	Plant height vegetative	m	0.3132291794166666	0.7526561106174532	
individualtimelinenode_9a793e68-13ff-4595-b5aa-5ff8905e44a5	8999	8500	NA	community	NA	NA	NA	Seed dry mass	mg	2.1908230578181818	8.519294512707424	
individualtimelinenode_9a793e68-13ff-4595-b5aa-5ff8905e44a5	8999	8500	NA	community	NA	NA	NA	Stem specific density (SSD) or wood density (stem dry mass per stem fresh volume)	g/cm^3	0.25780309933333334	0.1242123108423186	
individualtimelinenode_9a793e68-13ff-4595-b5aa-5ff8905e44a5	9499	9000	NA	community	NA	NA	NA	Leaf area (in case of compound leaves: leaf, petiole included)	mm^2	546.9469491940001	831.8819449793815	
individualtimelinenode_9a793e68-13ff-4595-b5aa-5ff8905e44a5	9499	9000	NA	community	NA	NA	NA	Leaf nitrogen (N) content per leaf dry mass	mg/g	19.422782654666666	6.864091164498463	
individualtimelinenode_9a793e68-13ff-4595-b5aa-5ff8905e44a5	9499	9000	NA	community	NA	NA	NA	Leaf area per leaf dry mass (specific leaf area, SLA or 1/LMA): petiole included	mm^2/mg	15.0500186512	5.319300476155894	
individualtimelinenode_9a793e68-13ff-4595-b5aa-5ff8905e44a5	9499	9000	NA	community	NA	NA	NA	Plant height vegetative	m	0.3132291794166666	0.7526561106174532	
individualtimelinenode_9a793e68-13ff-4595-b5aa-5ff8905e44a5	9499	9000	NA	community	NA	NA	NA	Seed dry mass	mg	2.1908230578181818	8.519294512707424	
individualtimelinenode_9a793e68-13ff-4595-b5aa-5ff8905e44a5	9499	9000	NA	community	NA	NA	NA	Stem specific density (SSD) or wood density (stem dry mass per stem fresh volume)	g/cm^3	0.25780309933333334	0.1242123108423186	
individualtimelinenode_9a793e68-13ff-4595-b5aa-5ff8905e44a5	9999	9500	NA	community	NA	NA	NA	Leaf area (in case of compound leaves: leaf, petiole included)	mm^2	526.6636395932501	868.7859428174112	
individualtimelinenode_9a793e68-13ff-4595-b5aa-5ff8905e44a5	9999	9500	NA	community	NA	NA	NA	Leaf nitrogen (N) content per leaf dry mass	mg/g	19.000838651454544	6.953539312409248	
individualtimelinenode_9a793e68-13ff-4595-b5aa-5ff8905e44a5	9999	9500	NA	community	NA	NA	NA	Leaf area per leaf dry mass (specific leaf area, SLA or 1/LMA): petiole included	mm^2/mg	14.407408369111112	5.45600426366768	
individualtimelinenode_9a793e68-13ff-4595-b5aa-5ff8905e44a5	9999	9500	NA	community	NA	NA	NA	Plant height vegetative	m	0.2946863775454545	0.7528222528543935	
individualtimelinenode_9a793e68-13ff-4595-b5aa-5ff8905e44a5	9999	9500	NA	community	NA	NA	NA	Seed dry mass	mg	2.2699053636000004	8.543572001902163	
individualtimelinenode_9a793e68-13ff-4595-b5aa-5ff8905e44a5	9999	9500	NA	community	NA	NA	NA	Stem specific density (SSD) or wood density (stem dry mass per stem fresh volume)	g/cm^3	0.2914807354	NaN	
individualtimelinenode_9a793e68-13ff-4595-b5aa-5ff8905e44a5	10499	10000	NA	community	NA	NA	NA	Leaf area (in case of compound leaves: leaf, petiole included)	mm^2	721.0470287800001	891.5010225293929	
individualtimelinenode_9a793e68-13ff-4595-b5aa-5ff8905e44a5	10499	10000	NA	community	NA	NA	NA	Leaf nitrogen (N) content per leaf dry mass	mg/g	21.126635736599997	7.25705565721973	
individualtimelinenode_9a793e68-13ff-4595-b5aa-5ff8905e44a5	10499	10000	NA	community	NA	NA	NA	Leaf area per leaf dry mass (specific leaf area, SLA or 1/LMA): petiole included	mm^2/mg	17.99150272875	5.5436037638339695	
individualtimelinenode_9a793e68-13ff-4595-b5aa-5ff8905e44a5	10499	10000	NA	community	NA	NA	NA	Plant height vegetative	m	0.35458878949999995	0.7742951945944652	
individualtimelinenode_9a793e68-13ff-4595-b5aa-5ff8905e44a5	10499	10000	NA	community	NA	NA	NA	Seed dry mass	mg	1.9105647991111114	0.7689865718533183	
individualtimelinenode_9a793e68-13ff-4595-b5aa-5ff8905e44a5	10499	10000	NA	community	NA	NA	NA	Stem specific density (SSD) or wood density (stem dry mass per stem fresh volume)	g/cm^3	NaN	NaN	
individualtimelinenode_9a793e68-13ff-4595-b5aa-5ff8905e44a5	10999	10500	NA	community	NA	NA	NA	Leaf area (in case of compound leaves: leaf, petiole included)	mm^2	721.0470287800001	891.5010225293929	
individualtimelinenode_9a793e68-13ff-4595-b5aa-5ff8905e44a5	10999	10500	NA	community	NA	NA	NA	Leaf nitrogen (N) content per leaf dry mass	mg/g	21.126635736599997	7.25705565721973	
individualtimelinenode_9a793e68-13ff-4595-b5aa-5ff8905e44a5	10999	10500	NA	community	NA	NA	NA	Leaf area per leaf dry mass (specific leaf area, SLA or 1/LMA): petiole included	mm^2/mg	17.99150272875	5.5436037638339695	
individualtimelinenode_9a793e68-13ff-4595-b5aa-5ff8905e44a5	10999	10500	NA	community	NA	NA	NA	Plant height vegetative	m	0.35458878949999995	0.7742951945944652	
individualtimelinenode_9a793e68-13ff-4595-b5aa-5ff8905e44a5	10999	10500	NA	community	NA	NA	NA	Seed dry mass	mg	1.9105647991111114	0.7689865718533183	
individualtimelinenode_9a793e68-13ff-4595-b5aa-5ff8905e44a5	10999	10500	NA	community	NA	NA	NA	Stem specific density (SSD) or wood density (stem dry mass per stem fresh volume)	g/cm^3	NaN	NaN	
individualtimelinenode_9a793e68-13ff-4595-b5aa-5ff8905e44a5	11499	11000	NA	community	NA	NA	NA	Leaf area (in case of compound leaves: leaf, petiole included)	mm^2	721.0470287800001	891.5010225293929	
individualtimelinenode_9a793e68-13ff-4595-b5aa-5ff8905e44a5	11499	11000	NA	community	NA	NA	NA	Leaf nitrogen (N) content per leaf dry mass	mg/g	21.126635736599997	7.25705565721973	
individualtimelinenode_9a793e68-13ff-4595-b5aa-5ff8905e44a5	11499	11000	NA	community	NA	NA	NA	Leaf area per leaf dry mass (specific leaf area, SLA or 1/LMA): petiole included	mm^2/mg	17.99150272875	5.5436037638339695	
individualtimelinenode_9a793e68-13ff-4595-b5aa-5ff8905e44a5	11499	11000	NA	community	NA	NA	NA	Plant height vegetative	m	0.35458878949999995	0.7742951945944652	
individualtimelinenode_9a793e68-13ff-4595-b5aa-5ff8905e44a5	11499	11000	NA	community	NA	NA	NA	Seed dry mass	mg	1.9105647991111114	0.7689865718533183	
individualtimelinenode_9a793e68-13ff-4595-b5aa-5ff8905e44a5	11499	11000	NA	community	NA	NA	NA	Stem specific density (SSD) or wood density (stem dry mass per stem fresh volume)	g/cm^3	NaN	NaN	
individualtimelinenode_9a793e68-13ff-4595-b5aa-5ff8905e44a5	11999	11500	NA	community	NA	NA	NA	Leaf area (in case of compound leaves: leaf, petiole included)	mm^2	641.4874206440002	874.9135427393213	
individualtimelinenode_9a793e68-13ff-4595-b5aa-5ff8905e44a5	11999	11500	NA	community	NA	NA	NA	Leaf nitrogen (N) content per leaf dry mass	mg/g	19.885897597166664	6.977852561461028	
individualtimelinenode_9a793e68-13ff-4595-b5aa-5ff8905e44a5	11999	11500	NA	community	NA	NA	NA	Leaf area per leaf dry mass (specific leaf area, SLA or 1/LMA): petiole included	mm^2/mg	16.2672322958	5.446660654123549	
individualtimelinenode_9a793e68-13ff-4595-b5aa-5ff8905e44a5	11999	11500	NA	community	NA	NA	NA	Plant height vegetative	m	0.31679902074999994	0.7564670159468168	
individualtimelinenode_9a793e68-13ff-4595-b5aa-5ff8905e44a5	11999	11500	NA	community	NA	NA	NA	Seed dry mass	mg	2.180899829363636	5.836118857877685	
individualtimelinenode_9a793e68-13ff-4595-b5aa-5ff8905e44a5	11999	11500	NA	community	NA	NA	NA	Stem specific density (SSD) or wood density (stem dry mass per stem fresh volume)	g/cm^3	0.21065011	NaN	
individualtimelinenode_9a793e68-13ff-4595-b5aa-5ff8905e44a5	12499	12000	NA	community	NA	NA	NA	Leaf area (in case of compound leaves: leaf, petiole included)	mm^2	641.4874206440002	874.9135427393213	
individualtimelinenode_9a793e68-13ff-4595-b5aa-5ff8905e44a5	12499	12000	NA	community	NA	NA	NA	Leaf nitrogen (N) content per leaf dry mass	mg/g	19.885897597166664	6.977852561461028	
individualtimelinenode_9a793e68-13ff-4595-b5aa-5ff8905e44a5	12499	12000	NA	community	NA	NA	NA	Leaf area per leaf dry mass (specific leaf area, SLA or 1/LMA): petiole included	mm^2/mg	16.2672322958	5.446660654123549	
individualtimelinenode_9a793e68-13ff-4595-b5aa-5ff8905e44a5	12499	12000	NA	community	NA	NA	NA	Plant height vegetative	m	0.31679902074999994	0.7564670159468168	
individualtimelinenode_9a793e68-13ff-4595-b5aa-5ff8905e44a5	12499	12000	NA	community	NA	NA	NA	Seed dry mass	mg	2.180899829363636	5.836118857877685	
individualtimelinenode_9a793e68-13ff-4595-b5aa-5ff8905e44a5	12499	12000	NA	community	NA	NA	NA	Stem specific density (SSD) or wood density (stem dry mass per stem fresh volume)	g/cm^3	0.21065011	NaN	
individualtimelinenode_55605ff3-9812-494e-82f3-2695069b87fa	499	0	NA	community	NA	NA	NA	Leaf area (in case of compound leaves: leaf, petiole included)	unknown unit	817.385118225	857.9726082410208	
individualtimelinenode_55605ff3-9812-494e-82f3-2695069b87fa	499	0	NA	community	NA	NA	NA	Leaf nitrogen (N) content per leaf dry mass	unknown unit	24.83771391666666	7.3492737611215855	
individualtimelinenode_55605ff3-9812-494e-82f3-2695069b87fa	499	0	NA	community	NA	NA	NA	Leaf area per leaf dry mass (specific leaf area, SLA or 1/LMA): petiole included	unknown unit	14.605217536666666	4.674025785655068	
individualtimelinenode_55605ff3-9812-494e-82f3-2695069b87fa	499	0	NA	community	NA	NA	NA	Plant height vegetative	unknown unit	0.36540677675	0.679977009548289	
individualtimelinenode_55605ff3-9812-494e-82f3-2695069b87fa	499	0	NA	community	NA	NA	NA	Seed dry mass	unknown unit	2.2003753561249995	1.912280364078265	
individualtimelinenode_55605ff3-9812-494e-82f3-2695069b87fa	499	0	NA	community	NA	NA	NA	Stem specific density (SSD) or wood density (stem dry mass per stem fresh volume)	unknown unit	0.1955470075	NaN	
individualtimelinenode_55605ff3-9812-494e-82f3-2695069b87fa	999	500	NA	community	NA	NA	NA	Leaf area (in case of compound leaves: leaf, petiole included)	unknown unit	817.385118225	857.9726082410208	
individualtimelinenode_55605ff3-9812-494e-82f3-2695069b87fa	999	500	NA	community	NA	NA	NA	Leaf nitrogen (N) content per leaf dry mass	unknown unit	24.83771391666666	7.3492737611215855	
individualtimelinenode_55605ff3-9812-494e-82f3-2695069b87fa	999	500	NA	community	NA	NA	NA	Leaf area per leaf dry mass (specific leaf area, SLA or 1/LMA): petiole included	unknown unit	14.605217536666666	4.674025785655068	
individualtimelinenode_55605ff3-9812-494e-82f3-2695069b87fa	999	500	NA	community	NA	NA	NA	Plant height vegetative	unknown unit	0.36540677675	0.679977009548289	
individualtimelinenode_55605ff3-9812-494e-82f3-2695069b87fa	999	500	NA	community	NA	NA	NA	Seed dry mass	unknown unit	2.2003753561249995	1.912280364078265	
individualtimelinenode_55605ff3-9812-494e-82f3-2695069b87fa	999	500	NA	community	NA	NA	NA	Stem specific density (SSD) or wood density (stem dry mass per stem fresh volume)	unknown unit	0.1955470075	NaN	
individualtimelinenode_55605ff3-9812-494e-82f3-2695069b87fa	1499	1000	NA	community	NA	NA	NA	Leaf area (in case of compound leaves: leaf, petiole included)	unknown unit	817.385118225	857.9726082410208	
individualtimelinenode_55605ff3-9812-494e-82f3-2695069b87fa	1499	1000	NA	community	NA	NA	NA	Leaf nitrogen (N) content per leaf dry mass	unknown unit	24.83771391666666	7.3492737611215855	
individualtimelinenode_55605ff3-9812-494e-82f3-2695069b87fa	1499	1000	NA	community	NA	NA	NA	Leaf area per leaf dry mass (specific leaf area, SLA or 1/LMA): petiole included	unknown unit	14.605217536666666	4.674025785655068	
individualtimelinenode_55605ff3-9812-494e-82f3-2695069b87fa	1499	1000	NA	community	NA	NA	NA	Plant height vegetative	unknown unit	0.36540677675	0.679977009548289	
individualtimelinenode_55605ff3-9812-494e-82f3-2695069b87fa	1499	1000	NA	community	NA	NA	NA	Seed dry mass	unknown unit	2.2003753561249995	1.912280364078265	
individualtimelinenode_55605ff3-9812-494e-82f3-2695069b87fa	1499	1000	NA	community	NA	NA	NA	Stem specific density (SSD) or wood density (stem dry mass per stem fresh volume)	unknown unit	0.1955470075	NaN	
individualtimelinenode_55605ff3-9812-494e-82f3-2695069b87fa	1999	1500	NA	community	NA	NA	NA	Leaf area (in case of compound leaves: leaf, petiole included)	unknown unit	817.385118225	857.9726082410208	
individualtimelinenode_55605ff3-9812-494e-82f3-2695069b87fa	1999	1500	NA	community	NA	NA	NA	Leaf nitrogen (N) content per leaf dry mass	unknown unit	24.83771391666666	7.3492737611215855	
individualtimelinenode_55605ff3-9812-494e-82f3-2695069b87fa	1999	1500	NA	community	NA	NA	NA	Leaf area per leaf dry mass (specific leaf area, SLA or 1/LMA): petiole included	unknown unit	14.605217536666666	4.674025785655068	
individualtimelinenode_55605ff3-9812-494e-82f3-2695069b87fa	1999	1500	NA	community	NA	NA	NA	Plant height vegetative	unknown unit	0.36540677675	0.679977009548289	
individualtimelinenode_55605ff3-9812-494e-82f3-2695069b87fa	1999	1500	NA	community	NA	NA	NA	Seed dry mass	unknown unit	2.2003753561249995	1.912280364078265	
individualtimelinenode_55605ff3-9812-494e-82f3-2695069b87fa	1999	1500	NA	community	NA	NA	NA	Stem specific density (SSD) or wood density (stem dry mass per stem fresh volume)	unknown unit	0.1955470075	NaN	
individualtimelinenode_55605ff3-9812-494e-82f3-2695069b87fa	2499	2000	NA	community	NA	NA	NA	Leaf area (in case of compound leaves: leaf, petiole included)	unknown unit	817.385118225	857.9726082410208	
individualtimelinenode_55605ff3-9812-494e-82f3-2695069b87fa	2499	2000	NA	community	NA	NA	NA	Leaf nitrogen (N) content per leaf dry mass	unknown unit	24.83771391666666	7.3492737611215855	
individualtimelinenode_55605ff3-9812-494e-82f3-2695069b87fa	2499	2000	NA	community	NA	NA	NA	Leaf area per leaf dry mass (specific leaf area, SLA or 1/LMA): petiole included	unknown unit	14.605217536666666	4.674025785655068	
individualtimelinenode_55605ff3-9812-494e-82f3-2695069b87fa	2499	2000	NA	community	NA	NA	NA	Plant height vegetative	unknown unit	0.36540677675	0.679977009548289	
individualtimelinenode_55605ff3-9812-494e-82f3-2695069b87fa	2499	2000	NA	community	NA	NA	NA	Seed dry mass	unknown unit	2.2003753561249995	1.912280364078265	
individualtimelinenode_55605ff3-9812-494e-82f3-2695069b87fa	2499	2000	NA	community	NA	NA	NA	Stem specific density (SSD) or wood density (stem dry mass per stem fresh volume)	unknown unit	0.1955470075	NaN	
individualtimelinenode_55605ff3-9812-494e-82f3-2695069b87fa	2999	2500	NA	community	NA	NA	NA	Leaf area (in case of compound leaves: leaf, petiole included)	unknown unit	817.385118225	857.9726082410208	
individualtimelinenode_55605ff3-9812-494e-82f3-2695069b87fa	2999	2500	NA	community	NA	NA	NA	Leaf nitrogen (N) content per leaf dry mass	unknown unit	24.83771391666666	7.3492737611215855	
individualtimelinenode_55605ff3-9812-494e-82f3-2695069b87fa	2999	2500	NA	community	NA	NA	NA	Leaf area per leaf dry mass (specific leaf area, SLA or 1/LMA): petiole included	unknown unit	14.605217536666666	4.674025785655068	
individualtimelinenode_55605ff3-9812-494e-82f3-2695069b87fa	2999	2500	NA	community	NA	NA	NA	Plant height vegetative	unknown unit	0.36540677675	0.679977009548289	
individualtimelinenode_55605ff3-9812-494e-82f3-2695069b87fa	2999	2500	NA	community	NA	NA	NA	Seed dry mass	unknown unit	2.2003753561249995	1.912280364078265	
individualtimelinenode_55605ff3-9812-494e-82f3-2695069b87fa	2999	2500	NA	community	NA	NA	NA	Stem specific density (SSD) or wood density (stem dry mass per stem fresh volume)	unknown unit	0.1955470075	NaN	
individualtimelinenode_55605ff3-9812-494e-82f3-2695069b87fa	3499	3000	NA	community	NA	NA	NA	Leaf area (in case of compound leaves: leaf, petiole included)	unknown unit	NaN	NaN	
individualtimelinenode_55605ff3-9812-494e-82f3-2695069b87fa	3499	3000	NA	community	NA	NA	NA	Leaf nitrogen (N) content per leaf dry mass	unknown unit	23.815718237999995	7.367004661191438	
individualtimelinenode_55605ff3-9812-494e-82f3-2695069b87fa	3499	3000	NA	community	NA	NA	NA	Leaf area per leaf dry mass (specific leaf area, SLA or 1/LMA): petiole included	unknown unit	14.628100237999998	4.736295556826592	
individualtimelinenode_55605ff3-9812-494e-82f3-2695069b87fa	3499	3000	NA	community	NA	NA	NA	Plant height vegetative	unknown unit	0.38757091785714287	1.4290447119405707	
individualtimelinenode_55605ff3-9812-494e-82f3-2695069b87fa	3499	3000	NA	community	NA	NA	NA	Seed dry mass	unknown unit	2.464357549857142	1.930300622334111	
individualtimelinenode_55605ff3-9812-494e-82f3-2695069b87fa	3499	3000	NA	community	NA	NA	NA	Stem specific density (SSD) or wood density (stem dry mass per stem fresh volume)	unknown unit	NaN	NaN	
individualtimelinenode_55605ff3-9812-494e-82f3-2695069b87fa	3999	3500	NA	community	NA	NA	NA	Leaf area (in case of compound leaves: leaf, petiole included)	unknown unit	NaN	NaN	
individualtimelinenode_55605ff3-9812-494e-82f3-2695069b87fa	3999	3500	NA	community	NA	NA	NA	Leaf nitrogen (N) content per leaf dry mass	unknown unit	23.815718237999995	7.367004661191438	
individualtimelinenode_55605ff3-9812-494e-82f3-2695069b87fa	3999	3500	NA	community	NA	NA	NA	Leaf area per leaf dry mass (specific leaf area, SLA or 1/LMA): petiole included	unknown unit	14.628100237999998	4.736295556826592	
individualtimelinenode_55605ff3-9812-494e-82f3-2695069b87fa	3999	3500	NA	community	NA	NA	NA	Plant height vegetative	unknown unit	0.38757091785714287	1.4290447119405707	
individualtimelinenode_55605ff3-9812-494e-82f3-2695069b87fa	3999	3500	NA	community	NA	NA	NA	Seed dry mass	unknown unit	2.464357549857142	1.930300622334111	
individualtimelinenode_55605ff3-9812-494e-82f3-2695069b87fa	3999	3500	NA	community	NA	NA	NA	Stem specific density (SSD) or wood density (stem dry mass per stem fresh volume)	unknown unit	NaN	NaN	
individualtimelinenode_55605ff3-9812-494e-82f3-2695069b87fa	4499	4000	NA	community	NA	NA	NA	Leaf area (in case of compound leaves: leaf, petiole included)	unknown unit	NaN	NaN	
individualtimelinenode_55605ff3-9812-494e-82f3-2695069b87fa	4499	4000	NA	community	NA	NA	NA	Leaf nitrogen (N) content per leaf dry mass	unknown unit	22.363098531666665	7.288943621289158	
individualtimelinenode_55605ff3-9812-494e-82f3-2695069b87fa	4499	4000	NA	community	NA	NA	NA	Leaf area per leaf dry mass (specific leaf area, SLA or 1/LMA): petiole included	unknown unit	15.119083531666666	4.704149327068394	
individualtimelinenode_55605ff3-9812-494e-82f3-2695069b87fa	4499	4000	NA	community	NA	NA	NA	Plant height vegetative	unknown unit	0.35132602375	1.335519813059499	
individualtimelinenode_55605ff3-9812-494e-82f3-2695069b87fa	4499	4000	NA	community	NA	NA	NA	Seed dry mass	unknown unit	2.1610955942499994	1.7265176433328935	
individualtimelinenode_55605ff3-9812-494e-82f3-2695069b87fa	4499	4000	NA	community	NA	NA	NA	Stem specific density (SSD) or wood density (stem dry mass per stem fresh volume)	unknown unit	NaN	NaN	
individualtimelinenode_55605ff3-9812-494e-82f3-2695069b87fa	4999	4500	NA	community	NA	NA	NA	Leaf area (in case of compound leaves: leaf, petiole included)	unknown unit	689.2236598999999	862.8574384758508	
individualtimelinenode_55605ff3-9812-494e-82f3-2695069b87fa	4999	4500	NA	community	NA	NA	NA	Leaf nitrogen (N) content per leaf dry mass	unknown unit	21.175740719999997	7.417313512917561	
individualtimelinenode_55605ff3-9812-494e-82f3-2695069b87fa	4999	4500	NA	community	NA	NA	NA	Leaf area per leaf dry mass (specific leaf area, SLA or 1/LMA): petiole included	unknown unit	15.096401827142856	4.778512169694901	
individualtimelinenode_55605ff3-9812-494e-82f3-2695069b87fa	4999	4500	NA	community	NA	NA	NA	Plant height vegetative	unknown unit	0.40581894177777783	1.5417817288170612	
individualtimelinenode_55605ff3-9812-494e-82f3-2695069b87fa	4999	4500	NA	community	NA	NA	NA	Seed dry mass	unknown unit	2.1610955942499994	1.7265176433328935	
individualtimelinenode_55605ff3-9812-494e-82f3-2695069b87fa	4999	4500	NA	community	NA	NA	NA	Stem specific density (SSD) or wood density (stem dry mass per stem fresh volume)	unknown unit	0.20962812675000003	NaN	
individualtimelinenode_55605ff3-9812-494e-82f3-2695069b87fa	5499	5000	NA	community	NA	NA	NA	Leaf area (in case of compound leaves: leaf, petiole included)	unknown unit	689.2236598999999	862.8574384758508	
individualtimelinenode_55605ff3-9812-494e-82f3-2695069b87fa	5499	5000	NA	community	NA	NA	NA	Leaf nitrogen (N) content per leaf dry mass	unknown unit	21.175740719999997	7.417313512917561	
individualtimelinenode_55605ff3-9812-494e-82f3-2695069b87fa	5499	5000	NA	community	NA	NA	NA	Leaf area per leaf dry mass (specific leaf area, SLA or 1/LMA): petiole included	unknown unit	15.096401827142856	4.778512169694901	
individualtimelinenode_55605ff3-9812-494e-82f3-2695069b87fa	5499	5000	NA	community	NA	NA	NA	Plant height vegetative	unknown unit	0.40581894177777783	1.5417817288170612	
individualtimelinenode_55605ff3-9812-494e-82f3-2695069b87fa	5499	5000	NA	community	NA	NA	NA	Seed dry mass	unknown unit	2.1610955942499994	1.7265176433328935	
individualtimelinenode_55605ff3-9812-494e-82f3-2695069b87fa	5499	5000	NA	community	NA	NA	NA	Stem specific density (SSD) or wood density (stem dry mass per stem fresh volume)	unknown unit	0.20962812675000003	NaN	
individualtimelinenode_55605ff3-9812-494e-82f3-2695069b87fa	5999	5500	NA	community	NA	NA	NA	Leaf area (in case of compound leaves: leaf, petiole included)	unknown unit	689.2236598999999	862.8574384758508	
individualtimelinenode_55605ff3-9812-494e-82f3-2695069b87fa	5999	5500	NA	community	NA	NA	NA	Leaf nitrogen (N) content per leaf dry mass	unknown unit	22.18836417333333	7.49409634649159	
individualtimelinenode_55605ff3-9812-494e-82f3-2695069b87fa	5999	5500	NA	community	NA	NA	NA	Leaf area per leaf dry mass (specific leaf area, SLA or 1/LMA): petiole included	unknown unit	14.683468798333331	4.811521263855352	
individualtimelinenode_55605ff3-9812-494e-82f3-2695069b87fa	5999	5500	NA	community	NA	NA	NA	Plant height vegetative	unknown unit	0.4443448388750001	1.5982382445052716	
individualtimelinenode_55605ff3-9812-494e-82f3-2695069b87fa	5999	5500	NA	community	NA	NA	NA	Seed dry mass	unknown unit	2.464357549857142	1.930300622334111	
individualtimelinenode_55605ff3-9812-494e-82f3-2695069b87fa	5999	5500	NA	community	NA	NA	NA	Stem specific density (SSD) or wood density (stem dry mass per stem fresh volume)	unknown unit	0.20962812675000003	NaN	
individualtimelinenode_55605ff3-9812-494e-82f3-2695069b87fa	6499	6000	NA	community	NA	NA	NA	Leaf area (in case of compound leaves: leaf, petiole included)	unknown unit	678.86142792	847.6173882700316	
individualtimelinenode_55605ff3-9812-494e-82f3-2695069b87fa	6499	6000	NA	community	NA	NA	NA	Leaf nitrogen (N) content per leaf dry mass	unknown unit	23.29683962142857	7.474744784884121	
individualtimelinenode_55605ff3-9812-494e-82f3-2695069b87fa	6499	6000	NA	community	NA	NA	NA	Leaf area per leaf dry mass (specific leaf area, SLA or 1/LMA): petiole included	unknown unit	14.65594526	4.748959617687241	
individualtimelinenode_55605ff3-9812-494e-82f3-2695069b87fa	6499	6000	NA	community	NA	NA	NA	Plant height vegetative	unknown unit	0.41833516666666676	0.9508721919648037	
individualtimelinenode_55605ff3-9812-494e-82f3-2695069b87fa	6499	6000	NA	community	NA	NA	NA	Seed dry mass	unknown unit	2.2003753561249995	1.912280364078265	
individualtimelinenode_55605ff3-9812-494e-82f3-2695069b87fa	6499	6000	NA	community	NA	NA	NA	Stem specific density (SSD) or wood density (stem dry mass per stem fresh volume)	unknown unit	0.1970646688	NaN	
individualtimelinenode_55605ff3-9812-494e-82f3-2695069b87fa	6999	6500	NA	community	NA	NA	NA	Leaf area (in case of compound leaves: leaf, petiole included)	unknown unit	817.385118225	857.9726082410208	
individualtimelinenode_55605ff3-9812-494e-82f3-2695069b87fa	6999	6500	NA	community	NA	NA	NA	Leaf nitrogen (N) content per leaf dry mass	unknown unit	24.83771391666666	7.3492737611215855	
individualtimelinenode_55605ff3-9812-494e-82f3-2695069b87fa	6999	6500	NA	community	NA	NA	NA	Leaf area per leaf dry mass (specific leaf area, SLA or 1/LMA): petiole included	unknown unit	14.605217536666666	4.674025785655068	
individualtimelinenode_55605ff3-9812-494e-82f3-2695069b87fa	6999	6500	NA	community	NA	NA	NA	Plant height vegetative	unknown unit	0.36540677675	0.679977009548289	
individualtimelinenode_55605ff3-9812-494e-82f3-2695069b87fa	6999	6500	NA	community	NA	NA	NA	Seed dry mass	unknown unit	2.2003753561249995	1.912280364078265	
individualtimelinenode_55605ff3-9812-494e-82f3-2695069b87fa	6999	6500	NA	community	NA	NA	NA	Stem specific density (SSD) or wood density (stem dry mass per stem fresh volume)	unknown unit	0.1955470075	NaN	
individualtimelinenode_55605ff3-9812-494e-82f3-2695069b87fa	7499	7000	NA	community	NA	NA	NA	Leaf area (in case of compound leaves: leaf, petiole included)	unknown unit	NaN	NaN	
individualtimelinenode_55605ff3-9812-494e-82f3-2695069b87fa	7499	7000	NA	community	NA	NA	NA	Leaf nitrogen (N) content per leaf dry mass	unknown unit	20.069647797499996	7.370240150258123	
individualtimelinenode_55605ff3-9812-494e-82f3-2695069b87fa	7499	7000	NA	community	NA	NA	NA	Leaf area per leaf dry mass (specific leaf area, SLA or 1/LMA): petiole included	unknown unit	14.628100237999998	4.736295556826592	
individualtimelinenode_55605ff3-9812-494e-82f3-2695069b87fa	7499	7000	NA	community	NA	NA	NA	Plant height vegetative	unknown unit	0.42583607083333336	1.4910346199742845	
individualtimelinenode_55605ff3-9812-494e-82f3-2695069b87fa	7499	7000	NA	community	NA	NA	NA	Seed dry mass	unknown unit	2.7682520458333326	2.1465830135598396	
individualtimelinenode_55605ff3-9812-494e-82f3-2695069b87fa	7499	7000	NA	community	NA	NA	NA	Stem specific density (SSD) or wood density (stem dry mass per stem fresh volume)	unknown unit	NaN	NaN	
individualtimelinenode_55605ff3-9812-494e-82f3-2695069b87fa	7999	7500	NA	community	NA	NA	NA	Leaf area (in case of compound leaves: leaf, petiole included)	unknown unit	NaN	NaN	
individualtimelinenode_55605ff3-9812-494e-82f3-2695069b87fa	7999	7500	NA	community	NA	NA	NA	Leaf nitrogen (N) content per leaf dry mass	unknown unit	20.694336391666663	7.685507912545805	
individualtimelinenode_55605ff3-9812-494e-82f3-2695069b87fa	7999	7500	NA	community	NA	NA	NA	Leaf area per leaf dry mass (specific leaf area, SLA or 1/LMA): petiole included	unknown unit	14.140216933333333	5.029139116673836	
individualtimelinenode_55605ff3-9812-494e-82f3-2695069b87fa	7999	7500	NA	community	NA	NA	NA	Plant height vegetative	unknown unit	0.3918963095000001	1.544485492773959	
individualtimelinenode_55605ff3-9812-494e-82f3-2695069b87fa	7999	7500	NA	community	NA	NA	NA	Seed dry mass	unknown unit	2.269823536285714	1.7377072998114351	
individualtimelinenode_55605ff3-9812-494e-82f3-2695069b87fa	7999	7500	NA	community	NA	NA	NA	Stem specific density (SSD) or wood density (stem dry mass per stem fresh volume)	unknown unit	NaN	NaN	
individualtimelinenode_55605ff3-9812-494e-82f3-2695069b87fa	8499	8000	NA	community	NA	NA	NA	Leaf area (in case of compound leaves: leaf, petiole included)	unknown unit	NaN	NaN	
individualtimelinenode_55605ff3-9812-494e-82f3-2695069b87fa	8499	8000	NA	community	NA	NA	NA	Leaf nitrogen (N) content per leaf dry mass	unknown unit	NaN	NaN	
individualtimelinenode_55605ff3-9812-494e-82f3-2695069b87fa	8499	8000	NA	community	NA	NA	NA	Leaf area per leaf dry mass (specific leaf area, SLA or 1/LMA): petiole included	unknown unit	NaN	NaN	
individualtimelinenode_55605ff3-9812-494e-82f3-2695069b87fa	8499	8000	NA	community	NA	NA	NA	Plant height vegetative	unknown unit	NaN	NaN	
individualtimelinenode_55605ff3-9812-494e-82f3-2695069b87fa	8499	8000	NA	community	NA	NA	NA	Seed dry mass	unknown unit	NaN	NaN	
individualtimelinenode_55605ff3-9812-494e-82f3-2695069b87fa	8499	8000	NA	community	NA	NA	NA	Stem specific density (SSD) or wood density (stem dry mass per stem fresh volume)	unknown unit	NaN	NaN	
individualtimelinenode_f2c05308-7e21-4516-8d8f-a0c1e9295e59	499	0	NA	community	NA	NA	NA	Leaf area (in case of compound leaves: leaf, petiole included)	unknown unit	500.63518135714287	538.9219293631666	
individualtimelinenode_f2c05308-7e21-4516-8d8f-a0c1e9295e59	499	0	NA	community	NA	NA	NA	Leaf nitrogen (N) content per leaf dry mass	unknown unit	20.805665568888887	7.478016819236582	
individualtimelinenode_f2c05308-7e21-4516-8d8f-a0c1e9295e59	499	0	NA	community	NA	NA	NA	Leaf area per leaf dry mass (specific leaf area, SLA or 1/LMA): petiole included	unknown unit	18.85907855875	10.009107992418752	
individualtimelinenode_f2c05308-7e21-4516-8d8f-a0c1e9295e59	499	0	NA	community	NA	NA	NA	Plant height vegetative	unknown unit	0.3145379418888889	0.5526904735666084	
individualtimelinenode_f2c05308-7e21-4516-8d8f-a0c1e9295e59	499	0	NA	community	NA	NA	NA	Seed dry mass	unknown unit	1.9073532876666666	0.5949910063598162	
individualtimelinenode_f2c05308-7e21-4516-8d8f-a0c1e9295e59	499	0	NA	community	NA	NA	NA	Stem specific density (SSD) or wood density (stem dry mass per stem fresh volume)	unknown unit	0.20900141716666668	0.958193702408421	
individualtimelinenode_f2c05308-7e21-4516-8d8f-a0c1e9295e59	999	500	NA	community	NA	NA	NA	Leaf area (in case of compound leaves: leaf, petiole included)	unknown unit	323.7734689166667	473.21184759677783	
individualtimelinenode_f2c05308-7e21-4516-8d8f-a0c1e9295e59	999	500	NA	community	NA	NA	NA	Leaf nitrogen (N) content per leaf dry mass	unknown unit	21.99816009375	7.585582971565899	
individualtimelinenode_f2c05308-7e21-4516-8d8f-a0c1e9295e59	999	500	NA	community	NA	NA	NA	Leaf area per leaf dry mass (specific leaf area, SLA or 1/LMA): petiole included	unknown unit	18.502791948749998	10.312585379688791	
individualtimelinenode_f2c05308-7e21-4516-8d8f-a0c1e9295e59	999	500	NA	community	NA	NA	NA	Plant height vegetative	unknown unit	0.1416521834	0.2147002665429187	
individualtimelinenode_f2c05308-7e21-4516-8d8f-a0c1e9295e59	999	500	NA	community	NA	NA	NA	Seed dry mass	unknown unit	0.3347330779	0.32437745598472434	
individualtimelinenode_f2c05308-7e21-4516-8d8f-a0c1e9295e59	999	500	NA	community	NA	NA	NA	Stem specific density (SSD) or wood density (stem dry mass per stem fresh volume)	unknown unit	0.20900141716666668	0.958193702408421	
individualtimelinenode_f2c05308-7e21-4516-8d8f-a0c1e9295e59	1499	1000	NA	community	NA	NA	NA	Leaf area (in case of compound leaves: leaf, petiole included)	unknown unit	323.7734689166667	473.21184759677783	
individualtimelinenode_f2c05308-7e21-4516-8d8f-a0c1e9295e59	1499	1000	NA	community	NA	NA	NA	Leaf nitrogen (N) content per leaf dry mass	unknown unit	21.99816009375	7.585582971565899	
individualtimelinenode_f2c05308-7e21-4516-8d8f-a0c1e9295e59	1499	1000	NA	community	NA	NA	NA	Leaf area per leaf dry mass (specific leaf area, SLA or 1/LMA): petiole included	unknown unit	18.502791948749998	10.312585379688791	
individualtimelinenode_f2c05308-7e21-4516-8d8f-a0c1e9295e59	1499	1000	NA	community	NA	NA	NA	Plant height vegetative	unknown unit	0.1416521834	0.2147002665429187	
individualtimelinenode_f2c05308-7e21-4516-8d8f-a0c1e9295e59	1499	1000	NA	community	NA	NA	NA	Seed dry mass	unknown unit	0.3347330779	0.32437745598472434	
individualtimelinenode_f2c05308-7e21-4516-8d8f-a0c1e9295e59	1499	1000	NA	community	NA	NA	NA	Stem specific density (SSD) or wood density (stem dry mass per stem fresh volume)	unknown unit	0.20900141716666668	0.958193702408421	
individualtimelinenode_f2c05308-7e21-4516-8d8f-a0c1e9295e59	1999	1500	NA	community	NA	NA	NA	Leaf area (in case of compound leaves: leaf, petiole included)	unknown unit	323.7734689166667	473.21184759677783	
individualtimelinenode_f2c05308-7e21-4516-8d8f-a0c1e9295e59	1999	1500	NA	community	NA	NA	NA	Leaf nitrogen (N) content per leaf dry mass	unknown unit	21.99816009375	7.585582971565899	
individualtimelinenode_f2c05308-7e21-4516-8d8f-a0c1e9295e59	1999	1500	NA	community	NA	NA	NA	Leaf area per leaf dry mass (specific leaf area, SLA or 1/LMA): petiole included	unknown unit	18.502791948749998	10.312585379688791	
individualtimelinenode_f2c05308-7e21-4516-8d8f-a0c1e9295e59	1999	1500	NA	community	NA	NA	NA	Plant height vegetative	unknown unit	0.1416521834	0.2147002665429187	
individualtimelinenode_f2c05308-7e21-4516-8d8f-a0c1e9295e59	1999	1500	NA	community	NA	NA	NA	Seed dry mass	unknown unit	0.3347330779	0.32437745598472434	
individualtimelinenode_f2c05308-7e21-4516-8d8f-a0c1e9295e59	1999	1500	NA	community	NA	NA	NA	Stem specific density (SSD) or wood density (stem dry mass per stem fresh volume)	unknown unit	0.20900141716666668	0.958193702408421	
individualtimelinenode_f2c05308-7e21-4516-8d8f-a0c1e9295e59	2499	2000	NA	community	NA	NA	NA	Leaf area (in case of compound leaves: leaf, petiole included)	unknown unit	455.4307836875	538.9219293631666	
individualtimelinenode_f2c05308-7e21-4516-8d8f-a0c1e9295e59	2499	2000	NA	community	NA	NA	NA	Leaf nitrogen (N) content per leaf dry mass	unknown unit	20.234724379999996	7.383784792614666	
individualtimelinenode_f2c05308-7e21-4516-8d8f-a0c1e9295e59	2499	2000	NA	community	NA	NA	NA	Leaf area per leaf dry mass (specific leaf area, SLA or 1/LMA): petiole included	unknown unit	16.890437604545454	9.978847644935039	
individualtimelinenode_f2c05308-7e21-4516-8d8f-a0c1e9295e59	2499	2000	NA	community	NA	NA	NA	Plant height vegetative	unknown unit	0.25419273238461537	0.5429528250856666	
individualtimelinenode_f2c05308-7e21-4516-8d8f-a0c1e9295e59	2499	2000	NA	community	NA	NA	NA	Seed dry mass	unknown unit	2.875747237230769	7.795150536111663	
individualtimelinenode_f2c05308-7e21-4516-8d8f-a0c1e9295e59	2499	2000	NA	community	NA	NA	NA	Stem specific density (SSD) or wood density (stem dry mass per stem fresh volume)	unknown unit	0.22720812542857147	0.958193702408421	
individualtimelinenode_f2c05308-7e21-4516-8d8f-a0c1e9295e59	2999	2500	NA	community	NA	NA	NA	Leaf area (in case of compound leaves: leaf, petiole included)	unknown unit	470.8816254571429	541.9333947735805	
individualtimelinenode_f2c05308-7e21-4516-8d8f-a0c1e9295e59	2999	2500	NA	community	NA	NA	NA	Leaf nitrogen (N) content per leaf dry mass	unknown unit	20.193906698999996	7.392238065749247	
individualtimelinenode_f2c05308-7e21-4516-8d8f-a0c1e9295e59	2999	2500	NA	community	NA	NA	NA	Leaf area per leaf dry mass (specific leaf area, SLA or 1/LMA): petiole included	unknown unit	18.17942373888889	9.99872583768073	
individualtimelinenode_f2c05308-7e21-4516-8d8f-a0c1e9295e59	2999	2500	NA	community	NA	NA	NA	Plant height vegetative	unknown unit	0.3020558497	0.5475147440198754	
individualtimelinenode_f2c05308-7e21-4516-8d8f-a0c1e9295e59	2999	2500	NA	community	NA	NA	NA	Seed dry mass	unknown unit	3.7171600397	10.495608742940536	
individualtimelinenode_f2c05308-7e21-4516-8d8f-a0c1e9295e59	2999	2500	NA	community	NA	NA	NA	Stem specific density (SSD) or wood density (stem dry mass per stem fresh volume)	unknown unit	0.2217775851666667	0.965052444494744	
individualtimelinenode_f2c05308-7e21-4516-8d8f-a0c1e9295e59	3499	3000	NA	community	NA	NA	NA	Leaf area (in case of compound leaves: leaf, petiole included)	unknown unit	455.4307836875	538.9219293631666	
individualtimelinenode_f2c05308-7e21-4516-8d8f-a0c1e9295e59	3499	3000	NA	community	NA	NA	NA	Leaf nitrogen (N) content per leaf dry mass	unknown unit	20.234724379999996	7.383784792614666	
individualtimelinenode_f2c05308-7e21-4516-8d8f-a0c1e9295e59	3499	3000	NA	community	NA	NA	NA	Leaf area per leaf dry mass (specific leaf area, SLA or 1/LMA): petiole included	unknown unit	16.890437604545454	9.978847644935039	
individualtimelinenode_f2c05308-7e21-4516-8d8f-a0c1e9295e59	3499	3000	NA	community	NA	NA	NA	Plant height vegetative	unknown unit	0.25419273238461537	0.5429528250856666	
individualtimelinenode_f2c05308-7e21-4516-8d8f-a0c1e9295e59	3499	3000	NA	community	NA	NA	NA	Seed dry mass	unknown unit	2.875747237230769	7.795150536111663	
individualtimelinenode_f2c05308-7e21-4516-8d8f-a0c1e9295e59	3499	3000	NA	community	NA	NA	NA	Stem specific density (SSD) or wood density (stem dry mass per stem fresh volume)	unknown unit	0.22720812542857147	0.958193702408421	
individualtimelinenode_f2c05308-7e21-4516-8d8f-a0c1e9295e59	3999	3500	NA	community	NA	NA	NA	Leaf area (in case of compound leaves: leaf, petiole included)	unknown unit	297.37725907142857	473.21184759677783	
individualtimelinenode_f2c05308-7e21-4516-8d8f-a0c1e9295e59	3999	3500	NA	community	NA	NA	NA	Leaf nitrogen (N) content per leaf dry mass	unknown unit	21.131625880999998	7.480858599231087	
individualtimelinenode_f2c05308-7e21-4516-8d8f-a0c1e9295e59	3999	3500	NA	community	NA	NA	NA	Leaf area per leaf dry mass (specific leaf area, SLA or 1/LMA): petiole included	unknown unit	17.253952077	10.295209829749275	
individualtimelinenode_f2c05308-7e21-4516-8d8f-a0c1e9295e59	3999	3500	NA	community	NA	NA	NA	Plant height vegetative	unknown unit	0.14434212675	0.21363960202407856	
individualtimelinenode_f2c05308-7e21-4516-8d8f-a0c1e9295e59	3999	3500	NA	community	NA	NA	NA	Seed dry mass	unknown unit	1.9503928403333333	7.7849892203557225	
individualtimelinenode_f2c05308-7e21-4516-8d8f-a0c1e9295e59	3999	3500	NA	community	NA	NA	NA	Stem specific density (SSD) or wood density (stem dry mass per stem fresh volume)	unknown unit	0.22720812542857147	0.958193702408421	
individualtimelinenode_f2c05308-7e21-4516-8d8f-a0c1e9295e59	4499	4000	NA	community	NA	NA	NA	Leaf area (in case of compound leaves: leaf, petiole included)	unknown unit	297.37725907142857	473.21184759677783	
individualtimelinenode_f2c05308-7e21-4516-8d8f-a0c1e9295e59	4499	4000	NA	community	NA	NA	NA	Leaf nitrogen (N) content per leaf dry mass	unknown unit	21.131625880999998	7.480858599231087	
individualtimelinenode_f2c05308-7e21-4516-8d8f-a0c1e9295e59	4499	4000	NA	community	NA	NA	NA	Leaf area per leaf dry mass (specific leaf area, SLA or 1/LMA): petiole included	unknown unit	17.253952077	10.295209829749275	
individualtimelinenode_f2c05308-7e21-4516-8d8f-a0c1e9295e59	4499	4000	NA	community	NA	NA	NA	Plant height vegetative	unknown unit	0.14434212675	0.21363960202407856	
individualtimelinenode_f2c05308-7e21-4516-8d8f-a0c1e9295e59	4499	4000	NA	community	NA	NA	NA	Seed dry mass	unknown unit	1.9503928403333333	7.7849892203557225	
individualtimelinenode_f2c05308-7e21-4516-8d8f-a0c1e9295e59	4499	4000	NA	community	NA	NA	NA	Stem specific density (SSD) or wood density (stem dry mass per stem fresh volume)	unknown unit	0.22720812542857147	0.958193702408421	
individualtimelinenode_f2c05308-7e21-4516-8d8f-a0c1e9295e59	4999	4500	NA	community	NA	NA	NA	Leaf area (in case of compound leaves: leaf, petiole included)	unknown unit	470.8816254571429	541.9333947735805	
individualtimelinenode_f2c05308-7e21-4516-8d8f-a0c1e9295e59	4999	4500	NA	community	NA	NA	NA	Leaf nitrogen (N) content per leaf dry mass	unknown unit	19.73082427181818	7.349244807271444	
individualtimelinenode_f2c05308-7e21-4516-8d8f-a0c1e9295e59	4999	4500	NA	community	NA	NA	NA	Leaf area per leaf dry mass (specific leaf area, SLA or 1/LMA): petiole included	unknown unit	17.417619422727274	9.96564516039878	
individualtimelinenode_f2c05308-7e21-4516-8d8f-a0c1e9295e59	4999	4500	NA	community	NA	NA	NA	Plant height vegetative	unknown unit	0.25201927838461535	0.5388090938535915	
individualtimelinenode_f2c05308-7e21-4516-8d8f-a0c1e9295e59	4999	4500	NA	community	NA	NA	NA	Seed dry mass	unknown unit	2.8746933455384616	10.097372682950418	
individualtimelinenode_f2c05308-7e21-4516-8d8f-a0c1e9295e59	4999	4500	NA	community	NA	NA	NA	Stem specific density (SSD) or wood density (stem dry mass per stem fresh volume)	unknown unit	0.2217775851666667	0.965052444494744	
individualtimelinenode_f2c05308-7e21-4516-8d8f-a0c1e9295e59	5499	5000	NA	community	NA	NA	NA	Leaf area (in case of compound leaves: leaf, petiole included)	unknown unit	470.8816254571429	541.9333947735805	
individualtimelinenode_f2c05308-7e21-4516-8d8f-a0c1e9295e59	5499	5000	NA	community	NA	NA	NA	Leaf nitrogen (N) content per leaf dry mass	unknown unit	19.73082427181818	7.349244807271444	
individualtimelinenode_f2c05308-7e21-4516-8d8f-a0c1e9295e59	5499	5000	NA	community	NA	NA	NA	Leaf area per leaf dry mass (specific leaf area, SLA or 1/LMA): petiole included	unknown unit	18.118881365	9.980247572563734	
individualtimelinenode_f2c05308-7e21-4516-8d8f-a0c1e9295e59	5499	5000	NA	community	NA	NA	NA	Plant height vegetative	unknown unit	0.28347002381818176	0.5426600950775041	
individualtimelinenode_f2c05308-7e21-4516-8d8f-a0c1e9295e59	5499	5000	NA	community	NA	NA	NA	Seed dry mass	unknown unit	3.3827147547272727	10.350372554872488	
individualtimelinenode_f2c05308-7e21-4516-8d8f-a0c1e9295e59	5499	5000	NA	community	NA	NA	NA	Stem specific density (SSD) or wood density (stem dry mass per stem fresh volume)	unknown unit	0.2217775851666667	0.965052444494744	
individualtimelinenode_f2c05308-7e21-4516-8d8f-a0c1e9295e59	5999	5500	NA	community	NA	NA	NA	Leaf area (in case of compound leaves: leaf, petiole included)	unknown unit	518.9368963666667	542.3240978588688	
individualtimelinenode_f2c05308-7e21-4516-8d8f-a0c1e9295e59	5999	5500	NA	community	NA	NA	NA	Leaf nitrogen (N) content per leaf dry mass	unknown unit	19.845147015999995	7.430813034397326	
individualtimelinenode_f2c05308-7e21-4516-8d8f-a0c1e9295e59	5999	5500	NA	community	NA	NA	NA	Leaf area per leaf dry mass (specific leaf area, SLA or 1/LMA): petiole included	unknown unit	16.179459204	9.936587017723665	
individualtimelinenode_f2c05308-7e21-4516-8d8f-a0c1e9295e59	5999	5500	NA	community	NA	NA	NA	Plant height vegetative	unknown unit	0.26753546825	0.5397039320858937	
individualtimelinenode_f2c05308-7e21-4516-8d8f-a0c1e9295e59	5999	5500	NA	community	NA	NA	NA	Seed dry mass	unknown unit	3.0633743973333334	11.715159442635459	
individualtimelinenode_f2c05308-7e21-4516-8d8f-a0c1e9295e59	5999	5500	NA	community	NA	NA	NA	Stem specific density (SSD) or wood density (stem dry mass per stem fresh volume)	unknown unit	0.24866162500000005	0.9673904677832915	
individualtimelinenode_f2c05308-7e21-4516-8d8f-a0c1e9295e59	6499	6000	NA	community	NA	NA	NA	Leaf area (in case of compound leaves: leaf, petiole included)	mm^2	474.583922275	537.724416068677	
individualtimelinenode_f2c05308-7e21-4516-8d8f-a0c1e9295e59	6499	6000	NA	community	NA	NA	NA	Leaf nitrogen (N) content per leaf dry mass	mg/g	21.31533276333333	7.4046951353352535	
individualtimelinenode_f2c05308-7e21-4516-8d8f-a0c1e9295e59	6499	6000	NA	community	NA	NA	NA	Leaf area per leaf dry mass (specific leaf area, SLA or 1/LMA): petiole included	mm^2/mg	16.63088128916667	9.87965704074415	
individualtimelinenode_f2c05308-7e21-4516-8d8f-a0c1e9295e59	6499	6000	NA	community	NA	NA	NA	Plant height vegetative	m	0.26061310057142856	0.4594881683241958	
individualtimelinenode_f2c05308-7e21-4516-8d8f-a0c1e9295e59	6499	6000	NA	community	NA	NA	NA	Seed dry mass	mg	2.6609222783571425	9.747840636201511	
individualtimelinenode_f2c05308-7e21-4516-8d8f-a0c1e9295e59	6499	6000	NA	community	NA	NA	NA	Stem specific density (SSD) or wood density (stem dry mass per stem fresh volume)	g/cm^3	0.20559458885714288	0.9364934838546358	
individualtimelinenode_f2c05308-7e21-4516-8d8f-a0c1e9295e59	6999	6500	NA	community	NA	NA	NA	Leaf area (in case of compound leaves: leaf, petiole included)	mm^2	474.583922275	537.724416068677	
individualtimelinenode_f2c05308-7e21-4516-8d8f-a0c1e9295e59	6999	6500	NA	community	NA	NA	NA	Leaf nitrogen (N) content per leaf dry mass	mg/g	22.369180253	7.50829016547151	
individualtimelinenode_f2c05308-7e21-4516-8d8f-a0c1e9295e59	6999	6500	NA	community	NA	NA	NA	Leaf area per leaf dry mass (specific leaf area, SLA or 1/LMA): petiole included	mm^2/mg	17.745367175555558	9.917105032631065	
individualtimelinenode_f2c05308-7e21-4516-8d8f-a0c1e9295e59	6999	6500	NA	community	NA	NA	NA	Plant height vegetative	m	0.3280340932	0.4674018856939171	
individualtimelinenode_f2c05308-7e21-4516-8d8f-a0c1e9295e59	6999	6500	NA	community	NA	NA	NA	Seed dry mass	mg	3.6465137716999996	10.218805852291453	
individualtimelinenode_f2c05308-7e21-4516-8d8f-a0c1e9295e59	6999	6500	NA	community	NA	NA	NA	Stem specific density (SSD) or wood density (stem dry mass per stem fresh volume)	g/cm^3	0.18378562450000002	0.9364934838546358	
individualtimelinenode_f2c05308-7e21-4516-8d8f-a0c1e9295e59	7499	7000	NA	community	NA	NA	NA	Leaf area (in case of compound leaves: leaf, petiole included)	mm^2	474.583922275	537.724416068677	
individualtimelinenode_f2c05308-7e21-4516-8d8f-a0c1e9295e59	7499	7000	NA	community	NA	NA	NA	Leaf nitrogen (N) content per leaf dry mass	mg/g	22.369180253	7.50829016547151	
individualtimelinenode_f2c05308-7e21-4516-8d8f-a0c1e9295e59	7499	7000	NA	community	NA	NA	NA	Leaf area per leaf dry mass (specific leaf area, SLA or 1/LMA): petiole included	mm^2/mg	17.011330458	9.90271152041698	
individualtimelinenode_f2c05308-7e21-4516-8d8f-a0c1e9295e59	7499	7000	NA	community	NA	NA	NA	Plant height vegetative	m	0.2865351074166667	0.46506953986397315	
individualtimelinenode_f2c05308-7e21-4516-8d8f-a0c1e9295e59	7499	7000	NA	community	NA	NA	NA	Seed dry mass	mg	3.0521907422499996	9.97498276228861	
individualtimelinenode_f2c05308-7e21-4516-8d8f-a0c1e9295e59	7499	7000	NA	community	NA	NA	NA	Stem specific density (SSD) or wood density (stem dry mass per stem fresh volume)	g/cm^3	0.18378562450000002	0.9364934838546358	
individualtimelinenode_f2c05308-7e21-4516-8d8f-a0c1e9295e59	7999	7500	NA	community	NA	NA	NA	Leaf area (in case of compound leaves: leaf, petiole included)	mm^2	460.4384743888889	534.8773625514848	
individualtimelinenode_f2c05308-7e21-4516-8d8f-a0c1e9295e59	7999	7500	NA	community	NA	NA	NA	Leaf nitrogen (N) content per leaf dry mass	mg/g	22.212245792727273	7.499668608783832	
individualtimelinenode_f2c05308-7e21-4516-8d8f-a0c1e9295e59	7999	7500	NA	community	NA	NA	NA	Leaf area per leaf dry mass (specific leaf area, SLA or 1/LMA): petiole included	mm^2/mg	16.535300416363636	9.897627887360892	
individualtimelinenode_f2c05308-7e21-4516-8d8f-a0c1e9295e59	7999	7500	NA	community	NA	NA	NA	Plant height vegetative	m	0.2741759966153846	0.46471106454460176	
individualtimelinenode_f2c05308-7e21-4516-8d8f-a0c1e9295e59	7999	7500	NA	community	NA	NA	NA	Seed dry mass	mg	2.821403954153846	7.678836665589808	
individualtimelinenode_f2c05308-7e21-4516-8d8f-a0c1e9295e59	7999	7500	NA	community	NA	NA	NA	Stem specific density (SSD) or wood density (stem dry mass per stem fresh volume)	g/cm^3	0.19464358771428575	0.9302358369469921	
individualtimelinenode_f2c05308-7e21-4516-8d8f-a0c1e9295e59	8499	8000	NA	community	NA	NA	NA	Leaf area (in case of compound leaves: leaf, petiole included)	mm^2	460.4384743888889	534.8773625514848	
individualtimelinenode_f2c05308-7e21-4516-8d8f-a0c1e9295e59	8499	8000	NA	community	NA	NA	NA	Leaf nitrogen (N) content per leaf dry mass	mg/g	21.619558643333335	7.45625779463467	
individualtimelinenode_f2c05308-7e21-4516-8d8f-a0c1e9295e59	8499	8000	NA	community	NA	NA	NA	Leaf area per leaf dry mass (specific leaf area, SLA or 1/LMA): petiole included	mm^2/mg	16.621858715000002	9.879664904507887	
individualtimelinenode_f2c05308-7e21-4516-8d8f-a0c1e9295e59	8499	8000	NA	community	NA	NA	NA	Plant height vegetative	m	0.2615642657857143	0.46189910225348174	
individualtimelinenode_f2c05308-7e21-4516-8d8f-a0c1e9295e59	8499	8000	NA	community	NA	NA	NA	Seed dry mass	mg	2.6226080935	7.621382764335915	
individualtimelinenode_f2c05308-7e21-4516-8d8f-a0c1e9295e59	8499	8000	NA	community	NA	NA	NA	Stem specific density (SSD) or wood density (stem dry mass per stem fresh volume)	g/cm^3	0.19464358771428575	0.9302358369469921	
individualtimelinenode_f2c05308-7e21-4516-8d8f-a0c1e9295e59	8999	8500	NA	community	NA	NA	NA	Leaf area (in case of compound leaves: leaf, petiole included)	unknown unit	475.6509743888889	537.8766928120702	
individualtimelinenode_f2c05308-7e21-4516-8d8f-a0c1e9295e59	8999	8500	NA	community	NA	NA	NA	Leaf nitrogen (N) content per leaf dry mass	unknown unit	20.886455821666665	7.391219694679007	
individualtimelinenode_f2c05308-7e21-4516-8d8f-a0c1e9295e59	8999	8500	NA	community	NA	NA	NA	Leaf area per leaf dry mass (specific leaf area, SLA or 1/LMA): petiole included	unknown unit	17.164695565833334	9.941229040895426	
individualtimelinenode_f2c05308-7e21-4516-8d8f-a0c1e9295e59	8999	8500	NA	community	NA	NA	NA	Plant height vegetative	unknown unit	0.24998748007142857	0.46153605569457273	
individualtimelinenode_f2c05308-7e21-4516-8d8f-a0c1e9295e59	8999	8500	NA	community	NA	NA	NA	Seed dry mass	unknown unit	2.656222493142857	7.7811551009770925	
individualtimelinenode_f2c05308-7e21-4516-8d8f-a0c1e9295e59	8999	8500	NA	community	NA	NA	NA	Stem specific density (SSD) or wood density (stem dry mass per stem fresh volume)	unknown unit	0.20011704857142856	0.9313044453248509	
individualtimelinenode_f2c05308-7e21-4516-8d8f-a0c1e9295e59	9499	9000	NA	community	NA	NA	NA	Leaf area (in case of compound leaves: leaf, petiole included)	unknown unit	475.6509743888889	537.8766928120702	
individualtimelinenode_f2c05308-7e21-4516-8d8f-a0c1e9295e59	9499	9000	NA	community	NA	NA	NA	Leaf nitrogen (N) content per leaf dry mass	unknown unit	20.886455821666665	7.391219694679007	
individualtimelinenode_f2c05308-7e21-4516-8d8f-a0c1e9295e59	9499	9000	NA	community	NA	NA	NA	Leaf area per leaf dry mass (specific leaf area, SLA or 1/LMA): petiole included	unknown unit	17.164695565833334	9.941229040895426	
individualtimelinenode_f2c05308-7e21-4516-8d8f-a0c1e9295e59	9499	9000	NA	community	NA	NA	NA	Plant height vegetative	unknown unit	0.24998748007142857	0.46153605569457273	
individualtimelinenode_f2c05308-7e21-4516-8d8f-a0c1e9295e59	9499	9000	NA	community	NA	NA	NA	Seed dry mass	unknown unit	2.656222493142857	7.7811551009770925	
individualtimelinenode_f2c05308-7e21-4516-8d8f-a0c1e9295e59	9499	9000	NA	community	NA	NA	NA	Stem specific density (SSD) or wood density (stem dry mass per stem fresh volume)	unknown unit	0.20011704857142856	0.9313044453248509	
individualtimelinenode_f2c05308-7e21-4516-8d8f-a0c1e9295e59	9999	9500	NA	community	NA	NA	NA	Leaf area (in case of compound leaves: leaf, petiole included)	unknown unit	500.63518135714287	538.9219293631666	
individualtimelinenode_f2c05308-7e21-4516-8d8f-a0c1e9295e59	9999	9500	NA	community	NA	NA	NA	Leaf nitrogen (N) content per leaf dry mass	unknown unit	20.805665568888887	7.478016819236582	
individualtimelinenode_f2c05308-7e21-4516-8d8f-a0c1e9295e59	9999	9500	NA	community	NA	NA	NA	Leaf area per leaf dry mass (specific leaf area, SLA or 1/LMA): petiole included	unknown unit	17.919736496666665	9.994366108639314	
individualtimelinenode_f2c05308-7e21-4516-8d8f-a0c1e9295e59	9999	9500	NA	community	NA	NA	NA	Plant height vegetative	unknown unit	0.27172016672727267	0.5486109358603314	
individualtimelinenode_f2c05308-7e21-4516-8d8f-a0c1e9295e59	9999	9500	NA	community	NA	NA	NA	Seed dry mass	unknown unit	1.5752118889999998	0.5860947123762108	
individualtimelinenode_f2c05308-7e21-4516-8d8f-a0c1e9295e59	9999	9500	NA	community	NA	NA	NA	Stem specific density (SSD) or wood density (stem dry mass per stem fresh volume)	unknown unit	0.20900141716666668	0.958193702408421	
individualtimelinenode_48d66bcb-89ff-4d3f-8713-057de0eb592b	499	0	NA	community	NA	NA	NA	Leaf area (in case of compound leaves: leaf, petiole included)	mm^2	591.0053857662274	555.2365733616655	
individualtimelinenode_48d66bcb-89ff-4d3f-8713-057de0eb592b	499	0	NA	community	NA	NA	NA	Leaf nitrogen (N) content per leaf dry mass	mg/g	20.055387829892855	7.76056611716471	
individualtimelinenode_48d66bcb-89ff-4d3f-8713-057de0eb592b	499	0	NA	community	NA	NA	NA	Leaf area per leaf dry mass (specific leaf area, SLA or 1/LMA): petiole included	mm^2/mg	18.63868360407407	14.604346466026199	
individualtimelinenode_48d66bcb-89ff-4d3f-8713-057de0eb592b	499	0	NA	community	NA	NA	NA	Plant height vegetative	m	0.8855736031875001	3.146071274841322	
individualtimelinenode_48d66bcb-89ff-4d3f-8713-057de0eb592b	499	0	NA	community	NA	NA	NA	Seed dry mass	mg	1.4879973454074071	3.144963901459501	
individualtimelinenode_48d66bcb-89ff-4d3f-8713-057de0eb592b	499	0	NA	community	NA	NA	NA	Stem specific density (SSD) or wood density (stem dry mass per stem fresh volume)	g/cm^3	0.26337561550000005	0.15767852558058731	
individualtimelinenode_48d66bcb-89ff-4d3f-8713-057de0eb592b	999	500	NA	community	NA	NA	NA	Leaf area (in case of compound leaves: leaf, petiole included)	mm^2	591.0053857662274	555.2365733616655	
individualtimelinenode_48d66bcb-89ff-4d3f-8713-057de0eb592b	999	500	NA	community	NA	NA	NA	Leaf nitrogen (N) content per leaf dry mass	mg/g	20.055387829892855	7.76056611716471	
individualtimelinenode_48d66bcb-89ff-4d3f-8713-057de0eb592b	999	500	NA	community	NA	NA	NA	Leaf area per leaf dry mass (specific leaf area, SLA or 1/LMA): petiole included	mm^2/mg	18.63868360407407	14.604346466026199	
individualtimelinenode_48d66bcb-89ff-4d3f-8713-057de0eb592b	999	500	NA	community	NA	NA	NA	Plant height vegetative	m	0.8855736031875001	3.146071274841322	
individualtimelinenode_48d66bcb-89ff-4d3f-8713-057de0eb592b	999	500	NA	community	NA	NA	NA	Seed dry mass	mg	1.4879973454074071	3.144963901459501	
individualtimelinenode_48d66bcb-89ff-4d3f-8713-057de0eb592b	999	500	NA	community	NA	NA	NA	Stem specific density (SSD) or wood density (stem dry mass per stem fresh volume)	g/cm^3	0.26337561550000005	0.15767852558058731	
individualtimelinenode_48d66bcb-89ff-4d3f-8713-057de0eb592b	1499	1000	NA	community	NA	NA	NA	Leaf area (in case of compound leaves: leaf, petiole included)	mm^2	591.0053857662274	555.2365733616655	
individualtimelinenode_48d66bcb-89ff-4d3f-8713-057de0eb592b	1499	1000	NA	community	NA	NA	NA	Leaf nitrogen (N) content per leaf dry mass	mg/g	20.055387829892855	7.76056611716471	
individualtimelinenode_48d66bcb-89ff-4d3f-8713-057de0eb592b	1499	1000	NA	community	NA	NA	NA	Leaf area per leaf dry mass (specific leaf area, SLA or 1/LMA): petiole included	mm^2/mg	18.63868360407407	14.604346466026199	
individualtimelinenode_48d66bcb-89ff-4d3f-8713-057de0eb592b	1499	1000	NA	community	NA	NA	NA	Plant height vegetative	m	0.8855736031875001	3.146071274841322	
individualtimelinenode_48d66bcb-89ff-4d3f-8713-057de0eb592b	1499	1000	NA	community	NA	NA	NA	Seed dry mass	mg	1.4879973454074071	3.144963901459501	
individualtimelinenode_48d66bcb-89ff-4d3f-8713-057de0eb592b	1499	1000	NA	community	NA	NA	NA	Stem specific density (SSD) or wood density (stem dry mass per stem fresh volume)	g/cm^3	0.26337561550000005	0.15767852558058731	
individualtimelinenode_48d66bcb-89ff-4d3f-8713-057de0eb592b	1999	1500	NA	community	NA	NA	NA	Leaf area (in case of compound leaves: leaf, petiole included)	mm^2	591.0053857662274	555.2365733616655	
individualtimelinenode_48d66bcb-89ff-4d3f-8713-057de0eb592b	1999	1500	NA	community	NA	NA	NA	Leaf nitrogen (N) content per leaf dry mass	mg/g	20.055387829892855	7.76056611716471	
individualtimelinenode_48d66bcb-89ff-4d3f-8713-057de0eb592b	1999	1500	NA	community	NA	NA	NA	Leaf area per leaf dry mass (specific leaf area, SLA or 1/LMA): petiole included	mm^2/mg	18.63868360407407	14.604346466026199	
individualtimelinenode_48d66bcb-89ff-4d3f-8713-057de0eb592b	1999	1500	NA	community	NA	NA	NA	Plant height vegetative	m	0.8855736031875001	3.146071274841322	
individualtimelinenode_48d66bcb-89ff-4d3f-8713-057de0eb592b	1999	1500	NA	community	NA	NA	NA	Seed dry mass	mg	1.4879973454074071	3.144963901459501	
individualtimelinenode_48d66bcb-89ff-4d3f-8713-057de0eb592b	1999	1500	NA	community	NA	NA	NA	Stem specific density (SSD) or wood density (stem dry mass per stem fresh volume)	g/cm^3	0.26337561550000005	0.15767852558058731	
individualtimelinenode_48d66bcb-89ff-4d3f-8713-057de0eb592b	2499	2000	NA	community	NA	NA	NA	Leaf area (in case of compound leaves: leaf, petiole included)	mm^2	591.0053857662274	555.2365733616655	
individualtimelinenode_48d66bcb-89ff-4d3f-8713-057de0eb592b	2499	2000	NA	community	NA	NA	NA	Leaf nitrogen (N) content per leaf dry mass	mg/g	20.055387829892855	7.76056611716471	
individualtimelinenode_48d66bcb-89ff-4d3f-8713-057de0eb592b	2499	2000	NA	community	NA	NA	NA	Leaf area per leaf dry mass (specific leaf area, SLA or 1/LMA): petiole included	mm^2/mg	18.63868360407407	14.604346466026199	
individualtimelinenode_48d66bcb-89ff-4d3f-8713-057de0eb592b	2499	2000	NA	community	NA	NA	NA	Plant height vegetative	m	0.8855736031875001	3.146071274841322	
individualtimelinenode_48d66bcb-89ff-4d3f-8713-057de0eb592b	2499	2000	NA	community	NA	NA	NA	Seed dry mass	mg	1.4879973454074071	3.144963901459501	
individualtimelinenode_48d66bcb-89ff-4d3f-8713-057de0eb592b	2499	2000	NA	community	NA	NA	NA	Stem specific density (SSD) or wood density (stem dry mass per stem fresh volume)	g/cm^3	0.26337561550000005	0.15767852558058731	
individualtimelinenode_48d66bcb-89ff-4d3f-8713-057de0eb592b	2999	2500	NA	community	NA	NA	NA	Leaf area (in case of compound leaves: leaf, petiole included)	mm^2	591.0053857662274	555.2365733616655	
individualtimelinenode_48d66bcb-89ff-4d3f-8713-057de0eb592b	2999	2500	NA	community	NA	NA	NA	Leaf nitrogen (N) content per leaf dry mass	mg/g	20.055387829892855	7.76056611716471	
individualtimelinenode_48d66bcb-89ff-4d3f-8713-057de0eb592b	2999	2500	NA	community	NA	NA	NA	Leaf area per leaf dry mass (specific leaf area, SLA or 1/LMA): petiole included	mm^2/mg	18.63868360407407	14.604346466026199	
individualtimelinenode_48d66bcb-89ff-4d3f-8713-057de0eb592b	2999	2500	NA	community	NA	NA	NA	Plant height vegetative	m	0.8855736031875001	3.146071274841322	
individualtimelinenode_48d66bcb-89ff-4d3f-8713-057de0eb592b	2999	2500	NA	community	NA	NA	NA	Seed dry mass	mg	1.4879973454074071	3.144963901459501	
individualtimelinenode_48d66bcb-89ff-4d3f-8713-057de0eb592b	2999	2500	NA	community	NA	NA	NA	Stem specific density (SSD) or wood density (stem dry mass per stem fresh volume)	g/cm^3	0.26337561550000005	0.15767852558058731	
individualtimelinenode_48d66bcb-89ff-4d3f-8713-057de0eb592b	3499	3000	NA	community	NA	NA	NA	Leaf area (in case of compound leaves: leaf, petiole included)	mm^2	591.0053857662274	555.2365733616655	
individualtimelinenode_48d66bcb-89ff-4d3f-8713-057de0eb592b	3499	3000	NA	community	NA	NA	NA	Leaf nitrogen (N) content per leaf dry mass	mg/g	20.055387829892855	7.76056611716471	
individualtimelinenode_48d66bcb-89ff-4d3f-8713-057de0eb592b	3499	3000	NA	community	NA	NA	NA	Leaf area per leaf dry mass (specific leaf area, SLA or 1/LMA): petiole included	mm^2/mg	18.63868360407407	14.604346466026199	
individualtimelinenode_48d66bcb-89ff-4d3f-8713-057de0eb592b	3499	3000	NA	community	NA	NA	NA	Plant height vegetative	m	0.8855736031875001	3.146071274841322	
individualtimelinenode_48d66bcb-89ff-4d3f-8713-057de0eb592b	3499	3000	NA	community	NA	NA	NA	Seed dry mass	mg	1.4879973454074071	3.144963901459501	
individualtimelinenode_48d66bcb-89ff-4d3f-8713-057de0eb592b	3499	3000	NA	community	NA	NA	NA	Stem specific density (SSD) or wood density (stem dry mass per stem fresh volume)	g/cm^3	0.26337561550000005	0.15767852558058731	
individualtimelinenode_48d66bcb-89ff-4d3f-8713-057de0eb592b	3999	3500	NA	community	NA	NA	NA	Leaf area (in case of compound leaves: leaf, petiole included)	mm^2	591.0053857662274	555.2365733616655	
individualtimelinenode_48d66bcb-89ff-4d3f-8713-057de0eb592b	3999	3500	NA	community	NA	NA	NA	Leaf nitrogen (N) content per leaf dry mass	mg/g	20.055387829892855	7.76056611716471	
individualtimelinenode_48d66bcb-89ff-4d3f-8713-057de0eb592b	3999	3500	NA	community	NA	NA	NA	Leaf area per leaf dry mass (specific leaf area, SLA or 1/LMA): petiole included	mm^2/mg	18.63868360407407	14.604346466026199	
individualtimelinenode_48d66bcb-89ff-4d3f-8713-057de0eb592b	3999	3500	NA	community	NA	NA	NA	Plant height vegetative	m	0.8855736031875001	3.146071274841322	
individualtimelinenode_48d66bcb-89ff-4d3f-8713-057de0eb592b	3999	3500	NA	community	NA	NA	NA	Seed dry mass	mg	1.4879973454074071	3.144963901459501	
individualtimelinenode_48d66bcb-89ff-4d3f-8713-057de0eb592b	3999	3500	NA	community	NA	NA	NA	Stem specific density (SSD) or wood density (stem dry mass per stem fresh volume)	g/cm^3	0.26337561550000005	0.15767852558058731	
individualtimelinenode_48d66bcb-89ff-4d3f-8713-057de0eb592b	4499	4000	NA	community	NA	NA	NA	Leaf area (in case of compound leaves: leaf, petiole included)	mm^2	591.0053857662274	555.2365733616655	
individualtimelinenode_48d66bcb-89ff-4d3f-8713-057de0eb592b	4499	4000	NA	community	NA	NA	NA	Leaf nitrogen (N) content per leaf dry mass	mg/g	20.055387829892855	7.76056611716471	
individualtimelinenode_48d66bcb-89ff-4d3f-8713-057de0eb592b	4499	4000	NA	community	NA	NA	NA	Leaf area per leaf dry mass (specific leaf area, SLA or 1/LMA): petiole included	mm^2/mg	18.63868360407407	14.604346466026199	
individualtimelinenode_48d66bcb-89ff-4d3f-8713-057de0eb592b	4499	4000	NA	community	NA	NA	NA	Plant height vegetative	m	0.8855736031875001	3.146071274841322	
individualtimelinenode_48d66bcb-89ff-4d3f-8713-057de0eb592b	4499	4000	NA	community	NA	NA	NA	Seed dry mass	mg	1.4879973454074071	3.144963901459501	
individualtimelinenode_48d66bcb-89ff-4d3f-8713-057de0eb592b	4499	4000	NA	community	NA	NA	NA	Stem specific density (SSD) or wood density (stem dry mass per stem fresh volume)	g/cm^3	0.26337561550000005	0.15767852558058731	
individualtimelinenode_48d66bcb-89ff-4d3f-8713-057de0eb592b	4999	4500	NA	community	NA	NA	NA	Leaf area (in case of compound leaves: leaf, petiole included)	mm^2	591.0053857662274	555.2365733616655	
individualtimelinenode_48d66bcb-89ff-4d3f-8713-057de0eb592b	4999	4500	NA	community	NA	NA	NA	Leaf nitrogen (N) content per leaf dry mass	mg/g	20.055387829892855	7.76056611716471	
individualtimelinenode_48d66bcb-89ff-4d3f-8713-057de0eb592b	4999	4500	NA	community	NA	NA	NA	Leaf area per leaf dry mass (specific leaf area, SLA or 1/LMA): petiole included	mm^2/mg	18.63868360407407	14.604346466026199	
individualtimelinenode_48d66bcb-89ff-4d3f-8713-057de0eb592b	4999	4500	NA	community	NA	NA	NA	Plant height vegetative	m	0.8855736031875001	3.146071274841322	
individualtimelinenode_48d66bcb-89ff-4d3f-8713-057de0eb592b	4999	4500	NA	community	NA	NA	NA	Seed dry mass	mg	1.4879973454074071	3.144963901459501	
individualtimelinenode_48d66bcb-89ff-4d3f-8713-057de0eb592b	4999	4500	NA	community	NA	NA	NA	Stem specific density (SSD) or wood density (stem dry mass per stem fresh volume)	g/cm^3	0.26337561550000005	0.15767852558058731	
individualtimelinenode_48d66bcb-89ff-4d3f-8713-057de0eb592b	5499	5000	NA	community	NA	NA	NA	Leaf area (in case of compound leaves: leaf, petiole included)	mm^2	591.0053857662274	555.2365733616655	
individualtimelinenode_48d66bcb-89ff-4d3f-8713-057de0eb592b	5499	5000	NA	community	NA	NA	NA	Leaf nitrogen (N) content per leaf dry mass	mg/g	20.055387829892855	7.76056611716471	
individualtimelinenode_48d66bcb-89ff-4d3f-8713-057de0eb592b	5499	5000	NA	community	NA	NA	NA	Leaf area per leaf dry mass (specific leaf area, SLA or 1/LMA): petiole included	mm^2/mg	18.63868360407407	14.604346466026199	
individualtimelinenode_48d66bcb-89ff-4d3f-8713-057de0eb592b	5499	5000	NA	community	NA	NA	NA	Plant height vegetative	m	0.8855736031875001	3.146071274841322	
individualtimelinenode_48d66bcb-89ff-4d3f-8713-057de0eb592b	5499	5000	NA	community	NA	NA	NA	Seed dry mass	mg	1.4879973454074071	3.144963901459501	
individualtimelinenode_48d66bcb-89ff-4d3f-8713-057de0eb592b	5499	5000	NA	community	NA	NA	NA	Stem specific density (SSD) or wood density (stem dry mass per stem fresh volume)	g/cm^3	0.26337561550000005	0.15767852558058731	
individualtimelinenode_48d66bcb-89ff-4d3f-8713-057de0eb592b	5999	5500	NA	community	NA	NA	NA	Leaf area (in case of compound leaves: leaf, petiole included)	mm^2	591.0053857662274	555.2365733616655	
individualtimelinenode_48d66bcb-89ff-4d3f-8713-057de0eb592b	5999	5500	NA	community	NA	NA	NA	Leaf nitrogen (N) content per leaf dry mass	mg/g	20.055387829892855	7.76056611716471	
individualtimelinenode_48d66bcb-89ff-4d3f-8713-057de0eb592b	5999	5500	NA	community	NA	NA	NA	Leaf area per leaf dry mass (specific leaf area, SLA or 1/LMA): petiole included	mm^2/mg	18.63868360407407	14.604346466026199	
individualtimelinenode_48d66bcb-89ff-4d3f-8713-057de0eb592b	5999	5500	NA	community	NA	NA	NA	Plant height vegetative	m	0.8855736031875001	3.146071274841322	
individualtimelinenode_48d66bcb-89ff-4d3f-8713-057de0eb592b	5999	5500	NA	community	NA	NA	NA	Seed dry mass	mg	1.4879973454074071	3.144963901459501	
individualtimelinenode_48d66bcb-89ff-4d3f-8713-057de0eb592b	5999	5500	NA	community	NA	NA	NA	Stem specific density (SSD) or wood density (stem dry mass per stem fresh volume)	g/cm^3	0.26337561550000005	0.15767852558058731	
individualtimelinenode_48d66bcb-89ff-4d3f-8713-057de0eb592b	6499	6000	NA	community	NA	NA	NA	Leaf area (in case of compound leaves: leaf, petiole included)	mm^2	591.0053857662274	555.2365733616655	
individualtimelinenode_48d66bcb-89ff-4d3f-8713-057de0eb592b	6499	6000	NA	community	NA	NA	NA	Leaf nitrogen (N) content per leaf dry mass	mg/g	20.055387829892855	7.76056611716471	
individualtimelinenode_48d66bcb-89ff-4d3f-8713-057de0eb592b	6499	6000	NA	community	NA	NA	NA	Leaf area per leaf dry mass (specific leaf area, SLA or 1/LMA): petiole included	mm^2/mg	18.63868360407407	14.604346466026199	
individualtimelinenode_48d66bcb-89ff-4d3f-8713-057de0eb592b	6499	6000	NA	community	NA	NA	NA	Plant height vegetative	m	0.8855736031875001	3.146071274841322	
individualtimelinenode_48d66bcb-89ff-4d3f-8713-057de0eb592b	6499	6000	NA	community	NA	NA	NA	Seed dry mass	mg	1.4879973454074071	3.144963901459501	
individualtimelinenode_48d66bcb-89ff-4d3f-8713-057de0eb592b	6499	6000	NA	community	NA	NA	NA	Stem specific density (SSD) or wood density (stem dry mass per stem fresh volume)	g/cm^3	0.26337561550000005	0.15767852558058731	
individualtimelinenode_48d66bcb-89ff-4d3f-8713-057de0eb592b	6999	6500	NA	community	NA	NA	NA	Leaf area (in case of compound leaves: leaf, petiole included)	mm^2	591.0053857662274	555.2365733616655	
individualtimelinenode_48d66bcb-89ff-4d3f-8713-057de0eb592b	6999	6500	NA	community	NA	NA	NA	Leaf nitrogen (N) content per leaf dry mass	mg/g	20.055387829892855	7.76056611716471	
individualtimelinenode_48d66bcb-89ff-4d3f-8713-057de0eb592b	6999	6500	NA	community	NA	NA	NA	Leaf area per leaf dry mass (specific leaf area, SLA or 1/LMA): petiole included	mm^2/mg	18.63868360407407	14.604346466026199	
individualtimelinenode_48d66bcb-89ff-4d3f-8713-057de0eb592b	6999	6500	NA	community	NA	NA	NA	Plant height vegetative	m	0.8855736031875001	3.146071274841322	
individualtimelinenode_48d66bcb-89ff-4d3f-8713-057de0eb592b	6999	6500	NA	community	NA	NA	NA	Seed dry mass	mg	1.4879973454074071	3.144963901459501	
individualtimelinenode_48d66bcb-89ff-4d3f-8713-057de0eb592b	6999	6500	NA	community	NA	NA	NA	Stem specific density (SSD) or wood density (stem dry mass per stem fresh volume)	g/cm^3	0.26337561550000005	0.15767852558058731	
individualtimelinenode_48d66bcb-89ff-4d3f-8713-057de0eb592b	7499	7000	NA	community	NA	NA	NA	Leaf area (in case of compound leaves: leaf, petiole included)	mm^2	591.0053857662274	555.2365733616655	
individualtimelinenode_48d66bcb-89ff-4d3f-8713-057de0eb592b	7499	7000	NA	community	NA	NA	NA	Leaf nitrogen (N) content per leaf dry mass	mg/g	20.055387829892855	7.76056611716471	
individualtimelinenode_48d66bcb-89ff-4d3f-8713-057de0eb592b	7499	7000	NA	community	NA	NA	NA	Leaf area per leaf dry mass (specific leaf area, SLA or 1/LMA): petiole included	mm^2/mg	18.63868360407407	14.604346466026199	
individualtimelinenode_48d66bcb-89ff-4d3f-8713-057de0eb592b	7499	7000	NA	community	NA	NA	NA	Plant height vegetative	m	0.8855736031875001	3.146071274841322	
individualtimelinenode_48d66bcb-89ff-4d3f-8713-057de0eb592b	7499	7000	NA	community	NA	NA	NA	Seed dry mass	mg	1.4879973454074071	3.144963901459501	
individualtimelinenode_48d66bcb-89ff-4d3f-8713-057de0eb592b	7499	7000	NA	community	NA	NA	NA	Stem specific density (SSD) or wood density (stem dry mass per stem fresh volume)	g/cm^3	0.26337561550000005	0.15767852558058731	
individualtimelinenode_48d66bcb-89ff-4d3f-8713-057de0eb592b	7999	7500	NA	community	NA	NA	NA	Leaf area (in case of compound leaves: leaf, petiole included)	mm^2	591.0053857662274	555.2365733616655	
individualtimelinenode_48d66bcb-89ff-4d3f-8713-057de0eb592b	7999	7500	NA	community	NA	NA	NA	Leaf nitrogen (N) content per leaf dry mass	mg/g	20.055387829892855	7.76056611716471	
individualtimelinenode_48d66bcb-89ff-4d3f-8713-057de0eb592b	7999	7500	NA	community	NA	NA	NA	Leaf area per leaf dry mass (specific leaf area, SLA or 1/LMA): petiole included	mm^2/mg	18.63868360407407	14.604346466026199	
individualtimelinenode_48d66bcb-89ff-4d3f-8713-057de0eb592b	7999	7500	NA	community	NA	NA	NA	Plant height vegetative	m	0.8855736031875001	3.146071274841322	
individualtimelinenode_48d66bcb-89ff-4d3f-8713-057de0eb592b	7999	7500	NA	community	NA	NA	NA	Seed dry mass	mg	1.4879973454074071	3.144963901459501	
individualtimelinenode_48d66bcb-89ff-4d3f-8713-057de0eb592b	7999	7500	NA	community	NA	NA	NA	Stem specific density (SSD) or wood density (stem dry mass per stem fresh volume)	g/cm^3	0.26337561550000005	0.15767852558058731	
individualtimelinenode_48d66bcb-89ff-4d3f-8713-057de0eb592b	8499	8000	NA	community	NA	NA	NA	Leaf area (in case of compound leaves: leaf, petiole included)	mm^2	591.0053857662274	555.2365733616655	
individualtimelinenode_48d66bcb-89ff-4d3f-8713-057de0eb592b	8499	8000	NA	community	NA	NA	NA	Leaf nitrogen (N) content per leaf dry mass	mg/g	20.055387829892855	7.76056611716471	
individualtimelinenode_48d66bcb-89ff-4d3f-8713-057de0eb592b	8499	8000	NA	community	NA	NA	NA	Leaf area per leaf dry mass (specific leaf area, SLA or 1/LMA): petiole included	mm^2/mg	18.63868360407407	14.604346466026199	
individualtimelinenode_48d66bcb-89ff-4d3f-8713-057de0eb592b	8499	8000	NA	community	NA	NA	NA	Plant height vegetative	m	0.8855736031875001	3.146071274841322	
individualtimelinenode_48d66bcb-89ff-4d3f-8713-057de0eb592b	8499	8000	NA	community	NA	NA	NA	Seed dry mass	mg	1.4879973454074071	3.144963901459501	
individualtimelinenode_48d66bcb-89ff-4d3f-8713-057de0eb592b	8499	8000	NA	community	NA	NA	NA	Stem specific density (SSD) or wood density (stem dry mass per stem fresh volume)	g/cm^3	0.26337561550000005	0.15767852558058731	
individualtimelinenode_48d66bcb-89ff-4d3f-8713-057de0eb592b	8999	8500	NA	community	NA	NA	NA	Leaf area (in case of compound leaves: leaf, petiole included)	mm^2	591.0053857662274	555.2365733616655	
individualtimelinenode_48d66bcb-89ff-4d3f-8713-057de0eb592b	8999	8500	NA	community	NA	NA	NA	Leaf nitrogen (N) content per leaf dry mass	mg/g	20.055387829892855	7.76056611716471	
individualtimelinenode_48d66bcb-89ff-4d3f-8713-057de0eb592b	8999	8500	NA	community	NA	NA	NA	Leaf area per leaf dry mass (specific leaf area, SLA or 1/LMA): petiole included	mm^2/mg	18.63868360407407	14.604346466026199	
individualtimelinenode_48d66bcb-89ff-4d3f-8713-057de0eb592b	8999	8500	NA	community	NA	NA	NA	Plant height vegetative	m	0.8855736031875001	3.146071274841322	
individualtimelinenode_48d66bcb-89ff-4d3f-8713-057de0eb592b	8999	8500	NA	community	NA	NA	NA	Seed dry mass	mg	1.4879973454074071	3.144963901459501	
individualtimelinenode_48d66bcb-89ff-4d3f-8713-057de0eb592b	8999	8500	NA	community	NA	NA	NA	Stem specific density (SSD) or wood density (stem dry mass per stem fresh volume)	g/cm^3	0.26337561550000005	0.15767852558058731	
individualtimelinenode_48d66bcb-89ff-4d3f-8713-057de0eb592b	9499	9000	NA	community	NA	NA	NA	Leaf area (in case of compound leaves: leaf, petiole included)	mm^2	591.0053857662274	555.2365733616655	
individualtimelinenode_48d66bcb-89ff-4d3f-8713-057de0eb592b	9499	9000	NA	community	NA	NA	NA	Leaf nitrogen (N) content per leaf dry mass	mg/g	20.055387829892855	7.76056611716471	
individualtimelinenode_48d66bcb-89ff-4d3f-8713-057de0eb592b	9499	9000	NA	community	NA	NA	NA	Leaf area per leaf dry mass (specific leaf area, SLA or 1/LMA): petiole included	mm^2/mg	18.63868360407407	14.604346466026199	
individualtimelinenode_48d66bcb-89ff-4d3f-8713-057de0eb592b	9499	9000	NA	community	NA	NA	NA	Plant height vegetative	m	0.8855736031875001	3.146071274841322	
individualtimelinenode_48d66bcb-89ff-4d3f-8713-057de0eb592b	9499	9000	NA	community	NA	NA	NA	Seed dry mass	mg	1.4879973454074071	3.144963901459501	
individualtimelinenode_48d66bcb-89ff-4d3f-8713-057de0eb592b	9499	9000	NA	community	NA	NA	NA	Stem specific density (SSD) or wood density (stem dry mass per stem fresh volume)	g/cm^3	0.26337561550000005	0.15767852558058731	
individualtimelinenode_48d66bcb-89ff-4d3f-8713-057de0eb592b	9999	9500	NA	community	NA	NA	NA	Leaf area (in case of compound leaves: leaf, petiole included)	mm^2	591.0053857662274	555.2365733616655	
individualtimelinenode_48d66bcb-89ff-4d3f-8713-057de0eb592b	9999	9500	NA	community	NA	NA	NA	Leaf nitrogen (N) content per leaf dry mass	mg/g	20.055387829892855	7.76056611716471	
individualtimelinenode_48d66bcb-89ff-4d3f-8713-057de0eb592b	9999	9500	NA	community	NA	NA	NA	Leaf area per leaf dry mass (specific leaf area, SLA or 1/LMA): petiole included	mm^2/mg	18.63868360407407	14.604346466026199	
individualtimelinenode_48d66bcb-89ff-4d3f-8713-057de0eb592b	9999	9500	NA	community	NA	NA	NA	Plant height vegetative	m	0.8855736031875001	3.146071274841322	
individualtimelinenode_48d66bcb-89ff-4d3f-8713-057de0eb592b	9999	9500	NA	community	NA	NA	NA	Seed dry mass	mg	1.4879973454074071	3.144963901459501	
individualtimelinenode_48d66bcb-89ff-4d3f-8713-057de0eb592b	9999	9500	NA	community	NA	NA	NA	Stem specific density (SSD) or wood density (stem dry mass per stem fresh volume)	g/cm^3	0.26337561550000005	0.15767852558058731	
individualtimelinenode_48d66bcb-89ff-4d3f-8713-057de0eb592b	10499	10000	NA	community	NA	NA	NA	Leaf area (in case of compound leaves: leaf, petiole included)	mm^2	591.0053857662274	555.2365733616655	
individualtimelinenode_48d66bcb-89ff-4d3f-8713-057de0eb592b	10499	10000	NA	community	NA	NA	NA	Leaf nitrogen (N) content per leaf dry mass	mg/g	20.055387829892855	7.76056611716471	
individualtimelinenode_48d66bcb-89ff-4d3f-8713-057de0eb592b	10499	10000	NA	community	NA	NA	NA	Leaf area per leaf dry mass (specific leaf area, SLA or 1/LMA): petiole included	mm^2/mg	18.63868360407407	14.604346466026199	
individualtimelinenode_48d66bcb-89ff-4d3f-8713-057de0eb592b	10499	10000	NA	community	NA	NA	NA	Plant height vegetative	m	0.8855736031875001	3.146071274841322	
individualtimelinenode_48d66bcb-89ff-4d3f-8713-057de0eb592b	10499	10000	NA	community	NA	NA	NA	Seed dry mass	mg	1.4879973454074071	3.144963901459501	
individualtimelinenode_48d66bcb-89ff-4d3f-8713-057de0eb592b	10499	10000	NA	community	NA	NA	NA	Stem specific density (SSD) or wood density (stem dry mass per stem fresh volume)	g/cm^3	0.26337561550000005	0.15767852558058731	
individualtimelinenode_48d66bcb-89ff-4d3f-8713-057de0eb592b	10999	10500	NA	community	NA	NA	NA	Leaf area (in case of compound leaves: leaf, petiole included)	mm^2	771.8157042512145	620.6435577273795	
individualtimelinenode_48d66bcb-89ff-4d3f-8713-057de0eb592b	10999	10500	NA	community	NA	NA	NA	Leaf nitrogen (N) content per leaf dry mass	mg/g	20.133328402999997	7.578183959573561	
individualtimelinenode_48d66bcb-89ff-4d3f-8713-057de0eb592b	10999	10500	NA	community	NA	NA	NA	Leaf area per leaf dry mass (specific leaf area, SLA or 1/LMA): petiole included	mm^2/mg	17.381451613888892	18.210087687889022	
individualtimelinenode_48d66bcb-89ff-4d3f-8713-057de0eb592b	10999	10500	NA	community	NA	NA	NA	Plant height vegetative	m	1.1482666870434783	4.610103330684722	
individualtimelinenode_48d66bcb-89ff-4d3f-8713-057de0eb592b	10999	10500	NA	community	NA	NA	NA	Seed dry mass	mg	2.033749737944444	4.421006329954157	
individualtimelinenode_48d66bcb-89ff-4d3f-8713-057de0eb592b	10999	10500	NA	community	NA	NA	NA	Stem specific density (SSD) or wood density (stem dry mass per stem fresh volume)	g/cm^3	0.30832099175000005	0.16545256771382744	
individualtimelinenode_317065f9-d59a-4a58-9592-ba20dcf81572	499	0	NA	community	NA	NA	NA	Leaf area (in case of compound leaves: leaf, petiole included)	mm^2	684.6819003673	756.215976756402	
individualtimelinenode_317065f9-d59a-4a58-9592-ba20dcf81572	499	0	NA	community	NA	NA	NA	Leaf nitrogen (N) content per leaf dry mass	mg/g	20.808144276500002	7.335975948181127	
individualtimelinenode_317065f9-d59a-4a58-9592-ba20dcf81572	499	0	NA	community	NA	NA	NA	Leaf area per leaf dry mass (specific leaf area, SLA or 1/LMA): petiole included	mm^2/mg	15.64782516981818	5.900552704108089	
individualtimelinenode_317065f9-d59a-4a58-9592-ba20dcf81572	499	0	NA	community	NA	NA	NA	Plant height vegetative	m	2.0238569016666665	6.624967528228821	
individualtimelinenode_317065f9-d59a-4a58-9592-ba20dcf81572	499	0	NA	community	NA	NA	NA	Seed dry mass	mg	4.027254132454545	7.213406702334377	
individualtimelinenode_317065f9-d59a-4a58-9592-ba20dcf81572	499	0	NA	community	NA	NA	NA	Stem specific density (SSD) or wood density (stem dry mass per stem fresh volume)	g/cm^3	0.3579214988333333	0.1628305892067132	
individualtimelinenode_317065f9-d59a-4a58-9592-ba20dcf81572	999	500	NA	community	NA	NA	NA	Leaf area (in case of compound leaves: leaf, petiole included)	mm^2	635.16022183825	442.8007001923557	
individualtimelinenode_317065f9-d59a-4a58-9592-ba20dcf81572	999	500	NA	community	NA	NA	NA	Leaf nitrogen (N) content per leaf dry mass	mg/g	21.8446559478	7.768728399660905	
individualtimelinenode_317065f9-d59a-4a58-9592-ba20dcf81572	999	500	NA	community	NA	NA	NA	Leaf area per leaf dry mass (specific leaf area, SLA or 1/LMA): petiole included	mm^2/mg	16.043383579777775	7.591217605551597	
individualtimelinenode_317065f9-d59a-4a58-9592-ba20dcf81572	999	500	NA	community	NA	NA	NA	Plant height vegetative	m	2.3304027582	7.764299872651523	
individualtimelinenode_317065f9-d59a-4a58-9592-ba20dcf81572	999	500	NA	community	NA	NA	NA	Seed dry mass	mg	3.442592497375	7.906590517572737	
individualtimelinenode_317065f9-d59a-4a58-9592-ba20dcf81572	999	500	NA	community	NA	NA	NA	Stem specific density (SSD) or wood density (stem dry mass per stem fresh volume)	g/cm^3	0.30617203137500004	0.16221953454718166	
individualtimelinenode_317065f9-d59a-4a58-9592-ba20dcf81572	1499	1000	NA	community	NA	NA	NA	Leaf area (in case of compound leaves: leaf, petiole included)	mm^2	684.2008064006	618.9601026581915	
individualtimelinenode_317065f9-d59a-4a58-9592-ba20dcf81572	1499	1000	NA	community	NA	NA	NA	Leaf nitrogen (N) content per leaf dry mass	mg/g	20.10419013523077	7.530269678818346	
individualtimelinenode_317065f9-d59a-4a58-9592-ba20dcf81572	1499	1000	NA	community	NA	NA	NA	Leaf area per leaf dry mass (specific leaf area, SLA or 1/LMA): petiole included	mm^2/mg	15.822748558166666	6.972623789960012	
individualtimelinenode_317065f9-d59a-4a58-9592-ba20dcf81572	1499	1000	NA	community	NA	NA	NA	Plant height vegetative	m	1.9268184113076925	7.138710536893312	
individualtimelinenode_317065f9-d59a-4a58-9592-ba20dcf81572	1499	1000	NA	community	NA	NA	NA	Seed dry mass	mg	3.856000171272727	7.801888111382637	
individualtimelinenode_317065f9-d59a-4a58-9592-ba20dcf81572	1499	1000	NA	community	NA	NA	NA	Stem specific density (SSD) or wood density (stem dry mass per stem fresh volume)	g/cm^3	0.30617203137500004	0.16221953454718166	
individualtimelinenode_317065f9-d59a-4a58-9592-ba20dcf81572	1999	1500	NA	community	NA	NA	NA	Leaf area (in case of compound leaves: leaf, petiole included)	mm^2	681.4216264451111	639.3755555240348	
individualtimelinenode_317065f9-d59a-4a58-9592-ba20dcf81572	1999	1500	NA	community	NA	NA	NA	Leaf nitrogen (N) content per leaf dry mass	mg/g	19.774192088999996	7.746393370544943	
individualtimelinenode_317065f9-d59a-4a58-9592-ba20dcf81572	1999	1500	NA	community	NA	NA	NA	Leaf area per leaf dry mass (specific leaf area, SLA or 1/LMA): petiole included	mm^2/mg	15.367224682545457	7.131459882834871	
individualtimelinenode_317065f9-d59a-4a58-9592-ba20dcf81572	1999	1500	NA	community	NA	NA	NA	Plant height vegetative	m	2.04428661225	7.146394885602348	
individualtimelinenode_317065f9-d59a-4a58-9592-ba20dcf81572	1999	1500	NA	community	NA	NA	NA	Seed dry mass	mg	4.1016001884	7.811227691575886	
individualtimelinenode_317065f9-d59a-4a58-9592-ba20dcf81572	1999	1500	NA	community	NA	NA	NA	Stem specific density (SSD) or wood density (stem dry mass per stem fresh volume)	g/cm^3	0.3371373331428572	0.165553912274796	
individualtimelinenode_317065f9-d59a-4a58-9592-ba20dcf81572	2499	2000	NA	community	NA	NA	NA	Leaf area (in case of compound leaves: leaf, petiole included)	mm^2	681.4216264451111	639.3755555240348	
individualtimelinenode_317065f9-d59a-4a58-9592-ba20dcf81572	2499	2000	NA	community	NA	NA	NA	Leaf nitrogen (N) content per leaf dry mass	mg/g	19.774192088999996	7.746393370544943	
individualtimelinenode_317065f9-d59a-4a58-9592-ba20dcf81572	2499	2000	NA	community	NA	NA	NA	Leaf area per leaf dry mass (specific leaf area, SLA or 1/LMA): petiole included	mm^2/mg	15.367224682545457	7.131459882834871	
individualtimelinenode_317065f9-d59a-4a58-9592-ba20dcf81572	2499	2000	NA	community	NA	NA	NA	Plant height vegetative	m	2.04428661225	7.146394885602348	
individualtimelinenode_317065f9-d59a-4a58-9592-ba20dcf81572	2499	2000	NA	community	NA	NA	NA	Seed dry mass	mg	4.1016001884	7.811227691575886	
individualtimelinenode_317065f9-d59a-4a58-9592-ba20dcf81572	2499	2000	NA	community	NA	NA	NA	Stem specific density (SSD) or wood density (stem dry mass per stem fresh volume)	g/cm^3	0.3371373331428572	0.165553912274796	
individualtimelinenode_317065f9-d59a-4a58-9592-ba20dcf81572	2999	2500	NA	community	NA	NA	NA	Leaf area (in case of compound leaves: leaf, petiole included)	mm^2	681.4216264451111	639.3755555240348	
individualtimelinenode_317065f9-d59a-4a58-9592-ba20dcf81572	2999	2500	NA	community	NA	NA	NA	Leaf nitrogen (N) content per leaf dry mass	mg/g	19.774192088999996	7.746393370544943	
individualtimelinenode_317065f9-d59a-4a58-9592-ba20dcf81572	2999	2500	NA	community	NA	NA	NA	Leaf area per leaf dry mass (specific leaf area, SLA or 1/LMA): petiole included	mm^2/mg	15.367224682545457	7.131459882834871	
individualtimelinenode_317065f9-d59a-4a58-9592-ba20dcf81572	2999	2500	NA	community	NA	NA	NA	Plant height vegetative	m	2.04428661225	7.146394885602348	
individualtimelinenode_317065f9-d59a-4a58-9592-ba20dcf81572	2999	2500	NA	community	NA	NA	NA	Seed dry mass	mg	4.1016001884	7.811227691575886	
individualtimelinenode_317065f9-d59a-4a58-9592-ba20dcf81572	2999	2500	NA	community	NA	NA	NA	Stem specific density (SSD) or wood density (stem dry mass per stem fresh volume)	g/cm^3	0.3371373331428572	0.165553912274796	
individualtimelinenode_317065f9-d59a-4a58-9592-ba20dcf81572	3499	3000	NA	community	NA	NA	NA	Leaf area (in case of compound leaves: leaf, petiole included)	mm^2	740.54804096325	850.7065381176	
individualtimelinenode_317065f9-d59a-4a58-9592-ba20dcf81572	3499	3000	NA	community	NA	NA	NA	Leaf nitrogen (N) content per leaf dry mass	mg/g	18.638282815272724	7.603979543886501	
individualtimelinenode_317065f9-d59a-4a58-9592-ba20dcf81572	3499	3000	NA	community	NA	NA	NA	Leaf area per leaf dry mass (specific leaf area, SLA or 1/LMA): petiole included	mm^2/mg	14.701497506800001	5.667418358548617	
individualtimelinenode_317065f9-d59a-4a58-9592-ba20dcf81572	3499	3000	NA	community	NA	NA	NA	Plant height vegetative	m	2.211810641	7.514750018346271	
individualtimelinenode_317065f9-d59a-4a58-9592-ba20dcf81572	3499	3000	NA	community	NA	NA	NA	Seed dry mass	mg	4.483389327	8.139711349046099	
individualtimelinenode_317065f9-d59a-4a58-9592-ba20dcf81572	3499	3000	NA	community	NA	NA	NA	Stem specific density (SSD) or wood density (stem dry mass per stem fresh volume)	g/cm^3	0.37687489800000007	0.166227030415561	
individualtimelinenode_317065f9-d59a-4a58-9592-ba20dcf81572	3999	3500	NA	community	NA	NA	NA	Leaf area (in case of compound leaves: leaf, petiole included)	mm^2	681.4216264451111	639.3755555240348	
individualtimelinenode_317065f9-d59a-4a58-9592-ba20dcf81572	3999	3500	NA	community	NA	NA	NA	Leaf nitrogen (N) content per leaf dry mass	mg/g	19.774192088999996	7.746393370544943	
individualtimelinenode_317065f9-d59a-4a58-9592-ba20dcf81572	3999	3500	NA	community	NA	NA	NA	Leaf area per leaf dry mass (specific leaf area, SLA or 1/LMA): petiole included	mm^2/mg	15.367224682545457	7.131459882834871	
individualtimelinenode_317065f9-d59a-4a58-9592-ba20dcf81572	3999	3500	NA	community	NA	NA	NA	Plant height vegetative	m	2.04428661225	7.146394885602348	
individualtimelinenode_317065f9-d59a-4a58-9592-ba20dcf81572	3999	3500	NA	community	NA	NA	NA	Seed dry mass	mg	4.1016001884	7.811227691575886	
individualtimelinenode_317065f9-d59a-4a58-9592-ba20dcf81572	3999	3500	NA	community	NA	NA	NA	Stem specific density (SSD) or wood density (stem dry mass per stem fresh volume)	g/cm^3	0.3371373331428572	0.165553912274796	
individualtimelinenode_317065f9-d59a-4a58-9592-ba20dcf81572	4499	4000	NA	community	NA	NA	NA	Leaf area (in case of compound leaves: leaf, petiole included)	mm^2	738.1208034117777	633.2744583163452	
individualtimelinenode_317065f9-d59a-4a58-9592-ba20dcf81572	4499	4000	NA	community	NA	NA	NA	Leaf nitrogen (N) content per leaf dry mass	mg/g	20.88293353163636	7.623591864720909	
individualtimelinenode_317065f9-d59a-4a58-9592-ba20dcf81572	4499	4000	NA	community	NA	NA	NA	Leaf area per leaf dry mass (specific leaf area, SLA or 1/LMA): petiole included	mm^2/mg	15.7645745098	7.10362499780925	
individualtimelinenode_317065f9-d59a-4a58-9592-ba20dcf81572	4499	4000	NA	community	NA	NA	NA	Plant height vegetative	m	2.2614934165454548	7.348938119707467	
individualtimelinenode_317065f9-d59a-4a58-9592-ba20dcf81572	4499	4000	NA	community	NA	NA	NA	Seed dry mass	mg	4.613415553222222	7.9270341884415245	
individualtimelinenode_317065f9-d59a-4a58-9592-ba20dcf81572	4499	4000	NA	community	NA	NA	NA	Stem specific density (SSD) or wood density (stem dry mass per stem fresh volume)	g/cm^3	0.30617203137500004	0.16221953454718166	
individualtimelinenode_317065f9-d59a-4a58-9592-ba20dcf81572	4999	4500	NA	community	NA	NA	NA	Leaf area (in case of compound leaves: leaf, petiole included)	mm^2	622.6905436975454	605.5164081721495	
individualtimelinenode_317065f9-d59a-4a58-9592-ba20dcf81572	4999	4500	NA	community	NA	NA	NA	Leaf nitrogen (N) content per leaf dry mass	mg/g	19.687914701285713	7.5159276995700015	
individualtimelinenode_317065f9-d59a-4a58-9592-ba20dcf81572	4999	4500	NA	community	NA	NA	NA	Leaf area per leaf dry mass (specific leaf area, SLA or 1/LMA): petiole included	mm^2/mg	15.972487593692307	7.156129238026422	
individualtimelinenode_317065f9-d59a-4a58-9592-ba20dcf81572	4999	4500	NA	community	NA	NA	NA	Plant height vegetative	m	1.7942489757857145	6.175682781739495	
individualtimelinenode_317065f9-d59a-4a58-9592-ba20dcf81572	4999	4500	NA	community	NA	NA	NA	Seed dry mass	mg	3.5391746258333328	7.323509890507924	
individualtimelinenode_317065f9-d59a-4a58-9592-ba20dcf81572	4999	4500	NA	community	NA	NA	NA	Stem specific density (SSD) or wood density (stem dry mass per stem fresh volume)	g/cm^3	0.30617203137500004	0.16221953454718166	
individualtimelinenode_317065f9-d59a-4a58-9592-ba20dcf81572	5499	5000	NA	community	NA	NA	NA	Leaf area (in case of compound leaves: leaf, petiole included)	mm^2	622.6905436975454	605.5164081721495	
individualtimelinenode_317065f9-d59a-4a58-9592-ba20dcf81572	5499	5000	NA	community	NA	NA	NA	Leaf nitrogen (N) content per leaf dry mass	mg/g	19.687914701285713	7.5159276995700015	
individualtimelinenode_317065f9-d59a-4a58-9592-ba20dcf81572	5499	5000	NA	community	NA	NA	NA	Leaf area per leaf dry mass (specific leaf area, SLA or 1/LMA): petiole included	mm^2/mg	15.972487593692307	7.156129238026422	
individualtimelinenode_317065f9-d59a-4a58-9592-ba20dcf81572	5499	5000	NA	community	NA	NA	NA	Plant height vegetative	m	1.7942489757857145	6.175682781739495	
individualtimelinenode_317065f9-d59a-4a58-9592-ba20dcf81572	5499	5000	NA	community	NA	NA	NA	Seed dry mass	mg	3.5391746258333328	7.323509890507924	
individualtimelinenode_317065f9-d59a-4a58-9592-ba20dcf81572	5499	5000	NA	community	NA	NA	NA	Stem specific density (SSD) or wood density (stem dry mass per stem fresh volume)	g/cm^3	0.30617203137500004	0.16221953454718166	
individualtimelinenode_317065f9-d59a-4a58-9592-ba20dcf81572	5999	5500	NA	community	NA	NA	NA	Leaf area (in case of compound leaves: leaf, petiole included)	mm^2	581.1318950894166	467.83998313065973	
individualtimelinenode_317065f9-d59a-4a58-9592-ba20dcf81572	5999	5500	NA	community	NA	NA	NA	Leaf nitrogen (N) content per leaf dry mass	mg/g	19.93783539586667	7.311440228144127	
individualtimelinenode_317065f9-d59a-4a58-9592-ba20dcf81572	5999	5500	NA	community	NA	NA	NA	Leaf area per leaf dry mass (specific leaf area, SLA or 1/LMA): petiole included	mm^2/mg	16.694510970571432	18.194511447578723	
individualtimelinenode_317065f9-d59a-4a58-9592-ba20dcf81572	5999	5500	NA	community	NA	NA	NA	Plant height vegetative	m	1.7149531981333335	4.916720306634303	
individualtimelinenode_317065f9-d59a-4a58-9592-ba20dcf81572	5999	5500	NA	community	NA	NA	NA	Seed dry mass	mg	3.326526895384615	6.941486291737902	
individualtimelinenode_317065f9-d59a-4a58-9592-ba20dcf81572	5999	5500	NA	community	NA	NA	NA	Stem specific density (SSD) or wood density (stem dry mass per stem fresh volume)	g/cm^3	0.3129992131111112	0.16343098435781972	
individualtimelinenode_317065f9-d59a-4a58-9592-ba20dcf81572	6499	6000	NA	community	NA	NA	NA	Leaf area (in case of compound leaves: leaf, petiole included)	mm^2	615.0156755248182	523.9420780014314	
individualtimelinenode_317065f9-d59a-4a58-9592-ba20dcf81572	6499	6000	NA	community	NA	NA	NA	Leaf nitrogen (N) content per leaf dry mass	mg/g	19.057024059857145	7.208392282839445	
individualtimelinenode_317065f9-d59a-4a58-9592-ba20dcf81572	6499	6000	NA	community	NA	NA	NA	Leaf area per leaf dry mass (specific leaf area, SLA or 1/LMA): petiole included	mm^2/mg	16.284512088307693	19.731435180040478	
individualtimelinenode_317065f9-d59a-4a58-9592-ba20dcf81572	6499	6000	NA	community	NA	NA	NA	Plant height vegetative	m	1.8230554054285715	5.0298276590146545	
individualtimelinenode_317065f9-d59a-4a58-9592-ba20dcf81572	6499	6000	NA	community	NA	NA	NA	Seed dry mass	mg	3.54827930825	7.133821714515783	
individualtimelinenode_317065f9-d59a-4a58-9592-ba20dcf81572	6499	6000	NA	community	NA	NA	NA	Stem specific density (SSD) or wood density (stem dry mass per stem fresh volume)	g/cm^3	0.33978512175000003	0.16401791854549624	
individualtimelinenode_317065f9-d59a-4a58-9592-ba20dcf81572	6999	6500	NA	community	NA	NA	NA	Leaf area (in case of compound leaves: leaf, petiole included)	mm^2	615.0156755248182	523.9420780014314	
individualtimelinenode_317065f9-d59a-4a58-9592-ba20dcf81572	6999	6500	NA	community	NA	NA	NA	Leaf nitrogen (N) content per leaf dry mass	mg/g	19.057024059857145	7.208392282839445	
individualtimelinenode_317065f9-d59a-4a58-9592-ba20dcf81572	6999	6500	NA	community	NA	NA	NA	Leaf area per leaf dry mass (specific leaf area, SLA or 1/LMA): petiole included	mm^2/mg	15.86454693914286	19.676994528718797	
individualtimelinenode_317065f9-d59a-4a58-9592-ba20dcf81572	6999	6500	NA	community	NA	NA	NA	Plant height vegetative	m	1.6050535020625	4.995591787847394	
individualtimelinenode_317065f9-d59a-4a58-9592-ba20dcf81572	6999	6500	NA	community	NA	NA	NA	Seed dry mass	mg	3.0528930635	6.990893365167454	
individualtimelinenode_317065f9-d59a-4a58-9592-ba20dcf81572	6999	6500	NA	community	NA	NA	NA	Stem specific density (SSD) or wood density (stem dry mass per stem fresh volume)	g/cm^3	0.33978512175000003	0.16401791854549624	
individualtimelinenode_317065f9-d59a-4a58-9592-ba20dcf81572	7499	7000	NA	community	NA	NA	NA	Leaf area (in case of compound leaves: leaf, petiole included)	mm^2	675.7584514106	531.8211237266424	
individualtimelinenode_317065f9-d59a-4a58-9592-ba20dcf81572	7499	7000	NA	community	NA	NA	NA	Leaf nitrogen (N) content per leaf dry mass	mg/g	17.810166898166667	7.220636027166031	
individualtimelinenode_317065f9-d59a-4a58-9592-ba20dcf81572	7499	7000	NA	community	NA	NA	NA	Leaf area per leaf dry mass (specific leaf area, SLA or 1/LMA): petiole included	mm^2/mg	15.718023163692312	20.27052966536254	
individualtimelinenode_317065f9-d59a-4a58-9592-ba20dcf81572	7499	7000	NA	community	NA	NA	NA	Plant height vegetative	m	1.8180021227857142	5.48723491125595	
individualtimelinenode_317065f9-d59a-4a58-9592-ba20dcf81572	7499	7000	NA	community	NA	NA	NA	Seed dry mass	mg	3.50378489075	7.406435160604623	
individualtimelinenode_317065f9-d59a-4a58-9592-ba20dcf81572	7499	7000	NA	community	NA	NA	NA	Stem specific density (SSD) or wood density (stem dry mass per stem fresh volume)	g/cm^3	0.33978512175000003	0.16401791854549624	
individualtimelinenode_317065f9-d59a-4a58-9592-ba20dcf81572	7999	7500	NA	community	NA	NA	NA	Leaf area (in case of compound leaves: leaf, petiole included)	mm^2	675.7584514106	531.8211237266424	
individualtimelinenode_317065f9-d59a-4a58-9592-ba20dcf81572	7999	7500	NA	community	NA	NA	NA	Leaf nitrogen (N) content per leaf dry mass	mg/g	19.42476944446154	7.218929991642557	
individualtimelinenode_317065f9-d59a-4a58-9592-ba20dcf81572	7999	7500	NA	community	NA	NA	NA	Leaf area per leaf dry mass (specific leaf area, SLA or 1/LMA): petiole included	mm^2/mg	16.160775094	20.33096630732865	
individualtimelinenode_317065f9-d59a-4a58-9592-ba20dcf81572	7999	7500	NA	community	NA	NA	NA	Plant height vegetative	m	1.8204949544285716	5.494161442429694	
individualtimelinenode_317065f9-d59a-4a58-9592-ba20dcf81572	7999	7500	NA	community	NA	NA	NA	Seed dry mass	mg	3.8659325520909094	7.504565872486297	
individualtimelinenode_317065f9-d59a-4a58-9592-ba20dcf81572	7999	7500	NA	community	NA	NA	NA	Stem specific density (SSD) or wood density (stem dry mass per stem fresh volume)	g/cm^3	0.33978512175000003	0.16401791854549624	
individualtimelinenode_317065f9-d59a-4a58-9592-ba20dcf81572	8499	8000	NA	community	NA	NA	NA	Leaf area (in case of compound leaves: leaf, petiole included)	mm^2	615.0156755248182	523.9420780014314	
individualtimelinenode_317065f9-d59a-4a58-9592-ba20dcf81572	8499	8000	NA	community	NA	NA	NA	Leaf nitrogen (N) content per leaf dry mass	mg/g	19.057024059857145	7.208392282839445	
individualtimelinenode_317065f9-d59a-4a58-9592-ba20dcf81572	8499	8000	NA	community	NA	NA	NA	Leaf area per leaf dry mass (specific leaf area, SLA or 1/LMA): petiole included	mm^2/mg	15.86454693914286	19.676994528718797	
individualtimelinenode_317065f9-d59a-4a58-9592-ba20dcf81572	8499	8000	NA	community	NA	NA	NA	Plant height vegetative	m	1.5126974137058824	4.990385462763693	
individualtimelinenode_317065f9-d59a-4a58-9592-ba20dcf81572	8499	8000	NA	community	NA	NA	NA	Seed dry mass	mg	3.0528930635	6.990893365167454	
individualtimelinenode_317065f9-d59a-4a58-9592-ba20dcf81572	8499	8000	NA	community	NA	NA	NA	Stem specific density (SSD) or wood density (stem dry mass per stem fresh volume)	g/cm^3	0.33978512175000003	0.16401791854549624	
individualtimelinenode_317065f9-d59a-4a58-9592-ba20dcf81572	8999	8500	NA	community	NA	NA	NA	Leaf area (in case of compound leaves: leaf, petiole included)	mm^2	675.2444976223	531.0900880111849	
individualtimelinenode_317065f9-d59a-4a58-9592-ba20dcf81572	8999	8500	NA	community	NA	NA	NA	Leaf nitrogen (N) content per leaf dry mass	mg/g	19.680444458307697	7.236239362696574	
individualtimelinenode_317065f9-d59a-4a58-9592-ba20dcf81572	8999	8500	NA	community	NA	NA	NA	Leaf area per leaf dry mass (specific leaf area, SLA or 1/LMA): petiole included	mm^2/mg	16.247987192923077	19.922735079524436	
individualtimelinenode_317065f9-d59a-4a58-9592-ba20dcf81572	8999	8500	NA	community	NA	NA	NA	Plant height vegetative	m	1.265143176	4.989774313786307	
individualtimelinenode_317065f9-d59a-4a58-9592-ba20dcf81572	8999	8500	NA	community	NA	NA	NA	Seed dry mass	mg	2.0881575476153844	5.948543847249555	
individualtimelinenode_317065f9-d59a-4a58-9592-ba20dcf81572	8999	8500	NA	community	NA	NA	NA	Stem specific density (SSD) or wood density (stem dry mass per stem fresh volume)	g/cm^3	0.31302000671428576	0.1628698193099219	
individualtimelinenode_317065f9-d59a-4a58-9592-ba20dcf81572	9499	9000	NA	community	NA	NA	NA	Leaf area (in case of compound leaves: leaf, petiole included)	mm^2	917.4213522651428	867.4132823276791	
individualtimelinenode_317065f9-d59a-4a58-9592-ba20dcf81572	9499	9000	NA	community	NA	NA	NA	Leaf nitrogen (N) content per leaf dry mass	mg/g	20.1590515868	7.476094182346478	
individualtimelinenode_317065f9-d59a-4a58-9592-ba20dcf81572	9499	9000	NA	community	NA	NA	NA	Leaf area per leaf dry mass (specific leaf area, SLA or 1/LMA): petiole included	mm^2/mg	15.812825001999999	5.164277468060761	
individualtimelinenode_317065f9-d59a-4a58-9592-ba20dcf81572	9499	9000	NA	community	NA	NA	NA	Plant height vegetative	m	1.9298951834	7.7189218571409945	
individualtimelinenode_317065f9-d59a-4a58-9592-ba20dcf81572	9499	9000	NA	community	NA	NA	NA	Seed dry mass	mg	3.162381146625	6.727922097403672	
individualtimelinenode_317065f9-d59a-4a58-9592-ba20dcf81572	9499	9000	NA	community	NA	NA	NA	Stem specific density (SSD) or wood density (stem dry mass per stem fresh volume)	g/cm^3	0.30392056333333334	0.16156104534253043	
individualtimelinenode_317065f9-d59a-4a58-9592-ba20dcf81572	9999	9500	NA	community	NA	NA	NA	Leaf area (in case of compound leaves: leaf, petiole included)	mm^2	418.1064239794286	718.4526728978454	
individualtimelinenode_317065f9-d59a-4a58-9592-ba20dcf81572	9999	9500	NA	community	NA	NA	NA	Leaf nitrogen (N) content per leaf dry mass	mg/g	20.069699781799997	7.305668264537253	
individualtimelinenode_317065f9-d59a-4a58-9592-ba20dcf81572	9999	9500	NA	community	NA	NA	NA	Leaf area per leaf dry mass (specific leaf area, SLA or 1/LMA): petiole included	mm^2/mg	22.610235505272726	4.4618025475128285	
individualtimelinenode_317065f9-d59a-4a58-9592-ba20dcf81572	9999	9500	NA	community	NA	NA	NA	Plant height vegetative	m	0.5439243965000001	1.631644581726024	
individualtimelinenode_317065f9-d59a-4a58-9592-ba20dcf81572	9999	9500	NA	community	NA	NA	NA	Seed dry mass	mg	2.1678385379090908	5.446725335005835	
individualtimelinenode_317065f9-d59a-4a58-9592-ba20dcf81572	9999	9500	NA	community	NA	NA	NA	Stem specific density (SSD) or wood density (stem dry mass per stem fresh volume)	g/cm^3	0.2414012386666667	0.17409308553850433	
individualtimelinenode_317065f9-d59a-4a58-9592-ba20dcf81572	10499	10000	NA	community	NA	NA	NA	Leaf area (in case of compound leaves: leaf, petiole included)	mm^2	418.1064239794286	718.4526728978454	
individualtimelinenode_317065f9-d59a-4a58-9592-ba20dcf81572	10499	10000	NA	community	NA	NA	NA	Leaf nitrogen (N) content per leaf dry mass	mg/g	20.069699781799997	7.305668264537253	
individualtimelinenode_317065f9-d59a-4a58-9592-ba20dcf81572	10499	10000	NA	community	NA	NA	NA	Leaf area per leaf dry mass (specific leaf area, SLA or 1/LMA): petiole included	mm^2/mg	22.610235505272726	4.4618025475128285	
individualtimelinenode_317065f9-d59a-4a58-9592-ba20dcf81572	10499	10000	NA	community	NA	NA	NA	Plant height vegetative	m	0.5439243965000001	1.631644581726024	
individualtimelinenode_317065f9-d59a-4a58-9592-ba20dcf81572	10499	10000	NA	community	NA	NA	NA	Seed dry mass	mg	2.1678385379090908	5.446725335005835	
individualtimelinenode_317065f9-d59a-4a58-9592-ba20dcf81572	10499	10000	NA	community	NA	NA	NA	Stem specific density (SSD) or wood density (stem dry mass per stem fresh volume)	g/cm^3	0.2414012386666667	0.17409308553850433	
individualtimelinenode_317065f9-d59a-4a58-9592-ba20dcf81572	10999	10500	NA	community	NA	NA	NA	Leaf area (in case of compound leaves: leaf, petiole included)	mm^2	467.92378252599997	783.6186413985137	
individualtimelinenode_317065f9-d59a-4a58-9592-ba20dcf81572	10999	10500	NA	community	NA	NA	NA	Leaf nitrogen (N) content per leaf dry mass	mg/g	19.833637841999998	7.211869454360571	
individualtimelinenode_317065f9-d59a-4a58-9592-ba20dcf81572	10999	10500	NA	community	NA	NA	NA	Leaf area per leaf dry mass (specific leaf area, SLA or 1/LMA): petiole included	mm^2/mg	16.168194615333334	4.719576330977083	
individualtimelinenode_317065f9-d59a-4a58-9592-ba20dcf81572	10999	10500	NA	community	NA	NA	NA	Plant height vegetative	m	0.37548917683333344	1.570015843395318	
individualtimelinenode_317065f9-d59a-4a58-9592-ba20dcf81572	10999	10500	NA	community	NA	NA	NA	Seed dry mass	mg	2.5607529604444443	7.244527688182566	
individualtimelinenode_317065f9-d59a-4a58-9592-ba20dcf81572	10999	10500	NA	community	NA	NA	NA	Stem specific density (SSD) or wood density (stem dry mass per stem fresh volume)	g/cm^3	0.1722321034	NaN	
individualtimelinenode_38a71e4f-a3fa-4afe-b3ab-7166c907c87e	499	0	NA	community	NA	NA	NA	Leaf area (in case of compound leaves: leaf, petiole included)	mm^2	990.4159815197273	812.464005674359	
individualtimelinenode_38a71e4f-a3fa-4afe-b3ab-7166c907c87e	499	0	NA	community	NA	NA	NA	Leaf nitrogen (N) content per leaf dry mass	mg/g	18.55634239475	7.920991464016098	
individualtimelinenode_38a71e4f-a3fa-4afe-b3ab-7166c907c87e	499	0	NA	community	NA	NA	NA	Leaf area per leaf dry mass (specific leaf area, SLA or 1/LMA): petiole included	mm^2/mg	15.909037643333335	7.1974858201426875	
individualtimelinenode_38a71e4f-a3fa-4afe-b3ab-7166c907c87e	499	0	NA	community	NA	NA	NA	Plant height vegetative	m	2.0798883170833338	6.206092629508301	
individualtimelinenode_38a71e4f-a3fa-4afe-b3ab-7166c907c87e	499	0	NA	community	NA	NA	NA	Seed dry mass	mg	3.4768912993999996	5.36000751020571	
individualtimelinenode_38a71e4f-a3fa-4afe-b3ab-7166c907c87e	499	0	NA	community	NA	NA	NA	Stem specific density (SSD) or wood density (stem dry mass per stem fresh volume)	g/cm^3	0.3481944411428572	0.1581324164302065	
individualtimelinenode_38a71e4f-a3fa-4afe-b3ab-7166c907c87e	999	500	NA	community	NA	NA	NA	Leaf area (in case of compound leaves: leaf, petiole included)	mm^2	1295.3097483021252	1048.8795626221092	
individualtimelinenode_38a71e4f-a3fa-4afe-b3ab-7166c907c87e	999	500	NA	community	NA	NA	NA	Leaf nitrogen (N) content per leaf dry mass	mg/g	17.4913117877	7.698979686441509	
individualtimelinenode_38a71e4f-a3fa-4afe-b3ab-7166c907c87e	999	500	NA	community	NA	NA	NA	Leaf area per leaf dry mass (specific leaf area, SLA or 1/LMA): petiole included	mm^2/mg	15.684440608	6.152473653581989	
individualtimelinenode_38a71e4f-a3fa-4afe-b3ab-7166c907c87e	999	500	NA	community	NA	NA	NA	Plant height vegetative	m	2.3938386988	7.036547476959659	
individualtimelinenode_38a71e4f-a3fa-4afe-b3ab-7166c907c87e	999	500	NA	community	NA	NA	NA	Seed dry mass	mg	3.6982974397777775	5.481265523312044	
individualtimelinenode_38a71e4f-a3fa-4afe-b3ab-7166c907c87e	999	500	NA	community	NA	NA	NA	Stem specific density (SSD) or wood density (stem dry mass per stem fresh volume)	g/cm^3	0.42710276599999997	0.15859927183661057	
individualtimelinenode_38a71e4f-a3fa-4afe-b3ab-7166c907c87e	1499	1000	NA	community	NA	NA	NA	Leaf area (in case of compound leaves: leaf, petiole included)	mm^2	1174.5431440796667	831.8060849759029	
individualtimelinenode_38a71e4f-a3fa-4afe-b3ab-7166c907c87e	1499	1000	NA	community	NA	NA	NA	Leaf nitrogen (N) content per leaf dry mass	mg/g	18.834755634272724	7.814338798156072	
individualtimelinenode_38a71e4f-a3fa-4afe-b3ab-7166c907c87e	1499	1000	NA	community	NA	NA	NA	Leaf area per leaf dry mass (specific leaf area, SLA or 1/LMA): petiole included	mm^2/mg	15.77282521	7.236729803671916	
individualtimelinenode_38a71e4f-a3fa-4afe-b3ab-7166c907c87e	1499	1000	NA	community	NA	NA	NA	Plant height vegetative	m	1.8690761262307696	6.643675246523553	
individualtimelinenode_38a71e4f-a3fa-4afe-b3ab-7166c907c87e	1499	1000	NA	community	NA	NA	NA	Seed dry mass	mg	2.842610507416666	5.149730139076022	
individualtimelinenode_38a71e4f-a3fa-4afe-b3ab-7166c907c87e	1499	1000	NA	community	NA	NA	NA	Stem specific density (SSD) or wood density (stem dry mass per stem fresh volume)	g/cm^3	0.37237096233333333	0.1581324164302065	
individualtimelinenode_38a71e4f-a3fa-4afe-b3ab-7166c907c87e	1999	1500	NA	community	NA	NA	NA	Leaf area (in case of compound leaves: leaf, petiole included)	mm^2	1076.9809130017002	815.3466846312455	
individualtimelinenode_38a71e4f-a3fa-4afe-b3ab-7166c907c87e	1999	1500	NA	community	NA	NA	NA	Leaf nitrogen (N) content per leaf dry mass	mg/g	18.643709573916666	7.781270283456966	
individualtimelinenode_38a71e4f-a3fa-4afe-b3ab-7166c907c87e	1999	1500	NA	community	NA	NA	NA	Leaf area per leaf dry mass (specific leaf area, SLA or 1/LMA): petiole included	mm^2/mg	15.686703086153848	7.1437069908764625	
individualtimelinenode_38a71e4f-a3fa-4afe-b3ab-7166c907c87e	1999	1500	NA	community	NA	NA	NA	Plant height vegetative	m	1.7408992600714288	6.5812938176508515	
individualtimelinenode_38a71e4f-a3fa-4afe-b3ab-7166c907c87e	1999	1500	NA	community	NA	NA	NA	Seed dry mass	mg	2.6898712376153844	5.149730139076022	
individualtimelinenode_38a71e4f-a3fa-4afe-b3ab-7166c907c87e	1999	1500	NA	community	NA	NA	NA	Stem specific density (SSD) or wood density (stem dry mass per stem fresh volume)	g/cm^3	0.37237096233333333	0.1581324164302065	
individualtimelinenode_38a71e4f-a3fa-4afe-b3ab-7166c907c87e	2499	2000	NA	community	NA	NA	NA	Leaf area (in case of compound leaves: leaf, petiole included)	mm^2	1195.802357038889	831.8501209488703	
individualtimelinenode_38a71e4f-a3fa-4afe-b3ab-7166c907c87e	2499	2000	NA	community	NA	NA	NA	Leaf nitrogen (N) content per leaf dry mass	mg/g	19.434818082699998	7.858888702745965	
individualtimelinenode_38a71e4f-a3fa-4afe-b3ab-7166c907c87e	2499	2000	NA	community	NA	NA	NA	Leaf area per leaf dry mass (specific leaf area, SLA or 1/LMA): petiole included	mm^2/mg	15.325798554545456	6.988526875126593	
individualtimelinenode_38a71e4f-a3fa-4afe-b3ab-7166c907c87e	2499	2000	NA	community	NA	NA	NA	Plant height vegetative	m	2.0170109635	7.978686506361961	
individualtimelinenode_38a71e4f-a3fa-4afe-b3ab-7166c907c87e	2499	2000	NA	community	NA	NA	NA	Seed dry mass	mg	3.1705427779999997	5.5641212098425745	
individualtimelinenode_38a71e4f-a3fa-4afe-b3ab-7166c907c87e	2499	2000	NA	community	NA	NA	NA	Stem specific density (SSD) or wood density (stem dry mass per stem fresh volume)	g/cm^3	0.37237096233333333	0.1581324164302065	
individualtimelinenode_38a71e4f-a3fa-4afe-b3ab-7166c907c87e	2999	2500	NA	community	NA	NA	NA	Leaf area (in case of compound leaves: leaf, petiole included)	mm^2	1102.0093213350003	831.8501209488703	
individualtimelinenode_38a71e4f-a3fa-4afe-b3ab-7166c907c87e	2999	2500	NA	community	NA	NA	NA	Leaf nitrogen (N) content per leaf dry mass	mg/g	20.648376433363634	7.858888702745965	
individualtimelinenode_38a71e4f-a3fa-4afe-b3ab-7166c907c87e	2999	2500	NA	community	NA	NA	NA	Leaf area per leaf dry mass (specific leaf area, SLA or 1/LMA): petiole included	mm^2/mg	16.124980372727272	7.013664887257235	
individualtimelinenode_38a71e4f-a3fa-4afe-b3ab-7166c907c87e	2999	2500	NA	community	NA	NA	NA	Plant height vegetative	m	2.200623889454546	7.728135368488757	
individualtimelinenode_38a71e4f-a3fa-4afe-b3ab-7166c907c87e	2999	2500	NA	community	NA	NA	NA	Seed dry mass	mg	3.857202152	5.733624107359441	
individualtimelinenode_38a71e4f-a3fa-4afe-b3ab-7166c907c87e	2999	2500	NA	community	NA	NA	NA	Stem specific density (SSD) or wood density (stem dry mass per stem fresh volume)	g/cm^3	0.37237096233333333	0.1581324164302065	
individualtimelinenode_38a71e4f-a3fa-4afe-b3ab-7166c907c87e	3499	3000	NA	community	NA	NA	NA	Leaf area (in case of compound leaves: leaf, petiole included)	mm^2	1102.0093213350003	831.8501209488703	
individualtimelinenode_38a71e4f-a3fa-4afe-b3ab-7166c907c87e	3499	3000	NA	community	NA	NA	NA	Leaf nitrogen (N) content per leaf dry mass	mg/g	20.648376433363634	7.858888702745965	
individualtimelinenode_38a71e4f-a3fa-4afe-b3ab-7166c907c87e	3499	3000	NA	community	NA	NA	NA	Leaf area per leaf dry mass (specific leaf area, SLA or 1/LMA): petiole included	mm^2/mg	16.124980372727272	7.013664887257235	
individualtimelinenode_38a71e4f-a3fa-4afe-b3ab-7166c907c87e	3499	3000	NA	community	NA	NA	NA	Plant height vegetative	m	2.200623889454546	7.728135368488757	
individualtimelinenode_38a71e4f-a3fa-4afe-b3ab-7166c907c87e	3499	3000	NA	community	NA	NA	NA	Seed dry mass	mg	3.857202152	5.733624107359441	
individualtimelinenode_38a71e4f-a3fa-4afe-b3ab-7166c907c87e	3499	3000	NA	community	NA	NA	NA	Stem specific density (SSD) or wood density (stem dry mass per stem fresh volume)	g/cm^3	0.37237096233333333	0.1581324164302065	
individualtimelinenode_38a71e4f-a3fa-4afe-b3ab-7166c907c87e	3999	3500	NA	community	NA	NA	NA	Leaf area (in case of compound leaves: leaf, petiole included)	mm^2	1013.1690800045454	828.7889215519848	
individualtimelinenode_38a71e4f-a3fa-4afe-b3ab-7166c907c87e	3999	3500	NA	community	NA	NA	NA	Leaf nitrogen (N) content per leaf dry mass	mg/g	19.859686557461536	7.842657246588027	
individualtimelinenode_38a71e4f-a3fa-4afe-b3ab-7166c907c87e	3999	3500	NA	community	NA	NA	NA	Leaf area per leaf dry mass (specific leaf area, SLA or 1/LMA): petiole included	mm^2/mg	15.709105122307692	7.008923703936255	
individualtimelinenode_38a71e4f-a3fa-4afe-b3ab-7166c907c87e	3999	3500	NA	community	NA	NA	NA	Plant height vegetative	m	1.935475032615385	6.787453853682457	
individualtimelinenode_38a71e4f-a3fa-4afe-b3ab-7166c907c87e	3999	3500	NA	community	NA	NA	NA	Seed dry mass	mg	3.5303180452999996	5.654087263392564	
individualtimelinenode_38a71e4f-a3fa-4afe-b3ab-7166c907c87e	3999	3500	NA	community	NA	NA	NA	Stem specific density (SSD) or wood density (stem dry mass per stem fresh volume)	g/cm^3	0.346726182875	0.1581324164302065	
individualtimelinenode_38a71e4f-a3fa-4afe-b3ab-7166c907c87e	4499	4000	NA	community	NA	NA	NA	Leaf area (in case of compound leaves: leaf, petiole included)	mm^2	1000.9976945863637	632.8592704345001	
individualtimelinenode_38a71e4f-a3fa-4afe-b3ab-7166c907c87e	4499	4000	NA	community	NA	NA	NA	Leaf nitrogen (N) content per leaf dry mass	mg/g	19.140668494384613	7.574481064933271	
individualtimelinenode_38a71e4f-a3fa-4afe-b3ab-7166c907c87e	4499	4000	NA	community	NA	NA	NA	Leaf area per leaf dry mass (specific leaf area, SLA or 1/LMA): petiole included	mm^2/mg	16.238706266153848	18.638708254113357	
individualtimelinenode_38a71e4f-a3fa-4afe-b3ab-7166c907c87e	4499	4000	NA	community	NA	NA	NA	Plant height vegetative	m	1.9696289350769232	5.316133813480139	
individualtimelinenode_38a71e4f-a3fa-4afe-b3ab-7166c907c87e	4499	4000	NA	community	NA	NA	NA	Seed dry mass	mg	3.279812234818182	5.613490665434804	
individualtimelinenode_38a71e4f-a3fa-4afe-b3ab-7166c907c87e	4499	4000	NA	community	NA	NA	NA	Stem specific density (SSD) or wood density (stem dry mass per stem fresh volume)	g/cm^3	0.3490473477777778	0.1592998725235648	
individualtimelinenode_38a71e4f-a3fa-4afe-b3ab-7166c907c87e	4999	4500	NA	community	NA	NA	NA	Leaf area (in case of compound leaves: leaf, petiole included)	mm^2	1088.6207973750002	634.1445954905029	
individualtimelinenode_38a71e4f-a3fa-4afe-b3ab-7166c907c87e	4999	4500	NA	community	NA	NA	NA	Leaf nitrogen (N) content per leaf dry mass	mg/g	19.22131512130769	7.4651310249550065	
individualtimelinenode_38a71e4f-a3fa-4afe-b3ab-7166c907c87e	4999	4500	NA	community	NA	NA	NA	Leaf area per leaf dry mass (specific leaf area, SLA or 1/LMA): petiole included	mm^2/mg	16.43975922	18.6182020361878	
individualtimelinenode_38a71e4f-a3fa-4afe-b3ab-7166c907c87e	4999	4500	NA	community	NA	NA	NA	Plant height vegetative	m	1.9123865873076924	5.578315399644945	
individualtimelinenode_38a71e4f-a3fa-4afe-b3ab-7166c907c87e	4999	4500	NA	community	NA	NA	NA	Seed dry mass	mg	3.009683040666667	5.547357676174603	
individualtimelinenode_38a71e4f-a3fa-4afe-b3ab-7166c907c87e	4999	4500	NA	community	NA	NA	NA	Stem specific density (SSD) or wood density (stem dry mass per stem fresh volume)	g/cm^3	0.36728635200000004	0.1592998725235648	
individualtimelinenode_38a71e4f-a3fa-4afe-b3ab-7166c907c87e	5499	5000	NA	community	NA	NA	NA	Leaf area (in case of compound leaves: leaf, petiole included)	mm^2	1013.0981794318184	634.1445954905029	
individualtimelinenode_38a71e4f-a3fa-4afe-b3ab-7166c907c87e	5499	5000	NA	community	NA	NA	NA	Leaf nitrogen (N) content per leaf dry mass	mg/g	20.436066606692307	7.52794928829731	
individualtimelinenode_38a71e4f-a3fa-4afe-b3ab-7166c907c87e	5499	5000	NA	community	NA	NA	NA	Leaf area per leaf dry mass (specific leaf area, SLA or 1/LMA): petiole included	mm^2/mg	16.531042783571433	18.589069131365292	
individualtimelinenode_38a71e4f-a3fa-4afe-b3ab-7166c907c87e	5499	5000	NA	community	NA	NA	NA	Plant height vegetative	m	1.671157814466667	5.464230930001336	
individualtimelinenode_38a71e4f-a3fa-4afe-b3ab-7166c907c87e	5499	5000	NA	community	NA	NA	NA	Seed dry mass	mg	2.7453066610000003	5.483472639385805	
individualtimelinenode_38a71e4f-a3fa-4afe-b3ab-7166c907c87e	5499	5000	NA	community	NA	NA	NA	Stem specific density (SSD) or wood density (stem dry mass per stem fresh volume)	g/cm^3	0.3716917772857143	0.1592998725235648	
individualtimelinenode_38a71e4f-a3fa-4afe-b3ab-7166c907c87e	5999	5500	NA	community	NA	NA	NA	Leaf area (in case of compound leaves: leaf, petiole included)	mm^2	1013.0981794318184	634.1445954905029	
individualtimelinenode_38a71e4f-a3fa-4afe-b3ab-7166c907c87e	5999	5500	NA	community	NA	NA	NA	Leaf nitrogen (N) content per leaf dry mass	mg/g	20.436066606692307	7.52794928829731	
individualtimelinenode_38a71e4f-a3fa-4afe-b3ab-7166c907c87e	5999	5500	NA	community	NA	NA	NA	Leaf area per leaf dry mass (specific leaf area, SLA or 1/LMA): petiole included	mm^2/mg	16.531042783571433	18.589069131365292	
individualtimelinenode_38a71e4f-a3fa-4afe-b3ab-7166c907c87e	5999	5500	NA	community	NA	NA	NA	Plant height vegetative	m	1.671157814466667	5.464230930001336	
individualtimelinenode_38a71e4f-a3fa-4afe-b3ab-7166c907c87e	5999	5500	NA	community	NA	NA	NA	Seed dry mass	mg	2.7453066610000003	5.483472639385805	
individualtimelinenode_38a71e4f-a3fa-4afe-b3ab-7166c907c87e	5999	5500	NA	community	NA	NA	NA	Stem specific density (SSD) or wood density (stem dry mass per stem fresh volume)	g/cm^3	0.3716917772857143	0.1592998725235648	
individualtimelinenode_38a71e4f-a3fa-4afe-b3ab-7166c907c87e	6499	6000	NA	community	NA	NA	NA	Leaf area (in case of compound leaves: leaf, petiole included)	mm^2	1013.0981794318184	634.1445954905029	
individualtimelinenode_38a71e4f-a3fa-4afe-b3ab-7166c907c87e	6499	6000	NA	community	NA	NA	NA	Leaf nitrogen (N) content per leaf dry mass	mg/g	20.880738823916662	7.573080373260389	
individualtimelinenode_38a71e4f-a3fa-4afe-b3ab-7166c907c87e	6499	6000	NA	community	NA	NA	NA	Leaf area per leaf dry mass (specific leaf area, SLA or 1/LMA): petiole included	mm^2/mg	16.45081530538462	18.647079654560166	
individualtimelinenode_38a71e4f-a3fa-4afe-b3ab-7166c907c87e	6499	6000	NA	community	NA	NA	NA	Plant height vegetative	m	1.783553960857143	5.520408557389591	
individualtimelinenode_38a71e4f-a3fa-4afe-b3ab-7166c907c87e	6499	6000	NA	community	NA	NA	NA	Seed dry mass	mg	2.970893724	5.547321607026779	
individualtimelinenode_38a71e4f-a3fa-4afe-b3ab-7166c907c87e	6499	6000	NA	community	NA	NA	NA	Stem specific density (SSD) or wood density (stem dry mass per stem fresh volume)	g/cm^3	0.3716917772857143	0.1592998725235648	
individualtimelinenode_38a71e4f-a3fa-4afe-b3ab-7166c907c87e	6999	6500	NA	community	NA	NA	NA	Leaf area (in case of compound leaves: leaf, petiole included)	mm^2	744.5528792722223	551.6983415985983	
individualtimelinenode_38a71e4f-a3fa-4afe-b3ab-7166c907c87e	6999	6500	NA	community	NA	NA	NA	Leaf nitrogen (N) content per leaf dry mass	mg/g	20.073100524833333	7.358108642520492	
individualtimelinenode_38a71e4f-a3fa-4afe-b3ab-7166c907c87e	6999	6500	NA	community	NA	NA	NA	Leaf area per leaf dry mass (specific leaf area, SLA or 1/LMA): petiole included	mm^2/mg	15.731470250769231	20.2914882607796	
individualtimelinenode_38a71e4f-a3fa-4afe-b3ab-7166c907c87e	6999	6500	NA	community	NA	NA	NA	Plant height vegetative	m	1.747807454714286	5.593082741747639	
individualtimelinenode_38a71e4f-a3fa-4afe-b3ab-7166c907c87e	6999	6500	NA	community	NA	NA	NA	Seed dry mass	mg	2.9325549384166667	5.695332381850957	
individualtimelinenode_38a71e4f-a3fa-4afe-b3ab-7166c907c87e	6999	6500	NA	community	NA	NA	NA	Stem specific density (SSD) or wood density (stem dry mass per stem fresh volume)	g/cm^3	0.4056541245714286	0.15975305360922654	
individualtimelinenode_38a71e4f-a3fa-4afe-b3ab-7166c907c87e	7499	7000	NA	community	NA	NA	NA	Leaf area (in case of compound leaves: leaf, petiole included)	mm^2	1186.4219626055558	709.7465892858928	
individualtimelinenode_38a71e4f-a3fa-4afe-b3ab-7166c907c87e	7499	7000	NA	community	NA	NA	NA	Leaf nitrogen (N) content per leaf dry mass	mg/g	19.72368480592307	7.36873104034376	
individualtimelinenode_38a71e4f-a3fa-4afe-b3ab-7166c907c87e	7499	7000	NA	community	NA	NA	NA	Leaf area per leaf dry mass (specific leaf area, SLA or 1/LMA): petiole included	mm^2/mg	15.545951801538463	20.271105165537193	
individualtimelinenode_38a71e4f-a3fa-4afe-b3ab-7166c907c87e	7499	7000	NA	community	NA	NA	NA	Plant height vegetative	m	1.6650375797333334	5.661032502294859	
individualtimelinenode_38a71e4f-a3fa-4afe-b3ab-7166c907c87e	7499	7000	NA	community	NA	NA	NA	Seed dry mass	mg	2.5894885936428573	5.5396118783234405	
individualtimelinenode_38a71e4f-a3fa-4afe-b3ab-7166c907c87e	7499	7000	NA	community	NA	NA	NA	Stem specific density (SSD) or wood density (stem dry mass per stem fresh volume)	g/cm^3	0.4056541245714286	0.15975305360922654	
individualtimelinenode_38a71e4f-a3fa-4afe-b3ab-7166c907c87e	7999	7500	NA	community	NA	NA	NA	Leaf area (in case of compound leaves: leaf, petiole included)	mm^2	1495.164196514286	729.7869685828326	
individualtimelinenode_38a71e4f-a3fa-4afe-b3ab-7166c907c87e	7999	7500	NA	community	NA	NA	NA	Leaf nitrogen (N) content per leaf dry mass	mg/g	21.192095005699997	7.485962091218444	
individualtimelinenode_38a71e4f-a3fa-4afe-b3ab-7166c907c87e	7999	7500	NA	community	NA	NA	NA	Leaf area per leaf dry mass (specific leaf area, SLA or 1/LMA): petiole included	mm^2/mg	16.468104129	20.82822271922184	
individualtimelinenode_38a71e4f-a3fa-4afe-b3ab-7166c907c87e	7999	7500	NA	community	NA	NA	NA	Plant height vegetative	m	1.6095706770833333	5.794420315056071	
individualtimelinenode_38a71e4f-a3fa-4afe-b3ab-7166c907c87e	7999	7500	NA	community	NA	NA	NA	Seed dry mass	mg	1.7466385869090912	3.9459457544058814	
individualtimelinenode_38a71e4f-a3fa-4afe-b3ab-7166c907c87e	7999	7500	NA	community	NA	NA	NA	Stem specific density (SSD) or wood density (stem dry mass per stem fresh volume)	g/cm^3	0.39519791400000004	0.15868048057468176	
individualtimelinenode_38a71e4f-a3fa-4afe-b3ab-7166c907c87e	8499	8000	NA	community	NA	NA	NA	Leaf area (in case of compound leaves: leaf, petiole included)	mm^2	1340.5026719500001	729.7869685828326	
individualtimelinenode_38a71e4f-a3fa-4afe-b3ab-7166c907c87e	8499	8000	NA	community	NA	NA	NA	Leaf nitrogen (N) content per leaf dry mass	mg/g	22.24590090881818	7.485962091218444	
individualtimelinenode_38a71e4f-a3fa-4afe-b3ab-7166c907c87e	8499	8000	NA	community	NA	NA	NA	Leaf area per leaf dry mass (specific leaf area, SLA or 1/LMA): petiole included	mm^2/mg	16.716094662727272	20.82822271922184	
individualtimelinenode_38a71e4f-a3fa-4afe-b3ab-7166c907c87e	8499	8000	NA	community	NA	NA	NA	Plant height vegetative	m	1.4981276695384618	5.64432692269957	
individualtimelinenode_38a71e4f-a3fa-4afe-b3ab-7166c907c87e	8499	8000	NA	community	NA	NA	NA	Seed dry mass	mg	1.7466385869090912	3.9459457544058814	
individualtimelinenode_38a71e4f-a3fa-4afe-b3ab-7166c907c87e	8499	8000	NA	community	NA	NA	NA	Stem specific density (SSD) or wood density (stem dry mass per stem fresh volume)	g/cm^3	0.39519791400000004	0.15868048057468176	
individualtimelinenode_38a71e4f-a3fa-4afe-b3ab-7166c907c87e	8999	8500	NA	community	NA	NA	NA	Leaf area (in case of compound leaves: leaf, petiole included)	mm^2	1340.5026719500001	729.7869685828326	
individualtimelinenode_38a71e4f-a3fa-4afe-b3ab-7166c907c87e	8999	8500	NA	community	NA	NA	NA	Leaf nitrogen (N) content per leaf dry mass	mg/g	22.24590090881818	7.485962091218444	
individualtimelinenode_38a71e4f-a3fa-4afe-b3ab-7166c907c87e	8999	8500	NA	community	NA	NA	NA	Leaf area per leaf dry mass (specific leaf area, SLA or 1/LMA): petiole included	mm^2/mg	16.716094662727272	20.82822271922184	
individualtimelinenode_38a71e4f-a3fa-4afe-b3ab-7166c907c87e	8999	8500	NA	community	NA	NA	NA	Plant height vegetative	m	1.4981276695384618	5.64432692269957	
individualtimelinenode_38a71e4f-a3fa-4afe-b3ab-7166c907c87e	8999	8500	NA	community	NA	NA	NA	Seed dry mass	mg	1.7466385869090912	3.9459457544058814	
individualtimelinenode_38a71e4f-a3fa-4afe-b3ab-7166c907c87e	8999	8500	NA	community	NA	NA	NA	Stem specific density (SSD) or wood density (stem dry mass per stem fresh volume)	g/cm^3	0.39519791400000004	0.15868048057468176	
individualtimelinenode_38a71e4f-a3fa-4afe-b3ab-7166c907c87e	9499	9000	NA	community	NA	NA	NA	Leaf area (in case of compound leaves: leaf, petiole included)	mm^2	1457.1844620428571	1176.2559691208974	
individualtimelinenode_38a71e4f-a3fa-4afe-b3ab-7166c907c87e	9499	9000	NA	community	NA	NA	NA	Leaf nitrogen (N) content per leaf dry mass	mg/g	20.9452742067	7.99955178789061	
individualtimelinenode_38a71e4f-a3fa-4afe-b3ab-7166c907c87e	9499	9000	NA	community	NA	NA	NA	Leaf area per leaf dry mass (specific leaf area, SLA or 1/LMA): petiole included	mm^2/mg	16.101014375	5.426293504732871	
individualtimelinenode_38a71e4f-a3fa-4afe-b3ab-7166c907c87e	9499	9000	NA	community	NA	NA	NA	Plant height vegetative	m	1.6222153899166667	7.19609075123331	
individualtimelinenode_38a71e4f-a3fa-4afe-b3ab-7166c907c87e	9499	9000	NA	community	NA	NA	NA	Seed dry mass	mg	2.030548554777778	3.1811288975667362	
individualtimelinenode_38a71e4f-a3fa-4afe-b3ab-7166c907c87e	9499	9000	NA	community	NA	NA	NA	Stem specific density (SSD) or wood density (stem dry mass per stem fresh volume)	g/cm^3	0.356013809	NaN	
individualtimelinenode_38a71e4f-a3fa-4afe-b3ab-7166c907c87e	9999	9500	NA	community	NA	NA	NA	Leaf area (in case of compound leaves: leaf, petiole included)	mm^2	1457.1844620428571	1176.2559691208974	
individualtimelinenode_38a71e4f-a3fa-4afe-b3ab-7166c907c87e	9999	9500	NA	community	NA	NA	NA	Leaf nitrogen (N) content per leaf dry mass	mg/g	21.693724038899994	7.933538092681446	
individualtimelinenode_38a71e4f-a3fa-4afe-b3ab-7166c907c87e	9999	9500	NA	community	NA	NA	NA	Leaf area per leaf dry mass (specific leaf area, SLA or 1/LMA): petiole included	mm^2/mg	15.131341463999998	5.446502202931847	
individualtimelinenode_38a71e4f-a3fa-4afe-b3ab-7166c907c87e	9999	9500	NA	community	NA	NA	NA	Plant height vegetative	m	1.5849279194166668	7.122866736212982	
individualtimelinenode_38a71e4f-a3fa-4afe-b3ab-7166c907c87e	9999	9500	NA	community	NA	NA	NA	Seed dry mass	mg	1.8863298078	3.136038991102848	
individualtimelinenode_38a71e4f-a3fa-4afe-b3ab-7166c907c87e	9999	9500	NA	community	NA	NA	NA	Stem specific density (SSD) or wood density (stem dry mass per stem fresh volume)	g/cm^3	0.3521007222	NaN	
individualtimelinenode_38a71e4f-a3fa-4afe-b3ab-7166c907c87e	10499	10000	NA	community	NA	NA	NA	Leaf area (in case of compound leaves: leaf, petiole included)	mm^2	1275.984893870875	1129.1009769746358	
individualtimelinenode_38a71e4f-a3fa-4afe-b3ab-7166c907c87e	10499	10000	NA	community	NA	NA	NA	Leaf nitrogen (N) content per leaf dry mass	mg/g	21.6113574449	7.999346888425805	
individualtimelinenode_38a71e4f-a3fa-4afe-b3ab-7166c907c87e	10499	10000	NA	community	NA	NA	NA	Leaf area per leaf dry mass (specific leaf area, SLA or 1/LMA): petiole included	mm^2/mg	15.150877065999998	6.158763141753114	
individualtimelinenode_38a71e4f-a3fa-4afe-b3ab-7166c907c87e	10499	10000	NA	community	NA	NA	NA	Plant height vegetative	m	1.5826974651666672	6.229233439344503	
individualtimelinenode_38a71e4f-a3fa-4afe-b3ab-7166c907c87e	10499	10000	NA	community	NA	NA	NA	Seed dry mass	mg	1.8879129799	2.976521360606506	
individualtimelinenode_38a71e4f-a3fa-4afe-b3ab-7166c907c87e	10499	10000	NA	community	NA	NA	NA	Stem specific density (SSD) or wood density (stem dry mass per stem fresh volume)	g/cm^3	0.3521007222	NaN	
individualtimelinenode_38a71e4f-a3fa-4afe-b3ab-7166c907c87e	10999	10500	NA	community	NA	NA	NA	Leaf area (in case of compound leaves: leaf, petiole included)	mm^2	1275.984893870875	1129.1009769746358	
individualtimelinenode_38a71e4f-a3fa-4afe-b3ab-7166c907c87e	10999	10500	NA	community	NA	NA	NA	Leaf nitrogen (N) content per leaf dry mass	mg/g	21.6113574449	7.999346888425805	
individualtimelinenode_38a71e4f-a3fa-4afe-b3ab-7166c907c87e	10999	10500	NA	community	NA	NA	NA	Leaf area per leaf dry mass (specific leaf area, SLA or 1/LMA): petiole included	mm^2/mg	15.150877065999998	6.158763141753114	
individualtimelinenode_38a71e4f-a3fa-4afe-b3ab-7166c907c87e	10999	10500	NA	community	NA	NA	NA	Plant height vegetative	m	1.5826974651666672	6.229233439344503	
individualtimelinenode_38a71e4f-a3fa-4afe-b3ab-7166c907c87e	10999	10500	NA	community	NA	NA	NA	Seed dry mass	mg	1.8879129799	2.976521360606506	
individualtimelinenode_38a71e4f-a3fa-4afe-b3ab-7166c907c87e	10999	10500	NA	community	NA	NA	NA	Stem specific density (SSD) or wood density (stem dry mass per stem fresh volume)	g/cm^3	0.3521007222	NaN	
individualtimelinenode_38a71e4f-a3fa-4afe-b3ab-7166c907c87e	11499	11000	NA	community	NA	NA	NA	Leaf area (in case of compound leaves: leaf, petiole included)	mm^2	1440.4446406095717	1137.2333397330228	
individualtimelinenode_38a71e4f-a3fa-4afe-b3ab-7166c907c87e	11499	11000	NA	community	NA	NA	NA	Leaf nitrogen (N) content per leaf dry mass	mg/g	22.451331177666663	7.894163184640295	
individualtimelinenode_38a71e4f-a3fa-4afe-b3ab-7166c907c87e	11499	11000	NA	community	NA	NA	NA	Leaf area per leaf dry mass (specific leaf area, SLA or 1/LMA): petiole included	mm^2/mg	15.172051006666667	6.1372833973459775	
individualtimelinenode_38a71e4f-a3fa-4afe-b3ab-7166c907c87e	11499	11000	NA	community	NA	NA	NA	Plant height vegetative	m	1.650055208727273	6.8138619060886985	
individualtimelinenode_38a71e4f-a3fa-4afe-b3ab-7166c907c87e	11499	11000	NA	community	NA	NA	NA	Seed dry mass	mg	1.8879129799	2.976521360606506	
individualtimelinenode_38a71e4f-a3fa-4afe-b3ab-7166c907c87e	11499	11000	NA	community	NA	NA	NA	Stem specific density (SSD) or wood density (stem dry mass per stem fresh volume)	g/cm^3	0.38934207425	NaN	
individualtimelinenode_c2805b46-f963-491a-b825-766208e247a0	499	0	NA	community	NA	NA	NA	Leaf area (in case of compound leaves: leaf, petiole included)	mm^2	1407.712630925	806.4065830788833	
individualtimelinenode_c2805b46-f963-491a-b825-766208e247a0	499	0	NA	community	NA	NA	NA	Leaf nitrogen (N) content per leaf dry mass	mg/g	21.172060119571427	8.649953976175626	
individualtimelinenode_c2805b46-f963-491a-b825-766208e247a0	499	0	NA	community	NA	NA	NA	Leaf area per leaf dry mass (specific leaf area, SLA or 1/LMA): petiole included	mm^2/mg	17.25756847285714	7.972598097501138	
individualtimelinenode_c2805b46-f963-491a-b825-766208e247a0	499	0	NA	community	NA	NA	NA	Plant height vegetative	m	3.180847713857143	8.252425364546609	
individualtimelinenode_c2805b46-f963-491a-b825-766208e247a0	499	0	NA	community	NA	NA	NA	Seed dry mass	mg	3.627990971333333	5.346565058576624	
individualtimelinenode_c2805b46-f963-491a-b825-766208e247a0	499	0	NA	community	NA	NA	NA	Stem specific density (SSD) or wood density (stem dry mass per stem fresh volume)	g/cm^3	0.40931472350000003	0.17312397339975297	
individualtimelinenode_c2805b46-f963-491a-b825-766208e247a0	999	500	NA	community	NA	NA	NA	Leaf area (in case of compound leaves: leaf, petiole included)	mm^2	1256.7148426937501	882.8821571806999	
individualtimelinenode_c2805b46-f963-491a-b825-766208e247a0	999	500	NA	community	NA	NA	NA	Leaf nitrogen (N) content per leaf dry mass	mg/g	20.3847151527	7.503274930577202	
individualtimelinenode_c2805b46-f963-491a-b825-766208e247a0	999	500	NA	community	NA	NA	NA	Leaf area per leaf dry mass (specific leaf area, SLA or 1/LMA): petiole included	mm^2/mg	16.330156589090908	7.277345631086235	
individualtimelinenode_c2805b46-f963-491a-b825-766208e247a0	999	500	NA	community	NA	NA	NA	Plant height vegetative	m	2.0280720590000003	7.4458809171378135	
individualtimelinenode_c2805b46-f963-491a-b825-766208e247a0	999	500	NA	community	NA	NA	NA	Seed dry mass	mg	3.3306706574545455	4.472418744054483	
individualtimelinenode_c2805b46-f963-491a-b825-766208e247a0	999	500	NA	community	NA	NA	NA	Stem specific density (SSD) or wood density (stem dry mass per stem fresh volume)	g/cm^3	0.33712507150000004	0.17152855923867472	
individualtimelinenode_c2805b46-f963-491a-b825-766208e247a0	1499	1000	NA	community	NA	NA	NA	Leaf area (in case of compound leaves: leaf, petiole included)	mm^2	998.238017875	934.2876238094149	
individualtimelinenode_c2805b46-f963-491a-b825-766208e247a0	1499	1000	NA	community	NA	NA	NA	Leaf nitrogen (N) content per leaf dry mass	mg/g	19.092509131142855	6.976546682700113	
individualtimelinenode_c2805b46-f963-491a-b825-766208e247a0	1499	1000	NA	community	NA	NA	NA	Leaf area per leaf dry mass (specific leaf area, SLA or 1/LMA): petiole included	mm^2/mg	16.34133249875	5.7693156414320175	
individualtimelinenode_c2805b46-f963-491a-b825-766208e247a0	1499	1000	NA	community	NA	NA	NA	Plant height vegetative	m	2.635911960333333	9.24656814835012	
individualtimelinenode_c2805b46-f963-491a-b825-766208e247a0	1499	1000	NA	community	NA	NA	NA	Seed dry mass	mg	4.228608492125	4.9690302049987345	
individualtimelinenode_c2805b46-f963-491a-b825-766208e247a0	1499	1000	NA	community	NA	NA	NA	Stem specific density (SSD) or wood density (stem dry mass per stem fresh volume)	g/cm^3	0.3354010058	0.1680151973446724	
individualtimelinenode_c2805b46-f963-491a-b825-766208e247a0	1999	1500	NA	community	NA	NA	NA	Leaf area (in case of compound leaves: leaf, petiole included)	mm^2	918.07909231	462.96187973109863	
individualtimelinenode_c2805b46-f963-491a-b825-766208e247a0	1999	1500	NA	community	NA	NA	NA	Leaf nitrogen (N) content per leaf dry mass	mg/g	20.608344084	7.433866262388999	
individualtimelinenode_c2805b46-f963-491a-b825-766208e247a0	1999	1500	NA	community	NA	NA	NA	Leaf area per leaf dry mass (specific leaf area, SLA or 1/LMA): petiole included	mm^2/mg	16.01224438	8.053715169217847	
individualtimelinenode_c2805b46-f963-491a-b825-766208e247a0	1999	1500	NA	community	NA	NA	NA	Plant height vegetative	m	2.4707755881111115	9.00491048989025	
individualtimelinenode_c2805b46-f963-491a-b825-766208e247a0	1999	1500	NA	community	NA	NA	NA	Seed dry mass	mg	2.6203509792500004	5.63248620035413	
individualtimelinenode_c2805b46-f963-491a-b825-766208e247a0	1999	1500	NA	community	NA	NA	NA	Stem specific density (SSD) or wood density (stem dry mass per stem fresh volume)	g/cm^3	0.34385369800000004	0.16869043356357302	
individualtimelinenode_c2805b46-f963-491a-b825-766208e247a0	2499	2000	NA	community	NA	NA	NA	Leaf area (in case of compound leaves: leaf, petiole included)	mm^2	901.19438233	394.54773958680283	
individualtimelinenode_c2805b46-f963-491a-b825-766208e247a0	2499	2000	NA	community	NA	NA	NA	Leaf nitrogen (N) content per leaf dry mass	mg/g	19.738958163000003	6.9800884998991535	
individualtimelinenode_c2805b46-f963-491a-b825-766208e247a0	2499	2000	NA	community	NA	NA	NA	Leaf area per leaf dry mass (specific leaf area, SLA or 1/LMA): petiole included	mm^2/mg	18.311000429999996	24.11405904215071	
individualtimelinenode_c2805b46-f963-491a-b825-766208e247a0	2499	2000	NA	community	NA	NA	NA	Plant height vegetative	m	3.728273266166667	6.3410628831540965	
individualtimelinenode_c2805b46-f963-491a-b825-766208e247a0	2499	2000	NA	community	NA	NA	NA	Seed dry mass	mg	4.064510349600001	5.984626224726401	
individualtimelinenode_c2805b46-f963-491a-b825-766208e247a0	2499	2000	NA	community	NA	NA	NA	Stem specific density (SSD) or wood density (stem dry mass per stem fresh volume)	g/cm^3	0.3991157072	0.17045052540992237	
individualtimelinenode_c2805b46-f963-491a-b825-766208e247a0	2999	2500	NA	community	NA	NA	NA	Leaf area (in case of compound leaves: leaf, petiole included)	mm^2	832.1208931357144	498.8088198612877	
individualtimelinenode_c2805b46-f963-491a-b825-766208e247a0	2999	2500	NA	community	NA	NA	NA	Leaf nitrogen (N) content per leaf dry mass	mg/g	21.33605571225	7.220692025504248	
individualtimelinenode_c2805b46-f963-491a-b825-766208e247a0	2999	2500	NA	community	NA	NA	NA	Leaf area per leaf dry mass (specific leaf area, SLA or 1/LMA): petiole included	mm^2/mg	17.938535088749997	20.0913167353144	
individualtimelinenode_c2805b46-f963-491a-b825-766208e247a0	2999	2500	NA	community	NA	NA	NA	Plant height vegetative	m	2.9733966840000003	5.763623040280463	
individualtimelinenode_c2805b46-f963-491a-b825-766208e247a0	2999	2500	NA	community	NA	NA	NA	Seed dry mass	mg	5.594674948166666	5.821172215994035	
individualtimelinenode_c2805b46-f963-491a-b825-766208e247a0	2999	2500	NA	community	NA	NA	NA	Stem specific density (SSD) or wood density (stem dry mass per stem fresh volume)	g/cm^3	0.4009751122000001	0.17390663816182367	
individualtimelinenode_c2805b46-f963-491a-b825-766208e247a0	3499	3000	NA	community	NA	NA	NA	Leaf area (in case of compound leaves: leaf, petiole included)	mm^2	626.2303384071428	454.57703951690615	
individualtimelinenode_c2805b46-f963-491a-b825-766208e247a0	3499	3000	NA	community	NA	NA	NA	Leaf nitrogen (N) content per leaf dry mass	mg/g	22.489130601	8.150254843699352	
individualtimelinenode_c2805b46-f963-491a-b825-766208e247a0	3499	3000	NA	community	NA	NA	NA	Leaf area per leaf dry mass (specific leaf area, SLA or 1/LMA): petiole included	mm^2/mg	17.763823745	8.144220877260699	
individualtimelinenode_c2805b46-f963-491a-b825-766208e247a0	3499	3000	NA	community	NA	NA	NA	Plant height vegetative	m	2.739057645125	8.760652639554694	
individualtimelinenode_c2805b46-f963-491a-b825-766208e247a0	3499	3000	NA	community	NA	NA	NA	Seed dry mass	mg	3.3017024480000003	4.901467308444405	
individualtimelinenode_c2805b46-f963-491a-b825-766208e247a0	3499	3000	NA	community	NA	NA	NA	Stem specific density (SSD) or wood density (stem dry mass per stem fresh volume)	g/cm^3	0.3372604108	0.17152855923867472	
individualtimelinenode_c2805b46-f963-491a-b825-766208e247a0	3999	3500	NA	community	NA	NA	NA	Leaf area (in case of compound leaves: leaf, petiole included)	mm^2	1077.28826485625	783.3730769682093	
individualtimelinenode_c2805b46-f963-491a-b825-766208e247a0	3999	3500	NA	community	NA	NA	NA	Leaf nitrogen (N) content per leaf dry mass	mg/g	21.04752232522222	8.195262955338617	
individualtimelinenode_c2805b46-f963-491a-b825-766208e247a0	3999	3500	NA	community	NA	NA	NA	Leaf area per leaf dry mass (specific leaf area, SLA or 1/LMA): petiole included	mm^2/mg	17.65498334666667	8.126183387657974	
individualtimelinenode_c2805b46-f963-491a-b825-766208e247a0	3999	3500	NA	community	NA	NA	NA	Plant height vegetative	m	2.4912835633333335	8.617846638050606	
individualtimelinenode_c2805b46-f963-491a-b825-766208e247a0	3999	3500	NA	community	NA	NA	NA	Seed dry mass	mg	2.8902007377142858	4.8103826129301686	
individualtimelinenode_c2805b46-f963-491a-b825-766208e247a0	3999	3500	NA	community	NA	NA	NA	Stem specific density (SSD) or wood density (stem dry mass per stem fresh volume)	g/cm^3	0.3372604108	0.17152855923867472	
individualtimelinenode_c2805b46-f963-491a-b825-766208e247a0	4499	4000	NA	community	NA	NA	NA	Leaf area (in case of compound leaves: leaf, petiole included)	mm^2	1396.1114901785716	1232.6871639176675	
individualtimelinenode_c2805b46-f963-491a-b825-766208e247a0	4499	4000	NA	community	NA	NA	NA	Leaf nitrogen (N) content per leaf dry mass	mg/g	18.985251660875	7.397072242510603	
individualtimelinenode_c2805b46-f963-491a-b825-766208e247a0	4499	4000	NA	community	NA	NA	NA	Leaf area per leaf dry mass (specific leaf area, SLA or 1/LMA): petiole included	mm^2/mg	16.93405112	6.0603122973895145	
individualtimelinenode_c2805b46-f963-491a-b825-766208e247a0	4499	4000	NA	community	NA	NA	NA	Plant height vegetative	m	2.9647287217500002	8.730486380737412	
individualtimelinenode_c2805b46-f963-491a-b825-766208e247a0	4499	4000	NA	community	NA	NA	NA	Seed dry mass	mg	5.4481512038333335	4.993211372342088	
individualtimelinenode_c2805b46-f963-491a-b825-766208e247a0	4499	4000	NA	community	NA	NA	NA	Stem specific density (SSD) or wood density (stem dry mass per stem fresh volume)	g/cm^3	0.3968975275	0.17238506350078775	
individualtimelinenode_c2805b46-f963-491a-b825-766208e247a0	4999	4500	NA	community	NA	NA	NA	Leaf area (in case of compound leaves: leaf, petiole included)	mm^2	927.8290419916667	498.8088198612877	
individualtimelinenode_c2805b46-f963-491a-b825-766208e247a0	4999	4500	NA	community	NA	NA	NA	Leaf nitrogen (N) content per leaf dry mass	mg/g	19.700640822571426	7.220692025504248	
individualtimelinenode_c2805b46-f963-491a-b825-766208e247a0	4999	4500	NA	community	NA	NA	NA	Leaf area per leaf dry mass (specific leaf area, SLA or 1/LMA): petiole included	mm^2/mg	17.758897244285713	20.0913167353144	
individualtimelinenode_c2805b46-f963-491a-b825-766208e247a0	4999	4500	NA	community	NA	NA	NA	Plant height vegetative	m	3.3751945561428576	5.919815498060431	
individualtimelinenode_c2805b46-f963-491a-b825-766208e247a0	4999	4500	NA	community	NA	NA	NA	Seed dry mass	mg	5.594674948166666	5.821172215994035	
individualtimelinenode_c2805b46-f963-491a-b825-766208e247a0	4999	4500	NA	community	NA	NA	NA	Stem specific density (SSD) or wood density (stem dry mass per stem fresh volume)	g/cm^3	0.4009751122000001	0.17390663816182367	
individualtimelinenode_c2805b46-f963-491a-b825-766208e247a0	5499	5000	NA	community	NA	NA	NA	Leaf area (in case of compound leaves: leaf, petiole included)	mm^2	769.40578149375	493.41419284116876	
individualtimelinenode_c2805b46-f963-491a-b825-766208e247a0	5499	5000	NA	community	NA	NA	NA	Leaf nitrogen (N) content per leaf dry mass	mg/g	22.908462127555556	7.204483977392761	
individualtimelinenode_c2805b46-f963-491a-b825-766208e247a0	5499	5000	NA	community	NA	NA	NA	Leaf area per leaf dry mass (specific leaf area, SLA or 1/LMA): petiole included	mm^2/mg	18.061202988888887	19.461197840004754	
individualtimelinenode_c2805b46-f963-491a-b825-766208e247a0	5499	5000	NA	community	NA	NA	NA	Plant height vegetative	m	2.6772074420000003	5.47823653354755	
individualtimelinenode_c2805b46-f963-491a-b825-766208e247a0	5499	5000	NA	community	NA	NA	NA	Seed dry mass	mg	5.157358497428571	5.505011457184564	
individualtimelinenode_c2805b46-f963-491a-b825-766208e247a0	5499	5000	NA	community	NA	NA	NA	Stem specific density (SSD) or wood density (stem dry mass per stem fresh volume)	g/cm^3	0.4009751122000001	0.17390663816182367	
individualtimelinenode_c2805b46-f963-491a-b825-766208e247a0	5999	5500	NA	community	NA	NA	NA	Leaf area (in case of compound leaves: leaf, petiole included)	mm^2	771.0437500944445	646.7846749839119	
individualtimelinenode_c2805b46-f963-491a-b825-766208e247a0	5999	5500	NA	community	NA	NA	NA	Leaf nitrogen (N) content per leaf dry mass	mg/g	22.3345803628	7.224991754010782	
individualtimelinenode_c2805b46-f963-491a-b825-766208e247a0	5999	5500	NA	community	NA	NA	NA	Leaf area per leaf dry mass (specific leaf area, SLA or 1/LMA): petiole included	mm^2/mg	16.578341892727273	7.048404722448355	
individualtimelinenode_c2805b46-f963-491a-b825-766208e247a0	5999	5500	NA	community	NA	NA	NA	Plant height vegetative	m	2.0199945853333334	7.2822622601351945	
individualtimelinenode_c2805b46-f963-491a-b825-766208e247a0	5999	5500	NA	community	NA	NA	NA	Seed dry mass	mg	3.7744906541999996	5.351057702233767	
individualtimelinenode_c2805b46-f963-491a-b825-766208e247a0	5999	5500	NA	community	NA	NA	NA	Stem specific density (SSD) or wood density (stem dry mass per stem fresh volume)	g/cm^3	0.34533476259999996	0.16869043356357302	
individualtimelinenode_c2805b46-f963-491a-b825-766208e247a0	6499	6000	NA	community	NA	NA	NA	Leaf area (in case of compound leaves: leaf, petiole included)	mm^2	1088.932500085	849.1027567679761	
individualtimelinenode_c2805b46-f963-491a-b825-766208e247a0	6499	6000	NA	community	NA	NA	NA	Leaf nitrogen (N) content per leaf dry mass	mg/g	20.14581396808333	7.1098424617563705	
individualtimelinenode_c2805b46-f963-491a-b825-766208e247a0	6499	6000	NA	community	NA	NA	NA	Leaf area per leaf dry mass (specific leaf area, SLA or 1/LMA): petiole included	mm^2/mg	16.559378852307695	7.214985747370017	
individualtimelinenode_c2805b46-f963-491a-b825-766208e247a0	6499	6000	NA	community	NA	NA	NA	Plant height vegetative	m	1.7701273415000003	7.70828598832937	
individualtimelinenode_c2805b46-f963-491a-b825-766208e247a0	6499	6000	NA	community	NA	NA	NA	Seed dry mass	mg	3.03007645325	4.690098815586944	
individualtimelinenode_c2805b46-f963-491a-b825-766208e247a0	6499	6000	NA	community	NA	NA	NA	Stem specific density (SSD) or wood density (stem dry mass per stem fresh volume)	g/cm^3	0.30173790685714286	0.16725257832030233	
individualtimelinenode_c2805b46-f963-491a-b825-766208e247a0	6999	6500	NA	community	NA	NA	NA	Leaf area (in case of compound leaves: leaf, petiole included)	mm^2	1181.27255565	849.1027567679761	
individualtimelinenode_c2805b46-f963-491a-b825-766208e247a0	6999	6500	NA	community	NA	NA	NA	Leaf nitrogen (N) content per leaf dry mass	mg/g	18.996891607	7.1098424617563705	
individualtimelinenode_c2805b46-f963-491a-b825-766208e247a0	6999	6500	NA	community	NA	NA	NA	Leaf area per leaf dry mass (specific leaf area, SLA or 1/LMA): petiole included	mm^2/mg	16.339660423333335	7.214985747370017	
individualtimelinenode_c2805b46-f963-491a-b825-766208e247a0	6999	6500	NA	community	NA	NA	NA	Plant height vegetative	m	1.893920861692308	8.102024820183493	
individualtimelinenode_c2805b46-f963-491a-b825-766208e247a0	6999	6500	NA	community	NA	NA	NA	Seed dry mass	mg	3.03007645325	4.690098815586944	
individualtimelinenode_c2805b46-f963-491a-b825-766208e247a0	6999	6500	NA	community	NA	NA	NA	Stem specific density (SSD) or wood density (stem dry mass per stem fresh volume)	g/cm^3	0.30173790685714286	0.16725257832030233	
individualtimelinenode_c2805b46-f963-491a-b825-766208e247a0	7499	7000	NA	community	NA	NA	NA	Leaf area (in case of compound leaves: leaf, petiole included)	mm^2	895.2426001357144	550.8706645677244	
individualtimelinenode_c2805b46-f963-491a-b825-766208e247a0	7499	7000	NA	community	NA	NA	NA	Leaf nitrogen (N) content per leaf dry mass	mg/g	17.833385188799998	6.628397183196406	
individualtimelinenode_c2805b46-f963-491a-b825-766208e247a0	7499	7000	NA	community	NA	NA	NA	Leaf area per leaf dry mass (specific leaf area, SLA or 1/LMA): petiole included	mm^2/mg	16.14880035909091	21.461538725256062	
individualtimelinenode_c2805b46-f963-491a-b825-766208e247a0	7499	7000	NA	community	NA	NA	NA	Plant height vegetative	m	2.0320735060833335	5.859269150993206	
individualtimelinenode_c2805b46-f963-491a-b825-766208e247a0	7499	7000	NA	community	NA	NA	NA	Seed dry mass	mg	3.2679387207272725	5.7281515154486895	
individualtimelinenode_c2805b46-f963-491a-b825-766208e247a0	7499	7000	NA	community	NA	NA	NA	Stem specific density (SSD) or wood density (stem dry mass per stem fresh volume)	g/cm^3	0.3886711518333334	0.17045052540992237	
individualtimelinenode_c2805b46-f963-491a-b825-766208e247a0	7999	7500	NA	community	NA	NA	NA	Leaf area (in case of compound leaves: leaf, petiole included)	mm^2	1407.9920718249998	1164.2069361128583	
individualtimelinenode_c2805b46-f963-491a-b825-766208e247a0	7999	7500	NA	community	NA	NA	NA	Leaf nitrogen (N) content per leaf dry mass	mg/g	20.2163333556	6.690573548704222	
individualtimelinenode_c2805b46-f963-491a-b825-766208e247a0	7999	7500	NA	community	NA	NA	NA	Leaf area per leaf dry mass (specific leaf area, SLA or 1/LMA): petiole included	mm^2/mg	16.195681755	5.499995767305806	
individualtimelinenode_c2805b46-f963-491a-b825-766208e247a0	7999	7500	NA	community	NA	NA	NA	Plant height vegetative	m	2.1481092147142857	8.301489059780971	
individualtimelinenode_c2805b46-f963-491a-b825-766208e247a0	7999	7500	NA	community	NA	NA	NA	Seed dry mass	mg	3.2524329111666663	4.213396869178835	
individualtimelinenode_c2805b46-f963-491a-b825-766208e247a0	7999	7500	NA	community	NA	NA	NA	Stem specific density (SSD) or wood density (stem dry mass per stem fresh volume)	g/cm^3	NaN	NaN	
individualtimelinenode_c2805b46-f963-491a-b825-766208e247a0	8499	8000	NA	community	NA	NA	NA	Leaf area (in case of compound leaves: leaf, petiole included)	mm^2	1973.33240746	1352.6182997791561	
individualtimelinenode_c2805b46-f963-491a-b825-766208e247a0	8499	8000	NA	community	NA	NA	NA	Leaf nitrogen (N) content per leaf dry mass	mg/g	17.956617556714285	6.436345251702929	
individualtimelinenode_c2805b46-f963-491a-b825-766208e247a0	8499	8000	NA	community	NA	NA	NA	Leaf area per leaf dry mass (specific leaf area, SLA or 1/LMA): petiole included	mm^2/mg	16.44154383625	5.442946862611095	
individualtimelinenode_c2805b46-f963-491a-b825-766208e247a0	8499	8000	NA	community	NA	NA	NA	Plant height vegetative	m	1.7381630196666666	7.9900502387607615	
individualtimelinenode_c2805b46-f963-491a-b825-766208e247a0	8499	8000	NA	community	NA	NA	NA	Seed dry mass	mg	2.496756231	3.9194572223218036	
individualtimelinenode_c2805b46-f963-491a-b825-766208e247a0	8499	8000	NA	community	NA	NA	NA	Stem specific density (SSD) or wood density (stem dry mass per stem fresh volume)	g/cm^3	NaN	NaN	
individualtimelinenode_c2805b46-f963-491a-b825-766208e247a0	8999	8500	NA	community	NA	NA	NA	Leaf area (in case of compound leaves: leaf, petiole included)	mm^2	1184.8479285800004	1076.727873512321	
individualtimelinenode_c2805b46-f963-491a-b825-766208e247a0	8999	8500	NA	community	NA	NA	NA	Leaf nitrogen (N) content per leaf dry mass	mg/g	18.6457010887	6.654663205856258	
individualtimelinenode_c2805b46-f963-491a-b825-766208e247a0	8999	8500	NA	community	NA	NA	NA	Leaf area per leaf dry mass (specific leaf area, SLA or 1/LMA): petiole included	mm^2/mg	16.352768367272727	5.647765393360264	
individualtimelinenode_c2805b46-f963-491a-b825-766208e247a0	8999	8500	NA	community	NA	NA	NA	Plant height vegetative	m	2.0437108711666667	4.660498619738178	
individualtimelinenode_c2805b46-f963-491a-b825-766208e247a0	8999	8500	NA	community	NA	NA	NA	Seed dry mass	mg	3.7241034260999997	5.142126173330667	
individualtimelinenode_c2805b46-f963-491a-b825-766208e247a0	8999	8500	NA	community	NA	NA	NA	Stem specific density (SSD) or wood density (stem dry mass per stem fresh volume)	g/cm^3	0.3704032244	0.1672845588686418	
individualtimelinenode_c2805b46-f963-491a-b825-766208e247a0	9499	9000	NA	community	NA	NA	NA	Leaf area (in case of compound leaves: leaf, petiole included)	mm^2	1308.0888154900003	1118.4574525458033	
individualtimelinenode_c2805b46-f963-491a-b825-766208e247a0	9499	9000	NA	community	NA	NA	NA	Leaf nitrogen (N) content per leaf dry mass	mg/g	18.879423108555557	6.702575665548199	
individualtimelinenode_c2805b46-f963-491a-b825-766208e247a0	9499	9000	NA	community	NA	NA	NA	Leaf area per leaf dry mass (specific leaf area, SLA or 1/LMA): petiole included	mm^2/mg	16.522721444	5.786407619353955	
individualtimelinenode_c2805b46-f963-491a-b825-766208e247a0	9499	9000	NA	community	NA	NA	NA	Plant height vegetative	m	2.2227209503636365	4.682449825712221	
individualtimelinenode_c2805b46-f963-491a-b825-766208e247a0	9499	9000	NA	community	NA	NA	NA	Seed dry mass	mg	4.042670473444444	5.142126173330667	
individualtimelinenode_c2805b46-f963-491a-b825-766208e247a0	9499	9000	NA	community	NA	NA	NA	Stem specific density (SSD) or wood density (stem dry mass per stem fresh volume)	g/cm^3	0.3704032244	0.1672845588686418	
individualtimelinenode_c2805b46-f963-491a-b825-766208e247a0	9999	9500	NA	community	NA	NA	NA	Leaf area (in case of compound leaves: leaf, petiole included)	mm^2	1656.2287261750002	1204.7511169363277	
individualtimelinenode_c2805b46-f963-491a-b825-766208e247a0	9999	9500	NA	community	NA	NA	NA	Leaf nitrogen (N) content per leaf dry mass	mg/g	16.75969735475	6.733069241838337	
individualtimelinenode_c2805b46-f963-491a-b825-766208e247a0	9999	9500	NA	community	NA	NA	NA	Leaf area per leaf dry mass (specific leaf area, SLA or 1/LMA): petiole included	mm^2/mg	15.7817258125	4.056142399021197	
individualtimelinenode_c2805b46-f963-491a-b825-766208e247a0	9999	9500	NA	community	NA	NA	NA	Plant height vegetative	m	1.3621905845	2.161469833819107	
individualtimelinenode_c2805b46-f963-491a-b825-766208e247a0	9999	9500	NA	community	NA	NA	NA	Seed dry mass	mg	4.09288671	1.2355066046984216	
individualtimelinenode_c2805b46-f963-491a-b825-766208e247a0	9999	9500	NA	community	NA	NA	NA	Stem specific density (SSD) or wood density (stem dry mass per stem fresh volume)	g/cm^3	NaN	NaN	
individualtimelinenode_c2805b46-f963-491a-b825-766208e247a0	10499	10000	NA	community	NA	NA	NA	Leaf area (in case of compound leaves: leaf, petiole included)	mm^2	1656.2287261750002	1204.7511169363277	
individualtimelinenode_c2805b46-f963-491a-b825-766208e247a0	10499	10000	NA	community	NA	NA	NA	Leaf nitrogen (N) content per leaf dry mass	mg/g	16.75969735475	6.733069241838337	
individualtimelinenode_c2805b46-f963-491a-b825-766208e247a0	10499	10000	NA	community	NA	NA	NA	Leaf area per leaf dry mass (specific leaf area, SLA or 1/LMA): petiole included	mm^2/mg	15.7817258125	4.056142399021197	
individualtimelinenode_c2805b46-f963-491a-b825-766208e247a0	10499	10000	NA	community	NA	NA	NA	Plant height vegetative	m	1.3621905845	2.161469833819107	
individualtimelinenode_c2805b46-f963-491a-b825-766208e247a0	10499	10000	NA	community	NA	NA	NA	Seed dry mass	mg	4.09288671	1.2355066046984216	
individualtimelinenode_c2805b46-f963-491a-b825-766208e247a0	10499	10000	NA	community	NA	NA	NA	Stem specific density (SSD) or wood density (stem dry mass per stem fresh volume)	g/cm^3	NaN	NaN	
individualtimelinenode_c2805b46-f963-491a-b825-766208e247a0	10999	10500	NA	community	NA	NA	NA	Leaf area (in case of compound leaves: leaf, petiole included)	mm^2	NaN	NaN	
individualtimelinenode_c2805b46-f963-491a-b825-766208e247a0	10999	10500	NA	community	NA	NA	NA	Leaf nitrogen (N) content per leaf dry mass	mg/g	NaN	NaN	
individualtimelinenode_c2805b46-f963-491a-b825-766208e247a0	10999	10500	NA	community	NA	NA	NA	Leaf area per leaf dry mass (specific leaf area, SLA or 1/LMA): petiole included	mm^2/mg	NaN	NaN	
individualtimelinenode_c2805b46-f963-491a-b825-766208e247a0	10999	10500	NA	community	NA	NA	NA	Plant height vegetative	m	NaN	NaN	
individualtimelinenode_c2805b46-f963-491a-b825-766208e247a0	10999	10500	NA	community	NA	NA	NA	Seed dry mass	mg	NaN	NaN	
individualtimelinenode_c2805b46-f963-491a-b825-766208e247a0	10999	10500	NA	community	NA	NA	NA	Stem specific density (SSD) or wood density (stem dry mass per stem fresh volume)	g/cm^3	NaN	NaN	
individualtimelinenode_7ad29507-799c-4376-b56f-1351f3b39160	499	0	NA	community	NA	NA	NA	Leaf area (in case of compound leaves: leaf, petiole included)	mm^2	500.9408752142857	716.595994505908	
individualtimelinenode_7ad29507-799c-4376-b56f-1351f3b39160	499	0	NA	community	NA	NA	NA	Leaf nitrogen (N) content per leaf dry mass	mg/g	23.61884311111111	7.398629098585054	
individualtimelinenode_7ad29507-799c-4376-b56f-1351f3b39160	499	0	NA	community	NA	NA	NA	Leaf area per leaf dry mass (specific leaf area, SLA or 1/LMA): petiole included	mm^2/mg	15.209721765555555	4.180415949161414	
individualtimelinenode_7ad29507-799c-4376-b56f-1351f3b39160	499	0	NA	community	NA	NA	NA	Plant height vegetative	m	0.5012483628333334	1.456263454851989	
individualtimelinenode_7ad29507-799c-4376-b56f-1351f3b39160	499	0	NA	community	NA	NA	NA	Seed dry mass	mg	1.7284038678181814	1.1415553352829755	
individualtimelinenode_7ad29507-799c-4376-b56f-1351f3b39160	499	0	NA	community	NA	NA	NA	Stem specific density (SSD) or wood density (stem dry mass per stem fresh volume)	g/cm^3	0.28631620350000003	0.16302642680642235	
individualtimelinenode_7ad29507-799c-4376-b56f-1351f3b39160	999	500	NA	community	NA	NA	NA	Leaf area (in case of compound leaves: leaf, petiole included)	mm^2	517.9998283125	708.8972636007876	
individualtimelinenode_7ad29507-799c-4376-b56f-1351f3b39160	999	500	NA	community	NA	NA	NA	Leaf nitrogen (N) content per leaf dry mass	mg/g	24.251728031	7.386404389635429	
individualtimelinenode_7ad29507-799c-4376-b56f-1351f3b39160	999	500	NA	community	NA	NA	NA	Leaf area per leaf dry mass (specific leaf area, SLA or 1/LMA): petiole included	mm^2/mg	15.137829992000002	4.145651956437155	
individualtimelinenode_7ad29507-799c-4376-b56f-1351f3b39160	999	500	NA	community	NA	NA	NA	Plant height vegetative	m	0.47886447253846165	0.7656180299587242	
individualtimelinenode_7ad29507-799c-4376-b56f-1351f3b39160	999	500	NA	community	NA	NA	NA	Seed dry mass	mg	1.6137452121666662	1.1392580638748668	
individualtimelinenode_7ad29507-799c-4376-b56f-1351f3b39160	999	500	NA	community	NA	NA	NA	Stem specific density (SSD) or wood density (stem dry mass per stem fresh volume)	g/cm^3	0.26638686542857143	0.1610109491316886	
individualtimelinenode_7ad29507-799c-4376-b56f-1351f3b39160	1499	1000	NA	community	NA	NA	NA	Leaf area (in case of compound leaves: leaf, petiole included)	mm^2	517.9998283125	708.8972636007876	
individualtimelinenode_7ad29507-799c-4376-b56f-1351f3b39160	1499	1000	NA	community	NA	NA	NA	Leaf nitrogen (N) content per leaf dry mass	mg/g	24.251728031	7.386404389635429	
individualtimelinenode_7ad29507-799c-4376-b56f-1351f3b39160	1499	1000	NA	community	NA	NA	NA	Leaf area per leaf dry mass (specific leaf area, SLA or 1/LMA): petiole included	mm^2/mg	15.137829992000002	4.145651956437155	
individualtimelinenode_7ad29507-799c-4376-b56f-1351f3b39160	1499	1000	NA	community	NA	NA	NA	Plant height vegetative	m	0.47886447253846165	0.7656180299587242	
individualtimelinenode_7ad29507-799c-4376-b56f-1351f3b39160	1499	1000	NA	community	NA	NA	NA	Seed dry mass	mg	1.6137452121666662	1.1392580638748668	
individualtimelinenode_7ad29507-799c-4376-b56f-1351f3b39160	1499	1000	NA	community	NA	NA	NA	Stem specific density (SSD) or wood density (stem dry mass per stem fresh volume)	g/cm^3	0.26638686542857143	0.1610109491316886	
individualtimelinenode_7ad29507-799c-4376-b56f-1351f3b39160	1999	1500	NA	community	NA	NA	NA	Leaf area (in case of compound leaves: leaf, petiole included)	mm^2	432.86361264999994	686.2359445601744	
individualtimelinenode_7ad29507-799c-4376-b56f-1351f3b39160	1999	1500	NA	community	NA	NA	NA	Leaf nitrogen (N) content per leaf dry mass	mg/g	24.020074869166667	7.34041425180108	
individualtimelinenode_7ad29507-799c-4376-b56f-1351f3b39160	1999	1500	NA	community	NA	NA	NA	Leaf area per leaf dry mass (specific leaf area, SLA or 1/LMA): petiole included	mm^2/mg	15.60811613416667	4.224955195221689	
individualtimelinenode_7ad29507-799c-4376-b56f-1351f3b39160	1999	1500	NA	community	NA	NA	NA	Plant height vegetative	m	0.4437447650666667	0.7635797701074037	
individualtimelinenode_7ad29507-799c-4376-b56f-1351f3b39160	1999	1500	NA	community	NA	NA	NA	Seed dry mass	mg	2.7838488496428573	11.040902126050682	
individualtimelinenode_7ad29507-799c-4376-b56f-1351f3b39160	1999	1500	NA	community	NA	NA	NA	Stem specific density (SSD) or wood density (stem dry mass per stem fresh volume)	g/cm^3	0.23921890225	0.16008940955811188	
individualtimelinenode_7ad29507-799c-4376-b56f-1351f3b39160	2499	2000	NA	community	NA	NA	NA	Leaf area (in case of compound leaves: leaf, petiole included)	mm^2	432.86361264999994	686.2359445601744	
individualtimelinenode_7ad29507-799c-4376-b56f-1351f3b39160	2499	2000	NA	community	NA	NA	NA	Leaf nitrogen (N) content per leaf dry mass	mg/g	24.020074869166667	7.34041425180108	
individualtimelinenode_7ad29507-799c-4376-b56f-1351f3b39160	2499	2000	NA	community	NA	NA	NA	Leaf area per leaf dry mass (specific leaf area, SLA or 1/LMA): petiole included	mm^2/mg	15.60811613416667	4.224955195221689	
individualtimelinenode_7ad29507-799c-4376-b56f-1351f3b39160	2499	2000	NA	community	NA	NA	NA	Plant height vegetative	m	0.4437447650666667	0.7635797701074037	
individualtimelinenode_7ad29507-799c-4376-b56f-1351f3b39160	2499	2000	NA	community	NA	NA	NA	Seed dry mass	mg	2.7838488496428573	11.040902126050682	
individualtimelinenode_7ad29507-799c-4376-b56f-1351f3b39160	2499	2000	NA	community	NA	NA	NA	Stem specific density (SSD) or wood density (stem dry mass per stem fresh volume)	g/cm^3	0.23921890225	0.16008940955811188	
individualtimelinenode_7ad29507-799c-4376-b56f-1351f3b39160	2999	2500	NA	community	NA	NA	NA	Leaf area (in case of compound leaves: leaf, petiole included)	mm^2	432.86361264999994	686.2359445601744	
individualtimelinenode_7ad29507-799c-4376-b56f-1351f3b39160	2999	2500	NA	community	NA	NA	NA	Leaf nitrogen (N) content per leaf dry mass	mg/g	24.020074869166667	7.34041425180108	
individualtimelinenode_7ad29507-799c-4376-b56f-1351f3b39160	2999	2500	NA	community	NA	NA	NA	Leaf area per leaf dry mass (specific leaf area, SLA or 1/LMA): petiole included	mm^2/mg	15.60811613416667	4.224955195221689	
individualtimelinenode_7ad29507-799c-4376-b56f-1351f3b39160	2999	2500	NA	community	NA	NA	NA	Plant height vegetative	m	0.4437447650666667	0.7635797701074037	
individualtimelinenode_7ad29507-799c-4376-b56f-1351f3b39160	2999	2500	NA	community	NA	NA	NA	Seed dry mass	mg	2.7838488496428573	11.040902126050682	
individualtimelinenode_7ad29507-799c-4376-b56f-1351f3b39160	2999	2500	NA	community	NA	NA	NA	Stem specific density (SSD) or wood density (stem dry mass per stem fresh volume)	g/cm^3	0.23921890225	0.16008940955811188	
individualtimelinenode_7ad29507-799c-4376-b56f-1351f3b39160	3499	3000	NA	community	NA	NA	NA	Leaf area (in case of compound leaves: leaf, petiole included)	mm^2	432.86361264999994	686.2359445601744	
individualtimelinenode_7ad29507-799c-4376-b56f-1351f3b39160	3499	3000	NA	community	NA	NA	NA	Leaf nitrogen (N) content per leaf dry mass	mg/g	24.020074869166667	7.34041425180108	
individualtimelinenode_7ad29507-799c-4376-b56f-1351f3b39160	3499	3000	NA	community	NA	NA	NA	Leaf area per leaf dry mass (specific leaf area, SLA or 1/LMA): petiole included	mm^2/mg	15.60811613416667	4.224955195221689	
individualtimelinenode_7ad29507-799c-4376-b56f-1351f3b39160	3499	3000	NA	community	NA	NA	NA	Plant height vegetative	m	0.4437447650666667	0.7635797701074037	
individualtimelinenode_7ad29507-799c-4376-b56f-1351f3b39160	3499	3000	NA	community	NA	NA	NA	Seed dry mass	mg	2.7838488496428573	11.040902126050682	
individualtimelinenode_7ad29507-799c-4376-b56f-1351f3b39160	3499	3000	NA	community	NA	NA	NA	Stem specific density (SSD) or wood density (stem dry mass per stem fresh volume)	g/cm^3	0.23921890225	0.16008940955811188	
individualtimelinenode_7ad29507-799c-4376-b56f-1351f3b39160	3999	3500	NA	community	NA	NA	NA	Leaf area (in case of compound leaves: leaf, petiole included)	mm^2	432.86361264999994	686.2359445601744	
individualtimelinenode_7ad29507-799c-4376-b56f-1351f3b39160	3999	3500	NA	community	NA	NA	NA	Leaf nitrogen (N) content per leaf dry mass	mg/g	24.020074869166667	7.34041425180108	
individualtimelinenode_7ad29507-799c-4376-b56f-1351f3b39160	3999	3500	NA	community	NA	NA	NA	Leaf area per leaf dry mass (specific leaf area, SLA or 1/LMA): petiole included	mm^2/mg	15.60811613416667	4.224955195221689	
individualtimelinenode_7ad29507-799c-4376-b56f-1351f3b39160	3999	3500	NA	community	NA	NA	NA	Plant height vegetative	m	0.4437447650666667	0.7635797701074037	
individualtimelinenode_7ad29507-799c-4376-b56f-1351f3b39160	3999	3500	NA	community	NA	NA	NA	Seed dry mass	mg	2.7838488496428573	11.040902126050682	
individualtimelinenode_7ad29507-799c-4376-b56f-1351f3b39160	3999	3500	NA	community	NA	NA	NA	Stem specific density (SSD) or wood density (stem dry mass per stem fresh volume)	g/cm^3	0.23921890225	0.16008940955811188	
individualtimelinenode_7ad29507-799c-4376-b56f-1351f3b39160	4499	4000	NA	community	NA	NA	NA	Leaf area (in case of compound leaves: leaf, petiole included)	mm^2	432.86361264999994	686.2359445601744	
individualtimelinenode_7ad29507-799c-4376-b56f-1351f3b39160	4499	4000	NA	community	NA	NA	NA	Leaf nitrogen (N) content per leaf dry mass	mg/g	24.020074869166667	7.34041425180108	
individualtimelinenode_7ad29507-799c-4376-b56f-1351f3b39160	4499	4000	NA	community	NA	NA	NA	Leaf area per leaf dry mass (specific leaf area, SLA or 1/LMA): petiole included	mm^2/mg	15.60811613416667	4.224955195221689	
individualtimelinenode_7ad29507-799c-4376-b56f-1351f3b39160	4499	4000	NA	community	NA	NA	NA	Plant height vegetative	m	0.4437447650666667	0.7635797701074037	
individualtimelinenode_7ad29507-799c-4376-b56f-1351f3b39160	4499	4000	NA	community	NA	NA	NA	Seed dry mass	mg	2.7838488496428573	11.040902126050682	
individualtimelinenode_7ad29507-799c-4376-b56f-1351f3b39160	4499	4000	NA	community	NA	NA	NA	Stem specific density (SSD) or wood density (stem dry mass per stem fresh volume)	g/cm^3	0.23921890225	0.16008940955811188	
individualtimelinenode_7ad29507-799c-4376-b56f-1351f3b39160	4999	4500	NA	community	NA	NA	NA	Leaf area (in case of compound leaves: leaf, petiole included)	mm^2	432.86361264999994	686.2359445601744	
individualtimelinenode_7ad29507-799c-4376-b56f-1351f3b39160	4999	4500	NA	community	NA	NA	NA	Leaf nitrogen (N) content per leaf dry mass	mg/g	24.020074869166667	7.34041425180108	
individualtimelinenode_7ad29507-799c-4376-b56f-1351f3b39160	4999	4500	NA	community	NA	NA	NA	Leaf area per leaf dry mass (specific leaf area, SLA or 1/LMA): petiole included	mm^2/mg	15.60811613416667	4.224955195221689	
individualtimelinenode_7ad29507-799c-4376-b56f-1351f3b39160	4999	4500	NA	community	NA	NA	NA	Plant height vegetative	m	0.4437447650666667	0.7635797701074037	
individualtimelinenode_7ad29507-799c-4376-b56f-1351f3b39160	4999	4500	NA	community	NA	NA	NA	Seed dry mass	mg	2.7838488496428573	11.040902126050682	
individualtimelinenode_7ad29507-799c-4376-b56f-1351f3b39160	4999	4500	NA	community	NA	NA	NA	Stem specific density (SSD) or wood density (stem dry mass per stem fresh volume)	g/cm^3	0.23921890225	0.16008940955811188	
individualtimelinenode_7ad29507-799c-4376-b56f-1351f3b39160	5499	5000	NA	community	NA	NA	NA	Leaf area (in case of compound leaves: leaf, petiole included)	mm^2	475.88873627777775	708.8972636007876	
individualtimelinenode_7ad29507-799c-4376-b56f-1351f3b39160	5499	5000	NA	community	NA	NA	NA	Leaf nitrogen (N) content per leaf dry mass	mg/g	23.714187976363636	7.354814092002274	
individualtimelinenode_7ad29507-799c-4376-b56f-1351f3b39160	5499	5000	NA	community	NA	NA	NA	Leaf area per leaf dry mass (specific leaf area, SLA or 1/LMA): petiole included	mm^2/mg	14.910201291818185	4.127381418881441	
individualtimelinenode_7ad29507-799c-4376-b56f-1351f3b39160	5499	5000	NA	community	NA	NA	NA	Plant height vegetative	m	0.45916224828571434	0.7642563330816023	
individualtimelinenode_7ad29507-799c-4376-b56f-1351f3b39160	5499	5000	NA	community	NA	NA	NA	Seed dry mass	mg	2.9872280589230766	14.157304741220727	
individualtimelinenode_7ad29507-799c-4376-b56f-1351f3b39160	5499	5000	NA	community	NA	NA	NA	Stem specific density (SSD) or wood density (stem dry mass per stem fresh volume)	g/cm^3	0.26638686542857143	0.1610109491316886	
individualtimelinenode_7ad29507-799c-4376-b56f-1351f3b39160	5999	5500	NA	community	NA	NA	NA	Leaf area (in case of compound leaves: leaf, petiole included)	mm^2	432.86361264999994	686.2359445601744	
individualtimelinenode_7ad29507-799c-4376-b56f-1351f3b39160	5999	5500	NA	community	NA	NA	NA	Leaf nitrogen (N) content per leaf dry mass	mg/g	24.020074869166667	7.34041425180108	
individualtimelinenode_7ad29507-799c-4376-b56f-1351f3b39160	5999	5500	NA	community	NA	NA	NA	Leaf area per leaf dry mass (specific leaf area, SLA or 1/LMA): petiole included	mm^2/mg	15.60811613416667	4.224955195221689	
individualtimelinenode_7ad29507-799c-4376-b56f-1351f3b39160	5999	5500	NA	community	NA	NA	NA	Plant height vegetative	m	0.4437447650666667	0.7635797701074037	
individualtimelinenode_7ad29507-799c-4376-b56f-1351f3b39160	5999	5500	NA	community	NA	NA	NA	Seed dry mass	mg	2.7838488496428573	11.040902126050682	
individualtimelinenode_7ad29507-799c-4376-b56f-1351f3b39160	5999	5500	NA	community	NA	NA	NA	Stem specific density (SSD) or wood density (stem dry mass per stem fresh volume)	g/cm^3	0.23921890225	0.16008940955811188	
individualtimelinenode_7ad29507-799c-4376-b56f-1351f3b39160	6499	6000	NA	community	NA	NA	NA	Leaf area (in case of compound leaves: leaf, petiole included)	mm^2	517.9998283125	708.8972636007876	
individualtimelinenode_7ad29507-799c-4376-b56f-1351f3b39160	6499	6000	NA	community	NA	NA	NA	Leaf nitrogen (N) content per leaf dry mass	mg/g	24.251728031	7.386404389635429	
individualtimelinenode_7ad29507-799c-4376-b56f-1351f3b39160	6499	6000	NA	community	NA	NA	NA	Leaf area per leaf dry mass (specific leaf area, SLA or 1/LMA): petiole included	mm^2/mg	15.137829992000002	4.145651956437155	
individualtimelinenode_7ad29507-799c-4376-b56f-1351f3b39160	6499	6000	NA	community	NA	NA	NA	Plant height vegetative	m	0.47886447253846165	0.7656180299587242	
individualtimelinenode_7ad29507-799c-4376-b56f-1351f3b39160	6499	6000	NA	community	NA	NA	NA	Seed dry mass	mg	1.6137452121666662	1.1392580638748668	
individualtimelinenode_7ad29507-799c-4376-b56f-1351f3b39160	6499	6000	NA	community	NA	NA	NA	Stem specific density (SSD) or wood density (stem dry mass per stem fresh volume)	g/cm^3	0.26638686542857143	0.1610109491316886	
individualtimelinenode_7ad29507-799c-4376-b56f-1351f3b39160	6999	6500	NA	community	NA	NA	NA	Leaf area (in case of compound leaves: leaf, petiole included)	mm^2	517.9998283125	708.8972636007876	
individualtimelinenode_7ad29507-799c-4376-b56f-1351f3b39160	6999	6500	NA	community	NA	NA	NA	Leaf nitrogen (N) content per leaf dry mass	mg/g	24.251728031	7.386404389635429	
individualtimelinenode_7ad29507-799c-4376-b56f-1351f3b39160	6999	6500	NA	community	NA	NA	NA	Leaf area per leaf dry mass (specific leaf area, SLA or 1/LMA): petiole included	mm^2/mg	15.137829992000002	4.145651956437155	
individualtimelinenode_7ad29507-799c-4376-b56f-1351f3b39160	6999	6500	NA	community	NA	NA	NA	Plant height vegetative	m	0.47886447253846165	0.7656180299587242	
individualtimelinenode_7ad29507-799c-4376-b56f-1351f3b39160	6999	6500	NA	community	NA	NA	NA	Seed dry mass	mg	1.6137452121666662	1.1392580638748668	
individualtimelinenode_7ad29507-799c-4376-b56f-1351f3b39160	6999	6500	NA	community	NA	NA	NA	Stem specific density (SSD) or wood density (stem dry mass per stem fresh volume)	g/cm^3	0.26638686542857143	0.1610109491316886	
individualtimelinenode_7ad29507-799c-4376-b56f-1351f3b39160	7499	7000	NA	community	NA	NA	NA	Leaf area (in case of compound leaves: leaf, petiole included)	mm^2	517.9998283125	708.8972636007876	
individualtimelinenode_7ad29507-799c-4376-b56f-1351f3b39160	7499	7000	NA	community	NA	NA	NA	Leaf nitrogen (N) content per leaf dry mass	mg/g	24.251728031	7.386404389635429	
individualtimelinenode_7ad29507-799c-4376-b56f-1351f3b39160	7499	7000	NA	community	NA	NA	NA	Leaf area per leaf dry mass (specific leaf area, SLA or 1/LMA): petiole included	mm^2/mg	15.137829992000002	4.145651956437155	
individualtimelinenode_7ad29507-799c-4376-b56f-1351f3b39160	7499	7000	NA	community	NA	NA	NA	Plant height vegetative	m	0.47886447253846165	0.7656180299587242	
individualtimelinenode_7ad29507-799c-4376-b56f-1351f3b39160	7499	7000	NA	community	NA	NA	NA	Seed dry mass	mg	1.6137452121666662	1.1392580638748668	
individualtimelinenode_7ad29507-799c-4376-b56f-1351f3b39160	7499	7000	NA	community	NA	NA	NA	Stem specific density (SSD) or wood density (stem dry mass per stem fresh volume)	g/cm^3	0.26638686542857143	0.1610109491316886	
individualtimelinenode_7ad29507-799c-4376-b56f-1351f3b39160	7999	7500	NA	community	NA	NA	NA	Leaf area (in case of compound leaves: leaf, petiole included)	mm^2	517.9998283125	708.8972636007876	
individualtimelinenode_7ad29507-799c-4376-b56f-1351f3b39160	7999	7500	NA	community	NA	NA	NA	Leaf nitrogen (N) content per leaf dry mass	mg/g	24.251728031	7.386404389635429	
individualtimelinenode_7ad29507-799c-4376-b56f-1351f3b39160	7999	7500	NA	community	NA	NA	NA	Leaf area per leaf dry mass (specific leaf area, SLA or 1/LMA): petiole included	mm^2/mg	15.137829992000002	4.145651956437155	
individualtimelinenode_7ad29507-799c-4376-b56f-1351f3b39160	7999	7500	NA	community	NA	NA	NA	Plant height vegetative	m	0.47886447253846165	0.7656180299587242	
individualtimelinenode_7ad29507-799c-4376-b56f-1351f3b39160	7999	7500	NA	community	NA	NA	NA	Seed dry mass	mg	1.6137452121666662	1.1392580638748668	
individualtimelinenode_7ad29507-799c-4376-b56f-1351f3b39160	7999	7500	NA	community	NA	NA	NA	Stem specific density (SSD) or wood density (stem dry mass per stem fresh volume)	g/cm^3	0.26638686542857143	0.1610109491316886	
individualtimelinenode_7ad29507-799c-4376-b56f-1351f3b39160	8499	8000	NA	community	NA	NA	NA	Leaf area (in case of compound leaves: leaf, petiole included)	mm^2	517.9998283125	708.8972636007876	
individualtimelinenode_7ad29507-799c-4376-b56f-1351f3b39160	8499	8000	NA	community	NA	NA	NA	Leaf nitrogen (N) content per leaf dry mass	mg/g	24.251728031	7.386404389635429	
individualtimelinenode_7ad29507-799c-4376-b56f-1351f3b39160	8499	8000	NA	community	NA	NA	NA	Leaf area per leaf dry mass (specific leaf area, SLA or 1/LMA): petiole included	mm^2/mg	15.137829992000002	4.145651956437155	
individualtimelinenode_7ad29507-799c-4376-b56f-1351f3b39160	8499	8000	NA	community	NA	NA	NA	Plant height vegetative	m	0.47886447253846165	0.7656180299587242	
individualtimelinenode_7ad29507-799c-4376-b56f-1351f3b39160	8499	8000	NA	community	NA	NA	NA	Seed dry mass	mg	1.6137452121666662	1.1392580638748668	
individualtimelinenode_7ad29507-799c-4376-b56f-1351f3b39160	8499	8000	NA	community	NA	NA	NA	Stem specific density (SSD) or wood density (stem dry mass per stem fresh volume)	g/cm^3	0.26638686542857143	0.1610109491316886	
individualtimelinenode_7ad29507-799c-4376-b56f-1351f3b39160	8999	8500	NA	community	NA	NA	NA	Leaf area (in case of compound leaves: leaf, petiole included)	mm^2	517.9998283125	708.8972636007876	
individualtimelinenode_7ad29507-799c-4376-b56f-1351f3b39160	8999	8500	NA	community	NA	NA	NA	Leaf nitrogen (N) content per leaf dry mass	mg/g	24.251728031	7.386404389635429	
individualtimelinenode_7ad29507-799c-4376-b56f-1351f3b39160	8999	8500	NA	community	NA	NA	NA	Leaf area per leaf dry mass (specific leaf area, SLA or 1/LMA): petiole included	mm^2/mg	15.137829992000002	4.145651956437155	
individualtimelinenode_7ad29507-799c-4376-b56f-1351f3b39160	8999	8500	NA	community	NA	NA	NA	Plant height vegetative	m	0.47886447253846165	0.7656180299587242	
individualtimelinenode_7ad29507-799c-4376-b56f-1351f3b39160	8999	8500	NA	community	NA	NA	NA	Seed dry mass	mg	1.6137452121666662	1.1392580638748668	
individualtimelinenode_7ad29507-799c-4376-b56f-1351f3b39160	8999	8500	NA	community	NA	NA	NA	Stem specific density (SSD) or wood density (stem dry mass per stem fresh volume)	g/cm^3	0.26638686542857143	0.1610109491316886	
individualtimelinenode_7ad29507-799c-4376-b56f-1351f3b39160	9499	9000	NA	community	NA	NA	NA	Leaf area (in case of compound leaves: leaf, petiole included)	mm^2	517.9998283125	708.8972636007876	
individualtimelinenode_7ad29507-799c-4376-b56f-1351f3b39160	9499	9000	NA	community	NA	NA	NA	Leaf nitrogen (N) content per leaf dry mass	mg/g	24.251728031	7.386404389635429	
individualtimelinenode_7ad29507-799c-4376-b56f-1351f3b39160	9499	9000	NA	community	NA	NA	NA	Leaf area per leaf dry mass (specific leaf area, SLA or 1/LMA): petiole included	mm^2/mg	15.137829992000002	4.145651956437155	
individualtimelinenode_7ad29507-799c-4376-b56f-1351f3b39160	9499	9000	NA	community	NA	NA	NA	Plant height vegetative	m	0.47886447253846165	0.7656180299587242	
individualtimelinenode_7ad29507-799c-4376-b56f-1351f3b39160	9499	9000	NA	community	NA	NA	NA	Seed dry mass	mg	1.6137452121666662	1.1392580638748668	
individualtimelinenode_7ad29507-799c-4376-b56f-1351f3b39160	9499	9000	NA	community	NA	NA	NA	Stem specific density (SSD) or wood density (stem dry mass per stem fresh volume)	g/cm^3	0.26638686542857143	0.1610109491316886	
individualtimelinenode_b207aaac-1da9-40a6-93c0-6266e760089c	499	0	NA	community	NA	NA	NA	Leaf area (in case of compound leaves: leaf, petiole included)	mm^2	224.14243067966666	265.60653252669243	
individualtimelinenode_b207aaac-1da9-40a6-93c0-6266e760089c	499	0	NA	community	NA	NA	NA	Leaf nitrogen (N) content per leaf dry mass	mg/g	23.886083168	7.4580224178879	
individualtimelinenode_b207aaac-1da9-40a6-93c0-6266e760089c	499	0	NA	community	NA	NA	NA	Leaf area per leaf dry mass (specific leaf area, SLA or 1/LMA): petiole included	mm^2/mg	16.636802165555554	21.93297008720299	
individualtimelinenode_b207aaac-1da9-40a6-93c0-6266e760089c	499	0	NA	community	NA	NA	NA	Plant height vegetative	m	0.9979231274	1.0237540844252	
individualtimelinenode_b207aaac-1da9-40a6-93c0-6266e760089c	499	0	NA	community	NA	NA	NA	Seed dry mass	mg	1.9658732796999998	5.629662798728533	
individualtimelinenode_b207aaac-1da9-40a6-93c0-6266e760089c	499	0	NA	community	NA	NA	NA	Stem specific density (SSD) or wood density (stem dry mass per stem fresh volume)	g/cm^3	0.33337176542857144	0.16549433279593673	
individualtimelinenode_b207aaac-1da9-40a6-93c0-6266e760089c	999	500	NA	community	NA	NA	NA	Leaf area (in case of compound leaves: leaf, petiole included)	mm^2	224.14243067966666	265.60653252669243	
individualtimelinenode_b207aaac-1da9-40a6-93c0-6266e760089c	999	500	NA	community	NA	NA	NA	Leaf nitrogen (N) content per leaf dry mass	mg/g	23.886083168	7.4580224178879	
individualtimelinenode_b207aaac-1da9-40a6-93c0-6266e760089c	999	500	NA	community	NA	NA	NA	Leaf area per leaf dry mass (specific leaf area, SLA or 1/LMA): petiole included	mm^2/mg	16.013621949	21.85657382106446	
individualtimelinenode_b207aaac-1da9-40a6-93c0-6266e760089c	999	500	NA	community	NA	NA	NA	Plant height vegetative	m	0.8447759692500001	1.0173216903698938	
individualtimelinenode_b207aaac-1da9-40a6-93c0-6266e760089c	999	500	NA	community	NA	NA	NA	Seed dry mass	mg	1.6516569989166667	5.4757489693384125	
individualtimelinenode_b207aaac-1da9-40a6-93c0-6266e760089c	999	500	NA	community	NA	NA	NA	Stem specific density (SSD) or wood density (stem dry mass per stem fresh volume)	g/cm^3	0.33337176542857144	0.16549433279593673	
individualtimelinenode_b207aaac-1da9-40a6-93c0-6266e760089c	1499	1000	NA	community	NA	NA	NA	Leaf area (in case of compound leaves: leaf, petiole included)	mm^2	224.14243067966666	265.60653252669243	
individualtimelinenode_b207aaac-1da9-40a6-93c0-6266e760089c	1499	1000	NA	community	NA	NA	NA	Leaf nitrogen (N) content per leaf dry mass	mg/g	23.886083168	7.4580224178879	
individualtimelinenode_b207aaac-1da9-40a6-93c0-6266e760089c	1499	1000	NA	community	NA	NA	NA	Leaf area per leaf dry mass (specific leaf area, SLA or 1/LMA): petiole included	mm^2/mg	16.013621949	21.85657382106446	
individualtimelinenode_b207aaac-1da9-40a6-93c0-6266e760089c	1499	1000	NA	community	NA	NA	NA	Plant height vegetative	m	0.8447759692500001	1.0173216903698938	
individualtimelinenode_b207aaac-1da9-40a6-93c0-6266e760089c	1499	1000	NA	community	NA	NA	NA	Seed dry mass	mg	1.6516569989166667	5.4757489693384125	
individualtimelinenode_b207aaac-1da9-40a6-93c0-6266e760089c	1499	1000	NA	community	NA	NA	NA	Stem specific density (SSD) or wood density (stem dry mass per stem fresh volume)	g/cm^3	0.33337176542857144	0.16549433279593673	
individualtimelinenode_b207aaac-1da9-40a6-93c0-6266e760089c	1999	1500	NA	community	NA	NA	NA	Leaf area (in case of compound leaves: leaf, petiole included)	mm^2	224.14243067966666	265.60653252669243	
individualtimelinenode_b207aaac-1da9-40a6-93c0-6266e760089c	1999	1500	NA	community	NA	NA	NA	Leaf nitrogen (N) content per leaf dry mass	mg/g	23.886083168	7.4580224178879	
individualtimelinenode_b207aaac-1da9-40a6-93c0-6266e760089c	1999	1500	NA	community	NA	NA	NA	Leaf area per leaf dry mass (specific leaf area, SLA or 1/LMA): petiole included	mm^2/mg	16.013621949	21.85657382106446	
individualtimelinenode_b207aaac-1da9-40a6-93c0-6266e760089c	1999	1500	NA	community	NA	NA	NA	Plant height vegetative	m	0.8447759692500001	1.0173216903698938	
individualtimelinenode_b207aaac-1da9-40a6-93c0-6266e760089c	1999	1500	NA	community	NA	NA	NA	Seed dry mass	mg	1.6516569989166667	5.4757489693384125	
individualtimelinenode_b207aaac-1da9-40a6-93c0-6266e760089c	1999	1500	NA	community	NA	NA	NA	Stem specific density (SSD) or wood density (stem dry mass per stem fresh volume)	g/cm^3	0.33337176542857144	0.16549433279593673	
individualtimelinenode_b207aaac-1da9-40a6-93c0-6266e760089c	2499	2000	NA	community	NA	NA	NA	Leaf area (in case of compound leaves: leaf, petiole included)	mm^2	224.14243067966666	265.60653252669243	
individualtimelinenode_b207aaac-1da9-40a6-93c0-6266e760089c	2499	2000	NA	community	NA	NA	NA	Leaf nitrogen (N) content per leaf dry mass	mg/g	23.886083168	7.4580224178879	
individualtimelinenode_b207aaac-1da9-40a6-93c0-6266e760089c	2499	2000	NA	community	NA	NA	NA	Leaf area per leaf dry mass (specific leaf area, SLA or 1/LMA): petiole included	mm^2/mg	16.013621949	21.85657382106446	
individualtimelinenode_b207aaac-1da9-40a6-93c0-6266e760089c	2499	2000	NA	community	NA	NA	NA	Plant height vegetative	m	0.8447759692500001	1.0173216903698938	
individualtimelinenode_b207aaac-1da9-40a6-93c0-6266e760089c	2499	2000	NA	community	NA	NA	NA	Seed dry mass	mg	1.6516569989166667	5.4757489693384125	
individualtimelinenode_b207aaac-1da9-40a6-93c0-6266e760089c	2499	2000	NA	community	NA	NA	NA	Stem specific density (SSD) or wood density (stem dry mass per stem fresh volume)	g/cm^3	0.33337176542857144	0.16549433279593673	
individualtimelinenode_b207aaac-1da9-40a6-93c0-6266e760089c	2999	2500	NA	community	NA	NA	NA	Leaf area (in case of compound leaves: leaf, petiole included)	mm^2	224.14243067966666	265.60653252669243	
individualtimelinenode_b207aaac-1da9-40a6-93c0-6266e760089c	2999	2500	NA	community	NA	NA	NA	Leaf nitrogen (N) content per leaf dry mass	mg/g	23.886083168	7.4580224178879	
individualtimelinenode_b207aaac-1da9-40a6-93c0-6266e760089c	2999	2500	NA	community	NA	NA	NA	Leaf area per leaf dry mass (specific leaf area, SLA or 1/LMA): petiole included	mm^2/mg	16.013621949	21.85657382106446	
individualtimelinenode_b207aaac-1da9-40a6-93c0-6266e760089c	2999	2500	NA	community	NA	NA	NA	Plant height vegetative	m	0.8447759692500001	1.0173216903698938	
individualtimelinenode_b207aaac-1da9-40a6-93c0-6266e760089c	2999	2500	NA	community	NA	NA	NA	Seed dry mass	mg	1.6516569989166667	5.4757489693384125	
individualtimelinenode_b207aaac-1da9-40a6-93c0-6266e760089c	2999	2500	NA	community	NA	NA	NA	Stem specific density (SSD) or wood density (stem dry mass per stem fresh volume)	g/cm^3	0.33337176542857144	0.16549433279593673	
individualtimelinenode_b207aaac-1da9-40a6-93c0-6266e760089c	3499	3000	NA	community	NA	NA	NA	Leaf area (in case of compound leaves: leaf, petiole included)	mm^2	172.48367201462497	266.42598826678596	
individualtimelinenode_b207aaac-1da9-40a6-93c0-6266e760089c	3499	3000	NA	community	NA	NA	NA	Leaf nitrogen (N) content per leaf dry mass	mg/g	23.21257104111111	7.47003345623389	
individualtimelinenode_b207aaac-1da9-40a6-93c0-6266e760089c	3499	3000	NA	community	NA	NA	NA	Leaf area per leaf dry mass (specific leaf area, SLA or 1/LMA): petiole included	mm^2/mg	16.182823940000002	21.98460621690539	
individualtimelinenode_b207aaac-1da9-40a6-93c0-6266e760089c	3499	3000	NA	community	NA	NA	NA	Plant height vegetative	m	0.9024594401818183	1.2976495779866333	
individualtimelinenode_b207aaac-1da9-40a6-93c0-6266e760089c	3499	3000	NA	community	NA	NA	NA	Seed dry mass	mg	1.7697621806363637	5.481900358187065	
individualtimelinenode_b207aaac-1da9-40a6-93c0-6266e760089c	3499	3000	NA	community	NA	NA	NA	Stem specific density (SSD) or wood density (stem dry mass per stem fresh volume)	g/cm^3	0.3644652535	0.1678653192935652	
individualtimelinenode_b207aaac-1da9-40a6-93c0-6266e760089c	3999	3500	NA	community	NA	NA	NA	Leaf area (in case of compound leaves: leaf, petiole included)	mm^2	272.64953021170004	262.6236265324597	
individualtimelinenode_b207aaac-1da9-40a6-93c0-6266e760089c	3999	3500	NA	community	NA	NA	NA	Leaf nitrogen (N) content per leaf dry mass	mg/g	23.902272579090912	7.332238802723024	
individualtimelinenode_b207aaac-1da9-40a6-93c0-6266e760089c	3999	3500	NA	community	NA	NA	NA	Leaf area per leaf dry mass (specific leaf area, SLA or 1/LMA): petiole included	mm^2/mg	17.056473068	21.485263149374713	
individualtimelinenode_b207aaac-1da9-40a6-93c0-6266e760089c	3999	3500	NA	community	NA	NA	NA	Plant height vegetative	m	0.954221024909091	1.023475429142487	
individualtimelinenode_b207aaac-1da9-40a6-93c0-6266e760089c	3999	3500	NA	community	NA	NA	NA	Seed dry mass	mg	1.9144302542727274	5.623093981178095	
individualtimelinenode_b207aaac-1da9-40a6-93c0-6266e760089c	3999	3500	NA	community	NA	NA	NA	Stem specific density (SSD) or wood density (stem dry mass per stem fresh volume)	g/cm^3	0.30287715962500006	0.16298973275691722	
individualtimelinenode_b207aaac-1da9-40a6-93c0-6266e760089c	4499	4000	NA	community	NA	NA	NA	Leaf area (in case of compound leaves: leaf, petiole included)	mm^2	302.10082060555555	266.9127480893597	
individualtimelinenode_b207aaac-1da9-40a6-93c0-6266e760089c	4499	4000	NA	community	NA	NA	NA	Leaf nitrogen (N) content per leaf dry mass	mg/g	24.864866431000003	7.342351463352071	
individualtimelinenode_b207aaac-1da9-40a6-93c0-6266e760089c	4499	4000	NA	community	NA	NA	NA	Leaf area per leaf dry mass (specific leaf area, SLA or 1/LMA): petiole included	mm^2/mg	16.97726385111111	22.314446002066628	
individualtimelinenode_b207aaac-1da9-40a6-93c0-6266e760089c	4499	4000	NA	community	NA	NA	NA	Plant height vegetative	m	1.042558496	1.1111105226045812	
individualtimelinenode_b207aaac-1da9-40a6-93c0-6266e760089c	4499	4000	NA	community	NA	NA	NA	Seed dry mass	mg	2.1004639171	6.03781415806267	
individualtimelinenode_b207aaac-1da9-40a6-93c0-6266e760089c	4499	4000	NA	community	NA	NA	NA	Stem specific density (SSD) or wood density (stem dry mass per stem fresh volume)	g/cm^3	0.30287715962500006	0.16298973275691722	
individualtimelinenode_b207aaac-1da9-40a6-93c0-6266e760089c	4999	4500	NA	community	NA	NA	NA	Leaf area (in case of compound leaves: leaf, petiole included)	mm^2	302.10082060555555	266.9127480893597	
individualtimelinenode_b207aaac-1da9-40a6-93c0-6266e760089c	4999	4500	NA	community	NA	NA	NA	Leaf nitrogen (N) content per leaf dry mass	mg/g	24.864866431000003	7.342351463352071	
individualtimelinenode_b207aaac-1da9-40a6-93c0-6266e760089c	4999	4500	NA	community	NA	NA	NA	Leaf area per leaf dry mass (specific leaf area, SLA or 1/LMA): petiole included	mm^2/mg	16.97726385111111	22.314446002066628	
individualtimelinenode_b207aaac-1da9-40a6-93c0-6266e760089c	4999	4500	NA	community	NA	NA	NA	Plant height vegetative	m	1.042558496	1.1111105226045812	
individualtimelinenode_b207aaac-1da9-40a6-93c0-6266e760089c	4999	4500	NA	community	NA	NA	NA	Seed dry mass	mg	2.1004639171	6.03781415806267	
individualtimelinenode_b207aaac-1da9-40a6-93c0-6266e760089c	4999	4500	NA	community	NA	NA	NA	Stem specific density (SSD) or wood density (stem dry mass per stem fresh volume)	g/cm^3	0.30287715962500006	0.16298973275691722	
individualtimelinenode_b207aaac-1da9-40a6-93c0-6266e760089c	5499	5000	NA	community	NA	NA	NA	Leaf area (in case of compound leaves: leaf, petiole included)	mm^2	203.76918243125	271.0520057874849	
individualtimelinenode_b207aaac-1da9-40a6-93c0-6266e760089c	5499	5000	NA	community	NA	NA	NA	Leaf nitrogen (N) content per leaf dry mass	mg/g	25.268973916666667	7.481888247197862	
individualtimelinenode_b207aaac-1da9-40a6-93c0-6266e760089c	5499	5000	NA	community	NA	NA	NA	Leaf area per leaf dry mass (specific leaf area, SLA or 1/LMA): petiole included	mm^2/mg	17.08338243	22.973417987536507	
individualtimelinenode_b207aaac-1da9-40a6-93c0-6266e760089c	5499	5000	NA	community	NA	NA	NA	Plant height vegetative	m	1.095437638888889	1.4595364217120712	
individualtimelinenode_b207aaac-1da9-40a6-93c0-6266e760089c	5499	5000	NA	community	NA	NA	NA	Seed dry mass	mg	2.406517396375	6.054252664148851	
individualtimelinenode_b207aaac-1da9-40a6-93c0-6266e760089c	5499	5000	NA	community	NA	NA	NA	Stem specific density (SSD) or wood density (stem dry mass per stem fresh volume)	g/cm^3	0.3644652535	0.1678653192935652	
individualtimelinenode_b207aaac-1da9-40a6-93c0-6266e760089c	5999	5500	NA	community	NA	NA	NA	Leaf area (in case of compound leaves: leaf, petiole included)	mm^2	203.76918243125	271.0520057874849	
individualtimelinenode_b207aaac-1da9-40a6-93c0-6266e760089c	5999	5500	NA	community	NA	NA	NA	Leaf nitrogen (N) content per leaf dry mass	mg/g	25.268973916666667	7.481888247197862	
individualtimelinenode_b207aaac-1da9-40a6-93c0-6266e760089c	5999	5500	NA	community	NA	NA	NA	Leaf area per leaf dry mass (specific leaf area, SLA or 1/LMA): petiole included	mm^2/mg	17.08338243	22.973417987536507	
individualtimelinenode_b207aaac-1da9-40a6-93c0-6266e760089c	5999	5500	NA	community	NA	NA	NA	Plant height vegetative	m	1.095437638888889	1.4595364217120712	
individualtimelinenode_b207aaac-1da9-40a6-93c0-6266e760089c	5999	5500	NA	community	NA	NA	NA	Seed dry mass	mg	2.406517396375	6.054252664148851	
individualtimelinenode_b207aaac-1da9-40a6-93c0-6266e760089c	5999	5500	NA	community	NA	NA	NA	Stem specific density (SSD) or wood density (stem dry mass per stem fresh volume)	g/cm^3	0.3644652535	0.1678653192935652	
individualtimelinenode_b207aaac-1da9-40a6-93c0-6266e760089c	6499	6000	NA	community	NA	NA	NA	Leaf area (in case of compound leaves: leaf, petiole included)	mm^2	251.95177327222225	270.1750428156961	
individualtimelinenode_b207aaac-1da9-40a6-93c0-6266e760089c	6499	6000	NA	community	NA	NA	NA	Leaf nitrogen (N) content per leaf dry mass	mg/g	25.736845755999997	7.469706302382566	
individualtimelinenode_b207aaac-1da9-40a6-93c0-6266e760089c	6499	6000	NA	community	NA	NA	NA	Leaf area per leaf dry mass (specific leaf area, SLA or 1/LMA): petiole included	mm^2/mg	16.795318163333334	22.825199823198908	
individualtimelinenode_b207aaac-1da9-40a6-93c0-6266e760089c	6499	6000	NA	community	NA	NA	NA	Plant height vegetative	m	1.0069196539	1.0889495136806202	
individualtimelinenode_b207aaac-1da9-40a6-93c0-6266e760089c	6499	6000	NA	community	NA	NA	NA	Seed dry mass	mg	2.1782932412222222	6.045966192763161	
individualtimelinenode_b207aaac-1da9-40a6-93c0-6266e760089c	6499	6000	NA	community	NA	NA	NA	Stem specific density (SSD) or wood density (stem dry mass per stem fresh volume)	g/cm^3	0.33337176542857144	0.16549433279593673	
individualtimelinenode_b207aaac-1da9-40a6-93c0-6266e760089c	6999	6500	NA	community	NA	NA	NA	Leaf area (in case of compound leaves: leaf, petiole included)	mm^2	251.95177327222225	270.1750428156961	
individualtimelinenode_b207aaac-1da9-40a6-93c0-6266e760089c	6999	6500	NA	community	NA	NA	NA	Leaf nitrogen (N) content per leaf dry mass	mg/g	25.736845755999997	7.469706302382566	
individualtimelinenode_b207aaac-1da9-40a6-93c0-6266e760089c	6999	6500	NA	community	NA	NA	NA	Leaf area per leaf dry mass (specific leaf area, SLA or 1/LMA): petiole included	mm^2/mg	16.795318163333334	22.825199823198908	
individualtimelinenode_b207aaac-1da9-40a6-93c0-6266e760089c	6999	6500	NA	community	NA	NA	NA	Plant height vegetative	m	1.0069196539	1.0889495136806202	
individualtimelinenode_b207aaac-1da9-40a6-93c0-6266e760089c	6999	6500	NA	community	NA	NA	NA	Seed dry mass	mg	2.1782932412222222	6.045966192763161	
individualtimelinenode_b207aaac-1da9-40a6-93c0-6266e760089c	6999	6500	NA	community	NA	NA	NA	Stem specific density (SSD) or wood density (stem dry mass per stem fresh volume)	g/cm^3	0.33337176542857144	0.16549433279593673	
individualtimelinenode_b207aaac-1da9-40a6-93c0-6266e760089c	7499	7000	NA	community	NA	NA	NA	Leaf area (in case of compound leaves: leaf, petiole included)	mm^2	251.95177327222225	270.1750428156961	
individualtimelinenode_b207aaac-1da9-40a6-93c0-6266e760089c	7499	7000	NA	community	NA	NA	NA	Leaf nitrogen (N) content per leaf dry mass	mg/g	25.736845755999997	7.469706302382566	
individualtimelinenode_b207aaac-1da9-40a6-93c0-6266e760089c	7499	7000	NA	community	NA	NA	NA	Leaf area per leaf dry mass (specific leaf area, SLA or 1/LMA): petiole included	mm^2/mg	16.795318163333334	22.825199823198908	
individualtimelinenode_b207aaac-1da9-40a6-93c0-6266e760089c	7499	7000	NA	community	NA	NA	NA	Plant height vegetative	m	1.0069196539	1.0889495136806202	
individualtimelinenode_b207aaac-1da9-40a6-93c0-6266e760089c	7499	7000	NA	community	NA	NA	NA	Seed dry mass	mg	2.1782932412222222	6.045966192763161	
individualtimelinenode_b207aaac-1da9-40a6-93c0-6266e760089c	7499	7000	NA	community	NA	NA	NA	Stem specific density (SSD) or wood density (stem dry mass per stem fresh volume)	g/cm^3	0.33337176542857144	0.16549433279593673	
individualtimelinenode_b207aaac-1da9-40a6-93c0-6266e760089c	7999	7500	NA	community	NA	NA	NA	Leaf area (in case of compound leaves: leaf, petiole included)	mm^2	297.677938545	266.9127480893597	
individualtimelinenode_b207aaac-1da9-40a6-93c0-6266e760089c	7999	7500	NA	community	NA	NA	NA	Leaf nitrogen (N) content per leaf dry mass	mg/g	25.584784022727277	7.342351463352071	
individualtimelinenode_b207aaac-1da9-40a6-93c0-6266e760089c	7999	7500	NA	community	NA	NA	NA	Leaf area per leaf dry mass (specific leaf area, SLA or 1/LMA): petiole included	mm^2/mg	16.58148860545455	22.232850080899592	
individualtimelinenode_b207aaac-1da9-40a6-93c0-6266e760089c	7999	7500	NA	community	NA	NA	NA	Plant height vegetative	m	0.8264982227692308	1.0808606929978914	
individualtimelinenode_b207aaac-1da9-40a6-93c0-6266e760089c	7999	7500	NA	community	NA	NA	NA	Seed dry mass	mg	1.7638158634166665	5.849087061289215	
individualtimelinenode_b207aaac-1da9-40a6-93c0-6266e760089c	7999	7500	NA	community	NA	NA	NA	Stem specific density (SSD) or wood density (stem dry mass per stem fresh volume)	g/cm^3	0.30287715962500006	0.16298973275691722	
individualtimelinenode_b207aaac-1da9-40a6-93c0-6266e760089c	8499	8000	NA	community	NA	NA	NA	Leaf area (in case of compound leaves: leaf, petiole included)	mm^2	271.3061183742727	262.6236265324597	
individualtimelinenode_b207aaac-1da9-40a6-93c0-6266e760089c	8499	8000	NA	community	NA	NA	NA	Leaf nitrogen (N) content per leaf dry mass	mg/g	24.642413192500005	7.332238802723024	
individualtimelinenode_b207aaac-1da9-40a6-93c0-6266e760089c	8499	8000	NA	community	NA	NA	NA	Leaf area per leaf dry mass (specific leaf area, SLA or 1/LMA): petiole included	mm^2/mg	16.68047755666667	21.41350367748579	
individualtimelinenode_b207aaac-1da9-40a6-93c0-6266e760089c	8499	8000	NA	community	NA	NA	NA	Plant height vegetative	m	0.7725230864285715	0.9997708341516972	
individualtimelinenode_b207aaac-1da9-40a6-93c0-6266e760089c	8499	8000	NA	community	NA	NA	NA	Seed dry mass	mg	1.6322987682307692	5.469709273836051	
individualtimelinenode_b207aaac-1da9-40a6-93c0-6266e760089c	8499	8000	NA	community	NA	NA	NA	Stem specific density (SSD) or wood density (stem dry mass per stem fresh volume)	g/cm^3	0.30287715962500006	0.16298973275691722	
individualtimelinenode_b207aaac-1da9-40a6-93c0-6266e760089c	8999	8500	NA	community	NA	NA	NA	Leaf area (in case of compound leaves: leaf, petiole included)	mm^2	297.1639847567	266.5140519574555	
individualtimelinenode_b207aaac-1da9-40a6-93c0-6266e760089c	8999	8500	NA	community	NA	NA	NA	Leaf nitrogen (N) content per leaf dry mass	mg/g	25.886945402727278	7.359893182269925	
individualtimelinenode_b207aaac-1da9-40a6-93c0-6266e760089c	8999	8500	NA	community	NA	NA	NA	Leaf area per leaf dry mass (specific leaf area, SLA or 1/LMA): petiole included	mm^2/mg	17.20780973090909	21.753318287090114	
individualtimelinenode_b207aaac-1da9-40a6-93c0-6266e760089c	8999	8500	NA	community	NA	NA	NA	Plant height vegetative	m	0.410904461	0.7016213515513086	
individualtimelinenode_b207aaac-1da9-40a6-93c0-6266e760089c	8999	8500	NA	community	NA	NA	NA	Seed dry mass	mg	0.4687857680833334	3.2323102275454327	
individualtimelinenode_b207aaac-1da9-40a6-93c0-6266e760089c	8999	8500	NA	community	NA	NA	NA	Stem specific density (SSD) or wood density (stem dry mass per stem fresh volume)	g/cm^3	0.2708394785714286	0.16205844249805146	
individualtimelinenode_b207aaac-1da9-40a6-93c0-6266e760089c	9499	9000	NA	community	NA	NA	NA	Leaf area (in case of compound leaves: leaf, petiole included)	mm^2	297.1639847567	266.5140519574555	
individualtimelinenode_b207aaac-1da9-40a6-93c0-6266e760089c	9499	9000	NA	community	NA	NA	NA	Leaf nitrogen (N) content per leaf dry mass	mg/g	25.886945402727278	7.359893182269925	
individualtimelinenode_b207aaac-1da9-40a6-93c0-6266e760089c	9499	9000	NA	community	NA	NA	NA	Leaf area per leaf dry mass (specific leaf area, SLA or 1/LMA): petiole included	mm^2/mg	17.20780973090909	21.753318287090114	
individualtimelinenode_b207aaac-1da9-40a6-93c0-6266e760089c	9499	9000	NA	community	NA	NA	NA	Plant height vegetative	m	0.410904461	0.7016213515513086	
individualtimelinenode_b207aaac-1da9-40a6-93c0-6266e760089c	9499	9000	NA	community	NA	NA	NA	Seed dry mass	mg	0.4687857680833334	3.2323102275454327	
individualtimelinenode_b207aaac-1da9-40a6-93c0-6266e760089c	9499	9000	NA	community	NA	NA	NA	Stem specific density (SSD) or wood density (stem dry mass per stem fresh volume)	g/cm^3	0.2708394785714286	0.16205844249805146	
individualtimelinenode_b207aaac-1da9-40a6-93c0-6266e760089c	9999	9500	NA	community	NA	NA	NA	Leaf area (in case of compound leaves: leaf, petiole included)	mm^2	297.1639847567	266.5140519574555	
individualtimelinenode_b207aaac-1da9-40a6-93c0-6266e760089c	9999	9500	NA	community	NA	NA	NA	Leaf nitrogen (N) content per leaf dry mass	mg/g	25.886945402727278	7.359893182269925	
individualtimelinenode_b207aaac-1da9-40a6-93c0-6266e760089c	9999	9500	NA	community	NA	NA	NA	Leaf area per leaf dry mass (specific leaf area, SLA or 1/LMA): petiole included	mm^2/mg	17.20780973090909	21.753318287090114	
individualtimelinenode_b207aaac-1da9-40a6-93c0-6266e760089c	9999	9500	NA	community	NA	NA	NA	Plant height vegetative	m	0.410904461	0.7016213515513086	
individualtimelinenode_b207aaac-1da9-40a6-93c0-6266e760089c	9999	9500	NA	community	NA	NA	NA	Seed dry mass	mg	0.4687857680833334	3.2323102275454327	
individualtimelinenode_b207aaac-1da9-40a6-93c0-6266e760089c	9999	9500	NA	community	NA	NA	NA	Stem specific density (SSD) or wood density (stem dry mass per stem fresh volume)	g/cm^3	0.2708394785714286	0.16205844249805146	
individualtimelinenode_b207aaac-1da9-40a6-93c0-6266e760089c	10499	10000	NA	community	NA	NA	NA	Leaf area (in case of compound leaves: leaf, petiole included)	mm^2	308.07989047411115	270.88770959681165	
individualtimelinenode_b207aaac-1da9-40a6-93c0-6266e760089c	10499	10000	NA	community	NA	NA	NA	Leaf nitrogen (N) content per leaf dry mass	mg/g	26.821419652000003	7.382681642672808	
individualtimelinenode_b207aaac-1da9-40a6-93c0-6266e760089c	10499	10000	NA	community	NA	NA	NA	Leaf area per leaf dry mass (specific leaf area, SLA or 1/LMA): petiole included	mm^2/mg	17.463266944	22.061215227480734	
individualtimelinenode_b207aaac-1da9-40a6-93c0-6266e760089c	10499	10000	NA	community	NA	NA	NA	Plant height vegetative	m	0.43892983274999997	0.7049838845379779	
individualtimelinenode_b207aaac-1da9-40a6-93c0-6266e760089c	10499	10000	NA	community	NA	NA	NA	Seed dry mass	mg	0.4334935651818182	3.2323102275454327	
individualtimelinenode_b207aaac-1da9-40a6-93c0-6266e760089c	10499	10000	NA	community	NA	NA	NA	Stem specific density (SSD) or wood density (stem dry mass per stem fresh volume)	g/cm^3	0.2708394785714286	0.16205844249805146	
individualtimelinenode_b207aaac-1da9-40a6-93c0-6266e760089c	10999	10500	NA	community	NA	NA	NA	Leaf area (in case of compound leaves: leaf, petiole included)	mm^2	308.07989047411115	270.88770959681165	
individualtimelinenode_b207aaac-1da9-40a6-93c0-6266e760089c	10999	10500	NA	community	NA	NA	NA	Leaf nitrogen (N) content per leaf dry mass	mg/g	26.821419652000003	7.382681642672808	
individualtimelinenode_b207aaac-1da9-40a6-93c0-6266e760089c	10999	10500	NA	community	NA	NA	NA	Leaf area per leaf dry mass (specific leaf area, SLA or 1/LMA): petiole included	mm^2/mg	17.463266944	22.061215227480734	
individualtimelinenode_b207aaac-1da9-40a6-93c0-6266e760089c	10999	10500	NA	community	NA	NA	NA	Plant height vegetative	m	0.43892983274999997	0.7049838845379779	
individualtimelinenode_b207aaac-1da9-40a6-93c0-6266e760089c	10999	10500	NA	community	NA	NA	NA	Seed dry mass	mg	0.4334935651818182	3.2323102275454327	
individualtimelinenode_b207aaac-1da9-40a6-93c0-6266e760089c	10999	10500	NA	community	NA	NA	NA	Stem specific density (SSD) or wood density (stem dry mass per stem fresh volume)	g/cm^3	0.2708394785714286	0.16205844249805146	
individualtimelinenode_b207aaac-1da9-40a6-93c0-6266e760089c	11499	11000	NA	community	NA	NA	NA	Leaf area (in case of compound leaves: leaf, petiole included)	mm^2	308.07989047411115	270.88770959681165	
individualtimelinenode_b207aaac-1da9-40a6-93c0-6266e760089c	11499	11000	NA	community	NA	NA	NA	Leaf nitrogen (N) content per leaf dry mass	mg/g	26.821419652000003	7.382681642672808	
individualtimelinenode_b207aaac-1da9-40a6-93c0-6266e760089c	11499	11000	NA	community	NA	NA	NA	Leaf area per leaf dry mass (specific leaf area, SLA or 1/LMA): petiole included	mm^2/mg	17.463266944	22.061215227480734	
individualtimelinenode_b207aaac-1da9-40a6-93c0-6266e760089c	11499	11000	NA	community	NA	NA	NA	Plant height vegetative	m	0.43892983274999997	0.7049838845379779	
individualtimelinenode_b207aaac-1da9-40a6-93c0-6266e760089c	11499	11000	NA	community	NA	NA	NA	Seed dry mass	mg	0.4334935651818182	3.2323102275454327	
individualtimelinenode_b207aaac-1da9-40a6-93c0-6266e760089c	11499	11000	NA	community	NA	NA	NA	Stem specific density (SSD) or wood density (stem dry mass per stem fresh volume)	g/cm^3	0.2708394785714286	0.16205844249805146	
individualtimelinenode_b207aaac-1da9-40a6-93c0-6266e760089c	11999	11500	NA	community	NA	NA	NA	Leaf area (in case of compound leaves: leaf, petiole included)	mm^2	331.68959269587504	272.0794589131011	
individualtimelinenode_b207aaac-1da9-40a6-93c0-6266e760089c	11999	11500	NA	community	NA	NA	NA	Leaf nitrogen (N) content per leaf dry mass	mg/g	27.33554880888889	7.323911797059971	
individualtimelinenode_b207aaac-1da9-40a6-93c0-6266e760089c	11999	11500	NA	community	NA	NA	NA	Leaf area per leaf dry mass (specific leaf area, SLA or 1/LMA): petiole included	mm^2/mg	18.04209226888889	22.668255965395804	
individualtimelinenode_b207aaac-1da9-40a6-93c0-6266e760089c	11999	11500	NA	community	NA	NA	NA	Plant height vegetative	m	0.21973514218181822	0.6469006488076906	
individualtimelinenode_b207aaac-1da9-40a6-93c0-6266e760089c	11999	11500	NA	community	NA	NA	NA	Seed dry mass	mg	0.4198072853	4.2016853347265375	
individualtimelinenode_b207aaac-1da9-40a6-93c0-6266e760089c	11999	11500	NA	community	NA	NA	NA	Stem specific density (SSD) or wood density (stem dry mass per stem fresh volume)	g/cm^3	0.21810490583333333	0.13594843577471952	
