location_id	bin_early	bin_late	morphotype	taxon	rank	taxonomic_tree	taxon_ambiguous_with	variable	variable_unit	variable_value (float)	variable_ci (float option)	variable_confidence_qualitative (string option)
individualtimelinenode_40f5222c-4060-4b23-8623-81944b44844f	12000	0	NA	Unknown (not yet coded)	Kingdom	unknown	unknown	earliest_occurrence_date	cal yr BP	12222		
individualtimelinenode_40f5222c-4060-4b23-8623-81944b44844f	12000	0	NA	Life	Life	unknown	unknown	earliest_occurrence_date	cal yr BP	NaN		
individualtimelinenode_40f5222c-4060-4b23-8623-81944b44844f	12000	0	NA	Plantae	Kingdom	unknown	unknown	earliest_occurrence_date	cal yr BP	NaN		
individualtimelinenode_40f5222c-4060-4b23-8623-81944b44844f	12000	0	NA	Angiosperms	Phylum	unknown	unknown	earliest_occurrence_date	cal yr BP	NaN		
individualtimelinenode_40f5222c-4060-4b23-8623-81944b44844f	12000	0	NA	Caryophyllales	Order	unknown	unknown	earliest_occurrence_date	cal yr BP	NaN		
individualtimelinenode_40f5222c-4060-4b23-8623-81944b44844f	12000	0	NA	Plumbaginaceae	Family	unknown	unknown	earliest_occurrence_date	cal yr BP	NaN		
individualtimelinenode_40f5222c-4060-4b23-8623-81944b44844f	12000	0	NA	Limonieae	Tribe	unknown	unknown	earliest_occurrence_date	cal yr BP	NaN		
individualtimelinenode_40f5222c-4060-4b23-8623-81944b44844f	12000	0	NA	Armeria	Genus	unknown	unknown	earliest_occurrence_date	cal yr BP	NaN		
individualtimelinenode_40f5222c-4060-4b23-8623-81944b44844f	12000	0	NA	Fagales	Order	unknown	unknown	earliest_occurrence_date	cal yr BP	NaN		
individualtimelinenode_40f5222c-4060-4b23-8623-81944b44844f	12000	0	NA	Betulaceae	Family	unknown	unknown	earliest_occurrence_date	cal yr BP	NaN		
individualtimelinenode_40f5222c-4060-4b23-8623-81944b44844f	12000	0	NA	Betula	Genus	unknown	unknown	earliest_occurrence_date	cal yr BP	NaN		
individualtimelinenode_40f5222c-4060-4b23-8623-81944b44844f	12000	0	NA	Betula nana L.	Species	unknown	unknown	earliest_occurrence_date	cal yr BP	NaN		
individualtimelinenode_40f5222c-4060-4b23-8623-81944b44844f	12000	0	NA	Asterales	Order	unknown	unknown	earliest_occurrence_date	cal yr BP	NaN		
individualtimelinenode_40f5222c-4060-4b23-8623-81944b44844f	12000	0	NA	Campanulaceae	Family	unknown	unknown	earliest_occurrence_date	cal yr BP	NaN		
individualtimelinenode_40f5222c-4060-4b23-8623-81944b44844f	12000	0	NA	Campanula	Genus	unknown	unknown	earliest_occurrence_date	cal yr BP	NaN		
individualtimelinenode_40f5222c-4060-4b23-8623-81944b44844f	12000	0	NA	Caryophyllaceae	Family	unknown	unknown	earliest_occurrence_date	cal yr BP	NaN		
individualtimelinenode_40f5222c-4060-4b23-8623-81944b44844f	12000	0	NA	Ericales	Order	unknown	unknown	earliest_occurrence_date	cal yr BP	NaN		
individualtimelinenode_40f5222c-4060-4b23-8623-81944b44844f	12000	0	NA	Ericaceae	Family	unknown	unknown	earliest_occurrence_date	cal yr BP	NaN		
individualtimelinenode_40f5222c-4060-4b23-8623-81944b44844f	12000	0	NA	Cassiopoideae	Subfamily	unknown	unknown	earliest_occurrence_date	cal yr BP	NaN		
individualtimelinenode_40f5222c-4060-4b23-8623-81944b44844f	12000	0	NA	Cassiope	Genus	unknown	unknown	earliest_occurrence_date	cal yr BP	NaN		
individualtimelinenode_40f5222c-4060-4b23-8623-81944b44844f	12000	0	NA	Chenopodiaceae	Genus	unknown	unknown	earliest_occurrence_date	cal yr BP	NaN		
individualtimelinenode_40f5222c-4060-4b23-8623-81944b44844f	12000	0	NA	Problematic (Placeholder)	Kingdom	unknown	unknown	earliest_occurrence_date	cal yr BP	NaN		
individualtimelinenode_40f5222c-4060-4b23-8623-81944b44844f	12000	0	NA	Cruciferae	Family	unknown	unknown	earliest_occurrence_date	cal yr BP	NaN		
individualtimelinenode_40f5222c-4060-4b23-8623-81944b44844f	12000	0	NA	Poales	Order	unknown	unknown	earliest_occurrence_date	cal yr BP	NaN		
individualtimelinenode_40f5222c-4060-4b23-8623-81944b44844f	12000	0	NA	Cyperaceae	Family	unknown	unknown	earliest_occurrence_date	cal yr BP	NaN		
individualtimelinenode_40f5222c-4060-4b23-8623-81944b44844f	12000	0	NA	Rosales	Order	unknown	unknown	earliest_occurrence_date	cal yr BP	NaN		
individualtimelinenode_40f5222c-4060-4b23-8623-81944b44844f	12000	0	NA	Rosaceae	Family	unknown	unknown	earliest_occurrence_date	cal yr BP	NaN		
individualtimelinenode_40f5222c-4060-4b23-8623-81944b44844f	12000	0	NA	Dryas	Genus	unknown	unknown	earliest_occurrence_date	cal yr BP	NaN		
individualtimelinenode_40f5222c-4060-4b23-8623-81944b44844f	12000	0	NA	Ericoideae	Subfamily	unknown	unknown	earliest_occurrence_date	cal yr BP	NaN		
individualtimelinenode_40f5222c-4060-4b23-8623-81944b44844f	12000	0	NA	Empetrum	Genus	unknown	unknown	earliest_occurrence_date	cal yr BP	NaN		
individualtimelinenode_40f5222c-4060-4b23-8623-81944b44844f	12000	0	NA	Myrtales	Order	unknown	unknown	earliest_occurrence_date	cal yr BP	NaN		
individualtimelinenode_40f5222c-4060-4b23-8623-81944b44844f	12000	0	NA	Onagraceae	Family	unknown	unknown	earliest_occurrence_date	cal yr BP	NaN		
individualtimelinenode_40f5222c-4060-4b23-8623-81944b44844f	12000	0	NA	Epilobium	Genus	unknown	unknown	earliest_occurrence_date	cal yr BP	NaN		
individualtimelinenode_40f5222c-4060-4b23-8623-81944b44844f	12000	0	NA	Gramineae	Genus	unknown	unknown	earliest_occurrence_date	cal yr BP	NaN		
individualtimelinenode_40f5222c-4060-4b23-8623-81944b44844f	12000	0	NA	Lycopodiophyta	Phylum	unknown	unknown	earliest_occurrence_date	cal yr BP	NaN		
individualtimelinenode_40f5222c-4060-4b23-8623-81944b44844f	12000	0	NA	Lycopodiopsida	Class	unknown	unknown	earliest_occurrence_date	cal yr BP	NaN		
individualtimelinenode_40f5222c-4060-4b23-8623-81944b44844f	12000	0	NA	Lycopodiales	Order	unknown	unknown	earliest_occurrence_date	cal yr BP	NaN		
individualtimelinenode_40f5222c-4060-4b23-8623-81944b44844f	12000	0	NA	Lycopodiaceae	Family	unknown	unknown	earliest_occurrence_date	cal yr BP	NaN		
individualtimelinenode_40f5222c-4060-4b23-8623-81944b44844f	12000	0	NA	Lycopodioideae	Subfamily	unknown	unknown	earliest_occurrence_date	cal yr BP	NaN		
individualtimelinenode_40f5222c-4060-4b23-8623-81944b44844f	12000	0	NA	Lycopodium	Genus	unknown	unknown	earliest_occurrence_date	cal yr BP	NaN		
individualtimelinenode_40f5222c-4060-4b23-8623-81944b44844f	12000	0	NA	Polygonaceae	Family	unknown	unknown	earliest_occurrence_date	cal yr BP	NaN		
individualtimelinenode_40f5222c-4060-4b23-8623-81944b44844f	12000	0	NA	Oxyria	Genus	unknown	unknown	earliest_occurrence_date	cal yr BP	NaN		
individualtimelinenode_40f5222c-4060-4b23-8623-81944b44844f	12000	0	NA	Ranunculales	Order	unknown	unknown	earliest_occurrence_date	cal yr BP	NaN		
individualtimelinenode_40f5222c-4060-4b23-8623-81944b44844f	12000	0	NA	Papaveraceae	Family	unknown	unknown	earliest_occurrence_date	cal yr BP	NaN		
individualtimelinenode_40f5222c-4060-4b23-8623-81944b44844f	12000	0	NA	Papaveroideae	Subfamily	unknown	unknown	earliest_occurrence_date	cal yr BP	NaN		
individualtimelinenode_40f5222c-4060-4b23-8623-81944b44844f	12000	0	NA	Papavereae	Tribe	unknown	unknown	earliest_occurrence_date	cal yr BP	NaN		
individualtimelinenode_40f5222c-4060-4b23-8623-81944b44844f	12000	0	NA	Papaver	Genus	unknown	unknown	earliest_occurrence_date	cal yr BP	NaN		
individualtimelinenode_40f5222c-4060-4b23-8623-81944b44844f	12000	0	NA	Phyllodoce	Genus	unknown	unknown	earliest_occurrence_date	cal yr BP	NaN		
individualtimelinenode_40f5222c-4060-4b23-8623-81944b44844f	12000	0	NA	Polygonum	Genus	unknown	unknown	earliest_occurrence_date	cal yr BP	NaN		
individualtimelinenode_40f5222c-4060-4b23-8623-81944b44844f	12000	0	NA	Polygonum viviparum L.	Species	unknown	unknown	earliest_occurrence_date	cal yr BP	NaN		
individualtimelinenode_40f5222c-4060-4b23-8623-81944b44844f	12000	0	NA	Polypodiophyta	Phylum	unknown	unknown	earliest_occurrence_date	cal yr BP	NaN		
individualtimelinenode_40f5222c-4060-4b23-8623-81944b44844f	12000	0	NA	Polypodiopsida	Class	unknown	unknown	earliest_occurrence_date	cal yr BP	NaN		
individualtimelinenode_40f5222c-4060-4b23-8623-81944b44844f	12000	0	NA	Polypodiales	Order	unknown	unknown	earliest_occurrence_date	cal yr BP	NaN		
individualtimelinenode_40f5222c-4060-4b23-8623-81944b44844f	12000	0	NA	Polypodiaceae	Family	unknown	unknown	earliest_occurrence_date	cal yr BP	NaN		
individualtimelinenode_40f5222c-4060-4b23-8623-81944b44844f	12000	0	NA	Potentilla	Genus	unknown	unknown	earliest_occurrence_date	cal yr BP	NaN		
individualtimelinenode_40f5222c-4060-4b23-8623-81944b44844f	12000	0	NA	Ranunculaceae	Family	unknown	unknown	earliest_occurrence_date	cal yr BP	NaN		
individualtimelinenode_40f5222c-4060-4b23-8623-81944b44844f	12000	0	NA	Ranunculus	Genus	unknown	unknown	earliest_occurrence_date	cal yr BP	NaN		
individualtimelinenode_40f5222c-4060-4b23-8623-81944b44844f	12000	0	NA	Malpighiales	Order	unknown	unknown	earliest_occurrence_date	cal yr BP	NaN		
individualtimelinenode_40f5222c-4060-4b23-8623-81944b44844f	12000	0	NA	Salicaceae	Family	unknown	unknown	earliest_occurrence_date	cal yr BP	NaN		
individualtimelinenode_40f5222c-4060-4b23-8623-81944b44844f	12000	0	NA	Salix	Genus	unknown	unknown	earliest_occurrence_date	cal yr BP	NaN		
individualtimelinenode_40f5222c-4060-4b23-8623-81944b44844f	12000	0	NA	Salix arctica (Pall.)	Species	unknown	unknown	earliest_occurrence_date	cal yr BP	NaN		
individualtimelinenode_40f5222c-4060-4b23-8623-81944b44844f	12000	0	NA	Salix herbacea L.	Species	unknown	unknown	earliest_occurrence_date	cal yr BP	NaN		
individualtimelinenode_40f5222c-4060-4b23-8623-81944b44844f	12000	0	NA	Saxifragales	Order	unknown	unknown	earliest_occurrence_date	cal yr BP	NaN		
individualtimelinenode_40f5222c-4060-4b23-8623-81944b44844f	12000	0	NA	Saxifragaceae	Family	unknown	unknown	earliest_occurrence_date	cal yr BP	NaN		
individualtimelinenode_40f5222c-4060-4b23-8623-81944b44844f	12000	0	NA	Saxifraga	Genus	unknown	unknown	earliest_occurrence_date	cal yr BP	NaN		
individualtimelinenode_40f5222c-4060-4b23-8623-81944b44844f	12000	0	NA	Thalictrum	Genus	unknown	unknown	earliest_occurrence_date	cal yr BP	NaN		
individualtimelinenode_40f5222c-4060-4b23-8623-81944b44844f	12000	0	NA	Lamiales	Order	unknown	unknown	earliest_occurrence_date	cal yr BP	NaN		
individualtimelinenode_40f5222c-4060-4b23-8623-81944b44844f	12000	0	NA	Orobanchaceae	Family	unknown	unknown	earliest_occurrence_date	cal yr BP	NaN		
individualtimelinenode_40f5222c-4060-4b23-8623-81944b44844f	12000	0	NA	Pedicularis	Genus	unknown	unknown	earliest_occurrence_date	cal yr BP	NaN		
individualtimelinenode_40f5222c-4060-4b23-8623-81944b44844f	12000	0	NA	Vaccinioideae	Subfamily	unknown	unknown	earliest_occurrence_date	cal yr BP	NaN		
individualtimelinenode_40f5222c-4060-4b23-8623-81944b44844f	12000	0	NA	Vaccinium	Genus	unknown	unknown	earliest_occurrence_date	cal yr BP	NaN		
individualtimelinenode_40f5222c-4060-4b23-8623-81944b44844f	12000	0	NA	Cassiope tetragona (L.) D. Don.	Species	unknown	unknown	earliest_occurrence_date	cal yr BP	NaN		
individualtimelinenode_40f5222c-4060-4b23-8623-81944b44844f	12000	0	NA	Chamaenerion latifolium (L.) Th. Fries & Lge.	Species	unknown	unknown	earliest_occurrence_date	cal yr BP	NaN		
individualtimelinenode_40f5222c-4060-4b23-8623-81944b44844f	12000	0	NA	Cystopteris fragilis ssp. dickieana (Sim.) Hyl.	Subspecies	unknown	unknown	earliest_occurrence_date	cal yr BP	NaN		
individualtimelinenode_40f5222c-4060-4b23-8623-81944b44844f	12000	0	NA	Empetrum hermaphroditum (Hagerup) Böch.	Species	unknown	unknown	earliest_occurrence_date	cal yr BP	NaN		
individualtimelinenode_40f5222c-4060-4b23-8623-81944b44844f	12000	0	NA	Equisetales	Order	unknown	unknown	earliest_occurrence_date	cal yr BP	NaN		
individualtimelinenode_40f5222c-4060-4b23-8623-81944b44844f	12000	0	NA	Equisetaceae	Family	unknown	unknown	earliest_occurrence_date	cal yr BP	NaN		
individualtimelinenode_40f5222c-4060-4b23-8623-81944b44844f	12000	0	NA	Equisetum	Genus	unknown	unknown	earliest_occurrence_date	cal yr BP	NaN		
individualtimelinenode_40f5222c-4060-4b23-8623-81944b44844f	12000	0	NA	Huperzioideae	Subfamily	unknown	unknown	earliest_occurrence_date	cal yr BP	NaN		
individualtimelinenode_40f5222c-4060-4b23-8623-81944b44844f	12000	0	NA	Huperzia	Genus	unknown	unknown	earliest_occurrence_date	cal yr BP	NaN		
individualtimelinenode_40f5222c-4060-4b23-8623-81944b44844f	12000	0	NA	Huperzia selago (L.) Bernh. ex Schrank. & Mart.	Species	unknown	unknown	earliest_occurrence_date	cal yr BP	NaN		
individualtimelinenode_40f5222c-4060-4b23-8623-81944b44844f	12000	0	NA	Oxyria digyna (L.) Hill	Species	unknown	unknown	earliest_occurrence_date	cal yr BP	NaN		
individualtimelinenode_40f5222c-4060-4b23-8623-81944b44844f	12000	0	NA	Papaver radicatum Rottb.	Species	unknown	unknown	earliest_occurrence_date	cal yr BP	NaN		
individualtimelinenode_40f5222c-4060-4b23-8623-81944b44844f	12000	0	NA	Saxifraga paniculata Mill.	Species	unknown	unknown	earliest_occurrence_date	cal yr BP	NaN		
individualtimelinenode_40f5222c-4060-4b23-8623-81944b44844f	12000	0	NA	Saxifraga aizoides L.	Species	unknown	unknown	earliest_occurrence_date	cal yr BP	NaN		
individualtimelinenode_40f5222c-4060-4b23-8623-81944b44844f	12000	0	NA	Saxifraga tricuspidata Rottb.	Species	unknown	unknown	earliest_occurrence_date	cal yr BP	NaN		
individualtimelinenode_40f5222c-4060-4b23-8623-81944b44844f	12000	0	NA	Saxifraga oppositifolia L.	Species	unknown	unknown	earliest_occurrence_date	cal yr BP	NaN		
individualtimelinenode_40f5222c-4060-4b23-8623-81944b44844f	12000	0	NA	Alismatales	Order	unknown	unknown	earliest_occurrence_date	cal yr BP	NaN		
individualtimelinenode_40f5222c-4060-4b23-8623-81944b44844f	12000	0	NA	Tofieldiaceae	Family	unknown	unknown	earliest_occurrence_date	cal yr BP	NaN		
individualtimelinenode_40f5222c-4060-4b23-8623-81944b44844f	12000	0	NA	Tofieldia	Genus	unknown	unknown	earliest_occurrence_date	cal yr BP	NaN		
individualtimelinenode_40f5222c-4060-4b23-8623-81944b44844f	12000	0	NA	Armeria scabra ssp. sibirica (Turcz.) Hyl.	Subspecies	unknown	unknown	earliest_occurrence_date	cal yr BP	NaN		
individualtimelinenode_40f5222c-4060-4b23-8623-81944b44844f	12000	0	NA	Campanula uniflora L.	Species	unknown	unknown	earliest_occurrence_date	cal yr BP	NaN		
individualtimelinenode_40f5222c-4060-4b23-8623-81944b44844f	12000	0	NA	Carex bigelowii Torr.	Species	unknown	unknown	earliest_occurrence_date	cal yr BP	NaN		
individualtimelinenode_40f5222c-4060-4b23-8623-81944b44844f	12000	0	NA	Carex	Genus	unknown	unknown	earliest_occurrence_date	cal yr BP	NaN		
individualtimelinenode_40f5222c-4060-4b23-8623-81944b44844f	12000	0	NA	Carex capillaris L.	Species	unknown	unknown	earliest_occurrence_date	cal yr BP	NaN		
individualtimelinenode_40f5222c-4060-4b23-8623-81944b44844f	12000	0	NA	Carex misandra R.Br.	Species	unknown	unknown	earliest_occurrence_date	cal yr BP	NaN		
individualtimelinenode_40f5222c-4060-4b23-8623-81944b44844f	12000	0	NA	Carex nardina Fr.	Species	unknown	unknown	earliest_occurrence_date	cal yr BP	NaN		
individualtimelinenode_40f5222c-4060-4b23-8623-81944b44844f	12000	0	NA	Dryas integrifolia M. Vahl.	Species	unknown	unknown	earliest_occurrence_date	cal yr BP	NaN		
individualtimelinenode_40f5222c-4060-4b23-8623-81944b44844f	12000	0	NA	Juncaceae	Family	unknown	unknown	earliest_occurrence_date	cal yr BP	NaN		
individualtimelinenode_40f5222c-4060-4b23-8623-81944b44844f	12000	0	NA	Juncus	Genus	unknown	unknown	earliest_occurrence_date	cal yr BP	NaN		
individualtimelinenode_40f5222c-4060-4b23-8623-81944b44844f	12000	0	NA	Luzula	Genus	unknown	unknown	earliest_occurrence_date	cal yr BP	NaN		
individualtimelinenode_40f5222c-4060-4b23-8623-81944b44844f	12000	0	NA	Minuartia rubella (Wbg.) Hiern.	Species	unknown	unknown	earliest_occurrence_date	cal yr BP	NaN		
individualtimelinenode_40f5222c-4060-4b23-8623-81944b44844f	12000	0	NA	Poaceae	Family	unknown	unknown	earliest_occurrence_date	cal yr BP	NaN		
individualtimelinenode_40f5222c-4060-4b23-8623-81944b44844f	12000	0	NA	Poa	Genus	unknown	unknown	earliest_occurrence_date	cal yr BP	NaN		
individualtimelinenode_40f5222c-4060-4b23-8623-81944b44844f	12000	0	NA	Silene	Genus	unknown	unknown	earliest_occurrence_date	cal yr BP	NaN		
individualtimelinenode_40f5222c-4060-4b23-8623-81944b44844f	12000	0	NA	Silene acaulis (L.) Jacq.	Species	unknown	unknown	earliest_occurrence_date	cal yr BP	NaN		
individualtimelinenode_40f5222c-4060-4b23-8623-81944b44844f	12000	0	NA	Oxycoccus	Genus	unknown	unknown	earliest_occurrence_date	cal yr BP	NaN		
individualtimelinenode_40f5222c-4060-4b23-8623-81944b44844f	12000	0	NA	Vaccinium uliginosum L.	Species	unknown	unknown	earliest_occurrence_date	cal yr BP	NaN		
individualtimelinenode_40f5222c-4060-4b23-8623-81944b44844f	12000	0	NA	Vaccinium vitis-idaea L.	Species	unknown	unknown	earliest_occurrence_date	cal yr BP	NaN		
individualtimelinenode_40f5222c-4060-4b23-8623-81944b44844f	12000	0	NA	Alchemilla	Genus	unknown	unknown	earliest_occurrence_date	cal yr BP	NaN		
individualtimelinenode_40f5222c-4060-4b23-8623-81944b44844f	12000	0	NA	Alchemilla alpina L.	Species	unknown	unknown	earliest_occurrence_date	cal yr BP	NaN		
individualtimelinenode_40f5222c-4060-4b23-8623-81944b44844f	12000	0	NA	Alnus	Genus	unknown	unknown	earliest_occurrence_date	cal yr BP	NaN		
individualtimelinenode_40f5222c-4060-4b23-8623-81944b44844f	12000	0	NA	Asteraceae	Family	unknown	unknown	earliest_occurrence_date	cal yr BP	NaN		
individualtimelinenode_40f5222c-4060-4b23-8623-81944b44844f	12000	0	NA	Asteroideae	Subfamily	unknown	unknown	earliest_occurrence_date	cal yr BP	NaN		
individualtimelinenode_40f5222c-4060-4b23-8623-81944b44844f	12000	0	NA	Anthemideae	Tribe	unknown	unknown	earliest_occurrence_date	cal yr BP	NaN		
individualtimelinenode_40f5222c-4060-4b23-8623-81944b44844f	12000	0	NA	Artemisia	Genus	unknown	unknown	earliest_occurrence_date	cal yr BP	NaN		
individualtimelinenode_40f5222c-4060-4b23-8623-81944b44844f	12000	0	NA	Ophioglossales	Order	unknown	unknown	earliest_occurrence_date	cal yr BP	NaN		
individualtimelinenode_40f5222c-4060-4b23-8623-81944b44844f	12000	0	NA	Ophioglossaceae	Family	unknown	unknown	earliest_occurrence_date	cal yr BP	NaN		
individualtimelinenode_40f5222c-4060-4b23-8623-81944b44844f	12000	0	NA	Botrychioideae	Subfamily	unknown	unknown	earliest_occurrence_date	cal yr BP	NaN		
individualtimelinenode_40f5222c-4060-4b23-8623-81944b44844f	12000	0	NA	Botrychium	Genus	unknown	unknown	earliest_occurrence_date	cal yr BP	NaN		
individualtimelinenode_40f5222c-4060-4b23-8623-81944b44844f	12000	0	NA	Carex brunescens (Pers.) Poir.	Species	unknown	unknown	earliest_occurrence_date	cal yr BP	NaN		
individualtimelinenode_40f5222c-4060-4b23-8623-81944b44844f	12000	0	NA	Carex gynocrates Wormsk.	Species	unknown	unknown	earliest_occurrence_date	cal yr BP	NaN		
individualtimelinenode_40f5222c-4060-4b23-8623-81944b44844f	12000	0	NA	Carex lachenalii Schkuhr.	Species	unknown	unknown	earliest_occurrence_date	cal yr BP	NaN		
individualtimelinenode_40f5222c-4060-4b23-8623-81944b44844f	12000	0	NA	Carex norvegica L.	Species	unknown	unknown	earliest_occurrence_date	cal yr BP	NaN		
individualtimelinenode_40f5222c-4060-4b23-8623-81944b44844f	12000	0	NA	Carex rufina Drej.	Species	unknown	unknown	earliest_occurrence_date	cal yr BP	NaN		
individualtimelinenode_40f5222c-4060-4b23-8623-81944b44844f	12000	0	NA	Minuartia	Genus	unknown	unknown	earliest_occurrence_date	cal yr BP	NaN		
individualtimelinenode_40f5222c-4060-4b23-8623-81944b44844f	12000	0	NA	Minuartia stricta (Sw). Hiern.	Species	unknown	unknown	earliest_occurrence_date	cal yr BP	NaN		
individualtimelinenode_40f5222c-4060-4b23-8623-81944b44844f	12000	0	NA	Minuartia groenlandica Retz.	Species	unknown	unknown	earliest_occurrence_date	cal yr BP	NaN		
individualtimelinenode_40f5222c-4060-4b23-8623-81944b44844f	12000	0	NA	Stellaria calycantha (Led.) Bong.	Species	unknown	unknown	earliest_occurrence_date	cal yr BP	NaN		
individualtimelinenode_40f5222c-4060-4b23-8623-81944b44844f	12000	0	NA	Stellaria longipes Goldie	Species	unknown	unknown	earliest_occurrence_date	cal yr BP	NaN		
individualtimelinenode_40f5222c-4060-4b23-8623-81944b44844f	12000	0	NA	Cerastium fontanum Baumg.	Species	unknown	unknown	earliest_occurrence_date	cal yr BP	NaN		
individualtimelinenode_40f5222c-4060-4b23-8623-81944b44844f	12000	0	NA	Cerastium arcticum Lge.	Species	unknown	unknown	earliest_occurrence_date	cal yr BP	NaN		
individualtimelinenode_40f5222c-4060-4b23-8623-81944b44844f	12000	0	NA	Cerastium alpinum L.	Species	unknown	unknown	earliest_occurrence_date	cal yr BP	NaN		
individualtimelinenode_40f5222c-4060-4b23-8623-81944b44844f	12000	0	NA	Brassicales	Order	unknown	unknown	earliest_occurrence_date	cal yr BP	NaN		
individualtimelinenode_40f5222c-4060-4b23-8623-81944b44844f	12000	0	NA	Brassicaceae	Family	unknown	unknown	earliest_occurrence_date	cal yr BP	NaN		
individualtimelinenode_40f5222c-4060-4b23-8623-81944b44844f	12000	0	NA	Brassicoideae	Subfamily	unknown	unknown	earliest_occurrence_date	cal yr BP	NaN		
individualtimelinenode_40f5222c-4060-4b23-8623-81944b44844f	12000	0	NA	Arabideae	Tribe	unknown	unknown	earliest_occurrence_date	cal yr BP	NaN		
individualtimelinenode_40f5222c-4060-4b23-8623-81944b44844f	12000	0	NA	Draba	Genus	unknown	unknown	earliest_occurrence_date	cal yr BP	NaN		
individualtimelinenode_40f5222c-4060-4b23-8623-81944b44844f	12000	0	NA	Harrimanelloideae	Subfamily	unknown	unknown	earliest_occurrence_date	cal yr BP	NaN		
individualtimelinenode_40f5222c-4060-4b23-8623-81944b44844f	12000	0	NA	Harrimanella	Genus	unknown	unknown	earliest_occurrence_date	cal yr BP	NaN		
individualtimelinenode_40f5222c-4060-4b23-8623-81944b44844f	12000	0	NA	Harrimanella hypnoides (L.) Coville.	Species	unknown	unknown	earliest_occurrence_date	cal yr BP	NaN		
individualtimelinenode_40f5222c-4060-4b23-8623-81944b44844f	12000	0	NA	Plantaginaceae	Family	unknown	unknown	earliest_occurrence_date	cal yr BP	NaN		
individualtimelinenode_40f5222c-4060-4b23-8623-81944b44844f	12000	0	NA	Hippuris	Genus	unknown	unknown	earliest_occurrence_date	cal yr BP	NaN		
individualtimelinenode_40f5222c-4060-4b23-8623-81944b44844f	12000	0	NA	Hippuris vulgaris L.	Species	unknown	unknown	earliest_occurrence_date	cal yr BP	NaN		
individualtimelinenode_40f5222c-4060-4b23-8623-81944b44844f	12000	0	NA	Pinophyta	Phylum	unknown	unknown	earliest_occurrence_date	cal yr BP	NaN		
individualtimelinenode_40f5222c-4060-4b23-8623-81944b44844f	12000	0	NA	Pinopsida	Class	unknown	unknown	earliest_occurrence_date	cal yr BP	NaN		
individualtimelinenode_40f5222c-4060-4b23-8623-81944b44844f	12000	0	NA	Cupressales	Order	unknown	unknown	earliest_occurrence_date	cal yr BP	NaN		
individualtimelinenode_40f5222c-4060-4b23-8623-81944b44844f	12000	0	NA	Cupressaceae	Family	unknown	unknown	earliest_occurrence_date	cal yr BP	NaN		
individualtimelinenode_40f5222c-4060-4b23-8623-81944b44844f	12000	0	NA	Juniperus	Genus	unknown	unknown	earliest_occurrence_date	cal yr BP	NaN		
individualtimelinenode_40f5222c-4060-4b23-8623-81944b44844f	12000	0	NA	Juniperus communis L.	Species	unknown	unknown	earliest_occurrence_date	cal yr BP	NaN		
individualtimelinenode_40f5222c-4060-4b23-8623-81944b44844f	12000	0	NA	Koenigia	Genus	unknown	unknown	earliest_occurrence_date	cal yr BP	NaN		
individualtimelinenode_40f5222c-4060-4b23-8623-81944b44844f	12000	0	NA	Koenigia islandica L.	Species	unknown	unknown	earliest_occurrence_date	cal yr BP	NaN		
individualtimelinenode_40f5222c-4060-4b23-8623-81944b44844f	12000	0	NA	Loiseleuria procumbens (L.) Desv.	Species	unknown	unknown	earliest_occurrence_date	cal yr BP	NaN		
individualtimelinenode_40f5222c-4060-4b23-8623-81944b44844f	12000	0	NA	Lycopodium clavatum L.	Species	unknown	unknown	earliest_occurrence_date	cal yr BP	NaN		
individualtimelinenode_40f5222c-4060-4b23-8623-81944b44844f	12000	0	NA	Diphasium	Genus	unknown	unknown	earliest_occurrence_date	cal yr BP	NaN		
individualtimelinenode_40f5222c-4060-4b23-8623-81944b44844f	12000	0	NA	Diphasium complanatum (L.) Rothm.	Species	unknown	unknown	earliest_occurrence_date	cal yr BP	NaN		
individualtimelinenode_40f5222c-4060-4b23-8623-81944b44844f	12000	0	NA	Diphasium alpinum (L.) Rothm.	Species	unknown	unknown	earliest_occurrence_date	cal yr BP	NaN		
individualtimelinenode_40f5222c-4060-4b23-8623-81944b44844f	12000	0	NA	Lycopodium dubium Zoega.	Species	unknown	unknown	earliest_occurrence_date	cal yr BP	NaN		
individualtimelinenode_40f5222c-4060-4b23-8623-81944b44844f	12000	0	NA	Minuratia rubella (Wbg.) Hiern.	Species	unknown	unknown	earliest_occurrence_date	cal yr BP	NaN		
individualtimelinenode_40f5222c-4060-4b23-8623-81944b44844f	12000	0	NA	Phippsia algida (Sol.) R. Br.	Species	unknown	unknown	earliest_occurrence_date	cal yr BP	NaN		
individualtimelinenode_40f5222c-4060-4b23-8623-81944b44844f	12000	0	NA	Potamogetonaceae	Family	unknown	unknown	earliest_occurrence_date	cal yr BP	NaN		
individualtimelinenode_40f5222c-4060-4b23-8623-81944b44844f	12000	0	NA	Potamogeton	Genus	unknown	unknown	earliest_occurrence_date	cal yr BP	NaN		
individualtimelinenode_40f5222c-4060-4b23-8623-81944b44844f	12000	0	NA	Potamogeton pusillus L.	Species	unknown	unknown	earliest_occurrence_date	cal yr BP	NaN		
individualtimelinenode_40f5222c-4060-4b23-8623-81944b44844f	12000	0	NA	Sibbaldia procumbens L.	Species	unknown	unknown	earliest_occurrence_date	cal yr BP	NaN		
individualtimelinenode_40f5222c-4060-4b23-8623-81944b44844f	12000	0	NA	Comarum	Genus	unknown	unknown	earliest_occurrence_date	cal yr BP	NaN		
individualtimelinenode_40f5222c-4060-4b23-8623-81944b44844f	12000	0	NA	Comarum palustre L.	Species	unknown	unknown	earliest_occurrence_date	cal yr BP	NaN		
individualtimelinenode_40f5222c-4060-4b23-8623-81944b44844f	12000	0	NA	Potentilla anserina L.	Species	unknown	unknown	earliest_occurrence_date	cal yr BP	NaN		
individualtimelinenode_40f5222c-4060-4b23-8623-81944b44844f	12000	0	NA	Potentilla hyparctica Malte	Species	unknown	unknown	earliest_occurrence_date	cal yr BP	NaN		
individualtimelinenode_40f5222c-4060-4b23-8623-81944b44844f	12000	0	NA	Potentilla nivea L.	Species	unknown	unknown	earliest_occurrence_date	cal yr BP	NaN		
individualtimelinenode_40f5222c-4060-4b23-8623-81944b44844f	12000	0	NA	Potentilla hookeriana Lehm.	Species	unknown	unknown	earliest_occurrence_date	cal yr BP	NaN		
individualtimelinenode_40f5222c-4060-4b23-8623-81944b44844f	12000	0	NA	Potentilla pulchella R. Br.	Species	unknown	unknown	earliest_occurrence_date	cal yr BP	NaN		
individualtimelinenode_40f5222c-4060-4b23-8623-81944b44844f	12000	0	NA	Potentilla egedii Wormsk.	Species	unknown	unknown	earliest_occurrence_date	cal yr BP	NaN		
individualtimelinenode_40f5222c-4060-4b23-8623-81944b44844f	12000	0	NA	Ranunculus confervoides (Fr.) Asch. & Graebn.	Species	unknown	unknown	earliest_occurrence_date	cal yr BP	NaN		
individualtimelinenode_40f5222c-4060-4b23-8623-81944b44844f	12000	0	NA	Ranunculus hyperboreus Rottb.	Species	unknown	unknown	earliest_occurrence_date	cal yr BP	NaN		
individualtimelinenode_40f5222c-4060-4b23-8623-81944b44844f	12000	0	NA	Rumex	Genus	unknown	unknown	earliest_occurrence_date	cal yr BP	NaN		
individualtimelinenode_40f5222c-4060-4b23-8623-81944b44844f	12000	0	NA	Rumex acetosella L.	Species	unknown	unknown	earliest_occurrence_date	cal yr BP	NaN		
individualtimelinenode_40f5222c-4060-4b23-8623-81944b44844f	12000	0	NA	Sagina	Genus	unknown	unknown	earliest_occurrence_date	cal yr BP	NaN		
individualtimelinenode_40f5222c-4060-4b23-8623-81944b44844f	12000	0	NA	Saxifraga hyperborea R. Br.	Species	unknown	unknown	earliest_occurrence_date	cal yr BP	NaN		
individualtimelinenode_40f5222c-4060-4b23-8623-81944b44844f	12000	0	NA	Saxifraga rivularis L.	Species	unknown	unknown	earliest_occurrence_date	cal yr BP	NaN		
individualtimelinenode_40f5222c-4060-4b23-8623-81944b44844f	12000	0	NA	Saxifraga flagellaris Willd.	Species	unknown	unknown	earliest_occurrence_date	cal yr BP	NaN		
individualtimelinenode_40f5222c-4060-4b23-8623-81944b44844f	12000	0	NA	Saxifraga hirculus L.	Species	unknown	unknown	earliest_occurrence_date	cal yr BP	NaN		
individualtimelinenode_40f5222c-4060-4b23-8623-81944b44844f	12000	0	NA	Saxifraga cernua L.	Species	unknown	unknown	earliest_occurrence_date	cal yr BP	NaN		
individualtimelinenode_40f5222c-4060-4b23-8623-81944b44844f	12000	0	NA	Saxifraga caespitosa L.	Species	unknown	unknown	earliest_occurrence_date	cal yr BP	NaN		
individualtimelinenode_40f5222c-4060-4b23-8623-81944b44844f	12000	0	NA	Saxifraga hieraciifolia W. & K.	Species	unknown	unknown	earliest_occurrence_date	cal yr BP	NaN		
individualtimelinenode_40f5222c-4060-4b23-8623-81944b44844f	12000	0	NA	Saxifraga tenuis (Wbg.) H. Sm.	Species	unknown	unknown	earliest_occurrence_date	cal yr BP	NaN		
individualtimelinenode_40f5222c-4060-4b23-8623-81944b44844f	12000	0	NA	Saxifraga nivalis L.	Species	unknown	unknown	earliest_occurrence_date	cal yr BP	NaN		
individualtimelinenode_40f5222c-4060-4b23-8623-81944b44844f	12000	0	NA	Crassulaceae	Family	unknown	unknown	earliest_occurrence_date	cal yr BP	NaN		
individualtimelinenode_40f5222c-4060-4b23-8623-81944b44844f	12000	0	NA	Sedum	Genus	unknown	unknown	earliest_occurrence_date	cal yr BP	NaN		
individualtimelinenode_40f5222c-4060-4b23-8623-81944b44844f	12000	0	NA	Bryophyta	Phylum	unknown	unknown	earliest_occurrence_date	cal yr BP	NaN		
individualtimelinenode_40f5222c-4060-4b23-8623-81944b44844f	12000	0	NA	Sphagnopsida	Class	unknown	unknown	earliest_occurrence_date	cal yr BP	NaN		
individualtimelinenode_40f5222c-4060-4b23-8623-81944b44844f	12000	0	NA	Sphagnales	Order	unknown	unknown	earliest_occurrence_date	cal yr BP	NaN		
individualtimelinenode_40f5222c-4060-4b23-8623-81944b44844f	12000	0	NA	Sphagnaceae	Family	unknown	unknown	earliest_occurrence_date	cal yr BP	NaN		
individualtimelinenode_40f5222c-4060-4b23-8623-81944b44844f	12000	0	NA	Sphagnum	Genus	unknown	unknown	earliest_occurrence_date	cal yr BP	NaN		
individualtimelinenode_40f5222c-4060-4b23-8623-81944b44844f	12000	0	NA	Thalictrum alpinum L.	Species	unknown	unknown	earliest_occurrence_date	cal yr BP	NaN		
individualtimelinenode_40f5222c-4060-4b23-8623-81944b44844f	12000	0	NA	Lamiaceae	Family	unknown	unknown	earliest_occurrence_date	cal yr BP	NaN		
individualtimelinenode_40f5222c-4060-4b23-8623-81944b44844f	12000	0	NA	Thymus	Genus	unknown	unknown	earliest_occurrence_date	cal yr BP	NaN		
individualtimelinenode_40f5222c-4060-4b23-8623-81944b44844f	12000	0	NA	Thymus praecox Opiz	Species	unknown	unknown	earliest_occurrence_date	cal yr BP	NaN		
individualtimelinenode_40f5222c-4060-4b23-8623-81944b44844f	12000	0	NA	Bortychium	Genus	unknown	unknown	earliest_occurrence_date	cal yr BP	NaN		
individualtimelinenode_40f5222c-4060-4b23-8623-81944b44844f	12000	0	NA	Coptis trifolia (L.) Salisb.	Species	unknown	unknown	earliest_occurrence_date	cal yr BP	NaN		
individualtimelinenode_40f5222c-4060-4b23-8623-81944b44844f	12000	0	NA	Rhinanthus	Genus	unknown	unknown	earliest_occurrence_date	cal yr BP	NaN		
individualtimelinenode_40f5222c-4060-4b23-8623-81944b44844f	12000	0	NA	Euphrasia	Genus	unknown	unknown	earliest_occurrence_date	cal yr BP	NaN		
individualtimelinenode_40f5222c-4060-4b23-8623-81944b44844f	12000	0	NA	Bartsia	Genus	unknown	unknown	earliest_occurrence_date	cal yr BP	NaN		
individualtimelinenode_40f5222c-4060-4b23-8623-81944b44844f	12000	0	NA	Cystopteridaceae	Family	unknown	unknown	earliest_occurrence_date	cal yr BP	NaN		
individualtimelinenode_40f5222c-4060-4b23-8623-81944b44844f	12000	0	NA	Gymnocarpium	Genus	unknown	unknown	earliest_occurrence_date	cal yr BP	NaN		
individualtimelinenode_40f5222c-4060-4b23-8623-81944b44844f	12000	0	NA	Gymnocarpium dryopteris (L.) Newman	Species	unknown	unknown	earliest_occurrence_date	cal yr BP	NaN		
individualtimelinenode_40f5222c-4060-4b23-8623-81944b44844f	12000	0	NA	Ledum	Genus	unknown	unknown	earliest_occurrence_date	cal yr BP	NaN		
individualtimelinenode_40f5222c-4060-4b23-8623-81944b44844f	12000	0	NA	Liguliflorae	Genus	unknown	unknown	earliest_occurrence_date	cal yr BP	NaN		
individualtimelinenode_40f5222c-4060-4b23-8623-81944b44844f	12000	0	NA	Montiaceae	Family	unknown	unknown	earliest_occurrence_date	cal yr BP	NaN		
individualtimelinenode_40f5222c-4060-4b23-8623-81944b44844f	12000	0	NA	Montia	Genus	unknown	unknown	earliest_occurrence_date	cal yr BP	NaN		
individualtimelinenode_40f5222c-4060-4b23-8623-81944b44844f	12000	0	NA	Montia fontana L.	Species	unknown	unknown	earliest_occurrence_date	cal yr BP	NaN		
individualtimelinenode_40f5222c-4060-4b23-8623-81944b44844f	12000	0	NA	Phyllodoce coerulea (L.) Bab.	Species	unknown	unknown	earliest_occurrence_date	cal yr BP	NaN		
individualtimelinenode_40f5222c-4060-4b23-8623-81944b44844f	12000	0	NA	Potentilla tridentata Ait.	Species	unknown	unknown	earliest_occurrence_date	cal yr BP	NaN		
individualtimelinenode_40f5222c-4060-4b23-8623-81944b44844f	12000	0	NA	Potentilla crantzii (Cr.) G. Beck	Species	unknown	unknown	earliest_occurrence_date	cal yr BP	NaN		
individualtimelinenode_40f5222c-4060-4b23-8623-81944b44844f	12000	0	NA	Woodsiaceae	Family	unknown	unknown	earliest_occurrence_date	cal yr BP	NaN		
individualtimelinenode_40f5222c-4060-4b23-8623-81944b44844f	12000	0	NA	Woodsia	Genus	unknown	unknown	earliest_occurrence_date	cal yr BP	NaN		
individualtimelinenode_40f5222c-4060-4b23-8623-81944b44844f	12000	0	NA	Alopecurus alpinus L.	Species	unknown	unknown	earliest_occurrence_date	cal yr BP	NaN		
individualtimelinenode_40f5222c-4060-4b23-8623-81944b44844f	12000	0	NA	Chamaenerion	Genus	unknown	unknown	earliest_occurrence_date	cal yr BP	NaN		
individualtimelinenode_40f5222c-4060-4b23-8623-81944b44844f	12000	0	NA	Selaginella selaginoides (L.) Link.	Species	unknown	unknown	earliest_occurrence_date	cal yr BP	NaN		
individualtimelinenode_40f5222c-4060-4b23-8623-81944b44844f	12000	0	NA	Gentianales	Order	unknown	unknown	earliest_occurrence_date	cal yr BP	NaN		
individualtimelinenode_40f5222c-4060-4b23-8623-81944b44844f	12000	0	NA	Rubiaceae	Family	unknown	unknown	earliest_occurrence_date	cal yr BP	NaN		
individualtimelinenode_40f5222c-4060-4b23-8623-81944b44844f	12000	0	NA	Galium	Genus	unknown	unknown	earliest_occurrence_date	cal yr BP	NaN		
individualtimelinenode_40f5222c-4060-4b23-8623-81944b44844f	12000	0	NA	Arbutoideae	Subfamily	unknown	unknown	earliest_occurrence_date	cal yr BP	NaN		
individualtimelinenode_40f5222c-4060-4b23-8623-81944b44844f	12000	0	NA	Arctostaphylos	Genus	unknown	unknown	earliest_occurrence_date	cal yr BP	NaN		
individualtimelinenode_40f5222c-4060-4b23-8623-81944b44844f	12000	0	NA	Arctostaphylos alpina (L.) Spreng.	Species	unknown	unknown	earliest_occurrence_date	cal yr BP	NaN		
individualtimelinenode_40f5222c-4060-4b23-8623-81944b44844f	12000	0	NA	Empetrum nigrum (Hagerup) Böch.	Species	unknown	unknown	earliest_occurrence_date	cal yr BP	NaN		
individualtimelinenode_40f5222c-4060-4b23-8623-81944b44844f	12000	0	NA	Liguiflorae	Family	unknown	unknown	earliest_occurrence_date	cal yr BP	NaN		
individualtimelinenode_40f5222c-4060-4b23-8623-81944b44844f	12000	0	NA	Pedicuralis	Genus	unknown	unknown	earliest_occurrence_date	cal yr BP	NaN		
individualtimelinenode_40f5222c-4060-4b23-8623-81944b44844f	12000	0	NA	Phyllodoce corerulea (L.) Bab.	Species	unknown	unknown	earliest_occurrence_date	cal yr BP	NaN		
individualtimelinenode_40f5222c-4060-4b23-8623-81944b44844f	12000	0	NA	Rhododendron lapponicum (L.) Wbg.	Species	unknown	unknown	earliest_occurrence_date	cal yr BP	NaN		
individualtimelinenode_40f5222c-4060-4b23-8623-81944b44844f	12000	0	NA	Alnus crispa (Ait.) Pursh	Species	unknown	unknown	earliest_occurrence_date	cal yr BP	NaN		
individualtimelinenode_5dfad8fa-d904-4bfc-b626-5eeb08ced60b	12000	0	NA	Unknown (not yet coded)	Kingdom	unknown	unknown	earliest_occurrence_date	cal yr BP	NaN		
individualtimelinenode_5dfad8fa-d904-4bfc-b626-5eeb08ced60b	12000	0	NA	Life	Life	unknown	unknown	earliest_occurrence_date	cal yr BP	12870.6		
individualtimelinenode_5dfad8fa-d904-4bfc-b626-5eeb08ced60b	12000	0	NA	Plantae	Kingdom	unknown	unknown	earliest_occurrence_date	cal yr BP	12870.6		
individualtimelinenode_5dfad8fa-d904-4bfc-b626-5eeb08ced60b	12000	0	NA	Angiosperms	Phylum	unknown	unknown	earliest_occurrence_date	cal yr BP	12870.6		
individualtimelinenode_5dfad8fa-d904-4bfc-b626-5eeb08ced60b	12000	0	NA	Caryophyllales	Order	unknown	unknown	earliest_occurrence_date	cal yr BP	12870.6		
individualtimelinenode_5dfad8fa-d904-4bfc-b626-5eeb08ced60b	12000	0	NA	Plumbaginaceae	Family	unknown	unknown	earliest_occurrence_date	cal yr BP	10254.92		
individualtimelinenode_5dfad8fa-d904-4bfc-b626-5eeb08ced60b	12000	0	NA	Limonieae	Tribe	unknown	unknown	earliest_occurrence_date	cal yr BP	10254.92		
individualtimelinenode_5dfad8fa-d904-4bfc-b626-5eeb08ced60b	12000	0	NA	Armeria	Genus	unknown	unknown	earliest_occurrence_date	cal yr BP	10254.92		
individualtimelinenode_5dfad8fa-d904-4bfc-b626-5eeb08ced60b	12000	0	NA	Fagales	Order	unknown	unknown	earliest_occurrence_date	cal yr BP	12870.6		
individualtimelinenode_5dfad8fa-d904-4bfc-b626-5eeb08ced60b	12000	0	NA	Betulaceae	Family	unknown	unknown	earliest_occurrence_date	cal yr BP	12870.6		
individualtimelinenode_5dfad8fa-d904-4bfc-b626-5eeb08ced60b	12000	0	NA	Betula	Genus	unknown	unknown	earliest_occurrence_date	cal yr BP	12870.6		
individualtimelinenode_5dfad8fa-d904-4bfc-b626-5eeb08ced60b	12000	0	NA	Betula nana L.	Species	unknown	unknown	earliest_occurrence_date	cal yr BP	12870.6		
individualtimelinenode_5dfad8fa-d904-4bfc-b626-5eeb08ced60b	12000	0	NA	Asterales	Order	unknown	unknown	earliest_occurrence_date	cal yr BP	10884.45		
individualtimelinenode_5dfad8fa-d904-4bfc-b626-5eeb08ced60b	12000	0	NA	Campanulaceae	Family	unknown	unknown	earliest_occurrence_date	cal yr BP	10884.45		
individualtimelinenode_5dfad8fa-d904-4bfc-b626-5eeb08ced60b	12000	0	NA	Campanula	Genus	unknown	unknown	earliest_occurrence_date	cal yr BP	10884.45		
individualtimelinenode_5dfad8fa-d904-4bfc-b626-5eeb08ced60b	12000	0	NA	Caryophyllaceae	Family	unknown	unknown	earliest_occurrence_date	cal yr BP	12870.6		
individualtimelinenode_5dfad8fa-d904-4bfc-b626-5eeb08ced60b	12000	0	NA	Ericales	Order	unknown	unknown	earliest_occurrence_date	cal yr BP	10780.76		
individualtimelinenode_5dfad8fa-d904-4bfc-b626-5eeb08ced60b	12000	0	NA	Ericaceae	Family	unknown	unknown	earliest_occurrence_date	cal yr BP	10780.76		
individualtimelinenode_5dfad8fa-d904-4bfc-b626-5eeb08ced60b	12000	0	NA	Cassiopoideae	Subfamily	unknown	unknown	earliest_occurrence_date	cal yr BP	10780.76		
individualtimelinenode_5dfad8fa-d904-4bfc-b626-5eeb08ced60b	12000	0	NA	Cassiope	Genus	unknown	unknown	earliest_occurrence_date	cal yr BP	10780.76		
individualtimelinenode_5dfad8fa-d904-4bfc-b626-5eeb08ced60b	12000	0	NA	Chenopodiaceae	Genus	unknown	unknown	earliest_occurrence_date	cal yr BP	10832.71		
individualtimelinenode_5dfad8fa-d904-4bfc-b626-5eeb08ced60b	12000	0	NA	Problematic (Placeholder)	Kingdom	unknown	unknown	earliest_occurrence_date	cal yr BP	12870.6		
individualtimelinenode_5dfad8fa-d904-4bfc-b626-5eeb08ced60b	12000	0	NA	Cruciferae	Family	unknown	unknown	earliest_occurrence_date	cal yr BP	12870.6		
individualtimelinenode_5dfad8fa-d904-4bfc-b626-5eeb08ced60b	12000	0	NA	Poales	Order	unknown	unknown	earliest_occurrence_date	cal yr BP	12870.6		
individualtimelinenode_5dfad8fa-d904-4bfc-b626-5eeb08ced60b	12000	0	NA	Cyperaceae	Family	unknown	unknown	earliest_occurrence_date	cal yr BP	12870.6		
individualtimelinenode_5dfad8fa-d904-4bfc-b626-5eeb08ced60b	12000	0	NA	Rosales	Order	unknown	unknown	earliest_occurrence_date	cal yr BP	12870.6		
individualtimelinenode_5dfad8fa-d904-4bfc-b626-5eeb08ced60b	12000	0	NA	Rosaceae	Family	unknown	unknown	earliest_occurrence_date	cal yr BP	12870.6		
individualtimelinenode_5dfad8fa-d904-4bfc-b626-5eeb08ced60b	12000	0	NA	Dryas	Genus	unknown	unknown	earliest_occurrence_date	cal yr BP	6999.7		
individualtimelinenode_5dfad8fa-d904-4bfc-b626-5eeb08ced60b	12000	0	NA	Ericoideae	Subfamily	unknown	unknown	earliest_occurrence_date	cal yr BP	6999.7		
individualtimelinenode_5dfad8fa-d904-4bfc-b626-5eeb08ced60b	12000	0	NA	Empetrum	Genus	unknown	unknown	earliest_occurrence_date	cal yr BP	6999.7		
individualtimelinenode_5dfad8fa-d904-4bfc-b626-5eeb08ced60b	12000	0	NA	Myrtales	Order	unknown	unknown	earliest_occurrence_date	cal yr BP	10884.45		
individualtimelinenode_5dfad8fa-d904-4bfc-b626-5eeb08ced60b	12000	0	NA	Onagraceae	Family	unknown	unknown	earliest_occurrence_date	cal yr BP	10884.45		
individualtimelinenode_5dfad8fa-d904-4bfc-b626-5eeb08ced60b	12000	0	NA	Epilobium	Genus	unknown	unknown	earliest_occurrence_date	cal yr BP	10884.45		
individualtimelinenode_5dfad8fa-d904-4bfc-b626-5eeb08ced60b	12000	0	NA	Gramineae	Genus	unknown	unknown	earliest_occurrence_date	cal yr BP	12870.6		
individualtimelinenode_5dfad8fa-d904-4bfc-b626-5eeb08ced60b	12000	0	NA	Lycopodiophyta	Phylum	unknown	unknown	earliest_occurrence_date	cal yr BP	12870.6		
individualtimelinenode_5dfad8fa-d904-4bfc-b626-5eeb08ced60b	12000	0	NA	Lycopodiopsida	Class	unknown	unknown	earliest_occurrence_date	cal yr BP	12870.6		
individualtimelinenode_5dfad8fa-d904-4bfc-b626-5eeb08ced60b	12000	0	NA	Lycopodiales	Order	unknown	unknown	earliest_occurrence_date	cal yr BP	12870.6		
individualtimelinenode_5dfad8fa-d904-4bfc-b626-5eeb08ced60b	12000	0	NA	Lycopodiaceae	Family	unknown	unknown	earliest_occurrence_date	cal yr BP	12870.6		
individualtimelinenode_5dfad8fa-d904-4bfc-b626-5eeb08ced60b	12000	0	NA	Lycopodioideae	Subfamily	unknown	unknown	earliest_occurrence_date	cal yr BP	12870.6		
individualtimelinenode_5dfad8fa-d904-4bfc-b626-5eeb08ced60b	12000	0	NA	Lycopodium	Genus	unknown	unknown	earliest_occurrence_date	cal yr BP	12870.6		
individualtimelinenode_5dfad8fa-d904-4bfc-b626-5eeb08ced60b	12000	0	NA	Polygonaceae	Family	unknown	unknown	earliest_occurrence_date	cal yr BP	12870.6		
individualtimelinenode_5dfad8fa-d904-4bfc-b626-5eeb08ced60b	12000	0	NA	Oxyria	Genus	unknown	unknown	earliest_occurrence_date	cal yr BP	12870.6		
individualtimelinenode_5dfad8fa-d904-4bfc-b626-5eeb08ced60b	12000	0	NA	Ranunculales	Order	unknown	unknown	earliest_occurrence_date	cal yr BP	12870.6		
individualtimelinenode_5dfad8fa-d904-4bfc-b626-5eeb08ced60b	12000	0	NA	Papaveraceae	Family	unknown	unknown	earliest_occurrence_date	cal yr BP	10884.45		
individualtimelinenode_5dfad8fa-d904-4bfc-b626-5eeb08ced60b	12000	0	NA	Papaveroideae	Subfamily	unknown	unknown	earliest_occurrence_date	cal yr BP	10884.45		
individualtimelinenode_5dfad8fa-d904-4bfc-b626-5eeb08ced60b	12000	0	NA	Papavereae	Tribe	unknown	unknown	earliest_occurrence_date	cal yr BP	10884.45		
individualtimelinenode_5dfad8fa-d904-4bfc-b626-5eeb08ced60b	12000	0	NA	Papaver	Genus	unknown	unknown	earliest_occurrence_date	cal yr BP	10884.45		
individualtimelinenode_5dfad8fa-d904-4bfc-b626-5eeb08ced60b	12000	0	NA	Phyllodoce	Genus	unknown	unknown	earliest_occurrence_date	cal yr BP	6999.7		
individualtimelinenode_5dfad8fa-d904-4bfc-b626-5eeb08ced60b	12000	0	NA	Polygonum	Genus	unknown	unknown	earliest_occurrence_date	cal yr BP	10884.45		
individualtimelinenode_5dfad8fa-d904-4bfc-b626-5eeb08ced60b	12000	0	NA	Polygonum viviparum L.	Species	unknown	unknown	earliest_occurrence_date	cal yr BP	10884.45		
individualtimelinenode_5dfad8fa-d904-4bfc-b626-5eeb08ced60b	12000	0	NA	Polypodiophyta	Phylum	unknown	unknown	earliest_occurrence_date	cal yr BP	12335.5		
individualtimelinenode_5dfad8fa-d904-4bfc-b626-5eeb08ced60b	12000	0	NA	Polypodiopsida	Class	unknown	unknown	earliest_occurrence_date	cal yr BP	12335.5		
individualtimelinenode_5dfad8fa-d904-4bfc-b626-5eeb08ced60b	12000	0	NA	Polypodiales	Order	unknown	unknown	earliest_occurrence_date	cal yr BP	12335.5		
individualtimelinenode_5dfad8fa-d904-4bfc-b626-5eeb08ced60b	12000	0	NA	Polypodiaceae	Family	unknown	unknown	earliest_occurrence_date	cal yr BP	12335.5		
individualtimelinenode_5dfad8fa-d904-4bfc-b626-5eeb08ced60b	12000	0	NA	Potentilla	Genus	unknown	unknown	earliest_occurrence_date	cal yr BP	12870.6		
individualtimelinenode_5dfad8fa-d904-4bfc-b626-5eeb08ced60b	12000	0	NA	Ranunculaceae	Family	unknown	unknown	earliest_occurrence_date	cal yr BP	12870.6		
individualtimelinenode_5dfad8fa-d904-4bfc-b626-5eeb08ced60b	12000	0	NA	Ranunculus	Genus	unknown	unknown	earliest_occurrence_date	cal yr BP	12870.6		
individualtimelinenode_5dfad8fa-d904-4bfc-b626-5eeb08ced60b	12000	0	NA	Malpighiales	Order	unknown	unknown	earliest_occurrence_date	cal yr BP	10780.76		
individualtimelinenode_5dfad8fa-d904-4bfc-b626-5eeb08ced60b	12000	0	NA	Salicaceae	Family	unknown	unknown	earliest_occurrence_date	cal yr BP	10780.76		
individualtimelinenode_5dfad8fa-d904-4bfc-b626-5eeb08ced60b	12000	0	NA	Salix	Genus	unknown	unknown	earliest_occurrence_date	cal yr BP	10780.76		
individualtimelinenode_5dfad8fa-d904-4bfc-b626-5eeb08ced60b	12000	0	NA	Salix arctica (Pall.)	Species	unknown	unknown	earliest_occurrence_date	cal yr BP	10254.92		
individualtimelinenode_5dfad8fa-d904-4bfc-b626-5eeb08ced60b	12000	0	NA	Salix herbacea L.	Species	unknown	unknown	earliest_occurrence_date	cal yr BP	10780.76		
individualtimelinenode_5dfad8fa-d904-4bfc-b626-5eeb08ced60b	12000	0	NA	Saxifragales	Order	unknown	unknown	earliest_occurrence_date	cal yr BP	12870.6		
individualtimelinenode_5dfad8fa-d904-4bfc-b626-5eeb08ced60b	12000	0	NA	Saxifragaceae	Family	unknown	unknown	earliest_occurrence_date	cal yr BP	12870.6		
individualtimelinenode_5dfad8fa-d904-4bfc-b626-5eeb08ced60b	12000	0	NA	Saxifraga	Genus	unknown	unknown	earliest_occurrence_date	cal yr BP	12870.6		
individualtimelinenode_5dfad8fa-d904-4bfc-b626-5eeb08ced60b	12000	0	NA	Thalictrum	Genus	unknown	unknown	earliest_occurrence_date	cal yr BP	9209.529999999999		
individualtimelinenode_5dfad8fa-d904-4bfc-b626-5eeb08ced60b	12000	0	NA	Lamiales	Order	unknown	unknown	earliest_occurrence_date	cal yr BP	NaN		
individualtimelinenode_5dfad8fa-d904-4bfc-b626-5eeb08ced60b	12000	0	NA	Orobanchaceae	Family	unknown	unknown	earliest_occurrence_date	cal yr BP	NaN		
individualtimelinenode_5dfad8fa-d904-4bfc-b626-5eeb08ced60b	12000	0	NA	Pedicularis	Genus	unknown	unknown	earliest_occurrence_date	cal yr BP	NaN		
individualtimelinenode_5dfad8fa-d904-4bfc-b626-5eeb08ced60b	12000	0	NA	Vaccinioideae	Subfamily	unknown	unknown	earliest_occurrence_date	cal yr BP	NaN		
individualtimelinenode_5dfad8fa-d904-4bfc-b626-5eeb08ced60b	12000	0	NA	Vaccinium	Genus	unknown	unknown	earliest_occurrence_date	cal yr BP	NaN		
individualtimelinenode_5dfad8fa-d904-4bfc-b626-5eeb08ced60b	12000	0	NA	Cassiope tetragona (L.) D. Don.	Species	unknown	unknown	earliest_occurrence_date	cal yr BP	NaN		
individualtimelinenode_5dfad8fa-d904-4bfc-b626-5eeb08ced60b	12000	0	NA	Chamaenerion latifolium (L.) Th. Fries & Lge.	Species	unknown	unknown	earliest_occurrence_date	cal yr BP	NaN		
individualtimelinenode_5dfad8fa-d904-4bfc-b626-5eeb08ced60b	12000	0	NA	Cystopteris fragilis ssp. dickieana (Sim.) Hyl.	Subspecies	unknown	unknown	earliest_occurrence_date	cal yr BP	NaN		
individualtimelinenode_5dfad8fa-d904-4bfc-b626-5eeb08ced60b	12000	0	NA	Empetrum hermaphroditum (Hagerup) Böch.	Species	unknown	unknown	earliest_occurrence_date	cal yr BP	NaN		
individualtimelinenode_5dfad8fa-d904-4bfc-b626-5eeb08ced60b	12000	0	NA	Equisetales	Order	unknown	unknown	earliest_occurrence_date	cal yr BP	NaN		
individualtimelinenode_5dfad8fa-d904-4bfc-b626-5eeb08ced60b	12000	0	NA	Equisetaceae	Family	unknown	unknown	earliest_occurrence_date	cal yr BP	NaN		
individualtimelinenode_5dfad8fa-d904-4bfc-b626-5eeb08ced60b	12000	0	NA	Equisetum	Genus	unknown	unknown	earliest_occurrence_date	cal yr BP	NaN		
individualtimelinenode_5dfad8fa-d904-4bfc-b626-5eeb08ced60b	12000	0	NA	Huperzioideae	Subfamily	unknown	unknown	earliest_occurrence_date	cal yr BP	NaN		
individualtimelinenode_5dfad8fa-d904-4bfc-b626-5eeb08ced60b	12000	0	NA	Huperzia	Genus	unknown	unknown	earliest_occurrence_date	cal yr BP	NaN		
individualtimelinenode_5dfad8fa-d904-4bfc-b626-5eeb08ced60b	12000	0	NA	Huperzia selago (L.) Bernh. ex Schrank. & Mart.	Species	unknown	unknown	earliest_occurrence_date	cal yr BP	NaN		
individualtimelinenode_5dfad8fa-d904-4bfc-b626-5eeb08ced60b	12000	0	NA	Oxyria digyna (L.) Hill	Species	unknown	unknown	earliest_occurrence_date	cal yr BP	NaN		
individualtimelinenode_5dfad8fa-d904-4bfc-b626-5eeb08ced60b	12000	0	NA	Papaver radicatum Rottb.	Species	unknown	unknown	earliest_occurrence_date	cal yr BP	NaN		
individualtimelinenode_5dfad8fa-d904-4bfc-b626-5eeb08ced60b	12000	0	NA	Saxifraga paniculata Mill.	Species	unknown	unknown	earliest_occurrence_date	cal yr BP	NaN		
individualtimelinenode_5dfad8fa-d904-4bfc-b626-5eeb08ced60b	12000	0	NA	Saxifraga aizoides L.	Species	unknown	unknown	earliest_occurrence_date	cal yr BP	NaN		
individualtimelinenode_5dfad8fa-d904-4bfc-b626-5eeb08ced60b	12000	0	NA	Saxifraga tricuspidata Rottb.	Species	unknown	unknown	earliest_occurrence_date	cal yr BP	NaN		
individualtimelinenode_5dfad8fa-d904-4bfc-b626-5eeb08ced60b	12000	0	NA	Saxifraga oppositifolia L.	Species	unknown	unknown	earliest_occurrence_date	cal yr BP	NaN		
individualtimelinenode_5dfad8fa-d904-4bfc-b626-5eeb08ced60b	12000	0	NA	Alismatales	Order	unknown	unknown	earliest_occurrence_date	cal yr BP	NaN		
individualtimelinenode_5dfad8fa-d904-4bfc-b626-5eeb08ced60b	12000	0	NA	Tofieldiaceae	Family	unknown	unknown	earliest_occurrence_date	cal yr BP	NaN		
individualtimelinenode_5dfad8fa-d904-4bfc-b626-5eeb08ced60b	12000	0	NA	Tofieldia	Genus	unknown	unknown	earliest_occurrence_date	cal yr BP	NaN		
individualtimelinenode_5dfad8fa-d904-4bfc-b626-5eeb08ced60b	12000	0	NA	Armeria scabra ssp. sibirica (Turcz.) Hyl.	Subspecies	unknown	unknown	earliest_occurrence_date	cal yr BP	NaN		
individualtimelinenode_5dfad8fa-d904-4bfc-b626-5eeb08ced60b	12000	0	NA	Campanula uniflora L.	Species	unknown	unknown	earliest_occurrence_date	cal yr BP	NaN		
individualtimelinenode_5dfad8fa-d904-4bfc-b626-5eeb08ced60b	12000	0	NA	Carex bigelowii Torr.	Species	unknown	unknown	earliest_occurrence_date	cal yr BP	NaN		
individualtimelinenode_5dfad8fa-d904-4bfc-b626-5eeb08ced60b	12000	0	NA	Carex	Genus	unknown	unknown	earliest_occurrence_date	cal yr BP	NaN		
individualtimelinenode_5dfad8fa-d904-4bfc-b626-5eeb08ced60b	12000	0	NA	Carex capillaris L.	Species	unknown	unknown	earliest_occurrence_date	cal yr BP	NaN		
individualtimelinenode_5dfad8fa-d904-4bfc-b626-5eeb08ced60b	12000	0	NA	Carex misandra R.Br.	Species	unknown	unknown	earliest_occurrence_date	cal yr BP	NaN		
individualtimelinenode_5dfad8fa-d904-4bfc-b626-5eeb08ced60b	12000	0	NA	Carex nardina Fr.	Species	unknown	unknown	earliest_occurrence_date	cal yr BP	NaN		
individualtimelinenode_5dfad8fa-d904-4bfc-b626-5eeb08ced60b	12000	0	NA	Dryas integrifolia M. Vahl.	Species	unknown	unknown	earliest_occurrence_date	cal yr BP	NaN		
individualtimelinenode_5dfad8fa-d904-4bfc-b626-5eeb08ced60b	12000	0	NA	Juncaceae	Family	unknown	unknown	earliest_occurrence_date	cal yr BP	NaN		
individualtimelinenode_5dfad8fa-d904-4bfc-b626-5eeb08ced60b	12000	0	NA	Juncus	Genus	unknown	unknown	earliest_occurrence_date	cal yr BP	NaN		
individualtimelinenode_5dfad8fa-d904-4bfc-b626-5eeb08ced60b	12000	0	NA	Luzula	Genus	unknown	unknown	earliest_occurrence_date	cal yr BP	NaN		
individualtimelinenode_5dfad8fa-d904-4bfc-b626-5eeb08ced60b	12000	0	NA	Minuartia rubella (Wbg.) Hiern.	Species	unknown	unknown	earliest_occurrence_date	cal yr BP	NaN		
individualtimelinenode_5dfad8fa-d904-4bfc-b626-5eeb08ced60b	12000	0	NA	Poaceae	Family	unknown	unknown	earliest_occurrence_date	cal yr BP	NaN		
individualtimelinenode_5dfad8fa-d904-4bfc-b626-5eeb08ced60b	12000	0	NA	Poa	Genus	unknown	unknown	earliest_occurrence_date	cal yr BP	NaN		
individualtimelinenode_5dfad8fa-d904-4bfc-b626-5eeb08ced60b	12000	0	NA	Silene	Genus	unknown	unknown	earliest_occurrence_date	cal yr BP	NaN		
individualtimelinenode_5dfad8fa-d904-4bfc-b626-5eeb08ced60b	12000	0	NA	Silene acaulis (L.) Jacq.	Species	unknown	unknown	earliest_occurrence_date	cal yr BP	NaN		
individualtimelinenode_5dfad8fa-d904-4bfc-b626-5eeb08ced60b	12000	0	NA	Oxycoccus	Genus	unknown	unknown	earliest_occurrence_date	cal yr BP	NaN		
individualtimelinenode_5dfad8fa-d904-4bfc-b626-5eeb08ced60b	12000	0	NA	Vaccinium uliginosum L.	Species	unknown	unknown	earliest_occurrence_date	cal yr BP	NaN		
individualtimelinenode_5dfad8fa-d904-4bfc-b626-5eeb08ced60b	12000	0	NA	Vaccinium vitis-idaea L.	Species	unknown	unknown	earliest_occurrence_date	cal yr BP	NaN		
individualtimelinenode_5dfad8fa-d904-4bfc-b626-5eeb08ced60b	12000	0	NA	Alchemilla	Genus	unknown	unknown	earliest_occurrence_date	cal yr BP	NaN		
individualtimelinenode_5dfad8fa-d904-4bfc-b626-5eeb08ced60b	12000	0	NA	Alchemilla alpina L.	Species	unknown	unknown	earliest_occurrence_date	cal yr BP	NaN		
individualtimelinenode_5dfad8fa-d904-4bfc-b626-5eeb08ced60b	12000	0	NA	Alnus	Genus	unknown	unknown	earliest_occurrence_date	cal yr BP	NaN		
individualtimelinenode_5dfad8fa-d904-4bfc-b626-5eeb08ced60b	12000	0	NA	Asteraceae	Family	unknown	unknown	earliest_occurrence_date	cal yr BP	NaN		
individualtimelinenode_5dfad8fa-d904-4bfc-b626-5eeb08ced60b	12000	0	NA	Asteroideae	Subfamily	unknown	unknown	earliest_occurrence_date	cal yr BP	NaN		
individualtimelinenode_5dfad8fa-d904-4bfc-b626-5eeb08ced60b	12000	0	NA	Anthemideae	Tribe	unknown	unknown	earliest_occurrence_date	cal yr BP	NaN		
individualtimelinenode_5dfad8fa-d904-4bfc-b626-5eeb08ced60b	12000	0	NA	Artemisia	Genus	unknown	unknown	earliest_occurrence_date	cal yr BP	NaN		
individualtimelinenode_5dfad8fa-d904-4bfc-b626-5eeb08ced60b	12000	0	NA	Ophioglossales	Order	unknown	unknown	earliest_occurrence_date	cal yr BP	NaN		
individualtimelinenode_5dfad8fa-d904-4bfc-b626-5eeb08ced60b	12000	0	NA	Ophioglossaceae	Family	unknown	unknown	earliest_occurrence_date	cal yr BP	NaN		
individualtimelinenode_5dfad8fa-d904-4bfc-b626-5eeb08ced60b	12000	0	NA	Botrychioideae	Subfamily	unknown	unknown	earliest_occurrence_date	cal yr BP	NaN		
individualtimelinenode_5dfad8fa-d904-4bfc-b626-5eeb08ced60b	12000	0	NA	Botrychium	Genus	unknown	unknown	earliest_occurrence_date	cal yr BP	NaN		
individualtimelinenode_5dfad8fa-d904-4bfc-b626-5eeb08ced60b	12000	0	NA	Carex brunescens (Pers.) Poir.	Species	unknown	unknown	earliest_occurrence_date	cal yr BP	NaN		
individualtimelinenode_5dfad8fa-d904-4bfc-b626-5eeb08ced60b	12000	0	NA	Carex gynocrates Wormsk.	Species	unknown	unknown	earliest_occurrence_date	cal yr BP	NaN		
individualtimelinenode_5dfad8fa-d904-4bfc-b626-5eeb08ced60b	12000	0	NA	Carex lachenalii Schkuhr.	Species	unknown	unknown	earliest_occurrence_date	cal yr BP	NaN		
individualtimelinenode_5dfad8fa-d904-4bfc-b626-5eeb08ced60b	12000	0	NA	Carex norvegica L.	Species	unknown	unknown	earliest_occurrence_date	cal yr BP	NaN		
individualtimelinenode_5dfad8fa-d904-4bfc-b626-5eeb08ced60b	12000	0	NA	Carex rufina Drej.	Species	unknown	unknown	earliest_occurrence_date	cal yr BP	NaN		
individualtimelinenode_5dfad8fa-d904-4bfc-b626-5eeb08ced60b	12000	0	NA	Minuartia	Genus	unknown	unknown	earliest_occurrence_date	cal yr BP	NaN		
individualtimelinenode_5dfad8fa-d904-4bfc-b626-5eeb08ced60b	12000	0	NA	Minuartia stricta (Sw). Hiern.	Species	unknown	unknown	earliest_occurrence_date	cal yr BP	NaN		
individualtimelinenode_5dfad8fa-d904-4bfc-b626-5eeb08ced60b	12000	0	NA	Minuartia groenlandica Retz.	Species	unknown	unknown	earliest_occurrence_date	cal yr BP	NaN		
individualtimelinenode_5dfad8fa-d904-4bfc-b626-5eeb08ced60b	12000	0	NA	Stellaria calycantha (Led.) Bong.	Species	unknown	unknown	earliest_occurrence_date	cal yr BP	NaN		
individualtimelinenode_5dfad8fa-d904-4bfc-b626-5eeb08ced60b	12000	0	NA	Stellaria longipes Goldie	Species	unknown	unknown	earliest_occurrence_date	cal yr BP	NaN		
individualtimelinenode_5dfad8fa-d904-4bfc-b626-5eeb08ced60b	12000	0	NA	Cerastium fontanum Baumg.	Species	unknown	unknown	earliest_occurrence_date	cal yr BP	NaN		
individualtimelinenode_5dfad8fa-d904-4bfc-b626-5eeb08ced60b	12000	0	NA	Cerastium arcticum Lge.	Species	unknown	unknown	earliest_occurrence_date	cal yr BP	NaN		
individualtimelinenode_5dfad8fa-d904-4bfc-b626-5eeb08ced60b	12000	0	NA	Cerastium alpinum L.	Species	unknown	unknown	earliest_occurrence_date	cal yr BP	NaN		
individualtimelinenode_5dfad8fa-d904-4bfc-b626-5eeb08ced60b	12000	0	NA	Brassicales	Order	unknown	unknown	earliest_occurrence_date	cal yr BP	NaN		
individualtimelinenode_5dfad8fa-d904-4bfc-b626-5eeb08ced60b	12000	0	NA	Brassicaceae	Family	unknown	unknown	earliest_occurrence_date	cal yr BP	NaN		
individualtimelinenode_5dfad8fa-d904-4bfc-b626-5eeb08ced60b	12000	0	NA	Brassicoideae	Subfamily	unknown	unknown	earliest_occurrence_date	cal yr BP	NaN		
individualtimelinenode_5dfad8fa-d904-4bfc-b626-5eeb08ced60b	12000	0	NA	Arabideae	Tribe	unknown	unknown	earliest_occurrence_date	cal yr BP	NaN		
individualtimelinenode_5dfad8fa-d904-4bfc-b626-5eeb08ced60b	12000	0	NA	Draba	Genus	unknown	unknown	earliest_occurrence_date	cal yr BP	NaN		
individualtimelinenode_5dfad8fa-d904-4bfc-b626-5eeb08ced60b	12000	0	NA	Harrimanelloideae	Subfamily	unknown	unknown	earliest_occurrence_date	cal yr BP	NaN		
individualtimelinenode_5dfad8fa-d904-4bfc-b626-5eeb08ced60b	12000	0	NA	Harrimanella	Genus	unknown	unknown	earliest_occurrence_date	cal yr BP	NaN		
individualtimelinenode_5dfad8fa-d904-4bfc-b626-5eeb08ced60b	12000	0	NA	Harrimanella hypnoides (L.) Coville.	Species	unknown	unknown	earliest_occurrence_date	cal yr BP	NaN		
individualtimelinenode_5dfad8fa-d904-4bfc-b626-5eeb08ced60b	12000	0	NA	Plantaginaceae	Family	unknown	unknown	earliest_occurrence_date	cal yr BP	NaN		
individualtimelinenode_5dfad8fa-d904-4bfc-b626-5eeb08ced60b	12000	0	NA	Hippuris	Genus	unknown	unknown	earliest_occurrence_date	cal yr BP	NaN		
individualtimelinenode_5dfad8fa-d904-4bfc-b626-5eeb08ced60b	12000	0	NA	Hippuris vulgaris L.	Species	unknown	unknown	earliest_occurrence_date	cal yr BP	NaN		
individualtimelinenode_5dfad8fa-d904-4bfc-b626-5eeb08ced60b	12000	0	NA	Pinophyta	Phylum	unknown	unknown	earliest_occurrence_date	cal yr BP	NaN		
individualtimelinenode_5dfad8fa-d904-4bfc-b626-5eeb08ced60b	12000	0	NA	Pinopsida	Class	unknown	unknown	earliest_occurrence_date	cal yr BP	NaN		
individualtimelinenode_5dfad8fa-d904-4bfc-b626-5eeb08ced60b	12000	0	NA	Cupressales	Order	unknown	unknown	earliest_occurrence_date	cal yr BP	NaN		
individualtimelinenode_5dfad8fa-d904-4bfc-b626-5eeb08ced60b	12000	0	NA	Cupressaceae	Family	unknown	unknown	earliest_occurrence_date	cal yr BP	NaN		
individualtimelinenode_5dfad8fa-d904-4bfc-b626-5eeb08ced60b	12000	0	NA	Juniperus	Genus	unknown	unknown	earliest_occurrence_date	cal yr BP	NaN		
individualtimelinenode_5dfad8fa-d904-4bfc-b626-5eeb08ced60b	12000	0	NA	Juniperus communis L.	Species	unknown	unknown	earliest_occurrence_date	cal yr BP	NaN		
individualtimelinenode_5dfad8fa-d904-4bfc-b626-5eeb08ced60b	12000	0	NA	Koenigia	Genus	unknown	unknown	earliest_occurrence_date	cal yr BP	NaN		
individualtimelinenode_5dfad8fa-d904-4bfc-b626-5eeb08ced60b	12000	0	NA	Koenigia islandica L.	Species	unknown	unknown	earliest_occurrence_date	cal yr BP	NaN		
individualtimelinenode_5dfad8fa-d904-4bfc-b626-5eeb08ced60b	12000	0	NA	Loiseleuria procumbens (L.) Desv.	Species	unknown	unknown	earliest_occurrence_date	cal yr BP	NaN		
individualtimelinenode_5dfad8fa-d904-4bfc-b626-5eeb08ced60b	12000	0	NA	Lycopodium clavatum L.	Species	unknown	unknown	earliest_occurrence_date	cal yr BP	NaN		
individualtimelinenode_5dfad8fa-d904-4bfc-b626-5eeb08ced60b	12000	0	NA	Diphasium	Genus	unknown	unknown	earliest_occurrence_date	cal yr BP	NaN		
individualtimelinenode_5dfad8fa-d904-4bfc-b626-5eeb08ced60b	12000	0	NA	Diphasium complanatum (L.) Rothm.	Species	unknown	unknown	earliest_occurrence_date	cal yr BP	NaN		
individualtimelinenode_5dfad8fa-d904-4bfc-b626-5eeb08ced60b	12000	0	NA	Diphasium alpinum (L.) Rothm.	Species	unknown	unknown	earliest_occurrence_date	cal yr BP	NaN		
individualtimelinenode_5dfad8fa-d904-4bfc-b626-5eeb08ced60b	12000	0	NA	Lycopodium dubium Zoega.	Species	unknown	unknown	earliest_occurrence_date	cal yr BP	NaN		
individualtimelinenode_5dfad8fa-d904-4bfc-b626-5eeb08ced60b	12000	0	NA	Minuratia rubella (Wbg.) Hiern.	Species	unknown	unknown	earliest_occurrence_date	cal yr BP	NaN		
individualtimelinenode_5dfad8fa-d904-4bfc-b626-5eeb08ced60b	12000	0	NA	Phippsia algida (Sol.) R. Br.	Species	unknown	unknown	earliest_occurrence_date	cal yr BP	NaN		
individualtimelinenode_5dfad8fa-d904-4bfc-b626-5eeb08ced60b	12000	0	NA	Potamogetonaceae	Family	unknown	unknown	earliest_occurrence_date	cal yr BP	NaN		
individualtimelinenode_5dfad8fa-d904-4bfc-b626-5eeb08ced60b	12000	0	NA	Potamogeton	Genus	unknown	unknown	earliest_occurrence_date	cal yr BP	NaN		
individualtimelinenode_5dfad8fa-d904-4bfc-b626-5eeb08ced60b	12000	0	NA	Potamogeton pusillus L.	Species	unknown	unknown	earliest_occurrence_date	cal yr BP	NaN		
individualtimelinenode_5dfad8fa-d904-4bfc-b626-5eeb08ced60b	12000	0	NA	Sibbaldia procumbens L.	Species	unknown	unknown	earliest_occurrence_date	cal yr BP	NaN		
individualtimelinenode_5dfad8fa-d904-4bfc-b626-5eeb08ced60b	12000	0	NA	Comarum	Genus	unknown	unknown	earliest_occurrence_date	cal yr BP	NaN		
individualtimelinenode_5dfad8fa-d904-4bfc-b626-5eeb08ced60b	12000	0	NA	Comarum palustre L.	Species	unknown	unknown	earliest_occurrence_date	cal yr BP	NaN		
individualtimelinenode_5dfad8fa-d904-4bfc-b626-5eeb08ced60b	12000	0	NA	Potentilla anserina L.	Species	unknown	unknown	earliest_occurrence_date	cal yr BP	NaN		
individualtimelinenode_5dfad8fa-d904-4bfc-b626-5eeb08ced60b	12000	0	NA	Potentilla hyparctica Malte	Species	unknown	unknown	earliest_occurrence_date	cal yr BP	NaN		
individualtimelinenode_5dfad8fa-d904-4bfc-b626-5eeb08ced60b	12000	0	NA	Potentilla nivea L.	Species	unknown	unknown	earliest_occurrence_date	cal yr BP	NaN		
individualtimelinenode_5dfad8fa-d904-4bfc-b626-5eeb08ced60b	12000	0	NA	Potentilla hookeriana Lehm.	Species	unknown	unknown	earliest_occurrence_date	cal yr BP	NaN		
individualtimelinenode_5dfad8fa-d904-4bfc-b626-5eeb08ced60b	12000	0	NA	Potentilla pulchella R. Br.	Species	unknown	unknown	earliest_occurrence_date	cal yr BP	NaN		
individualtimelinenode_5dfad8fa-d904-4bfc-b626-5eeb08ced60b	12000	0	NA	Potentilla egedii Wormsk.	Species	unknown	unknown	earliest_occurrence_date	cal yr BP	NaN		
individualtimelinenode_5dfad8fa-d904-4bfc-b626-5eeb08ced60b	12000	0	NA	Ranunculus confervoides (Fr.) Asch. & Graebn.	Species	unknown	unknown	earliest_occurrence_date	cal yr BP	NaN		
individualtimelinenode_5dfad8fa-d904-4bfc-b626-5eeb08ced60b	12000	0	NA	Ranunculus hyperboreus Rottb.	Species	unknown	unknown	earliest_occurrence_date	cal yr BP	NaN		
individualtimelinenode_5dfad8fa-d904-4bfc-b626-5eeb08ced60b	12000	0	NA	Rumex	Genus	unknown	unknown	earliest_occurrence_date	cal yr BP	NaN		
individualtimelinenode_5dfad8fa-d904-4bfc-b626-5eeb08ced60b	12000	0	NA	Rumex acetosella L.	Species	unknown	unknown	earliest_occurrence_date	cal yr BP	NaN		
individualtimelinenode_5dfad8fa-d904-4bfc-b626-5eeb08ced60b	12000	0	NA	Sagina	Genus	unknown	unknown	earliest_occurrence_date	cal yr BP	NaN		
individualtimelinenode_5dfad8fa-d904-4bfc-b626-5eeb08ced60b	12000	0	NA	Saxifraga hyperborea R. Br.	Species	unknown	unknown	earliest_occurrence_date	cal yr BP	NaN		
individualtimelinenode_5dfad8fa-d904-4bfc-b626-5eeb08ced60b	12000	0	NA	Saxifraga rivularis L.	Species	unknown	unknown	earliest_occurrence_date	cal yr BP	NaN		
individualtimelinenode_5dfad8fa-d904-4bfc-b626-5eeb08ced60b	12000	0	NA	Saxifraga flagellaris Willd.	Species	unknown	unknown	earliest_occurrence_date	cal yr BP	NaN		
individualtimelinenode_5dfad8fa-d904-4bfc-b626-5eeb08ced60b	12000	0	NA	Saxifraga hirculus L.	Species	unknown	unknown	earliest_occurrence_date	cal yr BP	NaN		
individualtimelinenode_5dfad8fa-d904-4bfc-b626-5eeb08ced60b	12000	0	NA	Saxifraga cernua L.	Species	unknown	unknown	earliest_occurrence_date	cal yr BP	NaN		
individualtimelinenode_5dfad8fa-d904-4bfc-b626-5eeb08ced60b	12000	0	NA	Saxifraga caespitosa L.	Species	unknown	unknown	earliest_occurrence_date	cal yr BP	NaN		
individualtimelinenode_5dfad8fa-d904-4bfc-b626-5eeb08ced60b	12000	0	NA	Saxifraga hieraciifolia W. & K.	Species	unknown	unknown	earliest_occurrence_date	cal yr BP	NaN		
individualtimelinenode_5dfad8fa-d904-4bfc-b626-5eeb08ced60b	12000	0	NA	Saxifraga tenuis (Wbg.) H. Sm.	Species	unknown	unknown	earliest_occurrence_date	cal yr BP	NaN		
individualtimelinenode_5dfad8fa-d904-4bfc-b626-5eeb08ced60b	12000	0	NA	Saxifraga nivalis L.	Species	unknown	unknown	earliest_occurrence_date	cal yr BP	NaN		
individualtimelinenode_5dfad8fa-d904-4bfc-b626-5eeb08ced60b	12000	0	NA	Crassulaceae	Family	unknown	unknown	earliest_occurrence_date	cal yr BP	NaN		
individualtimelinenode_5dfad8fa-d904-4bfc-b626-5eeb08ced60b	12000	0	NA	Sedum	Genus	unknown	unknown	earliest_occurrence_date	cal yr BP	NaN		
individualtimelinenode_5dfad8fa-d904-4bfc-b626-5eeb08ced60b	12000	0	NA	Bryophyta	Phylum	unknown	unknown	earliest_occurrence_date	cal yr BP	NaN		
individualtimelinenode_5dfad8fa-d904-4bfc-b626-5eeb08ced60b	12000	0	NA	Sphagnopsida	Class	unknown	unknown	earliest_occurrence_date	cal yr BP	NaN		
individualtimelinenode_5dfad8fa-d904-4bfc-b626-5eeb08ced60b	12000	0	NA	Sphagnales	Order	unknown	unknown	earliest_occurrence_date	cal yr BP	NaN		
individualtimelinenode_5dfad8fa-d904-4bfc-b626-5eeb08ced60b	12000	0	NA	Sphagnaceae	Family	unknown	unknown	earliest_occurrence_date	cal yr BP	NaN		
individualtimelinenode_5dfad8fa-d904-4bfc-b626-5eeb08ced60b	12000	0	NA	Sphagnum	Genus	unknown	unknown	earliest_occurrence_date	cal yr BP	NaN		
individualtimelinenode_5dfad8fa-d904-4bfc-b626-5eeb08ced60b	12000	0	NA	Thalictrum alpinum L.	Species	unknown	unknown	earliest_occurrence_date	cal yr BP	NaN		
individualtimelinenode_5dfad8fa-d904-4bfc-b626-5eeb08ced60b	12000	0	NA	Lamiaceae	Family	unknown	unknown	earliest_occurrence_date	cal yr BP	NaN		
individualtimelinenode_5dfad8fa-d904-4bfc-b626-5eeb08ced60b	12000	0	NA	Thymus	Genus	unknown	unknown	earliest_occurrence_date	cal yr BP	NaN		
individualtimelinenode_5dfad8fa-d904-4bfc-b626-5eeb08ced60b	12000	0	NA	Thymus praecox Opiz	Species	unknown	unknown	earliest_occurrence_date	cal yr BP	NaN		
individualtimelinenode_5dfad8fa-d904-4bfc-b626-5eeb08ced60b	12000	0	NA	Bortychium	Genus	unknown	unknown	earliest_occurrence_date	cal yr BP	NaN		
individualtimelinenode_5dfad8fa-d904-4bfc-b626-5eeb08ced60b	12000	0	NA	Coptis trifolia (L.) Salisb.	Species	unknown	unknown	earliest_occurrence_date	cal yr BP	NaN		
individualtimelinenode_5dfad8fa-d904-4bfc-b626-5eeb08ced60b	12000	0	NA	Rhinanthus	Genus	unknown	unknown	earliest_occurrence_date	cal yr BP	NaN		
individualtimelinenode_5dfad8fa-d904-4bfc-b626-5eeb08ced60b	12000	0	NA	Euphrasia	Genus	unknown	unknown	earliest_occurrence_date	cal yr BP	NaN		
individualtimelinenode_5dfad8fa-d904-4bfc-b626-5eeb08ced60b	12000	0	NA	Bartsia	Genus	unknown	unknown	earliest_occurrence_date	cal yr BP	NaN		
individualtimelinenode_5dfad8fa-d904-4bfc-b626-5eeb08ced60b	12000	0	NA	Cystopteridaceae	Family	unknown	unknown	earliest_occurrence_date	cal yr BP	NaN		
individualtimelinenode_5dfad8fa-d904-4bfc-b626-5eeb08ced60b	12000	0	NA	Gymnocarpium	Genus	unknown	unknown	earliest_occurrence_date	cal yr BP	NaN		
individualtimelinenode_5dfad8fa-d904-4bfc-b626-5eeb08ced60b	12000	0	NA	Gymnocarpium dryopteris (L.) Newman	Species	unknown	unknown	earliest_occurrence_date	cal yr BP	NaN		
individualtimelinenode_5dfad8fa-d904-4bfc-b626-5eeb08ced60b	12000	0	NA	Ledum	Genus	unknown	unknown	earliest_occurrence_date	cal yr BP	NaN		
individualtimelinenode_5dfad8fa-d904-4bfc-b626-5eeb08ced60b	12000	0	NA	Liguliflorae	Genus	unknown	unknown	earliest_occurrence_date	cal yr BP	NaN		
individualtimelinenode_5dfad8fa-d904-4bfc-b626-5eeb08ced60b	12000	0	NA	Montiaceae	Family	unknown	unknown	earliest_occurrence_date	cal yr BP	NaN		
individualtimelinenode_5dfad8fa-d904-4bfc-b626-5eeb08ced60b	12000	0	NA	Montia	Genus	unknown	unknown	earliest_occurrence_date	cal yr BP	NaN		
individualtimelinenode_5dfad8fa-d904-4bfc-b626-5eeb08ced60b	12000	0	NA	Montia fontana L.	Species	unknown	unknown	earliest_occurrence_date	cal yr BP	NaN		
individualtimelinenode_5dfad8fa-d904-4bfc-b626-5eeb08ced60b	12000	0	NA	Phyllodoce coerulea (L.) Bab.	Species	unknown	unknown	earliest_occurrence_date	cal yr BP	NaN		
individualtimelinenode_5dfad8fa-d904-4bfc-b626-5eeb08ced60b	12000	0	NA	Potentilla tridentata Ait.	Species	unknown	unknown	earliest_occurrence_date	cal yr BP	NaN		
individualtimelinenode_5dfad8fa-d904-4bfc-b626-5eeb08ced60b	12000	0	NA	Potentilla crantzii (Cr.) G. Beck	Species	unknown	unknown	earliest_occurrence_date	cal yr BP	NaN		
individualtimelinenode_5dfad8fa-d904-4bfc-b626-5eeb08ced60b	12000	0	NA	Woodsiaceae	Family	unknown	unknown	earliest_occurrence_date	cal yr BP	NaN		
individualtimelinenode_5dfad8fa-d904-4bfc-b626-5eeb08ced60b	12000	0	NA	Woodsia	Genus	unknown	unknown	earliest_occurrence_date	cal yr BP	NaN		
individualtimelinenode_5dfad8fa-d904-4bfc-b626-5eeb08ced60b	12000	0	NA	Alopecurus alpinus L.	Species	unknown	unknown	earliest_occurrence_date	cal yr BP	NaN		
individualtimelinenode_5dfad8fa-d904-4bfc-b626-5eeb08ced60b	12000	0	NA	Chamaenerion	Genus	unknown	unknown	earliest_occurrence_date	cal yr BP	NaN		
individualtimelinenode_5dfad8fa-d904-4bfc-b626-5eeb08ced60b	12000	0	NA	Selaginella selaginoides (L.) Link.	Species	unknown	unknown	earliest_occurrence_date	cal yr BP	NaN		
individualtimelinenode_5dfad8fa-d904-4bfc-b626-5eeb08ced60b	12000	0	NA	Gentianales	Order	unknown	unknown	earliest_occurrence_date	cal yr BP	NaN		
individualtimelinenode_5dfad8fa-d904-4bfc-b626-5eeb08ced60b	12000	0	NA	Rubiaceae	Family	unknown	unknown	earliest_occurrence_date	cal yr BP	NaN		
individualtimelinenode_5dfad8fa-d904-4bfc-b626-5eeb08ced60b	12000	0	NA	Galium	Genus	unknown	unknown	earliest_occurrence_date	cal yr BP	NaN		
individualtimelinenode_5dfad8fa-d904-4bfc-b626-5eeb08ced60b	12000	0	NA	Arbutoideae	Subfamily	unknown	unknown	earliest_occurrence_date	cal yr BP	NaN		
individualtimelinenode_5dfad8fa-d904-4bfc-b626-5eeb08ced60b	12000	0	NA	Arctostaphylos	Genus	unknown	unknown	earliest_occurrence_date	cal yr BP	NaN		
individualtimelinenode_5dfad8fa-d904-4bfc-b626-5eeb08ced60b	12000	0	NA	Arctostaphylos alpina (L.) Spreng.	Species	unknown	unknown	earliest_occurrence_date	cal yr BP	NaN		
individualtimelinenode_5dfad8fa-d904-4bfc-b626-5eeb08ced60b	12000	0	NA	Empetrum nigrum (Hagerup) Böch.	Species	unknown	unknown	earliest_occurrence_date	cal yr BP	NaN		
individualtimelinenode_5dfad8fa-d904-4bfc-b626-5eeb08ced60b	12000	0	NA	Liguiflorae	Family	unknown	unknown	earliest_occurrence_date	cal yr BP	NaN		
individualtimelinenode_5dfad8fa-d904-4bfc-b626-5eeb08ced60b	12000	0	NA	Pedicuralis	Genus	unknown	unknown	earliest_occurrence_date	cal yr BP	NaN		
individualtimelinenode_5dfad8fa-d904-4bfc-b626-5eeb08ced60b	12000	0	NA	Phyllodoce corerulea (L.) Bab.	Species	unknown	unknown	earliest_occurrence_date	cal yr BP	NaN		
individualtimelinenode_5dfad8fa-d904-4bfc-b626-5eeb08ced60b	12000	0	NA	Rhododendron lapponicum (L.) Wbg.	Species	unknown	unknown	earliest_occurrence_date	cal yr BP	NaN		
individualtimelinenode_5dfad8fa-d904-4bfc-b626-5eeb08ced60b	12000	0	NA	Alnus crispa (Ait.) Pursh	Species	unknown	unknown	earliest_occurrence_date	cal yr BP	NaN		
individualtimelinenode_9a793e68-13ff-4595-b5aa-5ff8905e44a5	12000	0	NA	Unknown (not yet coded)	Kingdom	unknown	unknown	earliest_occurrence_date	cal yr BP	NaN		
individualtimelinenode_9a793e68-13ff-4595-b5aa-5ff8905e44a5	12000	0	NA	Life	Life	unknown	unknown	earliest_occurrence_date	cal yr BP	13065.3		
individualtimelinenode_9a793e68-13ff-4595-b5aa-5ff8905e44a5	12000	0	NA	Plantae	Kingdom	unknown	unknown	earliest_occurrence_date	cal yr BP	13065.3		
individualtimelinenode_9a793e68-13ff-4595-b5aa-5ff8905e44a5	12000	0	NA	Angiosperms	Phylum	unknown	unknown	earliest_occurrence_date	cal yr BP	13065.3		
individualtimelinenode_9a793e68-13ff-4595-b5aa-5ff8905e44a5	12000	0	NA	Caryophyllales	Order	unknown	unknown	earliest_occurrence_date	cal yr BP	13065.3		
individualtimelinenode_9a793e68-13ff-4595-b5aa-5ff8905e44a5	12000	0	NA	Plumbaginaceae	Family	unknown	unknown	earliest_occurrence_date	cal yr BP	NaN		
individualtimelinenode_9a793e68-13ff-4595-b5aa-5ff8905e44a5	12000	0	NA	Limonieae	Tribe	unknown	unknown	earliest_occurrence_date	cal yr BP	NaN		
individualtimelinenode_9a793e68-13ff-4595-b5aa-5ff8905e44a5	12000	0	NA	Armeria	Genus	unknown	unknown	earliest_occurrence_date	cal yr BP	NaN		
individualtimelinenode_9a793e68-13ff-4595-b5aa-5ff8905e44a5	12000	0	NA	Fagales	Order	unknown	unknown	earliest_occurrence_date	cal yr BP	11719.9		
individualtimelinenode_9a793e68-13ff-4595-b5aa-5ff8905e44a5	12000	0	NA	Betulaceae	Family	unknown	unknown	earliest_occurrence_date	cal yr BP	11719.9		
individualtimelinenode_9a793e68-13ff-4595-b5aa-5ff8905e44a5	12000	0	NA	Betula	Genus	unknown	unknown	earliest_occurrence_date	cal yr BP	11719.9		
individualtimelinenode_9a793e68-13ff-4595-b5aa-5ff8905e44a5	12000	0	NA	Betula nana L.	Species	unknown	unknown	earliest_occurrence_date	cal yr BP	11719.9		
individualtimelinenode_9a793e68-13ff-4595-b5aa-5ff8905e44a5	12000	0	NA	Asterales	Order	unknown	unknown	earliest_occurrence_date	cal yr BP	NaN		
individualtimelinenode_9a793e68-13ff-4595-b5aa-5ff8905e44a5	12000	0	NA	Campanulaceae	Family	unknown	unknown	earliest_occurrence_date	cal yr BP	NaN		
individualtimelinenode_9a793e68-13ff-4595-b5aa-5ff8905e44a5	12000	0	NA	Campanula	Genus	unknown	unknown	earliest_occurrence_date	cal yr BP	NaN		
individualtimelinenode_9a793e68-13ff-4595-b5aa-5ff8905e44a5	12000	0	NA	Caryophyllaceae	Family	unknown	unknown	earliest_occurrence_date	cal yr BP	13065.3		
individualtimelinenode_9a793e68-13ff-4595-b5aa-5ff8905e44a5	12000	0	NA	Ericales	Order	unknown	unknown	earliest_occurrence_date	cal yr BP	13065.3		
individualtimelinenode_9a793e68-13ff-4595-b5aa-5ff8905e44a5	12000	0	NA	Ericaceae	Family	unknown	unknown	earliest_occurrence_date	cal yr BP	13065.3		
individualtimelinenode_9a793e68-13ff-4595-b5aa-5ff8905e44a5	12000	0	NA	Cassiopoideae	Subfamily	unknown	unknown	earliest_occurrence_date	cal yr BP	11719.9		
individualtimelinenode_9a793e68-13ff-4595-b5aa-5ff8905e44a5	12000	0	NA	Cassiope	Genus	unknown	unknown	earliest_occurrence_date	cal yr BP	11719.9		
individualtimelinenode_9a793e68-13ff-4595-b5aa-5ff8905e44a5	12000	0	NA	Chenopodiaceae	Genus	unknown	unknown	earliest_occurrence_date	cal yr BP	NaN		
individualtimelinenode_9a793e68-13ff-4595-b5aa-5ff8905e44a5	12000	0	NA	Problematic (Placeholder)	Kingdom	unknown	unknown	earliest_occurrence_date	cal yr BP	11719.9		
individualtimelinenode_9a793e68-13ff-4595-b5aa-5ff8905e44a5	12000	0	NA	Cruciferae	Family	unknown	unknown	earliest_occurrence_date	cal yr BP	NaN		
individualtimelinenode_9a793e68-13ff-4595-b5aa-5ff8905e44a5	12000	0	NA	Poales	Order	unknown	unknown	earliest_occurrence_date	cal yr BP	13065.3		
individualtimelinenode_9a793e68-13ff-4595-b5aa-5ff8905e44a5	12000	0	NA	Cyperaceae	Family	unknown	unknown	earliest_occurrence_date	cal yr BP	13065.3		
individualtimelinenode_9a793e68-13ff-4595-b5aa-5ff8905e44a5	12000	0	NA	Rosales	Order	unknown	unknown	earliest_occurrence_date	cal yr BP	13065.3		
individualtimelinenode_9a793e68-13ff-4595-b5aa-5ff8905e44a5	12000	0	NA	Rosaceae	Family	unknown	unknown	earliest_occurrence_date	cal yr BP	13065.3		
individualtimelinenode_9a793e68-13ff-4595-b5aa-5ff8905e44a5	12000	0	NA	Dryas	Genus	unknown	unknown	earliest_occurrence_date	cal yr BP	13065.3		
individualtimelinenode_9a793e68-13ff-4595-b5aa-5ff8905e44a5	12000	0	NA	Ericoideae	Subfamily	unknown	unknown	earliest_occurrence_date	cal yr BP	13065.3		
individualtimelinenode_9a793e68-13ff-4595-b5aa-5ff8905e44a5	12000	0	NA	Empetrum	Genus	unknown	unknown	earliest_occurrence_date	cal yr BP	13065.3		
individualtimelinenode_9a793e68-13ff-4595-b5aa-5ff8905e44a5	12000	0	NA	Myrtales	Order	unknown	unknown	earliest_occurrence_date	cal yr BP	11719.9		
individualtimelinenode_9a793e68-13ff-4595-b5aa-5ff8905e44a5	12000	0	NA	Onagraceae	Family	unknown	unknown	earliest_occurrence_date	cal yr BP	11719.9		
individualtimelinenode_9a793e68-13ff-4595-b5aa-5ff8905e44a5	12000	0	NA	Epilobium	Genus	unknown	unknown	earliest_occurrence_date	cal yr BP	11719.9		
individualtimelinenode_9a793e68-13ff-4595-b5aa-5ff8905e44a5	12000	0	NA	Gramineae	Genus	unknown	unknown	earliest_occurrence_date	cal yr BP	13065.3		
individualtimelinenode_9a793e68-13ff-4595-b5aa-5ff8905e44a5	12000	0	NA	Lycopodiophyta	Phylum	unknown	unknown	earliest_occurrence_date	cal yr BP	13065.3		
individualtimelinenode_9a793e68-13ff-4595-b5aa-5ff8905e44a5	12000	0	NA	Lycopodiopsida	Class	unknown	unknown	earliest_occurrence_date	cal yr BP	13065.3		
individualtimelinenode_9a793e68-13ff-4595-b5aa-5ff8905e44a5	12000	0	NA	Lycopodiales	Order	unknown	unknown	earliest_occurrence_date	cal yr BP	13065.3		
individualtimelinenode_9a793e68-13ff-4595-b5aa-5ff8905e44a5	12000	0	NA	Lycopodiaceae	Family	unknown	unknown	earliest_occurrence_date	cal yr BP	13065.3		
individualtimelinenode_9a793e68-13ff-4595-b5aa-5ff8905e44a5	12000	0	NA	Lycopodioideae	Subfamily	unknown	unknown	earliest_occurrence_date	cal yr BP	13065.3		
individualtimelinenode_9a793e68-13ff-4595-b5aa-5ff8905e44a5	12000	0	NA	Lycopodium	Genus	unknown	unknown	earliest_occurrence_date	cal yr BP	13065.3		
individualtimelinenode_9a793e68-13ff-4595-b5aa-5ff8905e44a5	12000	0	NA	Polygonaceae	Family	unknown	unknown	earliest_occurrence_date	cal yr BP	13065.3		
individualtimelinenode_9a793e68-13ff-4595-b5aa-5ff8905e44a5	12000	0	NA	Oxyria	Genus	unknown	unknown	earliest_occurrence_date	cal yr BP	13065.3		
individualtimelinenode_9a793e68-13ff-4595-b5aa-5ff8905e44a5	12000	0	NA	Ranunculales	Order	unknown	unknown	earliest_occurrence_date	cal yr BP	11719.9		
individualtimelinenode_9a793e68-13ff-4595-b5aa-5ff8905e44a5	12000	0	NA	Papaveraceae	Family	unknown	unknown	earliest_occurrence_date	cal yr BP	5530.07		
individualtimelinenode_9a793e68-13ff-4595-b5aa-5ff8905e44a5	12000	0	NA	Papaveroideae	Subfamily	unknown	unknown	earliest_occurrence_date	cal yr BP	5530.07		
individualtimelinenode_9a793e68-13ff-4595-b5aa-5ff8905e44a5	12000	0	NA	Papavereae	Tribe	unknown	unknown	earliest_occurrence_date	cal yr BP	5530.07		
individualtimelinenode_9a793e68-13ff-4595-b5aa-5ff8905e44a5	12000	0	NA	Papaver	Genus	unknown	unknown	earliest_occurrence_date	cal yr BP	5530.07		
individualtimelinenode_9a793e68-13ff-4595-b5aa-5ff8905e44a5	12000	0	NA	Phyllodoce	Genus	unknown	unknown	earliest_occurrence_date	cal yr BP	13065.3		
individualtimelinenode_9a793e68-13ff-4595-b5aa-5ff8905e44a5	12000	0	NA	Polygonum	Genus	unknown	unknown	earliest_occurrence_date	cal yr BP	1411.772		
individualtimelinenode_9a793e68-13ff-4595-b5aa-5ff8905e44a5	12000	0	NA	Polygonum viviparum L.	Species	unknown	unknown	earliest_occurrence_date	cal yr BP	1411.772		
individualtimelinenode_9a793e68-13ff-4595-b5aa-5ff8905e44a5	12000	0	NA	Polypodiophyta	Phylum	unknown	unknown	earliest_occurrence_date	cal yr BP	13065.3		
individualtimelinenode_9a793e68-13ff-4595-b5aa-5ff8905e44a5	12000	0	NA	Polypodiopsida	Class	unknown	unknown	earliest_occurrence_date	cal yr BP	13065.3		
individualtimelinenode_9a793e68-13ff-4595-b5aa-5ff8905e44a5	12000	0	NA	Polypodiales	Order	unknown	unknown	earliest_occurrence_date	cal yr BP	13065.3		
individualtimelinenode_9a793e68-13ff-4595-b5aa-5ff8905e44a5	12000	0	NA	Polypodiaceae	Family	unknown	unknown	earliest_occurrence_date	cal yr BP	13065.3		
individualtimelinenode_9a793e68-13ff-4595-b5aa-5ff8905e44a5	12000	0	NA	Potentilla	Genus	unknown	unknown	earliest_occurrence_date	cal yr BP	8170.18		
individualtimelinenode_9a793e68-13ff-4595-b5aa-5ff8905e44a5	12000	0	NA	Ranunculaceae	Family	unknown	unknown	earliest_occurrence_date	cal yr BP	11719.9		
individualtimelinenode_9a793e68-13ff-4595-b5aa-5ff8905e44a5	12000	0	NA	Ranunculus	Genus	unknown	unknown	earliest_occurrence_date	cal yr BP	11719.9		
individualtimelinenode_9a793e68-13ff-4595-b5aa-5ff8905e44a5	12000	0	NA	Malpighiales	Order	unknown	unknown	earliest_occurrence_date	cal yr BP	13065.3		
individualtimelinenode_9a793e68-13ff-4595-b5aa-5ff8905e44a5	12000	0	NA	Salicaceae	Family	unknown	unknown	earliest_occurrence_date	cal yr BP	13065.3		
individualtimelinenode_9a793e68-13ff-4595-b5aa-5ff8905e44a5	12000	0	NA	Salix	Genus	unknown	unknown	earliest_occurrence_date	cal yr BP	13065.3		
individualtimelinenode_9a793e68-13ff-4595-b5aa-5ff8905e44a5	12000	0	NA	Salix arctica (Pall.)	Species	unknown	unknown	earliest_occurrence_date	cal yr BP	13065.3		
individualtimelinenode_9a793e68-13ff-4595-b5aa-5ff8905e44a5	12000	0	NA	Salix herbacea L.	Species	unknown	unknown	earliest_occurrence_date	cal yr BP	13065.3		
individualtimelinenode_9a793e68-13ff-4595-b5aa-5ff8905e44a5	12000	0	NA	Saxifragales	Order	unknown	unknown	earliest_occurrence_date	cal yr BP	13065.3		
individualtimelinenode_9a793e68-13ff-4595-b5aa-5ff8905e44a5	12000	0	NA	Saxifragaceae	Family	unknown	unknown	earliest_occurrence_date	cal yr BP	13065.3		
individualtimelinenode_9a793e68-13ff-4595-b5aa-5ff8905e44a5	12000	0	NA	Saxifraga	Genus	unknown	unknown	earliest_occurrence_date	cal yr BP	13065.3		
individualtimelinenode_9a793e68-13ff-4595-b5aa-5ff8905e44a5	12000	0	NA	Thalictrum	Genus	unknown	unknown	earliest_occurrence_date	cal yr BP	4586.13		
individualtimelinenode_9a793e68-13ff-4595-b5aa-5ff8905e44a5	12000	0	NA	Lamiales	Order	unknown	unknown	earliest_occurrence_date	cal yr BP	1411.772		
individualtimelinenode_9a793e68-13ff-4595-b5aa-5ff8905e44a5	12000	0	NA	Orobanchaceae	Family	unknown	unknown	earliest_occurrence_date	cal yr BP	1411.772		
individualtimelinenode_9a793e68-13ff-4595-b5aa-5ff8905e44a5	12000	0	NA	Pedicularis	Genus	unknown	unknown	earliest_occurrence_date	cal yr BP	1411.772		
individualtimelinenode_9a793e68-13ff-4595-b5aa-5ff8905e44a5	12000	0	NA	Vaccinioideae	Subfamily	unknown	unknown	earliest_occurrence_date	cal yr BP	9137.57		
individualtimelinenode_9a793e68-13ff-4595-b5aa-5ff8905e44a5	12000	0	NA	Vaccinium	Genus	unknown	unknown	earliest_occurrence_date	cal yr BP	9137.57		
individualtimelinenode_9a793e68-13ff-4595-b5aa-5ff8905e44a5	12000	0	NA	Cassiope tetragona (L.) D. Don.	Species	unknown	unknown	earliest_occurrence_date	cal yr BP	NaN		
individualtimelinenode_9a793e68-13ff-4595-b5aa-5ff8905e44a5	12000	0	NA	Chamaenerion latifolium (L.) Th. Fries & Lge.	Species	unknown	unknown	earliest_occurrence_date	cal yr BP	NaN		
individualtimelinenode_9a793e68-13ff-4595-b5aa-5ff8905e44a5	12000	0	NA	Cystopteris fragilis ssp. dickieana (Sim.) Hyl.	Subspecies	unknown	unknown	earliest_occurrence_date	cal yr BP	NaN		
individualtimelinenode_9a793e68-13ff-4595-b5aa-5ff8905e44a5	12000	0	NA	Empetrum hermaphroditum (Hagerup) Böch.	Species	unknown	unknown	earliest_occurrence_date	cal yr BP	NaN		
individualtimelinenode_9a793e68-13ff-4595-b5aa-5ff8905e44a5	12000	0	NA	Equisetales	Order	unknown	unknown	earliest_occurrence_date	cal yr BP	NaN		
individualtimelinenode_9a793e68-13ff-4595-b5aa-5ff8905e44a5	12000	0	NA	Equisetaceae	Family	unknown	unknown	earliest_occurrence_date	cal yr BP	NaN		
individualtimelinenode_9a793e68-13ff-4595-b5aa-5ff8905e44a5	12000	0	NA	Equisetum	Genus	unknown	unknown	earliest_occurrence_date	cal yr BP	NaN		
individualtimelinenode_9a793e68-13ff-4595-b5aa-5ff8905e44a5	12000	0	NA	Huperzioideae	Subfamily	unknown	unknown	earliest_occurrence_date	cal yr BP	NaN		
individualtimelinenode_9a793e68-13ff-4595-b5aa-5ff8905e44a5	12000	0	NA	Huperzia	Genus	unknown	unknown	earliest_occurrence_date	cal yr BP	NaN		
individualtimelinenode_9a793e68-13ff-4595-b5aa-5ff8905e44a5	12000	0	NA	Huperzia selago (L.) Bernh. ex Schrank. & Mart.	Species	unknown	unknown	earliest_occurrence_date	cal yr BP	NaN		
individualtimelinenode_9a793e68-13ff-4595-b5aa-5ff8905e44a5	12000	0	NA	Oxyria digyna (L.) Hill	Species	unknown	unknown	earliest_occurrence_date	cal yr BP	NaN		
individualtimelinenode_9a793e68-13ff-4595-b5aa-5ff8905e44a5	12000	0	NA	Papaver radicatum Rottb.	Species	unknown	unknown	earliest_occurrence_date	cal yr BP	NaN		
individualtimelinenode_9a793e68-13ff-4595-b5aa-5ff8905e44a5	12000	0	NA	Saxifraga paniculata Mill.	Species	unknown	unknown	earliest_occurrence_date	cal yr BP	NaN		
individualtimelinenode_9a793e68-13ff-4595-b5aa-5ff8905e44a5	12000	0	NA	Saxifraga aizoides L.	Species	unknown	unknown	earliest_occurrence_date	cal yr BP	NaN		
individualtimelinenode_9a793e68-13ff-4595-b5aa-5ff8905e44a5	12000	0	NA	Saxifraga tricuspidata Rottb.	Species	unknown	unknown	earliest_occurrence_date	cal yr BP	NaN		
individualtimelinenode_9a793e68-13ff-4595-b5aa-5ff8905e44a5	12000	0	NA	Saxifraga oppositifolia L.	Species	unknown	unknown	earliest_occurrence_date	cal yr BP	NaN		
individualtimelinenode_9a793e68-13ff-4595-b5aa-5ff8905e44a5	12000	0	NA	Alismatales	Order	unknown	unknown	earliest_occurrence_date	cal yr BP	NaN		
individualtimelinenode_9a793e68-13ff-4595-b5aa-5ff8905e44a5	12000	0	NA	Tofieldiaceae	Family	unknown	unknown	earliest_occurrence_date	cal yr BP	NaN		
individualtimelinenode_9a793e68-13ff-4595-b5aa-5ff8905e44a5	12000	0	NA	Tofieldia	Genus	unknown	unknown	earliest_occurrence_date	cal yr BP	NaN		
individualtimelinenode_9a793e68-13ff-4595-b5aa-5ff8905e44a5	12000	0	NA	Armeria scabra ssp. sibirica (Turcz.) Hyl.	Subspecies	unknown	unknown	earliest_occurrence_date	cal yr BP	NaN		
individualtimelinenode_9a793e68-13ff-4595-b5aa-5ff8905e44a5	12000	0	NA	Campanula uniflora L.	Species	unknown	unknown	earliest_occurrence_date	cal yr BP	NaN		
individualtimelinenode_9a793e68-13ff-4595-b5aa-5ff8905e44a5	12000	0	NA	Carex bigelowii Torr.	Species	unknown	unknown	earliest_occurrence_date	cal yr BP	NaN		
individualtimelinenode_9a793e68-13ff-4595-b5aa-5ff8905e44a5	12000	0	NA	Carex	Genus	unknown	unknown	earliest_occurrence_date	cal yr BP	NaN		
individualtimelinenode_9a793e68-13ff-4595-b5aa-5ff8905e44a5	12000	0	NA	Carex capillaris L.	Species	unknown	unknown	earliest_occurrence_date	cal yr BP	NaN		
individualtimelinenode_9a793e68-13ff-4595-b5aa-5ff8905e44a5	12000	0	NA	Carex misandra R.Br.	Species	unknown	unknown	earliest_occurrence_date	cal yr BP	NaN		
individualtimelinenode_9a793e68-13ff-4595-b5aa-5ff8905e44a5	12000	0	NA	Carex nardina Fr.	Species	unknown	unknown	earliest_occurrence_date	cal yr BP	NaN		
individualtimelinenode_9a793e68-13ff-4595-b5aa-5ff8905e44a5	12000	0	NA	Dryas integrifolia M. Vahl.	Species	unknown	unknown	earliest_occurrence_date	cal yr BP	NaN		
individualtimelinenode_9a793e68-13ff-4595-b5aa-5ff8905e44a5	12000	0	NA	Juncaceae	Family	unknown	unknown	earliest_occurrence_date	cal yr BP	NaN		
individualtimelinenode_9a793e68-13ff-4595-b5aa-5ff8905e44a5	12000	0	NA	Juncus	Genus	unknown	unknown	earliest_occurrence_date	cal yr BP	NaN		
individualtimelinenode_9a793e68-13ff-4595-b5aa-5ff8905e44a5	12000	0	NA	Luzula	Genus	unknown	unknown	earliest_occurrence_date	cal yr BP	NaN		
individualtimelinenode_9a793e68-13ff-4595-b5aa-5ff8905e44a5	12000	0	NA	Minuartia rubella (Wbg.) Hiern.	Species	unknown	unknown	earliest_occurrence_date	cal yr BP	NaN		
individualtimelinenode_9a793e68-13ff-4595-b5aa-5ff8905e44a5	12000	0	NA	Poaceae	Family	unknown	unknown	earliest_occurrence_date	cal yr BP	NaN		
individualtimelinenode_9a793e68-13ff-4595-b5aa-5ff8905e44a5	12000	0	NA	Poa	Genus	unknown	unknown	earliest_occurrence_date	cal yr BP	NaN		
individualtimelinenode_9a793e68-13ff-4595-b5aa-5ff8905e44a5	12000	0	NA	Silene	Genus	unknown	unknown	earliest_occurrence_date	cal yr BP	NaN		
individualtimelinenode_9a793e68-13ff-4595-b5aa-5ff8905e44a5	12000	0	NA	Silene acaulis (L.) Jacq.	Species	unknown	unknown	earliest_occurrence_date	cal yr BP	NaN		
individualtimelinenode_9a793e68-13ff-4595-b5aa-5ff8905e44a5	12000	0	NA	Oxycoccus	Genus	unknown	unknown	earliest_occurrence_date	cal yr BP	NaN		
individualtimelinenode_9a793e68-13ff-4595-b5aa-5ff8905e44a5	12000	0	NA	Vaccinium uliginosum L.	Species	unknown	unknown	earliest_occurrence_date	cal yr BP	NaN		
individualtimelinenode_9a793e68-13ff-4595-b5aa-5ff8905e44a5	12000	0	NA	Vaccinium vitis-idaea L.	Species	unknown	unknown	earliest_occurrence_date	cal yr BP	NaN		
individualtimelinenode_9a793e68-13ff-4595-b5aa-5ff8905e44a5	12000	0	NA	Alchemilla	Genus	unknown	unknown	earliest_occurrence_date	cal yr BP	NaN		
individualtimelinenode_9a793e68-13ff-4595-b5aa-5ff8905e44a5	12000	0	NA	Alchemilla alpina L.	Species	unknown	unknown	earliest_occurrence_date	cal yr BP	NaN		
individualtimelinenode_9a793e68-13ff-4595-b5aa-5ff8905e44a5	12000	0	NA	Alnus	Genus	unknown	unknown	earliest_occurrence_date	cal yr BP	NaN		
individualtimelinenode_9a793e68-13ff-4595-b5aa-5ff8905e44a5	12000	0	NA	Asteraceae	Family	unknown	unknown	earliest_occurrence_date	cal yr BP	NaN		
individualtimelinenode_9a793e68-13ff-4595-b5aa-5ff8905e44a5	12000	0	NA	Asteroideae	Subfamily	unknown	unknown	earliest_occurrence_date	cal yr BP	NaN		
individualtimelinenode_9a793e68-13ff-4595-b5aa-5ff8905e44a5	12000	0	NA	Anthemideae	Tribe	unknown	unknown	earliest_occurrence_date	cal yr BP	NaN		
individualtimelinenode_9a793e68-13ff-4595-b5aa-5ff8905e44a5	12000	0	NA	Artemisia	Genus	unknown	unknown	earliest_occurrence_date	cal yr BP	NaN		
individualtimelinenode_9a793e68-13ff-4595-b5aa-5ff8905e44a5	12000	0	NA	Ophioglossales	Order	unknown	unknown	earliest_occurrence_date	cal yr BP	NaN		
individualtimelinenode_9a793e68-13ff-4595-b5aa-5ff8905e44a5	12000	0	NA	Ophioglossaceae	Family	unknown	unknown	earliest_occurrence_date	cal yr BP	NaN		
individualtimelinenode_9a793e68-13ff-4595-b5aa-5ff8905e44a5	12000	0	NA	Botrychioideae	Subfamily	unknown	unknown	earliest_occurrence_date	cal yr BP	NaN		
individualtimelinenode_9a793e68-13ff-4595-b5aa-5ff8905e44a5	12000	0	NA	Botrychium	Genus	unknown	unknown	earliest_occurrence_date	cal yr BP	NaN		
individualtimelinenode_9a793e68-13ff-4595-b5aa-5ff8905e44a5	12000	0	NA	Carex brunescens (Pers.) Poir.	Species	unknown	unknown	earliest_occurrence_date	cal yr BP	NaN		
individualtimelinenode_9a793e68-13ff-4595-b5aa-5ff8905e44a5	12000	0	NA	Carex gynocrates Wormsk.	Species	unknown	unknown	earliest_occurrence_date	cal yr BP	NaN		
individualtimelinenode_9a793e68-13ff-4595-b5aa-5ff8905e44a5	12000	0	NA	Carex lachenalii Schkuhr.	Species	unknown	unknown	earliest_occurrence_date	cal yr BP	NaN		
individualtimelinenode_9a793e68-13ff-4595-b5aa-5ff8905e44a5	12000	0	NA	Carex norvegica L.	Species	unknown	unknown	earliest_occurrence_date	cal yr BP	NaN		
individualtimelinenode_9a793e68-13ff-4595-b5aa-5ff8905e44a5	12000	0	NA	Carex rufina Drej.	Species	unknown	unknown	earliest_occurrence_date	cal yr BP	NaN		
individualtimelinenode_9a793e68-13ff-4595-b5aa-5ff8905e44a5	12000	0	NA	Minuartia	Genus	unknown	unknown	earliest_occurrence_date	cal yr BP	NaN		
individualtimelinenode_9a793e68-13ff-4595-b5aa-5ff8905e44a5	12000	0	NA	Minuartia stricta (Sw). Hiern.	Species	unknown	unknown	earliest_occurrence_date	cal yr BP	NaN		
individualtimelinenode_9a793e68-13ff-4595-b5aa-5ff8905e44a5	12000	0	NA	Minuartia groenlandica Retz.	Species	unknown	unknown	earliest_occurrence_date	cal yr BP	NaN		
individualtimelinenode_9a793e68-13ff-4595-b5aa-5ff8905e44a5	12000	0	NA	Stellaria calycantha (Led.) Bong.	Species	unknown	unknown	earliest_occurrence_date	cal yr BP	NaN		
individualtimelinenode_9a793e68-13ff-4595-b5aa-5ff8905e44a5	12000	0	NA	Stellaria longipes Goldie	Species	unknown	unknown	earliest_occurrence_date	cal yr BP	NaN		
individualtimelinenode_9a793e68-13ff-4595-b5aa-5ff8905e44a5	12000	0	NA	Cerastium fontanum Baumg.	Species	unknown	unknown	earliest_occurrence_date	cal yr BP	NaN		
individualtimelinenode_9a793e68-13ff-4595-b5aa-5ff8905e44a5	12000	0	NA	Cerastium arcticum Lge.	Species	unknown	unknown	earliest_occurrence_date	cal yr BP	NaN		
individualtimelinenode_9a793e68-13ff-4595-b5aa-5ff8905e44a5	12000	0	NA	Cerastium alpinum L.	Species	unknown	unknown	earliest_occurrence_date	cal yr BP	NaN		
individualtimelinenode_9a793e68-13ff-4595-b5aa-5ff8905e44a5	12000	0	NA	Brassicales	Order	unknown	unknown	earliest_occurrence_date	cal yr BP	NaN		
individualtimelinenode_9a793e68-13ff-4595-b5aa-5ff8905e44a5	12000	0	NA	Brassicaceae	Family	unknown	unknown	earliest_occurrence_date	cal yr BP	NaN		
individualtimelinenode_9a793e68-13ff-4595-b5aa-5ff8905e44a5	12000	0	NA	Brassicoideae	Subfamily	unknown	unknown	earliest_occurrence_date	cal yr BP	NaN		
individualtimelinenode_9a793e68-13ff-4595-b5aa-5ff8905e44a5	12000	0	NA	Arabideae	Tribe	unknown	unknown	earliest_occurrence_date	cal yr BP	NaN		
individualtimelinenode_9a793e68-13ff-4595-b5aa-5ff8905e44a5	12000	0	NA	Draba	Genus	unknown	unknown	earliest_occurrence_date	cal yr BP	NaN		
individualtimelinenode_9a793e68-13ff-4595-b5aa-5ff8905e44a5	12000	0	NA	Harrimanelloideae	Subfamily	unknown	unknown	earliest_occurrence_date	cal yr BP	NaN		
individualtimelinenode_9a793e68-13ff-4595-b5aa-5ff8905e44a5	12000	0	NA	Harrimanella	Genus	unknown	unknown	earliest_occurrence_date	cal yr BP	NaN		
individualtimelinenode_9a793e68-13ff-4595-b5aa-5ff8905e44a5	12000	0	NA	Harrimanella hypnoides (L.) Coville.	Species	unknown	unknown	earliest_occurrence_date	cal yr BP	NaN		
individualtimelinenode_9a793e68-13ff-4595-b5aa-5ff8905e44a5	12000	0	NA	Plantaginaceae	Family	unknown	unknown	earliest_occurrence_date	cal yr BP	NaN		
individualtimelinenode_9a793e68-13ff-4595-b5aa-5ff8905e44a5	12000	0	NA	Hippuris	Genus	unknown	unknown	earliest_occurrence_date	cal yr BP	NaN		
individualtimelinenode_9a793e68-13ff-4595-b5aa-5ff8905e44a5	12000	0	NA	Hippuris vulgaris L.	Species	unknown	unknown	earliest_occurrence_date	cal yr BP	NaN		
individualtimelinenode_9a793e68-13ff-4595-b5aa-5ff8905e44a5	12000	0	NA	Pinophyta	Phylum	unknown	unknown	earliest_occurrence_date	cal yr BP	NaN		
individualtimelinenode_9a793e68-13ff-4595-b5aa-5ff8905e44a5	12000	0	NA	Pinopsida	Class	unknown	unknown	earliest_occurrence_date	cal yr BP	NaN		
individualtimelinenode_9a793e68-13ff-4595-b5aa-5ff8905e44a5	12000	0	NA	Cupressales	Order	unknown	unknown	earliest_occurrence_date	cal yr BP	NaN		
individualtimelinenode_9a793e68-13ff-4595-b5aa-5ff8905e44a5	12000	0	NA	Cupressaceae	Family	unknown	unknown	earliest_occurrence_date	cal yr BP	NaN		
individualtimelinenode_9a793e68-13ff-4595-b5aa-5ff8905e44a5	12000	0	NA	Juniperus	Genus	unknown	unknown	earliest_occurrence_date	cal yr BP	NaN		
individualtimelinenode_9a793e68-13ff-4595-b5aa-5ff8905e44a5	12000	0	NA	Juniperus communis L.	Species	unknown	unknown	earliest_occurrence_date	cal yr BP	NaN		
individualtimelinenode_9a793e68-13ff-4595-b5aa-5ff8905e44a5	12000	0	NA	Koenigia	Genus	unknown	unknown	earliest_occurrence_date	cal yr BP	NaN		
individualtimelinenode_9a793e68-13ff-4595-b5aa-5ff8905e44a5	12000	0	NA	Koenigia islandica L.	Species	unknown	unknown	earliest_occurrence_date	cal yr BP	NaN		
individualtimelinenode_9a793e68-13ff-4595-b5aa-5ff8905e44a5	12000	0	NA	Loiseleuria procumbens (L.) Desv.	Species	unknown	unknown	earliest_occurrence_date	cal yr BP	NaN		
individualtimelinenode_9a793e68-13ff-4595-b5aa-5ff8905e44a5	12000	0	NA	Lycopodium clavatum L.	Species	unknown	unknown	earliest_occurrence_date	cal yr BP	NaN		
individualtimelinenode_9a793e68-13ff-4595-b5aa-5ff8905e44a5	12000	0	NA	Diphasium	Genus	unknown	unknown	earliest_occurrence_date	cal yr BP	NaN		
individualtimelinenode_9a793e68-13ff-4595-b5aa-5ff8905e44a5	12000	0	NA	Diphasium complanatum (L.) Rothm.	Species	unknown	unknown	earliest_occurrence_date	cal yr BP	NaN		
individualtimelinenode_9a793e68-13ff-4595-b5aa-5ff8905e44a5	12000	0	NA	Diphasium alpinum (L.) Rothm.	Species	unknown	unknown	earliest_occurrence_date	cal yr BP	NaN		
individualtimelinenode_9a793e68-13ff-4595-b5aa-5ff8905e44a5	12000	0	NA	Lycopodium dubium Zoega.	Species	unknown	unknown	earliest_occurrence_date	cal yr BP	NaN		
individualtimelinenode_9a793e68-13ff-4595-b5aa-5ff8905e44a5	12000	0	NA	Minuratia rubella (Wbg.) Hiern.	Species	unknown	unknown	earliest_occurrence_date	cal yr BP	NaN		
individualtimelinenode_9a793e68-13ff-4595-b5aa-5ff8905e44a5	12000	0	NA	Phippsia algida (Sol.) R. Br.	Species	unknown	unknown	earliest_occurrence_date	cal yr BP	NaN		
individualtimelinenode_9a793e68-13ff-4595-b5aa-5ff8905e44a5	12000	0	NA	Potamogetonaceae	Family	unknown	unknown	earliest_occurrence_date	cal yr BP	NaN		
individualtimelinenode_9a793e68-13ff-4595-b5aa-5ff8905e44a5	12000	0	NA	Potamogeton	Genus	unknown	unknown	earliest_occurrence_date	cal yr BP	NaN		
individualtimelinenode_9a793e68-13ff-4595-b5aa-5ff8905e44a5	12000	0	NA	Potamogeton pusillus L.	Species	unknown	unknown	earliest_occurrence_date	cal yr BP	NaN		
individualtimelinenode_9a793e68-13ff-4595-b5aa-5ff8905e44a5	12000	0	NA	Sibbaldia procumbens L.	Species	unknown	unknown	earliest_occurrence_date	cal yr BP	NaN		
individualtimelinenode_9a793e68-13ff-4595-b5aa-5ff8905e44a5	12000	0	NA	Comarum	Genus	unknown	unknown	earliest_occurrence_date	cal yr BP	NaN		
individualtimelinenode_9a793e68-13ff-4595-b5aa-5ff8905e44a5	12000	0	NA	Comarum palustre L.	Species	unknown	unknown	earliest_occurrence_date	cal yr BP	NaN		
individualtimelinenode_9a793e68-13ff-4595-b5aa-5ff8905e44a5	12000	0	NA	Potentilla anserina L.	Species	unknown	unknown	earliest_occurrence_date	cal yr BP	NaN		
individualtimelinenode_9a793e68-13ff-4595-b5aa-5ff8905e44a5	12000	0	NA	Potentilla hyparctica Malte	Species	unknown	unknown	earliest_occurrence_date	cal yr BP	NaN		
individualtimelinenode_9a793e68-13ff-4595-b5aa-5ff8905e44a5	12000	0	NA	Potentilla nivea L.	Species	unknown	unknown	earliest_occurrence_date	cal yr BP	NaN		
individualtimelinenode_9a793e68-13ff-4595-b5aa-5ff8905e44a5	12000	0	NA	Potentilla hookeriana Lehm.	Species	unknown	unknown	earliest_occurrence_date	cal yr BP	NaN		
individualtimelinenode_9a793e68-13ff-4595-b5aa-5ff8905e44a5	12000	0	NA	Potentilla pulchella R. Br.	Species	unknown	unknown	earliest_occurrence_date	cal yr BP	NaN		
individualtimelinenode_9a793e68-13ff-4595-b5aa-5ff8905e44a5	12000	0	NA	Potentilla egedii Wormsk.	Species	unknown	unknown	earliest_occurrence_date	cal yr BP	NaN		
individualtimelinenode_9a793e68-13ff-4595-b5aa-5ff8905e44a5	12000	0	NA	Ranunculus confervoides (Fr.) Asch. & Graebn.	Species	unknown	unknown	earliest_occurrence_date	cal yr BP	NaN		
individualtimelinenode_9a793e68-13ff-4595-b5aa-5ff8905e44a5	12000	0	NA	Ranunculus hyperboreus Rottb.	Species	unknown	unknown	earliest_occurrence_date	cal yr BP	NaN		
individualtimelinenode_9a793e68-13ff-4595-b5aa-5ff8905e44a5	12000	0	NA	Rumex	Genus	unknown	unknown	earliest_occurrence_date	cal yr BP	NaN		
individualtimelinenode_9a793e68-13ff-4595-b5aa-5ff8905e44a5	12000	0	NA	Rumex acetosella L.	Species	unknown	unknown	earliest_occurrence_date	cal yr BP	NaN		
individualtimelinenode_9a793e68-13ff-4595-b5aa-5ff8905e44a5	12000	0	NA	Sagina	Genus	unknown	unknown	earliest_occurrence_date	cal yr BP	NaN		
individualtimelinenode_9a793e68-13ff-4595-b5aa-5ff8905e44a5	12000	0	NA	Saxifraga hyperborea R. Br.	Species	unknown	unknown	earliest_occurrence_date	cal yr BP	NaN		
individualtimelinenode_9a793e68-13ff-4595-b5aa-5ff8905e44a5	12000	0	NA	Saxifraga rivularis L.	Species	unknown	unknown	earliest_occurrence_date	cal yr BP	NaN		
individualtimelinenode_9a793e68-13ff-4595-b5aa-5ff8905e44a5	12000	0	NA	Saxifraga flagellaris Willd.	Species	unknown	unknown	earliest_occurrence_date	cal yr BP	NaN		
individualtimelinenode_9a793e68-13ff-4595-b5aa-5ff8905e44a5	12000	0	NA	Saxifraga hirculus L.	Species	unknown	unknown	earliest_occurrence_date	cal yr BP	NaN		
individualtimelinenode_9a793e68-13ff-4595-b5aa-5ff8905e44a5	12000	0	NA	Saxifraga cernua L.	Species	unknown	unknown	earliest_occurrence_date	cal yr BP	NaN		
individualtimelinenode_9a793e68-13ff-4595-b5aa-5ff8905e44a5	12000	0	NA	Saxifraga caespitosa L.	Species	unknown	unknown	earliest_occurrence_date	cal yr BP	NaN		
individualtimelinenode_9a793e68-13ff-4595-b5aa-5ff8905e44a5	12000	0	NA	Saxifraga hieraciifolia W. & K.	Species	unknown	unknown	earliest_occurrence_date	cal yr BP	NaN		
individualtimelinenode_9a793e68-13ff-4595-b5aa-5ff8905e44a5	12000	0	NA	Saxifraga tenuis (Wbg.) H. Sm.	Species	unknown	unknown	earliest_occurrence_date	cal yr BP	NaN		
individualtimelinenode_9a793e68-13ff-4595-b5aa-5ff8905e44a5	12000	0	NA	Saxifraga nivalis L.	Species	unknown	unknown	earliest_occurrence_date	cal yr BP	NaN		
individualtimelinenode_9a793e68-13ff-4595-b5aa-5ff8905e44a5	12000	0	NA	Crassulaceae	Family	unknown	unknown	earliest_occurrence_date	cal yr BP	NaN		
individualtimelinenode_9a793e68-13ff-4595-b5aa-5ff8905e44a5	12000	0	NA	Sedum	Genus	unknown	unknown	earliest_occurrence_date	cal yr BP	NaN		
individualtimelinenode_9a793e68-13ff-4595-b5aa-5ff8905e44a5	12000	0	NA	Bryophyta	Phylum	unknown	unknown	earliest_occurrence_date	cal yr BP	NaN		
individualtimelinenode_9a793e68-13ff-4595-b5aa-5ff8905e44a5	12000	0	NA	Sphagnopsida	Class	unknown	unknown	earliest_occurrence_date	cal yr BP	NaN		
individualtimelinenode_9a793e68-13ff-4595-b5aa-5ff8905e44a5	12000	0	NA	Sphagnales	Order	unknown	unknown	earliest_occurrence_date	cal yr BP	NaN		
individualtimelinenode_9a793e68-13ff-4595-b5aa-5ff8905e44a5	12000	0	NA	Sphagnaceae	Family	unknown	unknown	earliest_occurrence_date	cal yr BP	NaN		
individualtimelinenode_9a793e68-13ff-4595-b5aa-5ff8905e44a5	12000	0	NA	Sphagnum	Genus	unknown	unknown	earliest_occurrence_date	cal yr BP	NaN		
individualtimelinenode_9a793e68-13ff-4595-b5aa-5ff8905e44a5	12000	0	NA	Thalictrum alpinum L.	Species	unknown	unknown	earliest_occurrence_date	cal yr BP	NaN		
individualtimelinenode_9a793e68-13ff-4595-b5aa-5ff8905e44a5	12000	0	NA	Lamiaceae	Family	unknown	unknown	earliest_occurrence_date	cal yr BP	NaN		
individualtimelinenode_9a793e68-13ff-4595-b5aa-5ff8905e44a5	12000	0	NA	Thymus	Genus	unknown	unknown	earliest_occurrence_date	cal yr BP	NaN		
individualtimelinenode_9a793e68-13ff-4595-b5aa-5ff8905e44a5	12000	0	NA	Thymus praecox Opiz	Species	unknown	unknown	earliest_occurrence_date	cal yr BP	NaN		
individualtimelinenode_9a793e68-13ff-4595-b5aa-5ff8905e44a5	12000	0	NA	Bortychium	Genus	unknown	unknown	earliest_occurrence_date	cal yr BP	NaN		
individualtimelinenode_9a793e68-13ff-4595-b5aa-5ff8905e44a5	12000	0	NA	Coptis trifolia (L.) Salisb.	Species	unknown	unknown	earliest_occurrence_date	cal yr BP	NaN		
individualtimelinenode_9a793e68-13ff-4595-b5aa-5ff8905e44a5	12000	0	NA	Rhinanthus	Genus	unknown	unknown	earliest_occurrence_date	cal yr BP	NaN		
individualtimelinenode_9a793e68-13ff-4595-b5aa-5ff8905e44a5	12000	0	NA	Euphrasia	Genus	unknown	unknown	earliest_occurrence_date	cal yr BP	NaN		
individualtimelinenode_9a793e68-13ff-4595-b5aa-5ff8905e44a5	12000	0	NA	Bartsia	Genus	unknown	unknown	earliest_occurrence_date	cal yr BP	NaN		
individualtimelinenode_9a793e68-13ff-4595-b5aa-5ff8905e44a5	12000	0	NA	Cystopteridaceae	Family	unknown	unknown	earliest_occurrence_date	cal yr BP	NaN		
individualtimelinenode_9a793e68-13ff-4595-b5aa-5ff8905e44a5	12000	0	NA	Gymnocarpium	Genus	unknown	unknown	earliest_occurrence_date	cal yr BP	NaN		
individualtimelinenode_9a793e68-13ff-4595-b5aa-5ff8905e44a5	12000	0	NA	Gymnocarpium dryopteris (L.) Newman	Species	unknown	unknown	earliest_occurrence_date	cal yr BP	NaN		
individualtimelinenode_9a793e68-13ff-4595-b5aa-5ff8905e44a5	12000	0	NA	Ledum	Genus	unknown	unknown	earliest_occurrence_date	cal yr BP	NaN		
individualtimelinenode_9a793e68-13ff-4595-b5aa-5ff8905e44a5	12000	0	NA	Liguliflorae	Genus	unknown	unknown	earliest_occurrence_date	cal yr BP	NaN		
individualtimelinenode_9a793e68-13ff-4595-b5aa-5ff8905e44a5	12000	0	NA	Montiaceae	Family	unknown	unknown	earliest_occurrence_date	cal yr BP	NaN		
individualtimelinenode_9a793e68-13ff-4595-b5aa-5ff8905e44a5	12000	0	NA	Montia	Genus	unknown	unknown	earliest_occurrence_date	cal yr BP	NaN		
individualtimelinenode_9a793e68-13ff-4595-b5aa-5ff8905e44a5	12000	0	NA	Montia fontana L.	Species	unknown	unknown	earliest_occurrence_date	cal yr BP	NaN		
individualtimelinenode_9a793e68-13ff-4595-b5aa-5ff8905e44a5	12000	0	NA	Phyllodoce coerulea (L.) Bab.	Species	unknown	unknown	earliest_occurrence_date	cal yr BP	NaN		
individualtimelinenode_9a793e68-13ff-4595-b5aa-5ff8905e44a5	12000	0	NA	Potentilla tridentata Ait.	Species	unknown	unknown	earliest_occurrence_date	cal yr BP	NaN		
individualtimelinenode_9a793e68-13ff-4595-b5aa-5ff8905e44a5	12000	0	NA	Potentilla crantzii (Cr.) G. Beck	Species	unknown	unknown	earliest_occurrence_date	cal yr BP	NaN		
individualtimelinenode_9a793e68-13ff-4595-b5aa-5ff8905e44a5	12000	0	NA	Woodsiaceae	Family	unknown	unknown	earliest_occurrence_date	cal yr BP	NaN		
individualtimelinenode_9a793e68-13ff-4595-b5aa-5ff8905e44a5	12000	0	NA	Woodsia	Genus	unknown	unknown	earliest_occurrence_date	cal yr BP	NaN		
individualtimelinenode_9a793e68-13ff-4595-b5aa-5ff8905e44a5	12000	0	NA	Alopecurus alpinus L.	Species	unknown	unknown	earliest_occurrence_date	cal yr BP	NaN		
individualtimelinenode_9a793e68-13ff-4595-b5aa-5ff8905e44a5	12000	0	NA	Chamaenerion	Genus	unknown	unknown	earliest_occurrence_date	cal yr BP	NaN		
individualtimelinenode_9a793e68-13ff-4595-b5aa-5ff8905e44a5	12000	0	NA	Selaginella selaginoides (L.) Link.	Species	unknown	unknown	earliest_occurrence_date	cal yr BP	NaN		
individualtimelinenode_9a793e68-13ff-4595-b5aa-5ff8905e44a5	12000	0	NA	Gentianales	Order	unknown	unknown	earliest_occurrence_date	cal yr BP	NaN		
individualtimelinenode_9a793e68-13ff-4595-b5aa-5ff8905e44a5	12000	0	NA	Rubiaceae	Family	unknown	unknown	earliest_occurrence_date	cal yr BP	NaN		
individualtimelinenode_9a793e68-13ff-4595-b5aa-5ff8905e44a5	12000	0	NA	Galium	Genus	unknown	unknown	earliest_occurrence_date	cal yr BP	NaN		
individualtimelinenode_9a793e68-13ff-4595-b5aa-5ff8905e44a5	12000	0	NA	Arbutoideae	Subfamily	unknown	unknown	earliest_occurrence_date	cal yr BP	NaN		
individualtimelinenode_9a793e68-13ff-4595-b5aa-5ff8905e44a5	12000	0	NA	Arctostaphylos	Genus	unknown	unknown	earliest_occurrence_date	cal yr BP	NaN		
individualtimelinenode_9a793e68-13ff-4595-b5aa-5ff8905e44a5	12000	0	NA	Arctostaphylos alpina (L.) Spreng.	Species	unknown	unknown	earliest_occurrence_date	cal yr BP	NaN		
individualtimelinenode_9a793e68-13ff-4595-b5aa-5ff8905e44a5	12000	0	NA	Empetrum nigrum (Hagerup) Böch.	Species	unknown	unknown	earliest_occurrence_date	cal yr BP	NaN		
individualtimelinenode_9a793e68-13ff-4595-b5aa-5ff8905e44a5	12000	0	NA	Liguiflorae	Family	unknown	unknown	earliest_occurrence_date	cal yr BP	NaN		
individualtimelinenode_9a793e68-13ff-4595-b5aa-5ff8905e44a5	12000	0	NA	Pedicuralis	Genus	unknown	unknown	earliest_occurrence_date	cal yr BP	NaN		
individualtimelinenode_9a793e68-13ff-4595-b5aa-5ff8905e44a5	12000	0	NA	Phyllodoce corerulea (L.) Bab.	Species	unknown	unknown	earliest_occurrence_date	cal yr BP	NaN		
individualtimelinenode_9a793e68-13ff-4595-b5aa-5ff8905e44a5	12000	0	NA	Rhododendron lapponicum (L.) Wbg.	Species	unknown	unknown	earliest_occurrence_date	cal yr BP	NaN		
individualtimelinenode_9a793e68-13ff-4595-b5aa-5ff8905e44a5	12000	0	NA	Alnus crispa (Ait.) Pursh	Species	unknown	unknown	earliest_occurrence_date	cal yr BP	NaN		
individualtimelinenode_55605ff3-9812-494e-82f3-2695069b87fa	12000	0	NA	Unknown (not yet coded)	Kingdom	unknown	unknown	earliest_occurrence_date	cal yr BP	NaN		
individualtimelinenode_55605ff3-9812-494e-82f3-2695069b87fa	12000	0	NA	Life	Life	unknown	unknown	earliest_occurrence_date	cal yr BP	7769.82		
individualtimelinenode_55605ff3-9812-494e-82f3-2695069b87fa	12000	0	NA	Plantae	Kingdom	unknown	unknown	earliest_occurrence_date	cal yr BP	7769.82		
individualtimelinenode_55605ff3-9812-494e-82f3-2695069b87fa	12000	0	NA	Angiosperms	Phylum	unknown	unknown	earliest_occurrence_date	cal yr BP	7769.82		
individualtimelinenode_55605ff3-9812-494e-82f3-2695069b87fa	12000	0	NA	Caryophyllales	Order	unknown	unknown	earliest_occurrence_date	cal yr BP	7629.47		
individualtimelinenode_55605ff3-9812-494e-82f3-2695069b87fa	12000	0	NA	Plumbaginaceae	Family	unknown	unknown	earliest_occurrence_date	cal yr BP	NaN		
individualtimelinenode_55605ff3-9812-494e-82f3-2695069b87fa	12000	0	NA	Limonieae	Tribe	unknown	unknown	earliest_occurrence_date	cal yr BP	NaN		
individualtimelinenode_55605ff3-9812-494e-82f3-2695069b87fa	12000	0	NA	Armeria	Genus	unknown	unknown	earliest_occurrence_date	cal yr BP	NaN		
individualtimelinenode_55605ff3-9812-494e-82f3-2695069b87fa	12000	0	NA	Fagales	Order	unknown	unknown	earliest_occurrence_date	cal yr BP	NaN		
individualtimelinenode_55605ff3-9812-494e-82f3-2695069b87fa	12000	0	NA	Betulaceae	Family	unknown	unknown	earliest_occurrence_date	cal yr BP	NaN		
individualtimelinenode_55605ff3-9812-494e-82f3-2695069b87fa	12000	0	NA	Betula	Genus	unknown	unknown	earliest_occurrence_date	cal yr BP	NaN		
individualtimelinenode_55605ff3-9812-494e-82f3-2695069b87fa	12000	0	NA	Betula nana L.	Species	unknown	unknown	earliest_occurrence_date	cal yr BP	NaN		
individualtimelinenode_55605ff3-9812-494e-82f3-2695069b87fa	12000	0	NA	Asterales	Order	unknown	unknown	earliest_occurrence_date	cal yr BP	NaN		
individualtimelinenode_55605ff3-9812-494e-82f3-2695069b87fa	12000	0	NA	Campanulaceae	Family	unknown	unknown	earliest_occurrence_date	cal yr BP	NaN		
individualtimelinenode_55605ff3-9812-494e-82f3-2695069b87fa	12000	0	NA	Campanula	Genus	unknown	unknown	earliest_occurrence_date	cal yr BP	NaN		
individualtimelinenode_55605ff3-9812-494e-82f3-2695069b87fa	12000	0	NA	Caryophyllaceae	Family	unknown	unknown	earliest_occurrence_date	cal yr BP	NaN		
individualtimelinenode_55605ff3-9812-494e-82f3-2695069b87fa	12000	0	NA	Ericales	Order	unknown	unknown	earliest_occurrence_date	cal yr BP	7769.82		
individualtimelinenode_55605ff3-9812-494e-82f3-2695069b87fa	12000	0	NA	Ericaceae	Family	unknown	unknown	earliest_occurrence_date	cal yr BP	7769.82		
individualtimelinenode_55605ff3-9812-494e-82f3-2695069b87fa	12000	0	NA	Cassiopoideae	Subfamily	unknown	unknown	earliest_occurrence_date	cal yr BP	7769.82		
individualtimelinenode_55605ff3-9812-494e-82f3-2695069b87fa	12000	0	NA	Cassiope	Genus	unknown	unknown	earliest_occurrence_date	cal yr BP	7769.82		
individualtimelinenode_55605ff3-9812-494e-82f3-2695069b87fa	12000	0	NA	Chenopodiaceae	Genus	unknown	unknown	earliest_occurrence_date	cal yr BP	NaN		
individualtimelinenode_55605ff3-9812-494e-82f3-2695069b87fa	12000	0	NA	Problematic (Placeholder)	Kingdom	unknown	unknown	earliest_occurrence_date	cal yr BP	7769.82		
individualtimelinenode_55605ff3-9812-494e-82f3-2695069b87fa	12000	0	NA	Cruciferae	Family	unknown	unknown	earliest_occurrence_date	cal yr BP	7629.47		
individualtimelinenode_55605ff3-9812-494e-82f3-2695069b87fa	12000	0	NA	Poales	Order	unknown	unknown	earliest_occurrence_date	cal yr BP	7769.82		
individualtimelinenode_55605ff3-9812-494e-82f3-2695069b87fa	12000	0	NA	Cyperaceae	Family	unknown	unknown	earliest_occurrence_date	cal yr BP	7769.82		
individualtimelinenode_55605ff3-9812-494e-82f3-2695069b87fa	12000	0	NA	Rosales	Order	unknown	unknown	earliest_occurrence_date	cal yr BP	7419.93		
individualtimelinenode_55605ff3-9812-494e-82f3-2695069b87fa	12000	0	NA	Rosaceae	Family	unknown	unknown	earliest_occurrence_date	cal yr BP	7419.93		
individualtimelinenode_55605ff3-9812-494e-82f3-2695069b87fa	12000	0	NA	Dryas	Genus	unknown	unknown	earliest_occurrence_date	cal yr BP	7419.93		
individualtimelinenode_55605ff3-9812-494e-82f3-2695069b87fa	12000	0	NA	Ericoideae	Subfamily	unknown	unknown	earliest_occurrence_date	cal yr BP	NaN		
individualtimelinenode_55605ff3-9812-494e-82f3-2695069b87fa	12000	0	NA	Empetrum	Genus	unknown	unknown	earliest_occurrence_date	cal yr BP	NaN		
individualtimelinenode_55605ff3-9812-494e-82f3-2695069b87fa	12000	0	NA	Myrtales	Order	unknown	unknown	earliest_occurrence_date	cal yr BP	NaN		
individualtimelinenode_55605ff3-9812-494e-82f3-2695069b87fa	12000	0	NA	Onagraceae	Family	unknown	unknown	earliest_occurrence_date	cal yr BP	NaN		
individualtimelinenode_55605ff3-9812-494e-82f3-2695069b87fa	12000	0	NA	Epilobium	Genus	unknown	unknown	earliest_occurrence_date	cal yr BP	NaN		
individualtimelinenode_55605ff3-9812-494e-82f3-2695069b87fa	12000	0	NA	Gramineae	Genus	unknown	unknown	earliest_occurrence_date	cal yr BP	NaN		
individualtimelinenode_55605ff3-9812-494e-82f3-2695069b87fa	12000	0	NA	Lycopodiophyta	Phylum	unknown	unknown	earliest_occurrence_date	cal yr BP	7629.47		
individualtimelinenode_55605ff3-9812-494e-82f3-2695069b87fa	12000	0	NA	Lycopodiopsida	Class	unknown	unknown	earliest_occurrence_date	cal yr BP	7629.47		
individualtimelinenode_55605ff3-9812-494e-82f3-2695069b87fa	12000	0	NA	Lycopodiales	Order	unknown	unknown	earliest_occurrence_date	cal yr BP	7629.47		
individualtimelinenode_55605ff3-9812-494e-82f3-2695069b87fa	12000	0	NA	Lycopodiaceae	Family	unknown	unknown	earliest_occurrence_date	cal yr BP	7629.47		
individualtimelinenode_55605ff3-9812-494e-82f3-2695069b87fa	12000	0	NA	Lycopodioideae	Subfamily	unknown	unknown	earliest_occurrence_date	cal yr BP	NaN		
individualtimelinenode_55605ff3-9812-494e-82f3-2695069b87fa	12000	0	NA	Lycopodium	Genus	unknown	unknown	earliest_occurrence_date	cal yr BP	NaN		
individualtimelinenode_55605ff3-9812-494e-82f3-2695069b87fa	12000	0	NA	Polygonaceae	Family	unknown	unknown	earliest_occurrence_date	cal yr BP	7629.47		
individualtimelinenode_55605ff3-9812-494e-82f3-2695069b87fa	12000	0	NA	Oxyria	Genus	unknown	unknown	earliest_occurrence_date	cal yr BP	7629.47		
individualtimelinenode_55605ff3-9812-494e-82f3-2695069b87fa	12000	0	NA	Ranunculales	Order	unknown	unknown	earliest_occurrence_date	cal yr BP	6999.49		
individualtimelinenode_55605ff3-9812-494e-82f3-2695069b87fa	12000	0	NA	Papaveraceae	Family	unknown	unknown	earliest_occurrence_date	cal yr BP	6999.49		
individualtimelinenode_55605ff3-9812-494e-82f3-2695069b87fa	12000	0	NA	Papaveroideae	Subfamily	unknown	unknown	earliest_occurrence_date	cal yr BP	6999.49		
individualtimelinenode_55605ff3-9812-494e-82f3-2695069b87fa	12000	0	NA	Papavereae	Tribe	unknown	unknown	earliest_occurrence_date	cal yr BP	6999.49		
individualtimelinenode_55605ff3-9812-494e-82f3-2695069b87fa	12000	0	NA	Papaver	Genus	unknown	unknown	earliest_occurrence_date	cal yr BP	6999.49		
individualtimelinenode_55605ff3-9812-494e-82f3-2695069b87fa	12000	0	NA	Phyllodoce	Genus	unknown	unknown	earliest_occurrence_date	cal yr BP	NaN		
individualtimelinenode_55605ff3-9812-494e-82f3-2695069b87fa	12000	0	NA	Polygonum	Genus	unknown	unknown	earliest_occurrence_date	cal yr BP	7209.89		
individualtimelinenode_55605ff3-9812-494e-82f3-2695069b87fa	12000	0	NA	Polygonum viviparum L.	Species	unknown	unknown	earliest_occurrence_date	cal yr BP	7209.89		
individualtimelinenode_55605ff3-9812-494e-82f3-2695069b87fa	12000	0	NA	Polypodiophyta	Phylum	unknown	unknown	earliest_occurrence_date	cal yr BP	7769.82		
individualtimelinenode_55605ff3-9812-494e-82f3-2695069b87fa	12000	0	NA	Polypodiopsida	Class	unknown	unknown	earliest_occurrence_date	cal yr BP	7769.82		
individualtimelinenode_55605ff3-9812-494e-82f3-2695069b87fa	12000	0	NA	Polypodiales	Order	unknown	unknown	earliest_occurrence_date	cal yr BP	7769.82		
individualtimelinenode_55605ff3-9812-494e-82f3-2695069b87fa	12000	0	NA	Polypodiaceae	Family	unknown	unknown	earliest_occurrence_date	cal yr BP	7769.82		
individualtimelinenode_55605ff3-9812-494e-82f3-2695069b87fa	12000	0	NA	Potentilla	Genus	unknown	unknown	earliest_occurrence_date	cal yr BP	6557.01		
individualtimelinenode_55605ff3-9812-494e-82f3-2695069b87fa	12000	0	NA	Ranunculaceae	Family	unknown	unknown	earliest_occurrence_date	cal yr BP	6766.59		
individualtimelinenode_55605ff3-9812-494e-82f3-2695069b87fa	12000	0	NA	Ranunculus	Genus	unknown	unknown	earliest_occurrence_date	cal yr BP	6766.59		
individualtimelinenode_55605ff3-9812-494e-82f3-2695069b87fa	12000	0	NA	Malpighiales	Order	unknown	unknown	earliest_occurrence_date	cal yr BP	7629.47		
individualtimelinenode_55605ff3-9812-494e-82f3-2695069b87fa	12000	0	NA	Salicaceae	Family	unknown	unknown	earliest_occurrence_date	cal yr BP	7629.47		
individualtimelinenode_55605ff3-9812-494e-82f3-2695069b87fa	12000	0	NA	Salix	Genus	unknown	unknown	earliest_occurrence_date	cal yr BP	7629.47		
individualtimelinenode_55605ff3-9812-494e-82f3-2695069b87fa	12000	0	NA	Salix arctica (Pall.)	Species	unknown	unknown	earliest_occurrence_date	cal yr BP	7629.47		
individualtimelinenode_55605ff3-9812-494e-82f3-2695069b87fa	12000	0	NA	Salix herbacea L.	Species	unknown	unknown	earliest_occurrence_date	cal yr BP	NaN		
individualtimelinenode_55605ff3-9812-494e-82f3-2695069b87fa	12000	0	NA	Saxifragales	Order	unknown	unknown	earliest_occurrence_date	cal yr BP	7419.93		
individualtimelinenode_55605ff3-9812-494e-82f3-2695069b87fa	12000	0	NA	Saxifragaceae	Family	unknown	unknown	earliest_occurrence_date	cal yr BP	7419.93		
individualtimelinenode_55605ff3-9812-494e-82f3-2695069b87fa	12000	0	NA	Saxifraga	Genus	unknown	unknown	earliest_occurrence_date	cal yr BP	7419.93		
individualtimelinenode_55605ff3-9812-494e-82f3-2695069b87fa	12000	0	NA	Thalictrum	Genus	unknown	unknown	earliest_occurrence_date	cal yr BP	NaN		
individualtimelinenode_55605ff3-9812-494e-82f3-2695069b87fa	12000	0	NA	Lamiales	Order	unknown	unknown	earliest_occurrence_date	cal yr BP	NaN		
individualtimelinenode_55605ff3-9812-494e-82f3-2695069b87fa	12000	0	NA	Orobanchaceae	Family	unknown	unknown	earliest_occurrence_date	cal yr BP	NaN		
individualtimelinenode_55605ff3-9812-494e-82f3-2695069b87fa	12000	0	NA	Pedicularis	Genus	unknown	unknown	earliest_occurrence_date	cal yr BP	NaN		
individualtimelinenode_55605ff3-9812-494e-82f3-2695069b87fa	12000	0	NA	Vaccinioideae	Subfamily	unknown	unknown	earliest_occurrence_date	cal yr BP	NaN		
individualtimelinenode_55605ff3-9812-494e-82f3-2695069b87fa	12000	0	NA	Vaccinium	Genus	unknown	unknown	earliest_occurrence_date	cal yr BP	NaN		
individualtimelinenode_55605ff3-9812-494e-82f3-2695069b87fa	12000	0	NA	Cassiope tetragona (L.) D. Don.	Species	unknown	unknown	earliest_occurrence_date	cal yr BP	7769.82		
individualtimelinenode_55605ff3-9812-494e-82f3-2695069b87fa	12000	0	NA	Chamaenerion latifolium (L.) Th. Fries & Lge.	Species	unknown	unknown	earliest_occurrence_date	cal yr BP	7769.82		
individualtimelinenode_55605ff3-9812-494e-82f3-2695069b87fa	12000	0	NA	Cystopteris fragilis ssp. dickieana (Sim.) Hyl.	Subspecies	unknown	unknown	earliest_occurrence_date	cal yr BP	5392.84		
individualtimelinenode_55605ff3-9812-494e-82f3-2695069b87fa	12000	0	NA	Empetrum hermaphroditum (Hagerup) Böch.	Species	unknown	unknown	earliest_occurrence_date	cal yr BP	6999.49		
individualtimelinenode_55605ff3-9812-494e-82f3-2695069b87fa	12000	0	NA	Equisetales	Order	unknown	unknown	earliest_occurrence_date	cal yr BP	7629.47		
individualtimelinenode_55605ff3-9812-494e-82f3-2695069b87fa	12000	0	NA	Equisetaceae	Family	unknown	unknown	earliest_occurrence_date	cal yr BP	7629.47		
individualtimelinenode_55605ff3-9812-494e-82f3-2695069b87fa	12000	0	NA	Equisetum	Genus	unknown	unknown	earliest_occurrence_date	cal yr BP	7629.47		
individualtimelinenode_55605ff3-9812-494e-82f3-2695069b87fa	12000	0	NA	Huperzioideae	Subfamily	unknown	unknown	earliest_occurrence_date	cal yr BP	7629.47		
individualtimelinenode_55605ff3-9812-494e-82f3-2695069b87fa	12000	0	NA	Huperzia	Genus	unknown	unknown	earliest_occurrence_date	cal yr BP	7629.47		
individualtimelinenode_55605ff3-9812-494e-82f3-2695069b87fa	12000	0	NA	Huperzia selago (L.) Bernh. ex Schrank. & Mart.	Species	unknown	unknown	earliest_occurrence_date	cal yr BP	7629.47		
individualtimelinenode_55605ff3-9812-494e-82f3-2695069b87fa	12000	0	NA	Oxyria digyna (L.) Hill	Species	unknown	unknown	earliest_occurrence_date	cal yr BP	7629.47		
individualtimelinenode_55605ff3-9812-494e-82f3-2695069b87fa	12000	0	NA	Papaver radicatum Rottb.	Species	unknown	unknown	earliest_occurrence_date	cal yr BP	6999.49		
individualtimelinenode_55605ff3-9812-494e-82f3-2695069b87fa	12000	0	NA	Saxifraga paniculata Mill.	Species	unknown	unknown	earliest_occurrence_date	cal yr BP	7419.93		
individualtimelinenode_55605ff3-9812-494e-82f3-2695069b87fa	12000	0	NA	Saxifraga aizoides L.	Species	unknown	unknown	earliest_occurrence_date	cal yr BP	7419.93		
individualtimelinenode_55605ff3-9812-494e-82f3-2695069b87fa	12000	0	NA	Saxifraga tricuspidata Rottb.	Species	unknown	unknown	earliest_occurrence_date	cal yr BP	7419.93		
individualtimelinenode_55605ff3-9812-494e-82f3-2695069b87fa	12000	0	NA	Saxifraga oppositifolia L.	Species	unknown	unknown	earliest_occurrence_date	cal yr BP	7419.93		
individualtimelinenode_55605ff3-9812-494e-82f3-2695069b87fa	12000	0	NA	Alismatales	Order	unknown	unknown	earliest_occurrence_date	cal yr BP	7629.47		
individualtimelinenode_55605ff3-9812-494e-82f3-2695069b87fa	12000	0	NA	Tofieldiaceae	Family	unknown	unknown	earliest_occurrence_date	cal yr BP	7629.47		
individualtimelinenode_55605ff3-9812-494e-82f3-2695069b87fa	12000	0	NA	Tofieldia	Genus	unknown	unknown	earliest_occurrence_date	cal yr BP	7629.47		
individualtimelinenode_55605ff3-9812-494e-82f3-2695069b87fa	12000	0	NA	Armeria scabra ssp. sibirica (Turcz.) Hyl.	Subspecies	unknown	unknown	earliest_occurrence_date	cal yr BP	NaN		
individualtimelinenode_55605ff3-9812-494e-82f3-2695069b87fa	12000	0	NA	Campanula uniflora L.	Species	unknown	unknown	earliest_occurrence_date	cal yr BP	NaN		
individualtimelinenode_55605ff3-9812-494e-82f3-2695069b87fa	12000	0	NA	Carex bigelowii Torr.	Species	unknown	unknown	earliest_occurrence_date	cal yr BP	NaN		
individualtimelinenode_55605ff3-9812-494e-82f3-2695069b87fa	12000	0	NA	Carex	Genus	unknown	unknown	earliest_occurrence_date	cal yr BP	NaN		
individualtimelinenode_55605ff3-9812-494e-82f3-2695069b87fa	12000	0	NA	Carex capillaris L.	Species	unknown	unknown	earliest_occurrence_date	cal yr BP	NaN		
individualtimelinenode_55605ff3-9812-494e-82f3-2695069b87fa	12000	0	NA	Carex misandra R.Br.	Species	unknown	unknown	earliest_occurrence_date	cal yr BP	NaN		
individualtimelinenode_55605ff3-9812-494e-82f3-2695069b87fa	12000	0	NA	Carex nardina Fr.	Species	unknown	unknown	earliest_occurrence_date	cal yr BP	NaN		
individualtimelinenode_55605ff3-9812-494e-82f3-2695069b87fa	12000	0	NA	Dryas integrifolia M. Vahl.	Species	unknown	unknown	earliest_occurrence_date	cal yr BP	NaN		
individualtimelinenode_55605ff3-9812-494e-82f3-2695069b87fa	12000	0	NA	Juncaceae	Family	unknown	unknown	earliest_occurrence_date	cal yr BP	NaN		
individualtimelinenode_55605ff3-9812-494e-82f3-2695069b87fa	12000	0	NA	Juncus	Genus	unknown	unknown	earliest_occurrence_date	cal yr BP	NaN		
individualtimelinenode_55605ff3-9812-494e-82f3-2695069b87fa	12000	0	NA	Luzula	Genus	unknown	unknown	earliest_occurrence_date	cal yr BP	NaN		
individualtimelinenode_55605ff3-9812-494e-82f3-2695069b87fa	12000	0	NA	Minuartia rubella (Wbg.) Hiern.	Species	unknown	unknown	earliest_occurrence_date	cal yr BP	NaN		
individualtimelinenode_55605ff3-9812-494e-82f3-2695069b87fa	12000	0	NA	Poaceae	Family	unknown	unknown	earliest_occurrence_date	cal yr BP	NaN		
individualtimelinenode_55605ff3-9812-494e-82f3-2695069b87fa	12000	0	NA	Poa	Genus	unknown	unknown	earliest_occurrence_date	cal yr BP	NaN		
individualtimelinenode_55605ff3-9812-494e-82f3-2695069b87fa	12000	0	NA	Silene	Genus	unknown	unknown	earliest_occurrence_date	cal yr BP	NaN		
individualtimelinenode_55605ff3-9812-494e-82f3-2695069b87fa	12000	0	NA	Silene acaulis (L.) Jacq.	Species	unknown	unknown	earliest_occurrence_date	cal yr BP	NaN		
individualtimelinenode_55605ff3-9812-494e-82f3-2695069b87fa	12000	0	NA	Oxycoccus	Genus	unknown	unknown	earliest_occurrence_date	cal yr BP	NaN		
individualtimelinenode_55605ff3-9812-494e-82f3-2695069b87fa	12000	0	NA	Vaccinium uliginosum L.	Species	unknown	unknown	earliest_occurrence_date	cal yr BP	NaN		
individualtimelinenode_55605ff3-9812-494e-82f3-2695069b87fa	12000	0	NA	Vaccinium vitis-idaea L.	Species	unknown	unknown	earliest_occurrence_date	cal yr BP	NaN		
individualtimelinenode_55605ff3-9812-494e-82f3-2695069b87fa	12000	0	NA	Alchemilla	Genus	unknown	unknown	earliest_occurrence_date	cal yr BP	NaN		
individualtimelinenode_55605ff3-9812-494e-82f3-2695069b87fa	12000	0	NA	Alchemilla alpina L.	Species	unknown	unknown	earliest_occurrence_date	cal yr BP	NaN		
individualtimelinenode_55605ff3-9812-494e-82f3-2695069b87fa	12000	0	NA	Alnus	Genus	unknown	unknown	earliest_occurrence_date	cal yr BP	NaN		
individualtimelinenode_55605ff3-9812-494e-82f3-2695069b87fa	12000	0	NA	Asteraceae	Family	unknown	unknown	earliest_occurrence_date	cal yr BP	NaN		
individualtimelinenode_55605ff3-9812-494e-82f3-2695069b87fa	12000	0	NA	Asteroideae	Subfamily	unknown	unknown	earliest_occurrence_date	cal yr BP	NaN		
individualtimelinenode_55605ff3-9812-494e-82f3-2695069b87fa	12000	0	NA	Anthemideae	Tribe	unknown	unknown	earliest_occurrence_date	cal yr BP	NaN		
individualtimelinenode_55605ff3-9812-494e-82f3-2695069b87fa	12000	0	NA	Artemisia	Genus	unknown	unknown	earliest_occurrence_date	cal yr BP	NaN		
individualtimelinenode_55605ff3-9812-494e-82f3-2695069b87fa	12000	0	NA	Ophioglossales	Order	unknown	unknown	earliest_occurrence_date	cal yr BP	NaN		
individualtimelinenode_55605ff3-9812-494e-82f3-2695069b87fa	12000	0	NA	Ophioglossaceae	Family	unknown	unknown	earliest_occurrence_date	cal yr BP	NaN		
individualtimelinenode_55605ff3-9812-494e-82f3-2695069b87fa	12000	0	NA	Botrychioideae	Subfamily	unknown	unknown	earliest_occurrence_date	cal yr BP	NaN		
individualtimelinenode_55605ff3-9812-494e-82f3-2695069b87fa	12000	0	NA	Botrychium	Genus	unknown	unknown	earliest_occurrence_date	cal yr BP	NaN		
individualtimelinenode_55605ff3-9812-494e-82f3-2695069b87fa	12000	0	NA	Carex brunescens (Pers.) Poir.	Species	unknown	unknown	earliest_occurrence_date	cal yr BP	NaN		
individualtimelinenode_55605ff3-9812-494e-82f3-2695069b87fa	12000	0	NA	Carex gynocrates Wormsk.	Species	unknown	unknown	earliest_occurrence_date	cal yr BP	NaN		
individualtimelinenode_55605ff3-9812-494e-82f3-2695069b87fa	12000	0	NA	Carex lachenalii Schkuhr.	Species	unknown	unknown	earliest_occurrence_date	cal yr BP	NaN		
individualtimelinenode_55605ff3-9812-494e-82f3-2695069b87fa	12000	0	NA	Carex norvegica L.	Species	unknown	unknown	earliest_occurrence_date	cal yr BP	NaN		
individualtimelinenode_55605ff3-9812-494e-82f3-2695069b87fa	12000	0	NA	Carex rufina Drej.	Species	unknown	unknown	earliest_occurrence_date	cal yr BP	NaN		
individualtimelinenode_55605ff3-9812-494e-82f3-2695069b87fa	12000	0	NA	Minuartia	Genus	unknown	unknown	earliest_occurrence_date	cal yr BP	NaN		
individualtimelinenode_55605ff3-9812-494e-82f3-2695069b87fa	12000	0	NA	Minuartia stricta (Sw). Hiern.	Species	unknown	unknown	earliest_occurrence_date	cal yr BP	NaN		
individualtimelinenode_55605ff3-9812-494e-82f3-2695069b87fa	12000	0	NA	Minuartia groenlandica Retz.	Species	unknown	unknown	earliest_occurrence_date	cal yr BP	NaN		
individualtimelinenode_55605ff3-9812-494e-82f3-2695069b87fa	12000	0	NA	Stellaria calycantha (Led.) Bong.	Species	unknown	unknown	earliest_occurrence_date	cal yr BP	NaN		
individualtimelinenode_55605ff3-9812-494e-82f3-2695069b87fa	12000	0	NA	Stellaria longipes Goldie	Species	unknown	unknown	earliest_occurrence_date	cal yr BP	NaN		
individualtimelinenode_55605ff3-9812-494e-82f3-2695069b87fa	12000	0	NA	Cerastium fontanum Baumg.	Species	unknown	unknown	earliest_occurrence_date	cal yr BP	NaN		
individualtimelinenode_55605ff3-9812-494e-82f3-2695069b87fa	12000	0	NA	Cerastium arcticum Lge.	Species	unknown	unknown	earliest_occurrence_date	cal yr BP	NaN		
individualtimelinenode_55605ff3-9812-494e-82f3-2695069b87fa	12000	0	NA	Cerastium alpinum L.	Species	unknown	unknown	earliest_occurrence_date	cal yr BP	NaN		
individualtimelinenode_55605ff3-9812-494e-82f3-2695069b87fa	12000	0	NA	Brassicales	Order	unknown	unknown	earliest_occurrence_date	cal yr BP	NaN		
individualtimelinenode_55605ff3-9812-494e-82f3-2695069b87fa	12000	0	NA	Brassicaceae	Family	unknown	unknown	earliest_occurrence_date	cal yr BP	NaN		
individualtimelinenode_55605ff3-9812-494e-82f3-2695069b87fa	12000	0	NA	Brassicoideae	Subfamily	unknown	unknown	earliest_occurrence_date	cal yr BP	NaN		
individualtimelinenode_55605ff3-9812-494e-82f3-2695069b87fa	12000	0	NA	Arabideae	Tribe	unknown	unknown	earliest_occurrence_date	cal yr BP	NaN		
individualtimelinenode_55605ff3-9812-494e-82f3-2695069b87fa	12000	0	NA	Draba	Genus	unknown	unknown	earliest_occurrence_date	cal yr BP	NaN		
individualtimelinenode_55605ff3-9812-494e-82f3-2695069b87fa	12000	0	NA	Harrimanelloideae	Subfamily	unknown	unknown	earliest_occurrence_date	cal yr BP	NaN		
individualtimelinenode_55605ff3-9812-494e-82f3-2695069b87fa	12000	0	NA	Harrimanella	Genus	unknown	unknown	earliest_occurrence_date	cal yr BP	NaN		
individualtimelinenode_55605ff3-9812-494e-82f3-2695069b87fa	12000	0	NA	Harrimanella hypnoides (L.) Coville.	Species	unknown	unknown	earliest_occurrence_date	cal yr BP	NaN		
individualtimelinenode_55605ff3-9812-494e-82f3-2695069b87fa	12000	0	NA	Plantaginaceae	Family	unknown	unknown	earliest_occurrence_date	cal yr BP	NaN		
individualtimelinenode_55605ff3-9812-494e-82f3-2695069b87fa	12000	0	NA	Hippuris	Genus	unknown	unknown	earliest_occurrence_date	cal yr BP	NaN		
individualtimelinenode_55605ff3-9812-494e-82f3-2695069b87fa	12000	0	NA	Hippuris vulgaris L.	Species	unknown	unknown	earliest_occurrence_date	cal yr BP	NaN		
individualtimelinenode_55605ff3-9812-494e-82f3-2695069b87fa	12000	0	NA	Pinophyta	Phylum	unknown	unknown	earliest_occurrence_date	cal yr BP	NaN		
individualtimelinenode_55605ff3-9812-494e-82f3-2695069b87fa	12000	0	NA	Pinopsida	Class	unknown	unknown	earliest_occurrence_date	cal yr BP	NaN		
individualtimelinenode_55605ff3-9812-494e-82f3-2695069b87fa	12000	0	NA	Cupressales	Order	unknown	unknown	earliest_occurrence_date	cal yr BP	NaN		
individualtimelinenode_55605ff3-9812-494e-82f3-2695069b87fa	12000	0	NA	Cupressaceae	Family	unknown	unknown	earliest_occurrence_date	cal yr BP	NaN		
individualtimelinenode_55605ff3-9812-494e-82f3-2695069b87fa	12000	0	NA	Juniperus	Genus	unknown	unknown	earliest_occurrence_date	cal yr BP	NaN		
individualtimelinenode_55605ff3-9812-494e-82f3-2695069b87fa	12000	0	NA	Juniperus communis L.	Species	unknown	unknown	earliest_occurrence_date	cal yr BP	NaN		
individualtimelinenode_55605ff3-9812-494e-82f3-2695069b87fa	12000	0	NA	Koenigia	Genus	unknown	unknown	earliest_occurrence_date	cal yr BP	NaN		
individualtimelinenode_55605ff3-9812-494e-82f3-2695069b87fa	12000	0	NA	Koenigia islandica L.	Species	unknown	unknown	earliest_occurrence_date	cal yr BP	NaN		
individualtimelinenode_55605ff3-9812-494e-82f3-2695069b87fa	12000	0	NA	Loiseleuria procumbens (L.) Desv.	Species	unknown	unknown	earliest_occurrence_date	cal yr BP	NaN		
individualtimelinenode_55605ff3-9812-494e-82f3-2695069b87fa	12000	0	NA	Lycopodium clavatum L.	Species	unknown	unknown	earliest_occurrence_date	cal yr BP	NaN		
individualtimelinenode_55605ff3-9812-494e-82f3-2695069b87fa	12000	0	NA	Diphasium	Genus	unknown	unknown	earliest_occurrence_date	cal yr BP	NaN		
individualtimelinenode_55605ff3-9812-494e-82f3-2695069b87fa	12000	0	NA	Diphasium complanatum (L.) Rothm.	Species	unknown	unknown	earliest_occurrence_date	cal yr BP	NaN		
individualtimelinenode_55605ff3-9812-494e-82f3-2695069b87fa	12000	0	NA	Diphasium alpinum (L.) Rothm.	Species	unknown	unknown	earliest_occurrence_date	cal yr BP	NaN		
individualtimelinenode_55605ff3-9812-494e-82f3-2695069b87fa	12000	0	NA	Lycopodium dubium Zoega.	Species	unknown	unknown	earliest_occurrence_date	cal yr BP	NaN		
individualtimelinenode_55605ff3-9812-494e-82f3-2695069b87fa	12000	0	NA	Minuratia rubella (Wbg.) Hiern.	Species	unknown	unknown	earliest_occurrence_date	cal yr BP	NaN		
individualtimelinenode_55605ff3-9812-494e-82f3-2695069b87fa	12000	0	NA	Phippsia algida (Sol.) R. Br.	Species	unknown	unknown	earliest_occurrence_date	cal yr BP	NaN		
individualtimelinenode_55605ff3-9812-494e-82f3-2695069b87fa	12000	0	NA	Potamogetonaceae	Family	unknown	unknown	earliest_occurrence_date	cal yr BP	NaN		
individualtimelinenode_55605ff3-9812-494e-82f3-2695069b87fa	12000	0	NA	Potamogeton	Genus	unknown	unknown	earliest_occurrence_date	cal yr BP	NaN		
individualtimelinenode_55605ff3-9812-494e-82f3-2695069b87fa	12000	0	NA	Potamogeton pusillus L.	Species	unknown	unknown	earliest_occurrence_date	cal yr BP	NaN		
individualtimelinenode_55605ff3-9812-494e-82f3-2695069b87fa	12000	0	NA	Sibbaldia procumbens L.	Species	unknown	unknown	earliest_occurrence_date	cal yr BP	NaN		
individualtimelinenode_55605ff3-9812-494e-82f3-2695069b87fa	12000	0	NA	Comarum	Genus	unknown	unknown	earliest_occurrence_date	cal yr BP	NaN		
individualtimelinenode_55605ff3-9812-494e-82f3-2695069b87fa	12000	0	NA	Comarum palustre L.	Species	unknown	unknown	earliest_occurrence_date	cal yr BP	NaN		
individualtimelinenode_55605ff3-9812-494e-82f3-2695069b87fa	12000	0	NA	Potentilla anserina L.	Species	unknown	unknown	earliest_occurrence_date	cal yr BP	NaN		
individualtimelinenode_55605ff3-9812-494e-82f3-2695069b87fa	12000	0	NA	Potentilla hyparctica Malte	Species	unknown	unknown	earliest_occurrence_date	cal yr BP	NaN		
individualtimelinenode_55605ff3-9812-494e-82f3-2695069b87fa	12000	0	NA	Potentilla nivea L.	Species	unknown	unknown	earliest_occurrence_date	cal yr BP	NaN		
individualtimelinenode_55605ff3-9812-494e-82f3-2695069b87fa	12000	0	NA	Potentilla hookeriana Lehm.	Species	unknown	unknown	earliest_occurrence_date	cal yr BP	NaN		
individualtimelinenode_55605ff3-9812-494e-82f3-2695069b87fa	12000	0	NA	Potentilla pulchella R. Br.	Species	unknown	unknown	earliest_occurrence_date	cal yr BP	NaN		
individualtimelinenode_55605ff3-9812-494e-82f3-2695069b87fa	12000	0	NA	Potentilla egedii Wormsk.	Species	unknown	unknown	earliest_occurrence_date	cal yr BP	NaN		
individualtimelinenode_55605ff3-9812-494e-82f3-2695069b87fa	12000	0	NA	Ranunculus confervoides (Fr.) Asch. & Graebn.	Species	unknown	unknown	earliest_occurrence_date	cal yr BP	NaN		
individualtimelinenode_55605ff3-9812-494e-82f3-2695069b87fa	12000	0	NA	Ranunculus hyperboreus Rottb.	Species	unknown	unknown	earliest_occurrence_date	cal yr BP	NaN		
individualtimelinenode_55605ff3-9812-494e-82f3-2695069b87fa	12000	0	NA	Rumex	Genus	unknown	unknown	earliest_occurrence_date	cal yr BP	NaN		
individualtimelinenode_55605ff3-9812-494e-82f3-2695069b87fa	12000	0	NA	Rumex acetosella L.	Species	unknown	unknown	earliest_occurrence_date	cal yr BP	NaN		
individualtimelinenode_55605ff3-9812-494e-82f3-2695069b87fa	12000	0	NA	Sagina	Genus	unknown	unknown	earliest_occurrence_date	cal yr BP	NaN		
individualtimelinenode_55605ff3-9812-494e-82f3-2695069b87fa	12000	0	NA	Saxifraga hyperborea R. Br.	Species	unknown	unknown	earliest_occurrence_date	cal yr BP	NaN		
individualtimelinenode_55605ff3-9812-494e-82f3-2695069b87fa	12000	0	NA	Saxifraga rivularis L.	Species	unknown	unknown	earliest_occurrence_date	cal yr BP	NaN		
individualtimelinenode_55605ff3-9812-494e-82f3-2695069b87fa	12000	0	NA	Saxifraga flagellaris Willd.	Species	unknown	unknown	earliest_occurrence_date	cal yr BP	NaN		
individualtimelinenode_55605ff3-9812-494e-82f3-2695069b87fa	12000	0	NA	Saxifraga hirculus L.	Species	unknown	unknown	earliest_occurrence_date	cal yr BP	NaN		
individualtimelinenode_55605ff3-9812-494e-82f3-2695069b87fa	12000	0	NA	Saxifraga cernua L.	Species	unknown	unknown	earliest_occurrence_date	cal yr BP	NaN		
individualtimelinenode_55605ff3-9812-494e-82f3-2695069b87fa	12000	0	NA	Saxifraga caespitosa L.	Species	unknown	unknown	earliest_occurrence_date	cal yr BP	NaN		
individualtimelinenode_55605ff3-9812-494e-82f3-2695069b87fa	12000	0	NA	Saxifraga hieraciifolia W. & K.	Species	unknown	unknown	earliest_occurrence_date	cal yr BP	NaN		
individualtimelinenode_55605ff3-9812-494e-82f3-2695069b87fa	12000	0	NA	Saxifraga tenuis (Wbg.) H. Sm.	Species	unknown	unknown	earliest_occurrence_date	cal yr BP	NaN		
individualtimelinenode_55605ff3-9812-494e-82f3-2695069b87fa	12000	0	NA	Saxifraga nivalis L.	Species	unknown	unknown	earliest_occurrence_date	cal yr BP	NaN		
individualtimelinenode_55605ff3-9812-494e-82f3-2695069b87fa	12000	0	NA	Crassulaceae	Family	unknown	unknown	earliest_occurrence_date	cal yr BP	NaN		
individualtimelinenode_55605ff3-9812-494e-82f3-2695069b87fa	12000	0	NA	Sedum	Genus	unknown	unknown	earliest_occurrence_date	cal yr BP	NaN		
individualtimelinenode_55605ff3-9812-494e-82f3-2695069b87fa	12000	0	NA	Bryophyta	Phylum	unknown	unknown	earliest_occurrence_date	cal yr BP	NaN		
individualtimelinenode_55605ff3-9812-494e-82f3-2695069b87fa	12000	0	NA	Sphagnopsida	Class	unknown	unknown	earliest_occurrence_date	cal yr BP	NaN		
individualtimelinenode_55605ff3-9812-494e-82f3-2695069b87fa	12000	0	NA	Sphagnales	Order	unknown	unknown	earliest_occurrence_date	cal yr BP	NaN		
individualtimelinenode_55605ff3-9812-494e-82f3-2695069b87fa	12000	0	NA	Sphagnaceae	Family	unknown	unknown	earliest_occurrence_date	cal yr BP	NaN		
individualtimelinenode_55605ff3-9812-494e-82f3-2695069b87fa	12000	0	NA	Sphagnum	Genus	unknown	unknown	earliest_occurrence_date	cal yr BP	NaN		
individualtimelinenode_55605ff3-9812-494e-82f3-2695069b87fa	12000	0	NA	Thalictrum alpinum L.	Species	unknown	unknown	earliest_occurrence_date	cal yr BP	NaN		
individualtimelinenode_55605ff3-9812-494e-82f3-2695069b87fa	12000	0	NA	Lamiaceae	Family	unknown	unknown	earliest_occurrence_date	cal yr BP	NaN		
individualtimelinenode_55605ff3-9812-494e-82f3-2695069b87fa	12000	0	NA	Thymus	Genus	unknown	unknown	earliest_occurrence_date	cal yr BP	NaN		
individualtimelinenode_55605ff3-9812-494e-82f3-2695069b87fa	12000	0	NA	Thymus praecox Opiz	Species	unknown	unknown	earliest_occurrence_date	cal yr BP	NaN		
individualtimelinenode_55605ff3-9812-494e-82f3-2695069b87fa	12000	0	NA	Bortychium	Genus	unknown	unknown	earliest_occurrence_date	cal yr BP	NaN		
individualtimelinenode_55605ff3-9812-494e-82f3-2695069b87fa	12000	0	NA	Coptis trifolia (L.) Salisb.	Species	unknown	unknown	earliest_occurrence_date	cal yr BP	NaN		
individualtimelinenode_55605ff3-9812-494e-82f3-2695069b87fa	12000	0	NA	Rhinanthus	Genus	unknown	unknown	earliest_occurrence_date	cal yr BP	NaN		
individualtimelinenode_55605ff3-9812-494e-82f3-2695069b87fa	12000	0	NA	Euphrasia	Genus	unknown	unknown	earliest_occurrence_date	cal yr BP	NaN		
individualtimelinenode_55605ff3-9812-494e-82f3-2695069b87fa	12000	0	NA	Bartsia	Genus	unknown	unknown	earliest_occurrence_date	cal yr BP	NaN		
individualtimelinenode_55605ff3-9812-494e-82f3-2695069b87fa	12000	0	NA	Cystopteridaceae	Family	unknown	unknown	earliest_occurrence_date	cal yr BP	NaN		
individualtimelinenode_55605ff3-9812-494e-82f3-2695069b87fa	12000	0	NA	Gymnocarpium	Genus	unknown	unknown	earliest_occurrence_date	cal yr BP	NaN		
individualtimelinenode_55605ff3-9812-494e-82f3-2695069b87fa	12000	0	NA	Gymnocarpium dryopteris (L.) Newman	Species	unknown	unknown	earliest_occurrence_date	cal yr BP	NaN		
individualtimelinenode_55605ff3-9812-494e-82f3-2695069b87fa	12000	0	NA	Ledum	Genus	unknown	unknown	earliest_occurrence_date	cal yr BP	NaN		
individualtimelinenode_55605ff3-9812-494e-82f3-2695069b87fa	12000	0	NA	Liguliflorae	Genus	unknown	unknown	earliest_occurrence_date	cal yr BP	NaN		
individualtimelinenode_55605ff3-9812-494e-82f3-2695069b87fa	12000	0	NA	Montiaceae	Family	unknown	unknown	earliest_occurrence_date	cal yr BP	NaN		
individualtimelinenode_55605ff3-9812-494e-82f3-2695069b87fa	12000	0	NA	Montia	Genus	unknown	unknown	earliest_occurrence_date	cal yr BP	NaN		
individualtimelinenode_55605ff3-9812-494e-82f3-2695069b87fa	12000	0	NA	Montia fontana L.	Species	unknown	unknown	earliest_occurrence_date	cal yr BP	NaN		
individualtimelinenode_55605ff3-9812-494e-82f3-2695069b87fa	12000	0	NA	Phyllodoce coerulea (L.) Bab.	Species	unknown	unknown	earliest_occurrence_date	cal yr BP	NaN		
individualtimelinenode_55605ff3-9812-494e-82f3-2695069b87fa	12000	0	NA	Potentilla tridentata Ait.	Species	unknown	unknown	earliest_occurrence_date	cal yr BP	NaN		
individualtimelinenode_55605ff3-9812-494e-82f3-2695069b87fa	12000	0	NA	Potentilla crantzii (Cr.) G. Beck	Species	unknown	unknown	earliest_occurrence_date	cal yr BP	NaN		
individualtimelinenode_55605ff3-9812-494e-82f3-2695069b87fa	12000	0	NA	Woodsiaceae	Family	unknown	unknown	earliest_occurrence_date	cal yr BP	NaN		
individualtimelinenode_55605ff3-9812-494e-82f3-2695069b87fa	12000	0	NA	Woodsia	Genus	unknown	unknown	earliest_occurrence_date	cal yr BP	NaN		
individualtimelinenode_55605ff3-9812-494e-82f3-2695069b87fa	12000	0	NA	Alopecurus alpinus L.	Species	unknown	unknown	earliest_occurrence_date	cal yr BP	NaN		
individualtimelinenode_55605ff3-9812-494e-82f3-2695069b87fa	12000	0	NA	Chamaenerion	Genus	unknown	unknown	earliest_occurrence_date	cal yr BP	NaN		
individualtimelinenode_55605ff3-9812-494e-82f3-2695069b87fa	12000	0	NA	Selaginella selaginoides (L.) Link.	Species	unknown	unknown	earliest_occurrence_date	cal yr BP	NaN		
individualtimelinenode_55605ff3-9812-494e-82f3-2695069b87fa	12000	0	NA	Gentianales	Order	unknown	unknown	earliest_occurrence_date	cal yr BP	NaN		
individualtimelinenode_55605ff3-9812-494e-82f3-2695069b87fa	12000	0	NA	Rubiaceae	Family	unknown	unknown	earliest_occurrence_date	cal yr BP	NaN		
individualtimelinenode_55605ff3-9812-494e-82f3-2695069b87fa	12000	0	NA	Galium	Genus	unknown	unknown	earliest_occurrence_date	cal yr BP	NaN		
individualtimelinenode_55605ff3-9812-494e-82f3-2695069b87fa	12000	0	NA	Arbutoideae	Subfamily	unknown	unknown	earliest_occurrence_date	cal yr BP	NaN		
individualtimelinenode_55605ff3-9812-494e-82f3-2695069b87fa	12000	0	NA	Arctostaphylos	Genus	unknown	unknown	earliest_occurrence_date	cal yr BP	NaN		
individualtimelinenode_55605ff3-9812-494e-82f3-2695069b87fa	12000	0	NA	Arctostaphylos alpina (L.) Spreng.	Species	unknown	unknown	earliest_occurrence_date	cal yr BP	NaN		
individualtimelinenode_55605ff3-9812-494e-82f3-2695069b87fa	12000	0	NA	Empetrum nigrum (Hagerup) Böch.	Species	unknown	unknown	earliest_occurrence_date	cal yr BP	NaN		
individualtimelinenode_55605ff3-9812-494e-82f3-2695069b87fa	12000	0	NA	Liguiflorae	Family	unknown	unknown	earliest_occurrence_date	cal yr BP	NaN		
individualtimelinenode_55605ff3-9812-494e-82f3-2695069b87fa	12000	0	NA	Pedicuralis	Genus	unknown	unknown	earliest_occurrence_date	cal yr BP	NaN		
individualtimelinenode_55605ff3-9812-494e-82f3-2695069b87fa	12000	0	NA	Phyllodoce corerulea (L.) Bab.	Species	unknown	unknown	earliest_occurrence_date	cal yr BP	NaN		
individualtimelinenode_55605ff3-9812-494e-82f3-2695069b87fa	12000	0	NA	Rhododendron lapponicum (L.) Wbg.	Species	unknown	unknown	earliest_occurrence_date	cal yr BP	NaN		
individualtimelinenode_55605ff3-9812-494e-82f3-2695069b87fa	12000	0	NA	Alnus crispa (Ait.) Pursh	Species	unknown	unknown	earliest_occurrence_date	cal yr BP	NaN		
individualtimelinenode_f2c05308-7e21-4516-8d8f-a0c1e9295e59	12000	0	NA	Unknown (not yet coded)	Kingdom	unknown	unknown	earliest_occurrence_date	cal yr BP	NaN		
individualtimelinenode_f2c05308-7e21-4516-8d8f-a0c1e9295e59	12000	0	NA	Life	Life	unknown	unknown	earliest_occurrence_date	cal yr BP	9672.029999999999		
individualtimelinenode_f2c05308-7e21-4516-8d8f-a0c1e9295e59	12000	0	NA	Plantae	Kingdom	unknown	unknown	earliest_occurrence_date	cal yr BP	9672.029999999999		
individualtimelinenode_f2c05308-7e21-4516-8d8f-a0c1e9295e59	12000	0	NA	Angiosperms	Phylum	unknown	unknown	earliest_occurrence_date	cal yr BP	9672.029999999999		
individualtimelinenode_f2c05308-7e21-4516-8d8f-a0c1e9295e59	12000	0	NA	Caryophyllales	Order	unknown	unknown	earliest_occurrence_date	cal yr BP	9672.029999999999		
individualtimelinenode_f2c05308-7e21-4516-8d8f-a0c1e9295e59	12000	0	NA	Plumbaginaceae	Family	unknown	unknown	earliest_occurrence_date	cal yr BP	NaN		
individualtimelinenode_f2c05308-7e21-4516-8d8f-a0c1e9295e59	12000	0	NA	Limonieae	Tribe	unknown	unknown	earliest_occurrence_date	cal yr BP	NaN		
individualtimelinenode_f2c05308-7e21-4516-8d8f-a0c1e9295e59	12000	0	NA	Armeria	Genus	unknown	unknown	earliest_occurrence_date	cal yr BP	NaN		
individualtimelinenode_f2c05308-7e21-4516-8d8f-a0c1e9295e59	12000	0	NA	Fagales	Order	unknown	unknown	earliest_occurrence_date	cal yr BP	NaN		
individualtimelinenode_f2c05308-7e21-4516-8d8f-a0c1e9295e59	12000	0	NA	Betulaceae	Family	unknown	unknown	earliest_occurrence_date	cal yr BP	NaN		
individualtimelinenode_f2c05308-7e21-4516-8d8f-a0c1e9295e59	12000	0	NA	Betula	Genus	unknown	unknown	earliest_occurrence_date	cal yr BP	NaN		
individualtimelinenode_f2c05308-7e21-4516-8d8f-a0c1e9295e59	12000	0	NA	Betula nana L.	Species	unknown	unknown	earliest_occurrence_date	cal yr BP	NaN		
individualtimelinenode_f2c05308-7e21-4516-8d8f-a0c1e9295e59	12000	0	NA	Asterales	Order	unknown	unknown	earliest_occurrence_date	cal yr BP	7826.44		
individualtimelinenode_f2c05308-7e21-4516-8d8f-a0c1e9295e59	12000	0	NA	Campanulaceae	Family	unknown	unknown	earliest_occurrence_date	cal yr BP	7826.44		
individualtimelinenode_f2c05308-7e21-4516-8d8f-a0c1e9295e59	12000	0	NA	Campanula	Genus	unknown	unknown	earliest_occurrence_date	cal yr BP	7826.44		
individualtimelinenode_f2c05308-7e21-4516-8d8f-a0c1e9295e59	12000	0	NA	Caryophyllaceae	Family	unknown	unknown	earliest_occurrence_date	cal yr BP	8975.39		
individualtimelinenode_f2c05308-7e21-4516-8d8f-a0c1e9295e59	12000	0	NA	Ericales	Order	unknown	unknown	earliest_occurrence_date	cal yr BP	8672.91		
individualtimelinenode_f2c05308-7e21-4516-8d8f-a0c1e9295e59	12000	0	NA	Ericaceae	Family	unknown	unknown	earliest_occurrence_date	cal yr BP	8672.91		
individualtimelinenode_f2c05308-7e21-4516-8d8f-a0c1e9295e59	12000	0	NA	Cassiopoideae	Subfamily	unknown	unknown	earliest_occurrence_date	cal yr BP	8249.720000000001		
individualtimelinenode_f2c05308-7e21-4516-8d8f-a0c1e9295e59	12000	0	NA	Cassiope	Genus	unknown	unknown	earliest_occurrence_date	cal yr BP	8249.720000000001		
individualtimelinenode_f2c05308-7e21-4516-8d8f-a0c1e9295e59	12000	0	NA	Chenopodiaceae	Genus	unknown	unknown	earliest_occurrence_date	cal yr BP	NaN		
individualtimelinenode_f2c05308-7e21-4516-8d8f-a0c1e9295e59	12000	0	NA	Problematic (Placeholder)	Kingdom	unknown	unknown	earliest_occurrence_date	cal yr BP	9459.74		
individualtimelinenode_f2c05308-7e21-4516-8d8f-a0c1e9295e59	12000	0	NA	Cruciferae	Family	unknown	unknown	earliest_occurrence_date	cal yr BP	6848.77		
individualtimelinenode_f2c05308-7e21-4516-8d8f-a0c1e9295e59	12000	0	NA	Poales	Order	unknown	unknown	earliest_occurrence_date	cal yr BP	9672.029999999999		
individualtimelinenode_f2c05308-7e21-4516-8d8f-a0c1e9295e59	12000	0	NA	Cyperaceae	Family	unknown	unknown	earliest_occurrence_date	cal yr BP	9520.35		
individualtimelinenode_f2c05308-7e21-4516-8d8f-a0c1e9295e59	12000	0	NA	Rosales	Order	unknown	unknown	earliest_occurrence_date	cal yr BP	8975.39		
individualtimelinenode_f2c05308-7e21-4516-8d8f-a0c1e9295e59	12000	0	NA	Rosaceae	Family	unknown	unknown	earliest_occurrence_date	cal yr BP	8975.39		
individualtimelinenode_f2c05308-7e21-4516-8d8f-a0c1e9295e59	12000	0	NA	Dryas	Genus	unknown	unknown	earliest_occurrence_date	cal yr BP	6112.7		
individualtimelinenode_f2c05308-7e21-4516-8d8f-a0c1e9295e59	12000	0	NA	Ericoideae	Subfamily	unknown	unknown	earliest_occurrence_date	cal yr BP	NaN		
individualtimelinenode_f2c05308-7e21-4516-8d8f-a0c1e9295e59	12000	0	NA	Empetrum	Genus	unknown	unknown	earliest_occurrence_date	cal yr BP	NaN		
individualtimelinenode_f2c05308-7e21-4516-8d8f-a0c1e9295e59	12000	0	NA	Myrtales	Order	unknown	unknown	earliest_occurrence_date	cal yr BP	NaN		
individualtimelinenode_f2c05308-7e21-4516-8d8f-a0c1e9295e59	12000	0	NA	Onagraceae	Family	unknown	unknown	earliest_occurrence_date	cal yr BP	NaN		
individualtimelinenode_f2c05308-7e21-4516-8d8f-a0c1e9295e59	12000	0	NA	Epilobium	Genus	unknown	unknown	earliest_occurrence_date	cal yr BP	NaN		
individualtimelinenode_f2c05308-7e21-4516-8d8f-a0c1e9295e59	12000	0	NA	Gramineae	Genus	unknown	unknown	earliest_occurrence_date	cal yr BP	NaN		
individualtimelinenode_f2c05308-7e21-4516-8d8f-a0c1e9295e59	12000	0	NA	Lycopodiophyta	Phylum	unknown	unknown	earliest_occurrence_date	cal yr BP	9520.35		
individualtimelinenode_f2c05308-7e21-4516-8d8f-a0c1e9295e59	12000	0	NA	Lycopodiopsida	Class	unknown	unknown	earliest_occurrence_date	cal yr BP	9520.35		
individualtimelinenode_f2c05308-7e21-4516-8d8f-a0c1e9295e59	12000	0	NA	Lycopodiales	Order	unknown	unknown	earliest_occurrence_date	cal yr BP	9520.35		
individualtimelinenode_f2c05308-7e21-4516-8d8f-a0c1e9295e59	12000	0	NA	Lycopodiaceae	Family	unknown	unknown	earliest_occurrence_date	cal yr BP	9520.35		
individualtimelinenode_f2c05308-7e21-4516-8d8f-a0c1e9295e59	12000	0	NA	Lycopodioideae	Subfamily	unknown	unknown	earliest_occurrence_date	cal yr BP	NaN		
individualtimelinenode_f2c05308-7e21-4516-8d8f-a0c1e9295e59	12000	0	NA	Lycopodium	Genus	unknown	unknown	earliest_occurrence_date	cal yr BP	NaN		
individualtimelinenode_f2c05308-7e21-4516-8d8f-a0c1e9295e59	12000	0	NA	Polygonaceae	Family	unknown	unknown	earliest_occurrence_date	cal yr BP	9672.029999999999		
individualtimelinenode_f2c05308-7e21-4516-8d8f-a0c1e9295e59	12000	0	NA	Oxyria	Genus	unknown	unknown	earliest_occurrence_date	cal yr BP	9672.029999999999		
individualtimelinenode_f2c05308-7e21-4516-8d8f-a0c1e9295e59	12000	0	NA	Ranunculales	Order	unknown	unknown	earliest_occurrence_date	cal yr BP	9157.029999999999		
individualtimelinenode_f2c05308-7e21-4516-8d8f-a0c1e9295e59	12000	0	NA	Papaveraceae	Family	unknown	unknown	earliest_occurrence_date	cal yr BP	9157.029999999999		
individualtimelinenode_f2c05308-7e21-4516-8d8f-a0c1e9295e59	12000	0	NA	Papaveroideae	Subfamily	unknown	unknown	earliest_occurrence_date	cal yr BP	9157.029999999999		
individualtimelinenode_f2c05308-7e21-4516-8d8f-a0c1e9295e59	12000	0	NA	Papavereae	Tribe	unknown	unknown	earliest_occurrence_date	cal yr BP	9157.029999999999		
individualtimelinenode_f2c05308-7e21-4516-8d8f-a0c1e9295e59	12000	0	NA	Papaver	Genus	unknown	unknown	earliest_occurrence_date	cal yr BP	9157.029999999999		
individualtimelinenode_f2c05308-7e21-4516-8d8f-a0c1e9295e59	12000	0	NA	Phyllodoce	Genus	unknown	unknown	earliest_occurrence_date	cal yr BP	NaN		
individualtimelinenode_f2c05308-7e21-4516-8d8f-a0c1e9295e59	12000	0	NA	Polygonum	Genus	unknown	unknown	earliest_occurrence_date	cal yr BP	NaN		
individualtimelinenode_f2c05308-7e21-4516-8d8f-a0c1e9295e59	12000	0	NA	Polygonum viviparum L.	Species	unknown	unknown	earliest_occurrence_date	cal yr BP	NaN		
individualtimelinenode_f2c05308-7e21-4516-8d8f-a0c1e9295e59	12000	0	NA	Polypodiophyta	Phylum	unknown	unknown	earliest_occurrence_date	cal yr BP	9672.029999999999		
individualtimelinenode_f2c05308-7e21-4516-8d8f-a0c1e9295e59	12000	0	NA	Polypodiopsida	Class	unknown	unknown	earliest_occurrence_date	cal yr BP	9672.029999999999		
individualtimelinenode_f2c05308-7e21-4516-8d8f-a0c1e9295e59	12000	0	NA	Polypodiales	Order	unknown	unknown	earliest_occurrence_date	cal yr BP	9672.029999999999		
individualtimelinenode_f2c05308-7e21-4516-8d8f-a0c1e9295e59	12000	0	NA	Polypodiaceae	Family	unknown	unknown	earliest_occurrence_date	cal yr BP	9672.029999999999		
individualtimelinenode_f2c05308-7e21-4516-8d8f-a0c1e9295e59	12000	0	NA	Potentilla	Genus	unknown	unknown	earliest_occurrence_date	cal yr BP	8975.39		
individualtimelinenode_f2c05308-7e21-4516-8d8f-a0c1e9295e59	12000	0	NA	Ranunculaceae	Family	unknown	unknown	earliest_occurrence_date	cal yr BP	NaN		
individualtimelinenode_f2c05308-7e21-4516-8d8f-a0c1e9295e59	12000	0	NA	Ranunculus	Genus	unknown	unknown	earliest_occurrence_date	cal yr BP	NaN		
individualtimelinenode_f2c05308-7e21-4516-8d8f-a0c1e9295e59	12000	0	NA	Malpighiales	Order	unknown	unknown	earliest_occurrence_date	cal yr BP	7245.04		
individualtimelinenode_f2c05308-7e21-4516-8d8f-a0c1e9295e59	12000	0	NA	Salicaceae	Family	unknown	unknown	earliest_occurrence_date	cal yr BP	7245.04		
individualtimelinenode_f2c05308-7e21-4516-8d8f-a0c1e9295e59	12000	0	NA	Salix	Genus	unknown	unknown	earliest_occurrence_date	cal yr BP	7245.04		
individualtimelinenode_f2c05308-7e21-4516-8d8f-a0c1e9295e59	12000	0	NA	Salix arctica (Pall.)	Species	unknown	unknown	earliest_occurrence_date	cal yr BP	NaN		
individualtimelinenode_f2c05308-7e21-4516-8d8f-a0c1e9295e59	12000	0	NA	Salix herbacea L.	Species	unknown	unknown	earliest_occurrence_date	cal yr BP	7245.04		
individualtimelinenode_f2c05308-7e21-4516-8d8f-a0c1e9295e59	12000	0	NA	Saxifragales	Order	unknown	unknown	earliest_occurrence_date	cal yr BP	9520.35		
individualtimelinenode_f2c05308-7e21-4516-8d8f-a0c1e9295e59	12000	0	NA	Saxifragaceae	Family	unknown	unknown	earliest_occurrence_date	cal yr BP	9520.35		
individualtimelinenode_f2c05308-7e21-4516-8d8f-a0c1e9295e59	12000	0	NA	Saxifraga	Genus	unknown	unknown	earliest_occurrence_date	cal yr BP	9520.35		
individualtimelinenode_f2c05308-7e21-4516-8d8f-a0c1e9295e59	12000	0	NA	Thalictrum	Genus	unknown	unknown	earliest_occurrence_date	cal yr BP	NaN		
individualtimelinenode_f2c05308-7e21-4516-8d8f-a0c1e9295e59	12000	0	NA	Lamiales	Order	unknown	unknown	earliest_occurrence_date	cal yr BP	NaN		
individualtimelinenode_f2c05308-7e21-4516-8d8f-a0c1e9295e59	12000	0	NA	Orobanchaceae	Family	unknown	unknown	earliest_occurrence_date	cal yr BP	NaN		
individualtimelinenode_f2c05308-7e21-4516-8d8f-a0c1e9295e59	12000	0	NA	Pedicularis	Genus	unknown	unknown	earliest_occurrence_date	cal yr BP	NaN		
individualtimelinenode_f2c05308-7e21-4516-8d8f-a0c1e9295e59	12000	0	NA	Vaccinioideae	Subfamily	unknown	unknown	earliest_occurrence_date	cal yr BP	8672.91		
individualtimelinenode_f2c05308-7e21-4516-8d8f-a0c1e9295e59	12000	0	NA	Vaccinium	Genus	unknown	unknown	earliest_occurrence_date	cal yr BP	8672.91		
individualtimelinenode_f2c05308-7e21-4516-8d8f-a0c1e9295e59	12000	0	NA	Cassiope tetragona (L.) D. Don.	Species	unknown	unknown	earliest_occurrence_date	cal yr BP	8249.720000000001		
individualtimelinenode_f2c05308-7e21-4516-8d8f-a0c1e9295e59	12000	0	NA	Chamaenerion latifolium (L.) Th. Fries & Lge.	Species	unknown	unknown	earliest_occurrence_date	cal yr BP	NaN		
individualtimelinenode_f2c05308-7e21-4516-8d8f-a0c1e9295e59	12000	0	NA	Cystopteris fragilis ssp. dickieana (Sim.) Hyl.	Subspecies	unknown	unknown	earliest_occurrence_date	cal yr BP	9157.029999999999		
individualtimelinenode_f2c05308-7e21-4516-8d8f-a0c1e9295e59	12000	0	NA	Empetrum hermaphroditum (Hagerup) Böch.	Species	unknown	unknown	earliest_occurrence_date	cal yr BP	8672.91		
individualtimelinenode_f2c05308-7e21-4516-8d8f-a0c1e9295e59	12000	0	NA	Equisetales	Order	unknown	unknown	earliest_occurrence_date	cal yr BP	NaN		
individualtimelinenode_f2c05308-7e21-4516-8d8f-a0c1e9295e59	12000	0	NA	Equisetaceae	Family	unknown	unknown	earliest_occurrence_date	cal yr BP	NaN		
individualtimelinenode_f2c05308-7e21-4516-8d8f-a0c1e9295e59	12000	0	NA	Equisetum	Genus	unknown	unknown	earliest_occurrence_date	cal yr BP	NaN		
individualtimelinenode_f2c05308-7e21-4516-8d8f-a0c1e9295e59	12000	0	NA	Huperzioideae	Subfamily	unknown	unknown	earliest_occurrence_date	cal yr BP	9520.35		
individualtimelinenode_f2c05308-7e21-4516-8d8f-a0c1e9295e59	12000	0	NA	Huperzia	Genus	unknown	unknown	earliest_occurrence_date	cal yr BP	9520.35		
individualtimelinenode_f2c05308-7e21-4516-8d8f-a0c1e9295e59	12000	0	NA	Huperzia selago (L.) Bernh. ex Schrank. & Mart.	Species	unknown	unknown	earliest_occurrence_date	cal yr BP	9520.35		
individualtimelinenode_f2c05308-7e21-4516-8d8f-a0c1e9295e59	12000	0	NA	Oxyria digyna (L.) Hill	Species	unknown	unknown	earliest_occurrence_date	cal yr BP	9672.029999999999		
individualtimelinenode_f2c05308-7e21-4516-8d8f-a0c1e9295e59	12000	0	NA	Papaver radicatum Rottb.	Species	unknown	unknown	earliest_occurrence_date	cal yr BP	9157.029999999999		
individualtimelinenode_f2c05308-7e21-4516-8d8f-a0c1e9295e59	12000	0	NA	Saxifraga paniculata Mill.	Species	unknown	unknown	earliest_occurrence_date	cal yr BP	9520.35		
individualtimelinenode_f2c05308-7e21-4516-8d8f-a0c1e9295e59	12000	0	NA	Saxifraga aizoides L.	Species	unknown	unknown	earliest_occurrence_date	cal yr BP	9520.35		
individualtimelinenode_f2c05308-7e21-4516-8d8f-a0c1e9295e59	12000	0	NA	Saxifraga tricuspidata Rottb.	Species	unknown	unknown	earliest_occurrence_date	cal yr BP	9520.35		
individualtimelinenode_f2c05308-7e21-4516-8d8f-a0c1e9295e59	12000	0	NA	Saxifraga oppositifolia L.	Species	unknown	unknown	earliest_occurrence_date	cal yr BP	9520.35		
individualtimelinenode_f2c05308-7e21-4516-8d8f-a0c1e9295e59	12000	0	NA	Alismatales	Order	unknown	unknown	earliest_occurrence_date	cal yr BP	8672.91		
individualtimelinenode_f2c05308-7e21-4516-8d8f-a0c1e9295e59	12000	0	NA	Tofieldiaceae	Family	unknown	unknown	earliest_occurrence_date	cal yr BP	8672.91		
individualtimelinenode_f2c05308-7e21-4516-8d8f-a0c1e9295e59	12000	0	NA	Tofieldia	Genus	unknown	unknown	earliest_occurrence_date	cal yr BP	8672.91		
individualtimelinenode_f2c05308-7e21-4516-8d8f-a0c1e9295e59	12000	0	NA	Armeria scabra ssp. sibirica (Turcz.) Hyl.	Subspecies	unknown	unknown	earliest_occurrence_date	cal yr BP	9459.74		
individualtimelinenode_f2c05308-7e21-4516-8d8f-a0c1e9295e59	12000	0	NA	Campanula uniflora L.	Species	unknown	unknown	earliest_occurrence_date	cal yr BP	7826.44		
individualtimelinenode_f2c05308-7e21-4516-8d8f-a0c1e9295e59	12000	0	NA	Carex bigelowii Torr.	Species	unknown	unknown	earliest_occurrence_date	cal yr BP	9459.74		
individualtimelinenode_f2c05308-7e21-4516-8d8f-a0c1e9295e59	12000	0	NA	Carex	Genus	unknown	unknown	earliest_occurrence_date	cal yr BP	9459.74		
individualtimelinenode_f2c05308-7e21-4516-8d8f-a0c1e9295e59	12000	0	NA	Carex capillaris L.	Species	unknown	unknown	earliest_occurrence_date	cal yr BP	9459.74		
individualtimelinenode_f2c05308-7e21-4516-8d8f-a0c1e9295e59	12000	0	NA	Carex misandra R.Br.	Species	unknown	unknown	earliest_occurrence_date	cal yr BP	9459.74		
individualtimelinenode_f2c05308-7e21-4516-8d8f-a0c1e9295e59	12000	0	NA	Carex nardina Fr.	Species	unknown	unknown	earliest_occurrence_date	cal yr BP	9459.74		
individualtimelinenode_f2c05308-7e21-4516-8d8f-a0c1e9295e59	12000	0	NA	Dryas integrifolia M. Vahl.	Species	unknown	unknown	earliest_occurrence_date	cal yr BP	NaN		
individualtimelinenode_f2c05308-7e21-4516-8d8f-a0c1e9295e59	12000	0	NA	Juncaceae	Family	unknown	unknown	earliest_occurrence_date	cal yr BP	9672.029999999999		
individualtimelinenode_f2c05308-7e21-4516-8d8f-a0c1e9295e59	12000	0	NA	Juncus	Genus	unknown	unknown	earliest_occurrence_date	cal yr BP	9672.029999999999		
individualtimelinenode_f2c05308-7e21-4516-8d8f-a0c1e9295e59	12000	0	NA	Luzula	Genus	unknown	unknown	earliest_occurrence_date	cal yr BP	9672.029999999999		
individualtimelinenode_f2c05308-7e21-4516-8d8f-a0c1e9295e59	12000	0	NA	Minuartia rubella (Wbg.) Hiern.	Species	unknown	unknown	earliest_occurrence_date	cal yr BP	9459.74		
individualtimelinenode_f2c05308-7e21-4516-8d8f-a0c1e9295e59	12000	0	NA	Poaceae	Family	unknown	unknown	earliest_occurrence_date	cal yr BP	9672.029999999999		
individualtimelinenode_f2c05308-7e21-4516-8d8f-a0c1e9295e59	12000	0	NA	Poa	Genus	unknown	unknown	earliest_occurrence_date	cal yr BP	9459.74		
individualtimelinenode_f2c05308-7e21-4516-8d8f-a0c1e9295e59	12000	0	NA	Silene	Genus	unknown	unknown	earliest_occurrence_date	cal yr BP	8975.39		
individualtimelinenode_f2c05308-7e21-4516-8d8f-a0c1e9295e59	12000	0	NA	Silene acaulis (L.) Jacq.	Species	unknown	unknown	earliest_occurrence_date	cal yr BP	8975.39		
individualtimelinenode_f2c05308-7e21-4516-8d8f-a0c1e9295e59	12000	0	NA	Oxycoccus	Genus	unknown	unknown	earliest_occurrence_date	cal yr BP	8672.91		
individualtimelinenode_f2c05308-7e21-4516-8d8f-a0c1e9295e59	12000	0	NA	Vaccinium uliginosum L.	Species	unknown	unknown	earliest_occurrence_date	cal yr BP	8672.91		
individualtimelinenode_f2c05308-7e21-4516-8d8f-a0c1e9295e59	12000	0	NA	Vaccinium vitis-idaea L.	Species	unknown	unknown	earliest_occurrence_date	cal yr BP	8672.91		
individualtimelinenode_f2c05308-7e21-4516-8d8f-a0c1e9295e59	12000	0	NA	Alchemilla	Genus	unknown	unknown	earliest_occurrence_date	cal yr BP	NaN		
individualtimelinenode_f2c05308-7e21-4516-8d8f-a0c1e9295e59	12000	0	NA	Alchemilla alpina L.	Species	unknown	unknown	earliest_occurrence_date	cal yr BP	NaN		
individualtimelinenode_f2c05308-7e21-4516-8d8f-a0c1e9295e59	12000	0	NA	Alnus	Genus	unknown	unknown	earliest_occurrence_date	cal yr BP	NaN		
individualtimelinenode_f2c05308-7e21-4516-8d8f-a0c1e9295e59	12000	0	NA	Asteraceae	Family	unknown	unknown	earliest_occurrence_date	cal yr BP	NaN		
individualtimelinenode_f2c05308-7e21-4516-8d8f-a0c1e9295e59	12000	0	NA	Asteroideae	Subfamily	unknown	unknown	earliest_occurrence_date	cal yr BP	NaN		
individualtimelinenode_f2c05308-7e21-4516-8d8f-a0c1e9295e59	12000	0	NA	Anthemideae	Tribe	unknown	unknown	earliest_occurrence_date	cal yr BP	NaN		
individualtimelinenode_f2c05308-7e21-4516-8d8f-a0c1e9295e59	12000	0	NA	Artemisia	Genus	unknown	unknown	earliest_occurrence_date	cal yr BP	NaN		
individualtimelinenode_f2c05308-7e21-4516-8d8f-a0c1e9295e59	12000	0	NA	Ophioglossales	Order	unknown	unknown	earliest_occurrence_date	cal yr BP	NaN		
individualtimelinenode_f2c05308-7e21-4516-8d8f-a0c1e9295e59	12000	0	NA	Ophioglossaceae	Family	unknown	unknown	earliest_occurrence_date	cal yr BP	NaN		
individualtimelinenode_f2c05308-7e21-4516-8d8f-a0c1e9295e59	12000	0	NA	Botrychioideae	Subfamily	unknown	unknown	earliest_occurrence_date	cal yr BP	NaN		
individualtimelinenode_f2c05308-7e21-4516-8d8f-a0c1e9295e59	12000	0	NA	Botrychium	Genus	unknown	unknown	earliest_occurrence_date	cal yr BP	NaN		
individualtimelinenode_f2c05308-7e21-4516-8d8f-a0c1e9295e59	12000	0	NA	Carex brunescens (Pers.) Poir.	Species	unknown	unknown	earliest_occurrence_date	cal yr BP	NaN		
individualtimelinenode_f2c05308-7e21-4516-8d8f-a0c1e9295e59	12000	0	NA	Carex gynocrates Wormsk.	Species	unknown	unknown	earliest_occurrence_date	cal yr BP	NaN		
individualtimelinenode_f2c05308-7e21-4516-8d8f-a0c1e9295e59	12000	0	NA	Carex lachenalii Schkuhr.	Species	unknown	unknown	earliest_occurrence_date	cal yr BP	NaN		
individualtimelinenode_f2c05308-7e21-4516-8d8f-a0c1e9295e59	12000	0	NA	Carex norvegica L.	Species	unknown	unknown	earliest_occurrence_date	cal yr BP	NaN		
individualtimelinenode_f2c05308-7e21-4516-8d8f-a0c1e9295e59	12000	0	NA	Carex rufina Drej.	Species	unknown	unknown	earliest_occurrence_date	cal yr BP	NaN		
individualtimelinenode_f2c05308-7e21-4516-8d8f-a0c1e9295e59	12000	0	NA	Minuartia	Genus	unknown	unknown	earliest_occurrence_date	cal yr BP	NaN		
individualtimelinenode_f2c05308-7e21-4516-8d8f-a0c1e9295e59	12000	0	NA	Minuartia stricta (Sw). Hiern.	Species	unknown	unknown	earliest_occurrence_date	cal yr BP	NaN		
individualtimelinenode_f2c05308-7e21-4516-8d8f-a0c1e9295e59	12000	0	NA	Minuartia groenlandica Retz.	Species	unknown	unknown	earliest_occurrence_date	cal yr BP	NaN		
individualtimelinenode_f2c05308-7e21-4516-8d8f-a0c1e9295e59	12000	0	NA	Stellaria calycantha (Led.) Bong.	Species	unknown	unknown	earliest_occurrence_date	cal yr BP	NaN		
individualtimelinenode_f2c05308-7e21-4516-8d8f-a0c1e9295e59	12000	0	NA	Stellaria longipes Goldie	Species	unknown	unknown	earliest_occurrence_date	cal yr BP	NaN		
individualtimelinenode_f2c05308-7e21-4516-8d8f-a0c1e9295e59	12000	0	NA	Cerastium fontanum Baumg.	Species	unknown	unknown	earliest_occurrence_date	cal yr BP	NaN		
individualtimelinenode_f2c05308-7e21-4516-8d8f-a0c1e9295e59	12000	0	NA	Cerastium arcticum Lge.	Species	unknown	unknown	earliest_occurrence_date	cal yr BP	NaN		
individualtimelinenode_f2c05308-7e21-4516-8d8f-a0c1e9295e59	12000	0	NA	Cerastium alpinum L.	Species	unknown	unknown	earliest_occurrence_date	cal yr BP	NaN		
individualtimelinenode_f2c05308-7e21-4516-8d8f-a0c1e9295e59	12000	0	NA	Brassicales	Order	unknown	unknown	earliest_occurrence_date	cal yr BP	NaN		
individualtimelinenode_f2c05308-7e21-4516-8d8f-a0c1e9295e59	12000	0	NA	Brassicaceae	Family	unknown	unknown	earliest_occurrence_date	cal yr BP	NaN		
individualtimelinenode_f2c05308-7e21-4516-8d8f-a0c1e9295e59	12000	0	NA	Brassicoideae	Subfamily	unknown	unknown	earliest_occurrence_date	cal yr BP	NaN		
individualtimelinenode_f2c05308-7e21-4516-8d8f-a0c1e9295e59	12000	0	NA	Arabideae	Tribe	unknown	unknown	earliest_occurrence_date	cal yr BP	NaN		
individualtimelinenode_f2c05308-7e21-4516-8d8f-a0c1e9295e59	12000	0	NA	Draba	Genus	unknown	unknown	earliest_occurrence_date	cal yr BP	NaN		
individualtimelinenode_f2c05308-7e21-4516-8d8f-a0c1e9295e59	12000	0	NA	Harrimanelloideae	Subfamily	unknown	unknown	earliest_occurrence_date	cal yr BP	NaN		
individualtimelinenode_f2c05308-7e21-4516-8d8f-a0c1e9295e59	12000	0	NA	Harrimanella	Genus	unknown	unknown	earliest_occurrence_date	cal yr BP	NaN		
individualtimelinenode_f2c05308-7e21-4516-8d8f-a0c1e9295e59	12000	0	NA	Harrimanella hypnoides (L.) Coville.	Species	unknown	unknown	earliest_occurrence_date	cal yr BP	NaN		
individualtimelinenode_f2c05308-7e21-4516-8d8f-a0c1e9295e59	12000	0	NA	Plantaginaceae	Family	unknown	unknown	earliest_occurrence_date	cal yr BP	NaN		
individualtimelinenode_f2c05308-7e21-4516-8d8f-a0c1e9295e59	12000	0	NA	Hippuris	Genus	unknown	unknown	earliest_occurrence_date	cal yr BP	NaN		
individualtimelinenode_f2c05308-7e21-4516-8d8f-a0c1e9295e59	12000	0	NA	Hippuris vulgaris L.	Species	unknown	unknown	earliest_occurrence_date	cal yr BP	NaN		
individualtimelinenode_f2c05308-7e21-4516-8d8f-a0c1e9295e59	12000	0	NA	Pinophyta	Phylum	unknown	unknown	earliest_occurrence_date	cal yr BP	NaN		
individualtimelinenode_f2c05308-7e21-4516-8d8f-a0c1e9295e59	12000	0	NA	Pinopsida	Class	unknown	unknown	earliest_occurrence_date	cal yr BP	NaN		
individualtimelinenode_f2c05308-7e21-4516-8d8f-a0c1e9295e59	12000	0	NA	Cupressales	Order	unknown	unknown	earliest_occurrence_date	cal yr BP	NaN		
individualtimelinenode_f2c05308-7e21-4516-8d8f-a0c1e9295e59	12000	0	NA	Cupressaceae	Family	unknown	unknown	earliest_occurrence_date	cal yr BP	NaN		
individualtimelinenode_f2c05308-7e21-4516-8d8f-a0c1e9295e59	12000	0	NA	Juniperus	Genus	unknown	unknown	earliest_occurrence_date	cal yr BP	NaN		
individualtimelinenode_f2c05308-7e21-4516-8d8f-a0c1e9295e59	12000	0	NA	Juniperus communis L.	Species	unknown	unknown	earliest_occurrence_date	cal yr BP	NaN		
individualtimelinenode_f2c05308-7e21-4516-8d8f-a0c1e9295e59	12000	0	NA	Koenigia	Genus	unknown	unknown	earliest_occurrence_date	cal yr BP	NaN		
individualtimelinenode_f2c05308-7e21-4516-8d8f-a0c1e9295e59	12000	0	NA	Koenigia islandica L.	Species	unknown	unknown	earliest_occurrence_date	cal yr BP	NaN		
individualtimelinenode_f2c05308-7e21-4516-8d8f-a0c1e9295e59	12000	0	NA	Loiseleuria procumbens (L.) Desv.	Species	unknown	unknown	earliest_occurrence_date	cal yr BP	NaN		
individualtimelinenode_f2c05308-7e21-4516-8d8f-a0c1e9295e59	12000	0	NA	Lycopodium clavatum L.	Species	unknown	unknown	earliest_occurrence_date	cal yr BP	NaN		
individualtimelinenode_f2c05308-7e21-4516-8d8f-a0c1e9295e59	12000	0	NA	Diphasium	Genus	unknown	unknown	earliest_occurrence_date	cal yr BP	NaN		
individualtimelinenode_f2c05308-7e21-4516-8d8f-a0c1e9295e59	12000	0	NA	Diphasium complanatum (L.) Rothm.	Species	unknown	unknown	earliest_occurrence_date	cal yr BP	NaN		
individualtimelinenode_f2c05308-7e21-4516-8d8f-a0c1e9295e59	12000	0	NA	Diphasium alpinum (L.) Rothm.	Species	unknown	unknown	earliest_occurrence_date	cal yr BP	NaN		
individualtimelinenode_f2c05308-7e21-4516-8d8f-a0c1e9295e59	12000	0	NA	Lycopodium dubium Zoega.	Species	unknown	unknown	earliest_occurrence_date	cal yr BP	NaN		
individualtimelinenode_f2c05308-7e21-4516-8d8f-a0c1e9295e59	12000	0	NA	Minuratia rubella (Wbg.) Hiern.	Species	unknown	unknown	earliest_occurrence_date	cal yr BP	NaN		
individualtimelinenode_f2c05308-7e21-4516-8d8f-a0c1e9295e59	12000	0	NA	Phippsia algida (Sol.) R. Br.	Species	unknown	unknown	earliest_occurrence_date	cal yr BP	NaN		
individualtimelinenode_f2c05308-7e21-4516-8d8f-a0c1e9295e59	12000	0	NA	Potamogetonaceae	Family	unknown	unknown	earliest_occurrence_date	cal yr BP	NaN		
individualtimelinenode_f2c05308-7e21-4516-8d8f-a0c1e9295e59	12000	0	NA	Potamogeton	Genus	unknown	unknown	earliest_occurrence_date	cal yr BP	NaN		
individualtimelinenode_f2c05308-7e21-4516-8d8f-a0c1e9295e59	12000	0	NA	Potamogeton pusillus L.	Species	unknown	unknown	earliest_occurrence_date	cal yr BP	NaN		
individualtimelinenode_f2c05308-7e21-4516-8d8f-a0c1e9295e59	12000	0	NA	Sibbaldia procumbens L.	Species	unknown	unknown	earliest_occurrence_date	cal yr BP	NaN		
individualtimelinenode_f2c05308-7e21-4516-8d8f-a0c1e9295e59	12000	0	NA	Comarum	Genus	unknown	unknown	earliest_occurrence_date	cal yr BP	NaN		
individualtimelinenode_f2c05308-7e21-4516-8d8f-a0c1e9295e59	12000	0	NA	Comarum palustre L.	Species	unknown	unknown	earliest_occurrence_date	cal yr BP	NaN		
individualtimelinenode_f2c05308-7e21-4516-8d8f-a0c1e9295e59	12000	0	NA	Potentilla anserina L.	Species	unknown	unknown	earliest_occurrence_date	cal yr BP	NaN		
individualtimelinenode_f2c05308-7e21-4516-8d8f-a0c1e9295e59	12000	0	NA	Potentilla hyparctica Malte	Species	unknown	unknown	earliest_occurrence_date	cal yr BP	NaN		
individualtimelinenode_f2c05308-7e21-4516-8d8f-a0c1e9295e59	12000	0	NA	Potentilla nivea L.	Species	unknown	unknown	earliest_occurrence_date	cal yr BP	NaN		
individualtimelinenode_f2c05308-7e21-4516-8d8f-a0c1e9295e59	12000	0	NA	Potentilla hookeriana Lehm.	Species	unknown	unknown	earliest_occurrence_date	cal yr BP	NaN		
individualtimelinenode_f2c05308-7e21-4516-8d8f-a0c1e9295e59	12000	0	NA	Potentilla pulchella R. Br.	Species	unknown	unknown	earliest_occurrence_date	cal yr BP	NaN		
individualtimelinenode_f2c05308-7e21-4516-8d8f-a0c1e9295e59	12000	0	NA	Potentilla egedii Wormsk.	Species	unknown	unknown	earliest_occurrence_date	cal yr BP	NaN		
individualtimelinenode_f2c05308-7e21-4516-8d8f-a0c1e9295e59	12000	0	NA	Ranunculus confervoides (Fr.) Asch. & Graebn.	Species	unknown	unknown	earliest_occurrence_date	cal yr BP	NaN		
individualtimelinenode_f2c05308-7e21-4516-8d8f-a0c1e9295e59	12000	0	NA	Ranunculus hyperboreus Rottb.	Species	unknown	unknown	earliest_occurrence_date	cal yr BP	NaN		
individualtimelinenode_f2c05308-7e21-4516-8d8f-a0c1e9295e59	12000	0	NA	Rumex	Genus	unknown	unknown	earliest_occurrence_date	cal yr BP	NaN		
individualtimelinenode_f2c05308-7e21-4516-8d8f-a0c1e9295e59	12000	0	NA	Rumex acetosella L.	Species	unknown	unknown	earliest_occurrence_date	cal yr BP	NaN		
individualtimelinenode_f2c05308-7e21-4516-8d8f-a0c1e9295e59	12000	0	NA	Sagina	Genus	unknown	unknown	earliest_occurrence_date	cal yr BP	NaN		
individualtimelinenode_f2c05308-7e21-4516-8d8f-a0c1e9295e59	12000	0	NA	Saxifraga hyperborea R. Br.	Species	unknown	unknown	earliest_occurrence_date	cal yr BP	NaN		
individualtimelinenode_f2c05308-7e21-4516-8d8f-a0c1e9295e59	12000	0	NA	Saxifraga rivularis L.	Species	unknown	unknown	earliest_occurrence_date	cal yr BP	NaN		
individualtimelinenode_f2c05308-7e21-4516-8d8f-a0c1e9295e59	12000	0	NA	Saxifraga flagellaris Willd.	Species	unknown	unknown	earliest_occurrence_date	cal yr BP	NaN		
individualtimelinenode_f2c05308-7e21-4516-8d8f-a0c1e9295e59	12000	0	NA	Saxifraga hirculus L.	Species	unknown	unknown	earliest_occurrence_date	cal yr BP	NaN		
individualtimelinenode_f2c05308-7e21-4516-8d8f-a0c1e9295e59	12000	0	NA	Saxifraga cernua L.	Species	unknown	unknown	earliest_occurrence_date	cal yr BP	NaN		
individualtimelinenode_f2c05308-7e21-4516-8d8f-a0c1e9295e59	12000	0	NA	Saxifraga caespitosa L.	Species	unknown	unknown	earliest_occurrence_date	cal yr BP	NaN		
individualtimelinenode_f2c05308-7e21-4516-8d8f-a0c1e9295e59	12000	0	NA	Saxifraga hieraciifolia W. & K.	Species	unknown	unknown	earliest_occurrence_date	cal yr BP	NaN		
individualtimelinenode_f2c05308-7e21-4516-8d8f-a0c1e9295e59	12000	0	NA	Saxifraga tenuis (Wbg.) H. Sm.	Species	unknown	unknown	earliest_occurrence_date	cal yr BP	NaN		
individualtimelinenode_f2c05308-7e21-4516-8d8f-a0c1e9295e59	12000	0	NA	Saxifraga nivalis L.	Species	unknown	unknown	earliest_occurrence_date	cal yr BP	NaN		
individualtimelinenode_f2c05308-7e21-4516-8d8f-a0c1e9295e59	12000	0	NA	Crassulaceae	Family	unknown	unknown	earliest_occurrence_date	cal yr BP	NaN		
individualtimelinenode_f2c05308-7e21-4516-8d8f-a0c1e9295e59	12000	0	NA	Sedum	Genus	unknown	unknown	earliest_occurrence_date	cal yr BP	NaN		
individualtimelinenode_f2c05308-7e21-4516-8d8f-a0c1e9295e59	12000	0	NA	Bryophyta	Phylum	unknown	unknown	earliest_occurrence_date	cal yr BP	NaN		
individualtimelinenode_f2c05308-7e21-4516-8d8f-a0c1e9295e59	12000	0	NA	Sphagnopsida	Class	unknown	unknown	earliest_occurrence_date	cal yr BP	NaN		
individualtimelinenode_f2c05308-7e21-4516-8d8f-a0c1e9295e59	12000	0	NA	Sphagnales	Order	unknown	unknown	earliest_occurrence_date	cal yr BP	NaN		
individualtimelinenode_f2c05308-7e21-4516-8d8f-a0c1e9295e59	12000	0	NA	Sphagnaceae	Family	unknown	unknown	earliest_occurrence_date	cal yr BP	NaN		
individualtimelinenode_f2c05308-7e21-4516-8d8f-a0c1e9295e59	12000	0	NA	Sphagnum	Genus	unknown	unknown	earliest_occurrence_date	cal yr BP	NaN		
individualtimelinenode_f2c05308-7e21-4516-8d8f-a0c1e9295e59	12000	0	NA	Thalictrum alpinum L.	Species	unknown	unknown	earliest_occurrence_date	cal yr BP	NaN		
individualtimelinenode_f2c05308-7e21-4516-8d8f-a0c1e9295e59	12000	0	NA	Lamiaceae	Family	unknown	unknown	earliest_occurrence_date	cal yr BP	NaN		
individualtimelinenode_f2c05308-7e21-4516-8d8f-a0c1e9295e59	12000	0	NA	Thymus	Genus	unknown	unknown	earliest_occurrence_date	cal yr BP	NaN		
individualtimelinenode_f2c05308-7e21-4516-8d8f-a0c1e9295e59	12000	0	NA	Thymus praecox Opiz	Species	unknown	unknown	earliest_occurrence_date	cal yr BP	NaN		
individualtimelinenode_f2c05308-7e21-4516-8d8f-a0c1e9295e59	12000	0	NA	Bortychium	Genus	unknown	unknown	earliest_occurrence_date	cal yr BP	NaN		
individualtimelinenode_f2c05308-7e21-4516-8d8f-a0c1e9295e59	12000	0	NA	Coptis trifolia (L.) Salisb.	Species	unknown	unknown	earliest_occurrence_date	cal yr BP	NaN		
individualtimelinenode_f2c05308-7e21-4516-8d8f-a0c1e9295e59	12000	0	NA	Rhinanthus	Genus	unknown	unknown	earliest_occurrence_date	cal yr BP	NaN		
individualtimelinenode_f2c05308-7e21-4516-8d8f-a0c1e9295e59	12000	0	NA	Euphrasia	Genus	unknown	unknown	earliest_occurrence_date	cal yr BP	NaN		
individualtimelinenode_f2c05308-7e21-4516-8d8f-a0c1e9295e59	12000	0	NA	Bartsia	Genus	unknown	unknown	earliest_occurrence_date	cal yr BP	NaN		
individualtimelinenode_f2c05308-7e21-4516-8d8f-a0c1e9295e59	12000	0	NA	Cystopteridaceae	Family	unknown	unknown	earliest_occurrence_date	cal yr BP	NaN		
individualtimelinenode_f2c05308-7e21-4516-8d8f-a0c1e9295e59	12000	0	NA	Gymnocarpium	Genus	unknown	unknown	earliest_occurrence_date	cal yr BP	NaN		
individualtimelinenode_f2c05308-7e21-4516-8d8f-a0c1e9295e59	12000	0	NA	Gymnocarpium dryopteris (L.) Newman	Species	unknown	unknown	earliest_occurrence_date	cal yr BP	NaN		
individualtimelinenode_f2c05308-7e21-4516-8d8f-a0c1e9295e59	12000	0	NA	Ledum	Genus	unknown	unknown	earliest_occurrence_date	cal yr BP	NaN		
individualtimelinenode_f2c05308-7e21-4516-8d8f-a0c1e9295e59	12000	0	NA	Liguliflorae	Genus	unknown	unknown	earliest_occurrence_date	cal yr BP	NaN		
individualtimelinenode_f2c05308-7e21-4516-8d8f-a0c1e9295e59	12000	0	NA	Montiaceae	Family	unknown	unknown	earliest_occurrence_date	cal yr BP	NaN		
individualtimelinenode_f2c05308-7e21-4516-8d8f-a0c1e9295e59	12000	0	NA	Montia	Genus	unknown	unknown	earliest_occurrence_date	cal yr BP	NaN		
individualtimelinenode_f2c05308-7e21-4516-8d8f-a0c1e9295e59	12000	0	NA	Montia fontana L.	Species	unknown	unknown	earliest_occurrence_date	cal yr BP	NaN		
individualtimelinenode_f2c05308-7e21-4516-8d8f-a0c1e9295e59	12000	0	NA	Phyllodoce coerulea (L.) Bab.	Species	unknown	unknown	earliest_occurrence_date	cal yr BP	NaN		
individualtimelinenode_f2c05308-7e21-4516-8d8f-a0c1e9295e59	12000	0	NA	Potentilla tridentata Ait.	Species	unknown	unknown	earliest_occurrence_date	cal yr BP	NaN		
individualtimelinenode_f2c05308-7e21-4516-8d8f-a0c1e9295e59	12000	0	NA	Potentilla crantzii (Cr.) G. Beck	Species	unknown	unknown	earliest_occurrence_date	cal yr BP	NaN		
individualtimelinenode_f2c05308-7e21-4516-8d8f-a0c1e9295e59	12000	0	NA	Woodsiaceae	Family	unknown	unknown	earliest_occurrence_date	cal yr BP	NaN		
individualtimelinenode_f2c05308-7e21-4516-8d8f-a0c1e9295e59	12000	0	NA	Woodsia	Genus	unknown	unknown	earliest_occurrence_date	cal yr BP	NaN		
individualtimelinenode_f2c05308-7e21-4516-8d8f-a0c1e9295e59	12000	0	NA	Alopecurus alpinus L.	Species	unknown	unknown	earliest_occurrence_date	cal yr BP	NaN		
individualtimelinenode_f2c05308-7e21-4516-8d8f-a0c1e9295e59	12000	0	NA	Chamaenerion	Genus	unknown	unknown	earliest_occurrence_date	cal yr BP	NaN		
individualtimelinenode_f2c05308-7e21-4516-8d8f-a0c1e9295e59	12000	0	NA	Selaginella selaginoides (L.) Link.	Species	unknown	unknown	earliest_occurrence_date	cal yr BP	NaN		
individualtimelinenode_f2c05308-7e21-4516-8d8f-a0c1e9295e59	12000	0	NA	Gentianales	Order	unknown	unknown	earliest_occurrence_date	cal yr BP	NaN		
individualtimelinenode_f2c05308-7e21-4516-8d8f-a0c1e9295e59	12000	0	NA	Rubiaceae	Family	unknown	unknown	earliest_occurrence_date	cal yr BP	NaN		
individualtimelinenode_f2c05308-7e21-4516-8d8f-a0c1e9295e59	12000	0	NA	Galium	Genus	unknown	unknown	earliest_occurrence_date	cal yr BP	NaN		
individualtimelinenode_f2c05308-7e21-4516-8d8f-a0c1e9295e59	12000	0	NA	Arbutoideae	Subfamily	unknown	unknown	earliest_occurrence_date	cal yr BP	NaN		
individualtimelinenode_f2c05308-7e21-4516-8d8f-a0c1e9295e59	12000	0	NA	Arctostaphylos	Genus	unknown	unknown	earliest_occurrence_date	cal yr BP	NaN		
individualtimelinenode_f2c05308-7e21-4516-8d8f-a0c1e9295e59	12000	0	NA	Arctostaphylos alpina (L.) Spreng.	Species	unknown	unknown	earliest_occurrence_date	cal yr BP	NaN		
individualtimelinenode_f2c05308-7e21-4516-8d8f-a0c1e9295e59	12000	0	NA	Empetrum nigrum (Hagerup) Böch.	Species	unknown	unknown	earliest_occurrence_date	cal yr BP	NaN		
individualtimelinenode_f2c05308-7e21-4516-8d8f-a0c1e9295e59	12000	0	NA	Liguiflorae	Family	unknown	unknown	earliest_occurrence_date	cal yr BP	NaN		
individualtimelinenode_f2c05308-7e21-4516-8d8f-a0c1e9295e59	12000	0	NA	Pedicuralis	Genus	unknown	unknown	earliest_occurrence_date	cal yr BP	NaN		
individualtimelinenode_f2c05308-7e21-4516-8d8f-a0c1e9295e59	12000	0	NA	Phyllodoce corerulea (L.) Bab.	Species	unknown	unknown	earliest_occurrence_date	cal yr BP	NaN		
individualtimelinenode_f2c05308-7e21-4516-8d8f-a0c1e9295e59	12000	0	NA	Rhododendron lapponicum (L.) Wbg.	Species	unknown	unknown	earliest_occurrence_date	cal yr BP	NaN		
individualtimelinenode_f2c05308-7e21-4516-8d8f-a0c1e9295e59	12000	0	NA	Alnus crispa (Ait.) Pursh	Species	unknown	unknown	earliest_occurrence_date	cal yr BP	NaN		
individualtimelinenode_48d66bcb-89ff-4d3f-8713-057de0eb592b	12000	0	NA	Unknown (not yet coded)	Kingdom	unknown	unknown	earliest_occurrence_date	cal yr BP	NaN		
individualtimelinenode_48d66bcb-89ff-4d3f-8713-057de0eb592b	12000	0	NA	Life	Life	unknown	unknown	earliest_occurrence_date	cal yr BP	10428.77		
individualtimelinenode_48d66bcb-89ff-4d3f-8713-057de0eb592b	12000	0	NA	Plantae	Kingdom	unknown	unknown	earliest_occurrence_date	cal yr BP	10428.77		
individualtimelinenode_48d66bcb-89ff-4d3f-8713-057de0eb592b	12000	0	NA	Angiosperms	Phylum	unknown	unknown	earliest_occurrence_date	cal yr BP	10428.77		
individualtimelinenode_48d66bcb-89ff-4d3f-8713-057de0eb592b	12000	0	NA	Caryophyllales	Order	unknown	unknown	earliest_occurrence_date	cal yr BP	10218.65		
individualtimelinenode_48d66bcb-89ff-4d3f-8713-057de0eb592b	12000	0	NA	Plumbaginaceae	Family	unknown	unknown	earliest_occurrence_date	cal yr BP	NaN		
individualtimelinenode_48d66bcb-89ff-4d3f-8713-057de0eb592b	12000	0	NA	Limonieae	Tribe	unknown	unknown	earliest_occurrence_date	cal yr BP	NaN		
individualtimelinenode_48d66bcb-89ff-4d3f-8713-057de0eb592b	12000	0	NA	Armeria	Genus	unknown	unknown	earliest_occurrence_date	cal yr BP	NaN		
individualtimelinenode_48d66bcb-89ff-4d3f-8713-057de0eb592b	12000	0	NA	Fagales	Order	unknown	unknown	earliest_occurrence_date	cal yr BP	10428.77		
individualtimelinenode_48d66bcb-89ff-4d3f-8713-057de0eb592b	12000	0	NA	Betulaceae	Family	unknown	unknown	earliest_occurrence_date	cal yr BP	10428.77		
individualtimelinenode_48d66bcb-89ff-4d3f-8713-057de0eb592b	12000	0	NA	Betula	Genus	unknown	unknown	earliest_occurrence_date	cal yr BP	10428.77		
individualtimelinenode_48d66bcb-89ff-4d3f-8713-057de0eb592b	12000	0	NA	Betula nana L.	Species	unknown	unknown	earliest_occurrence_date	cal yr BP	5426.45		
individualtimelinenode_48d66bcb-89ff-4d3f-8713-057de0eb592b	12000	0	NA	Asterales	Order	unknown	unknown	earliest_occurrence_date	cal yr BP	9274.33		
individualtimelinenode_48d66bcb-89ff-4d3f-8713-057de0eb592b	12000	0	NA	Campanulaceae	Family	unknown	unknown	earliest_occurrence_date	cal yr BP	5893.530000000001		
individualtimelinenode_48d66bcb-89ff-4d3f-8713-057de0eb592b	12000	0	NA	Campanula	Genus	unknown	unknown	earliest_occurrence_date	cal yr BP	5893.530000000001		
individualtimelinenode_48d66bcb-89ff-4d3f-8713-057de0eb592b	12000	0	NA	Caryophyllaceae	Family	unknown	unknown	earliest_occurrence_date	cal yr BP	10218.65		
individualtimelinenode_48d66bcb-89ff-4d3f-8713-057de0eb592b	12000	0	NA	Ericales	Order	unknown	unknown	earliest_occurrence_date	cal yr BP	NaN		
individualtimelinenode_48d66bcb-89ff-4d3f-8713-057de0eb592b	12000	0	NA	Ericaceae	Family	unknown	unknown	earliest_occurrence_date	cal yr BP	NaN		
individualtimelinenode_48d66bcb-89ff-4d3f-8713-057de0eb592b	12000	0	NA	Cassiopoideae	Subfamily	unknown	unknown	earliest_occurrence_date	cal yr BP	NaN		
individualtimelinenode_48d66bcb-89ff-4d3f-8713-057de0eb592b	12000	0	NA	Cassiope	Genus	unknown	unknown	earliest_occurrence_date	cal yr BP	NaN		
individualtimelinenode_48d66bcb-89ff-4d3f-8713-057de0eb592b	12000	0	NA	Chenopodiaceae	Genus	unknown	unknown	earliest_occurrence_date	cal yr BP	NaN		
individualtimelinenode_48d66bcb-89ff-4d3f-8713-057de0eb592b	12000	0	NA	Problematic (Placeholder)	Kingdom	unknown	unknown	earliest_occurrence_date	cal yr BP	10428.77		
individualtimelinenode_48d66bcb-89ff-4d3f-8713-057de0eb592b	12000	0	NA	Cruciferae	Family	unknown	unknown	earliest_occurrence_date	cal yr BP	9685.46		
individualtimelinenode_48d66bcb-89ff-4d3f-8713-057de0eb592b	12000	0	NA	Poales	Order	unknown	unknown	earliest_occurrence_date	cal yr BP	10081.42		
individualtimelinenode_48d66bcb-89ff-4d3f-8713-057de0eb592b	12000	0	NA	Cyperaceae	Family	unknown	unknown	earliest_occurrence_date	cal yr BP	10081.42		
individualtimelinenode_48d66bcb-89ff-4d3f-8713-057de0eb592b	12000	0	NA	Rosales	Order	unknown	unknown	earliest_occurrence_date	cal yr BP	9502.8		
individualtimelinenode_48d66bcb-89ff-4d3f-8713-057de0eb592b	12000	0	NA	Rosaceae	Family	unknown	unknown	earliest_occurrence_date	cal yr BP	9502.8		
individualtimelinenode_48d66bcb-89ff-4d3f-8713-057de0eb592b	12000	0	NA	Dryas	Genus	unknown	unknown	earliest_occurrence_date	cal yr BP	NaN		
individualtimelinenode_48d66bcb-89ff-4d3f-8713-057de0eb592b	12000	0	NA	Ericoideae	Subfamily	unknown	unknown	earliest_occurrence_date	cal yr BP	NaN		
individualtimelinenode_48d66bcb-89ff-4d3f-8713-057de0eb592b	12000	0	NA	Empetrum	Genus	unknown	unknown	earliest_occurrence_date	cal yr BP	NaN		
individualtimelinenode_48d66bcb-89ff-4d3f-8713-057de0eb592b	12000	0	NA	Myrtales	Order	unknown	unknown	earliest_occurrence_date	cal yr BP	NaN		
individualtimelinenode_48d66bcb-89ff-4d3f-8713-057de0eb592b	12000	0	NA	Onagraceae	Family	unknown	unknown	earliest_occurrence_date	cal yr BP	NaN		
individualtimelinenode_48d66bcb-89ff-4d3f-8713-057de0eb592b	12000	0	NA	Epilobium	Genus	unknown	unknown	earliest_occurrence_date	cal yr BP	NaN		
individualtimelinenode_48d66bcb-89ff-4d3f-8713-057de0eb592b	12000	0	NA	Gramineae	Genus	unknown	unknown	earliest_occurrence_date	cal yr BP	10428.77		
individualtimelinenode_48d66bcb-89ff-4d3f-8713-057de0eb592b	12000	0	NA	Lycopodiophyta	Phylum	unknown	unknown	earliest_occurrence_date	cal yr BP	10428.77		
individualtimelinenode_48d66bcb-89ff-4d3f-8713-057de0eb592b	12000	0	NA	Lycopodiopsida	Class	unknown	unknown	earliest_occurrence_date	cal yr BP	10428.77		
individualtimelinenode_48d66bcb-89ff-4d3f-8713-057de0eb592b	12000	0	NA	Lycopodiales	Order	unknown	unknown	earliest_occurrence_date	cal yr BP	10428.77		
individualtimelinenode_48d66bcb-89ff-4d3f-8713-057de0eb592b	12000	0	NA	Lycopodiaceae	Family	unknown	unknown	earliest_occurrence_date	cal yr BP	10428.77		
individualtimelinenode_48d66bcb-89ff-4d3f-8713-057de0eb592b	12000	0	NA	Lycopodioideae	Subfamily	unknown	unknown	earliest_occurrence_date	cal yr BP	9274.33		
individualtimelinenode_48d66bcb-89ff-4d3f-8713-057de0eb592b	12000	0	NA	Lycopodium	Genus	unknown	unknown	earliest_occurrence_date	cal yr BP	9274.33		
individualtimelinenode_48d66bcb-89ff-4d3f-8713-057de0eb592b	12000	0	NA	Polygonaceae	Family	unknown	unknown	earliest_occurrence_date	cal yr BP	10218.65		
individualtimelinenode_48d66bcb-89ff-4d3f-8713-057de0eb592b	12000	0	NA	Oxyria	Genus	unknown	unknown	earliest_occurrence_date	cal yr BP	10218.65		
individualtimelinenode_48d66bcb-89ff-4d3f-8713-057de0eb592b	12000	0	NA	Ranunculales	Order	unknown	unknown	earliest_occurrence_date	cal yr BP	9609.34		
individualtimelinenode_48d66bcb-89ff-4d3f-8713-057de0eb592b	12000	0	NA	Papaveraceae	Family	unknown	unknown	earliest_occurrence_date	cal yr BP	NaN		
individualtimelinenode_48d66bcb-89ff-4d3f-8713-057de0eb592b	12000	0	NA	Papaveroideae	Subfamily	unknown	unknown	earliest_occurrence_date	cal yr BP	NaN		
individualtimelinenode_48d66bcb-89ff-4d3f-8713-057de0eb592b	12000	0	NA	Papavereae	Tribe	unknown	unknown	earliest_occurrence_date	cal yr BP	NaN		
individualtimelinenode_48d66bcb-89ff-4d3f-8713-057de0eb592b	12000	0	NA	Papaver	Genus	unknown	unknown	earliest_occurrence_date	cal yr BP	NaN		
individualtimelinenode_48d66bcb-89ff-4d3f-8713-057de0eb592b	12000	0	NA	Phyllodoce	Genus	unknown	unknown	earliest_occurrence_date	cal yr BP	NaN		
individualtimelinenode_48d66bcb-89ff-4d3f-8713-057de0eb592b	12000	0	NA	Polygonum	Genus	unknown	unknown	earliest_occurrence_date	cal yr BP	NaN		
individualtimelinenode_48d66bcb-89ff-4d3f-8713-057de0eb592b	12000	0	NA	Polygonum viviparum L.	Species	unknown	unknown	earliest_occurrence_date	cal yr BP	NaN		
individualtimelinenode_48d66bcb-89ff-4d3f-8713-057de0eb592b	12000	0	NA	Polypodiophyta	Phylum	unknown	unknown	earliest_occurrence_date	cal yr BP	10218.65		
individualtimelinenode_48d66bcb-89ff-4d3f-8713-057de0eb592b	12000	0	NA	Polypodiopsida	Class	unknown	unknown	earliest_occurrence_date	cal yr BP	10218.65		
individualtimelinenode_48d66bcb-89ff-4d3f-8713-057de0eb592b	12000	0	NA	Polypodiales	Order	unknown	unknown	earliest_occurrence_date	cal yr BP	10218.65		
individualtimelinenode_48d66bcb-89ff-4d3f-8713-057de0eb592b	12000	0	NA	Polypodiaceae	Family	unknown	unknown	earliest_occurrence_date	cal yr BP	10218.65		
individualtimelinenode_48d66bcb-89ff-4d3f-8713-057de0eb592b	12000	0	NA	Potentilla	Genus	unknown	unknown	earliest_occurrence_date	cal yr BP	9502.8		
individualtimelinenode_48d66bcb-89ff-4d3f-8713-057de0eb592b	12000	0	NA	Ranunculaceae	Family	unknown	unknown	earliest_occurrence_date	cal yr BP	9609.34		
individualtimelinenode_48d66bcb-89ff-4d3f-8713-057de0eb592b	12000	0	NA	Ranunculus	Genus	unknown	unknown	earliest_occurrence_date	cal yr BP	9609.34		
individualtimelinenode_48d66bcb-89ff-4d3f-8713-057de0eb592b	12000	0	NA	Malpighiales	Order	unknown	unknown	earliest_occurrence_date	cal yr BP	9274.33		
individualtimelinenode_48d66bcb-89ff-4d3f-8713-057de0eb592b	12000	0	NA	Salicaceae	Family	unknown	unknown	earliest_occurrence_date	cal yr BP	9274.33		
individualtimelinenode_48d66bcb-89ff-4d3f-8713-057de0eb592b	12000	0	NA	Salix	Genus	unknown	unknown	earliest_occurrence_date	cal yr BP	9274.33		
individualtimelinenode_48d66bcb-89ff-4d3f-8713-057de0eb592b	12000	0	NA	Salix arctica (Pall.)	Species	unknown	unknown	earliest_occurrence_date	cal yr BP	NaN		
individualtimelinenode_48d66bcb-89ff-4d3f-8713-057de0eb592b	12000	0	NA	Salix herbacea L.	Species	unknown	unknown	earliest_occurrence_date	cal yr BP	9274.33		
individualtimelinenode_48d66bcb-89ff-4d3f-8713-057de0eb592b	12000	0	NA	Saxifragales	Order	unknown	unknown	earliest_occurrence_date	cal yr BP	10218.65		
individualtimelinenode_48d66bcb-89ff-4d3f-8713-057de0eb592b	12000	0	NA	Saxifragaceae	Family	unknown	unknown	earliest_occurrence_date	cal yr BP	10218.65		
individualtimelinenode_48d66bcb-89ff-4d3f-8713-057de0eb592b	12000	0	NA	Saxifraga	Genus	unknown	unknown	earliest_occurrence_date	cal yr BP	10218.65		
individualtimelinenode_48d66bcb-89ff-4d3f-8713-057de0eb592b	12000	0	NA	Thalictrum	Genus	unknown	unknown	earliest_occurrence_date	cal yr BP	9274.33		
individualtimelinenode_48d66bcb-89ff-4d3f-8713-057de0eb592b	12000	0	NA	Lamiales	Order	unknown	unknown	earliest_occurrence_date	cal yr BP	9868.220000000001		
individualtimelinenode_48d66bcb-89ff-4d3f-8713-057de0eb592b	12000	0	NA	Orobanchaceae	Family	unknown	unknown	earliest_occurrence_date	cal yr BP	NaN		
individualtimelinenode_48d66bcb-89ff-4d3f-8713-057de0eb592b	12000	0	NA	Pedicularis	Genus	unknown	unknown	earliest_occurrence_date	cal yr BP	NaN		
individualtimelinenode_48d66bcb-89ff-4d3f-8713-057de0eb592b	12000	0	NA	Vaccinioideae	Subfamily	unknown	unknown	earliest_occurrence_date	cal yr BP	NaN		
individualtimelinenode_48d66bcb-89ff-4d3f-8713-057de0eb592b	12000	0	NA	Vaccinium	Genus	unknown	unknown	earliest_occurrence_date	cal yr BP	NaN		
individualtimelinenode_48d66bcb-89ff-4d3f-8713-057de0eb592b	12000	0	NA	Cassiope tetragona (L.) D. Don.	Species	unknown	unknown	earliest_occurrence_date	cal yr BP	NaN		
individualtimelinenode_48d66bcb-89ff-4d3f-8713-057de0eb592b	12000	0	NA	Chamaenerion latifolium (L.) Th. Fries & Lge.	Species	unknown	unknown	earliest_occurrence_date	cal yr BP	5426.45		
individualtimelinenode_48d66bcb-89ff-4d3f-8713-057de0eb592b	12000	0	NA	Cystopteris fragilis ssp. dickieana (Sim.) Hyl.	Subspecies	unknown	unknown	earliest_occurrence_date	cal yr BP	NaN		
individualtimelinenode_48d66bcb-89ff-4d3f-8713-057de0eb592b	12000	0	NA	Empetrum hermaphroditum (Hagerup) Böch.	Species	unknown	unknown	earliest_occurrence_date	cal yr BP	10428.77		
individualtimelinenode_48d66bcb-89ff-4d3f-8713-057de0eb592b	12000	0	NA	Equisetales	Order	unknown	unknown	earliest_occurrence_date	cal yr BP	10218.65		
individualtimelinenode_48d66bcb-89ff-4d3f-8713-057de0eb592b	12000	0	NA	Equisetaceae	Family	unknown	unknown	earliest_occurrence_date	cal yr BP	10218.65		
individualtimelinenode_48d66bcb-89ff-4d3f-8713-057de0eb592b	12000	0	NA	Equisetum	Genus	unknown	unknown	earliest_occurrence_date	cal yr BP	10218.65		
individualtimelinenode_48d66bcb-89ff-4d3f-8713-057de0eb592b	12000	0	NA	Huperzioideae	Subfamily	unknown	unknown	earliest_occurrence_date	cal yr BP	10428.77		
individualtimelinenode_48d66bcb-89ff-4d3f-8713-057de0eb592b	12000	0	NA	Huperzia	Genus	unknown	unknown	earliest_occurrence_date	cal yr BP	10428.77		
individualtimelinenode_48d66bcb-89ff-4d3f-8713-057de0eb592b	12000	0	NA	Huperzia selago (L.) Bernh. ex Schrank. & Mart.	Species	unknown	unknown	earliest_occurrence_date	cal yr BP	10428.77		
individualtimelinenode_48d66bcb-89ff-4d3f-8713-057de0eb592b	12000	0	NA	Oxyria digyna (L.) Hill	Species	unknown	unknown	earliest_occurrence_date	cal yr BP	10218.65		
individualtimelinenode_48d66bcb-89ff-4d3f-8713-057de0eb592b	12000	0	NA	Papaver radicatum Rottb.	Species	unknown	unknown	earliest_occurrence_date	cal yr BP	NaN		
individualtimelinenode_48d66bcb-89ff-4d3f-8713-057de0eb592b	12000	0	NA	Saxifraga paniculata Mill.	Species	unknown	unknown	earliest_occurrence_date	cal yr BP	8817.939999999999		
individualtimelinenode_48d66bcb-89ff-4d3f-8713-057de0eb592b	12000	0	NA	Saxifraga aizoides L.	Species	unknown	unknown	earliest_occurrence_date	cal yr BP	8817.939999999999		
individualtimelinenode_48d66bcb-89ff-4d3f-8713-057de0eb592b	12000	0	NA	Saxifraga tricuspidata Rottb.	Species	unknown	unknown	earliest_occurrence_date	cal yr BP	8817.939999999999		
individualtimelinenode_48d66bcb-89ff-4d3f-8713-057de0eb592b	12000	0	NA	Saxifraga oppositifolia L.	Species	unknown	unknown	earliest_occurrence_date	cal yr BP	8817.939999999999		
individualtimelinenode_48d66bcb-89ff-4d3f-8713-057de0eb592b	12000	0	NA	Alismatales	Order	unknown	unknown	earliest_occurrence_date	cal yr BP	7903		
individualtimelinenode_48d66bcb-89ff-4d3f-8713-057de0eb592b	12000	0	NA	Tofieldiaceae	Family	unknown	unknown	earliest_occurrence_date	cal yr BP	7903		
individualtimelinenode_48d66bcb-89ff-4d3f-8713-057de0eb592b	12000	0	NA	Tofieldia	Genus	unknown	unknown	earliest_occurrence_date	cal yr BP	7903		
individualtimelinenode_48d66bcb-89ff-4d3f-8713-057de0eb592b	12000	0	NA	Armeria scabra ssp. sibirica (Turcz.) Hyl.	Subspecies	unknown	unknown	earliest_occurrence_date	cal yr BP	NaN		
individualtimelinenode_48d66bcb-89ff-4d3f-8713-057de0eb592b	12000	0	NA	Campanula uniflora L.	Species	unknown	unknown	earliest_occurrence_date	cal yr BP	NaN		
individualtimelinenode_48d66bcb-89ff-4d3f-8713-057de0eb592b	12000	0	NA	Carex bigelowii Torr.	Species	unknown	unknown	earliest_occurrence_date	cal yr BP	9974.8		
individualtimelinenode_48d66bcb-89ff-4d3f-8713-057de0eb592b	12000	0	NA	Carex	Genus	unknown	unknown	earliest_occurrence_date	cal yr BP	10081.42		
individualtimelinenode_48d66bcb-89ff-4d3f-8713-057de0eb592b	12000	0	NA	Carex capillaris L.	Species	unknown	unknown	earliest_occurrence_date	cal yr BP	6927.44		
individualtimelinenode_48d66bcb-89ff-4d3f-8713-057de0eb592b	12000	0	NA	Carex misandra R.Br.	Species	unknown	unknown	earliest_occurrence_date	cal yr BP	NaN		
individualtimelinenode_48d66bcb-89ff-4d3f-8713-057de0eb592b	12000	0	NA	Carex nardina Fr.	Species	unknown	unknown	earliest_occurrence_date	cal yr BP	NaN		
individualtimelinenode_48d66bcb-89ff-4d3f-8713-057de0eb592b	12000	0	NA	Dryas integrifolia M. Vahl.	Species	unknown	unknown	earliest_occurrence_date	cal yr BP	NaN		
individualtimelinenode_48d66bcb-89ff-4d3f-8713-057de0eb592b	12000	0	NA	Juncaceae	Family	unknown	unknown	earliest_occurrence_date	cal yr BP	9609.34		
individualtimelinenode_48d66bcb-89ff-4d3f-8713-057de0eb592b	12000	0	NA	Juncus	Genus	unknown	unknown	earliest_occurrence_date	cal yr BP	9609.34		
individualtimelinenode_48d66bcb-89ff-4d3f-8713-057de0eb592b	12000	0	NA	Luzula	Genus	unknown	unknown	earliest_occurrence_date	cal yr BP	8215.630000000001		
individualtimelinenode_48d66bcb-89ff-4d3f-8713-057de0eb592b	12000	0	NA	Minuartia rubella (Wbg.) Hiern.	Species	unknown	unknown	earliest_occurrence_date	cal yr BP	NaN		
individualtimelinenode_48d66bcb-89ff-4d3f-8713-057de0eb592b	12000	0	NA	Poaceae	Family	unknown	unknown	earliest_occurrence_date	cal yr BP	7505.12		
individualtimelinenode_48d66bcb-89ff-4d3f-8713-057de0eb592b	12000	0	NA	Poa	Genus	unknown	unknown	earliest_occurrence_date	cal yr BP	7505.12		
individualtimelinenode_48d66bcb-89ff-4d3f-8713-057de0eb592b	12000	0	NA	Silene	Genus	unknown	unknown	earliest_occurrence_date	cal yr BP	10188.15		
individualtimelinenode_48d66bcb-89ff-4d3f-8713-057de0eb592b	12000	0	NA	Silene acaulis (L.) Jacq.	Species	unknown	unknown	earliest_occurrence_date	cal yr BP	10188.15		
individualtimelinenode_48d66bcb-89ff-4d3f-8713-057de0eb592b	12000	0	NA	Oxycoccus	Genus	unknown	unknown	earliest_occurrence_date	cal yr BP	NaN		
individualtimelinenode_48d66bcb-89ff-4d3f-8713-057de0eb592b	12000	0	NA	Vaccinium uliginosum L.	Species	unknown	unknown	earliest_occurrence_date	cal yr BP	NaN		
individualtimelinenode_48d66bcb-89ff-4d3f-8713-057de0eb592b	12000	0	NA	Vaccinium vitis-idaea L.	Species	unknown	unknown	earliest_occurrence_date	cal yr BP	NaN		
individualtimelinenode_48d66bcb-89ff-4d3f-8713-057de0eb592b	12000	0	NA	Alchemilla	Genus	unknown	unknown	earliest_occurrence_date	cal yr BP	4992.58		
individualtimelinenode_48d66bcb-89ff-4d3f-8713-057de0eb592b	12000	0	NA	Alchemilla alpina L.	Species	unknown	unknown	earliest_occurrence_date	cal yr BP	4992.58		
individualtimelinenode_48d66bcb-89ff-4d3f-8713-057de0eb592b	12000	0	NA	Alnus	Genus	unknown	unknown	earliest_occurrence_date	cal yr BP	10428.77		
individualtimelinenode_48d66bcb-89ff-4d3f-8713-057de0eb592b	12000	0	NA	Asteraceae	Family	unknown	unknown	earliest_occurrence_date	cal yr BP	9274.33		
individualtimelinenode_48d66bcb-89ff-4d3f-8713-057de0eb592b	12000	0	NA	Asteroideae	Subfamily	unknown	unknown	earliest_occurrence_date	cal yr BP	9274.33		
individualtimelinenode_48d66bcb-89ff-4d3f-8713-057de0eb592b	12000	0	NA	Anthemideae	Tribe	unknown	unknown	earliest_occurrence_date	cal yr BP	9274.33		
individualtimelinenode_48d66bcb-89ff-4d3f-8713-057de0eb592b	12000	0	NA	Artemisia	Genus	unknown	unknown	earliest_occurrence_date	cal yr BP	9274.33		
individualtimelinenode_48d66bcb-89ff-4d3f-8713-057de0eb592b	12000	0	NA	Ophioglossales	Order	unknown	unknown	earliest_occurrence_date	cal yr BP	7618.8		
individualtimelinenode_48d66bcb-89ff-4d3f-8713-057de0eb592b	12000	0	NA	Ophioglossaceae	Family	unknown	unknown	earliest_occurrence_date	cal yr BP	7618.8		
individualtimelinenode_48d66bcb-89ff-4d3f-8713-057de0eb592b	12000	0	NA	Botrychioideae	Subfamily	unknown	unknown	earliest_occurrence_date	cal yr BP	7618.8		
individualtimelinenode_48d66bcb-89ff-4d3f-8713-057de0eb592b	12000	0	NA	Botrychium	Genus	unknown	unknown	earliest_occurrence_date	cal yr BP	7618.8		
individualtimelinenode_48d66bcb-89ff-4d3f-8713-057de0eb592b	12000	0	NA	Carex brunescens (Pers.) Poir.	Species	unknown	unknown	earliest_occurrence_date	cal yr BP	7318.02		
individualtimelinenode_48d66bcb-89ff-4d3f-8713-057de0eb592b	12000	0	NA	Carex gynocrates Wormsk.	Species	unknown	unknown	earliest_occurrence_date	cal yr BP	7318.02		
individualtimelinenode_48d66bcb-89ff-4d3f-8713-057de0eb592b	12000	0	NA	Carex lachenalii Schkuhr.	Species	unknown	unknown	earliest_occurrence_date	cal yr BP	9868.220000000001		
individualtimelinenode_48d66bcb-89ff-4d3f-8713-057de0eb592b	12000	0	NA	Carex norvegica L.	Species	unknown	unknown	earliest_occurrence_date	cal yr BP	9868.220000000001		
individualtimelinenode_48d66bcb-89ff-4d3f-8713-057de0eb592b	12000	0	NA	Carex rufina Drej.	Species	unknown	unknown	earliest_occurrence_date	cal yr BP	9868.220000000001		
individualtimelinenode_48d66bcb-89ff-4d3f-8713-057de0eb592b	12000	0	NA	Minuartia	Genus	unknown	unknown	earliest_occurrence_date	cal yr BP	10218.65		
individualtimelinenode_48d66bcb-89ff-4d3f-8713-057de0eb592b	12000	0	NA	Minuartia stricta (Sw). Hiern.	Species	unknown	unknown	earliest_occurrence_date	cal yr BP	10218.65		
individualtimelinenode_48d66bcb-89ff-4d3f-8713-057de0eb592b	12000	0	NA	Minuartia groenlandica Retz.	Species	unknown	unknown	earliest_occurrence_date	cal yr BP	10218.65		
individualtimelinenode_48d66bcb-89ff-4d3f-8713-057de0eb592b	12000	0	NA	Stellaria calycantha (Led.) Bong.	Species	unknown	unknown	earliest_occurrence_date	cal yr BP	10218.65		
individualtimelinenode_48d66bcb-89ff-4d3f-8713-057de0eb592b	12000	0	NA	Stellaria longipes Goldie	Species	unknown	unknown	earliest_occurrence_date	cal yr BP	10218.65		
individualtimelinenode_48d66bcb-89ff-4d3f-8713-057de0eb592b	12000	0	NA	Cerastium fontanum Baumg.	Species	unknown	unknown	earliest_occurrence_date	cal yr BP	10218.65		
individualtimelinenode_48d66bcb-89ff-4d3f-8713-057de0eb592b	12000	0	NA	Cerastium arcticum Lge.	Species	unknown	unknown	earliest_occurrence_date	cal yr BP	10218.65		
individualtimelinenode_48d66bcb-89ff-4d3f-8713-057de0eb592b	12000	0	NA	Cerastium alpinum L.	Species	unknown	unknown	earliest_occurrence_date	cal yr BP	10218.65		
individualtimelinenode_48d66bcb-89ff-4d3f-8713-057de0eb592b	12000	0	NA	Brassicales	Order	unknown	unknown	earliest_occurrence_date	cal yr BP	8696.25		
individualtimelinenode_48d66bcb-89ff-4d3f-8713-057de0eb592b	12000	0	NA	Brassicaceae	Family	unknown	unknown	earliest_occurrence_date	cal yr BP	8696.25		
individualtimelinenode_48d66bcb-89ff-4d3f-8713-057de0eb592b	12000	0	NA	Brassicoideae	Subfamily	unknown	unknown	earliest_occurrence_date	cal yr BP	8696.25		
individualtimelinenode_48d66bcb-89ff-4d3f-8713-057de0eb592b	12000	0	NA	Arabideae	Tribe	unknown	unknown	earliest_occurrence_date	cal yr BP	8696.25		
individualtimelinenode_48d66bcb-89ff-4d3f-8713-057de0eb592b	12000	0	NA	Draba	Genus	unknown	unknown	earliest_occurrence_date	cal yr BP	8696.25		
individualtimelinenode_48d66bcb-89ff-4d3f-8713-057de0eb592b	12000	0	NA	Harrimanelloideae	Subfamily	unknown	unknown	earliest_occurrence_date	cal yr BP	NaN		
individualtimelinenode_48d66bcb-89ff-4d3f-8713-057de0eb592b	12000	0	NA	Harrimanella	Genus	unknown	unknown	earliest_occurrence_date	cal yr BP	NaN		
individualtimelinenode_48d66bcb-89ff-4d3f-8713-057de0eb592b	12000	0	NA	Harrimanella hypnoides (L.) Coville.	Species	unknown	unknown	earliest_occurrence_date	cal yr BP	NaN		
individualtimelinenode_48d66bcb-89ff-4d3f-8713-057de0eb592b	12000	0	NA	Plantaginaceae	Family	unknown	unknown	earliest_occurrence_date	cal yr BP	9868.220000000001		
individualtimelinenode_48d66bcb-89ff-4d3f-8713-057de0eb592b	12000	0	NA	Hippuris	Genus	unknown	unknown	earliest_occurrence_date	cal yr BP	9868.220000000001		
individualtimelinenode_48d66bcb-89ff-4d3f-8713-057de0eb592b	12000	0	NA	Hippuris vulgaris L.	Species	unknown	unknown	earliest_occurrence_date	cal yr BP	9868.220000000001		
individualtimelinenode_48d66bcb-89ff-4d3f-8713-057de0eb592b	12000	0	NA	Pinophyta	Phylum	unknown	unknown	earliest_occurrence_date	cal yr BP	8101.94		
individualtimelinenode_48d66bcb-89ff-4d3f-8713-057de0eb592b	12000	0	NA	Pinopsida	Class	unknown	unknown	earliest_occurrence_date	cal yr BP	8101.94		
individualtimelinenode_48d66bcb-89ff-4d3f-8713-057de0eb592b	12000	0	NA	Cupressales	Order	unknown	unknown	earliest_occurrence_date	cal yr BP	8101.94		
individualtimelinenode_48d66bcb-89ff-4d3f-8713-057de0eb592b	12000	0	NA	Cupressaceae	Family	unknown	unknown	earliest_occurrence_date	cal yr BP	8101.94		
individualtimelinenode_48d66bcb-89ff-4d3f-8713-057de0eb592b	12000	0	NA	Juniperus	Genus	unknown	unknown	earliest_occurrence_date	cal yr BP	8101.94		
individualtimelinenode_48d66bcb-89ff-4d3f-8713-057de0eb592b	12000	0	NA	Juniperus communis L.	Species	unknown	unknown	earliest_occurrence_date	cal yr BP	8101.94		
individualtimelinenode_48d66bcb-89ff-4d3f-8713-057de0eb592b	12000	0	NA	Koenigia	Genus	unknown	unknown	earliest_occurrence_date	cal yr BP	10218.65		
individualtimelinenode_48d66bcb-89ff-4d3f-8713-057de0eb592b	12000	0	NA	Koenigia islandica L.	Species	unknown	unknown	earliest_occurrence_date	cal yr BP	10218.65		
individualtimelinenode_48d66bcb-89ff-4d3f-8713-057de0eb592b	12000	0	NA	Loiseleuria procumbens (L.) Desv.	Species	unknown	unknown	earliest_occurrence_date	cal yr BP	9852.96		
individualtimelinenode_48d66bcb-89ff-4d3f-8713-057de0eb592b	12000	0	NA	Lycopodium clavatum L.	Species	unknown	unknown	earliest_occurrence_date	cal yr BP	9274.33		
individualtimelinenode_48d66bcb-89ff-4d3f-8713-057de0eb592b	12000	0	NA	Diphasium	Genus	unknown	unknown	earliest_occurrence_date	cal yr BP	9274.33		
individualtimelinenode_48d66bcb-89ff-4d3f-8713-057de0eb592b	12000	0	NA	Diphasium complanatum (L.) Rothm.	Species	unknown	unknown	earliest_occurrence_date	cal yr BP	9274.33		
individualtimelinenode_48d66bcb-89ff-4d3f-8713-057de0eb592b	12000	0	NA	Diphasium alpinum (L.) Rothm.	Species	unknown	unknown	earliest_occurrence_date	cal yr BP	9274.33		
individualtimelinenode_48d66bcb-89ff-4d3f-8713-057de0eb592b	12000	0	NA	Lycopodium dubium Zoega.	Species	unknown	unknown	earliest_occurrence_date	cal yr BP	9274.33		
individualtimelinenode_48d66bcb-89ff-4d3f-8713-057de0eb592b	12000	0	NA	Minuratia rubella (Wbg.) Hiern.	Species	unknown	unknown	earliest_occurrence_date	cal yr BP	10188.15		
individualtimelinenode_48d66bcb-89ff-4d3f-8713-057de0eb592b	12000	0	NA	Phippsia algida (Sol.) R. Br.	Species	unknown	unknown	earliest_occurrence_date	cal yr BP	7505.12		
individualtimelinenode_48d66bcb-89ff-4d3f-8713-057de0eb592b	12000	0	NA	Potamogetonaceae	Family	unknown	unknown	earliest_occurrence_date	cal yr BP	NaN		
individualtimelinenode_48d66bcb-89ff-4d3f-8713-057de0eb592b	12000	0	NA	Potamogeton	Genus	unknown	unknown	earliest_occurrence_date	cal yr BP	NaN		
individualtimelinenode_48d66bcb-89ff-4d3f-8713-057de0eb592b	12000	0	NA	Potamogeton pusillus L.	Species	unknown	unknown	earliest_occurrence_date	cal yr BP	NaN		
individualtimelinenode_48d66bcb-89ff-4d3f-8713-057de0eb592b	12000	0	NA	Sibbaldia procumbens L.	Species	unknown	unknown	earliest_occurrence_date	cal yr BP	9502.8		
individualtimelinenode_48d66bcb-89ff-4d3f-8713-057de0eb592b	12000	0	NA	Comarum	Genus	unknown	unknown	earliest_occurrence_date	cal yr BP	9502.8		
individualtimelinenode_48d66bcb-89ff-4d3f-8713-057de0eb592b	12000	0	NA	Comarum palustre L.	Species	unknown	unknown	earliest_occurrence_date	cal yr BP	9502.8		
individualtimelinenode_48d66bcb-89ff-4d3f-8713-057de0eb592b	12000	0	NA	Potentilla anserina L.	Species	unknown	unknown	earliest_occurrence_date	cal yr BP	9502.8		
individualtimelinenode_48d66bcb-89ff-4d3f-8713-057de0eb592b	12000	0	NA	Potentilla hyparctica Malte	Species	unknown	unknown	earliest_occurrence_date	cal yr BP	9502.8		
individualtimelinenode_48d66bcb-89ff-4d3f-8713-057de0eb592b	12000	0	NA	Potentilla nivea L.	Species	unknown	unknown	earliest_occurrence_date	cal yr BP	9502.8		
individualtimelinenode_48d66bcb-89ff-4d3f-8713-057de0eb592b	12000	0	NA	Potentilla hookeriana Lehm.	Species	unknown	unknown	earliest_occurrence_date	cal yr BP	9502.8		
individualtimelinenode_48d66bcb-89ff-4d3f-8713-057de0eb592b	12000	0	NA	Potentilla pulchella R. Br.	Species	unknown	unknown	earliest_occurrence_date	cal yr BP	9502.8		
individualtimelinenode_48d66bcb-89ff-4d3f-8713-057de0eb592b	12000	0	NA	Potentilla egedii Wormsk.	Species	unknown	unknown	earliest_occurrence_date	cal yr BP	9502.8		
individualtimelinenode_48d66bcb-89ff-4d3f-8713-057de0eb592b	12000	0	NA	Ranunculus confervoides (Fr.) Asch. & Graebn.	Species	unknown	unknown	earliest_occurrence_date	cal yr BP	9868.220000000001		
individualtimelinenode_48d66bcb-89ff-4d3f-8713-057de0eb592b	12000	0	NA	Ranunculus hyperboreus Rottb.	Species	unknown	unknown	earliest_occurrence_date	cal yr BP	9609.34		
individualtimelinenode_48d66bcb-89ff-4d3f-8713-057de0eb592b	12000	0	NA	Rumex	Genus	unknown	unknown	earliest_occurrence_date	cal yr BP	6161.81		
individualtimelinenode_48d66bcb-89ff-4d3f-8713-057de0eb592b	12000	0	NA	Rumex acetosella L.	Species	unknown	unknown	earliest_occurrence_date	cal yr BP	6161.81		
individualtimelinenode_48d66bcb-89ff-4d3f-8713-057de0eb592b	12000	0	NA	Sagina	Genus	unknown	unknown	earliest_occurrence_date	cal yr BP	10218.65		
individualtimelinenode_48d66bcb-89ff-4d3f-8713-057de0eb592b	12000	0	NA	Saxifraga hyperborea R. Br.	Species	unknown	unknown	earliest_occurrence_date	cal yr BP	10218.65		
individualtimelinenode_48d66bcb-89ff-4d3f-8713-057de0eb592b	12000	0	NA	Saxifraga rivularis L.	Species	unknown	unknown	earliest_occurrence_date	cal yr BP	10218.65		
individualtimelinenode_48d66bcb-89ff-4d3f-8713-057de0eb592b	12000	0	NA	Saxifraga flagellaris Willd.	Species	unknown	unknown	earliest_occurrence_date	cal yr BP	10218.65		
individualtimelinenode_48d66bcb-89ff-4d3f-8713-057de0eb592b	12000	0	NA	Saxifraga hirculus L.	Species	unknown	unknown	earliest_occurrence_date	cal yr BP	10218.65		
individualtimelinenode_48d66bcb-89ff-4d3f-8713-057de0eb592b	12000	0	NA	Saxifraga cernua L.	Species	unknown	unknown	earliest_occurrence_date	cal yr BP	10218.65		
individualtimelinenode_48d66bcb-89ff-4d3f-8713-057de0eb592b	12000	0	NA	Saxifraga caespitosa L.	Species	unknown	unknown	earliest_occurrence_date	cal yr BP	10218.65		
individualtimelinenode_48d66bcb-89ff-4d3f-8713-057de0eb592b	12000	0	NA	Saxifraga hieraciifolia W. & K.	Species	unknown	unknown	earliest_occurrence_date	cal yr BP	NaN		
individualtimelinenode_48d66bcb-89ff-4d3f-8713-057de0eb592b	12000	0	NA	Saxifraga tenuis (Wbg.) H. Sm.	Species	unknown	unknown	earliest_occurrence_date	cal yr BP	NaN		
individualtimelinenode_48d66bcb-89ff-4d3f-8713-057de0eb592b	12000	0	NA	Saxifraga nivalis L.	Species	unknown	unknown	earliest_occurrence_date	cal yr BP	NaN		
individualtimelinenode_48d66bcb-89ff-4d3f-8713-057de0eb592b	12000	0	NA	Crassulaceae	Family	unknown	unknown	earliest_occurrence_date	cal yr BP	4491.98		
individualtimelinenode_48d66bcb-89ff-4d3f-8713-057de0eb592b	12000	0	NA	Sedum	Genus	unknown	unknown	earliest_occurrence_date	cal yr BP	4491.98		
individualtimelinenode_48d66bcb-89ff-4d3f-8713-057de0eb592b	12000	0	NA	Bryophyta	Phylum	unknown	unknown	earliest_occurrence_date	cal yr BP	7618.8		
individualtimelinenode_48d66bcb-89ff-4d3f-8713-057de0eb592b	12000	0	NA	Sphagnopsida	Class	unknown	unknown	earliest_occurrence_date	cal yr BP	7618.8		
individualtimelinenode_48d66bcb-89ff-4d3f-8713-057de0eb592b	12000	0	NA	Sphagnales	Order	unknown	unknown	earliest_occurrence_date	cal yr BP	7618.8		
individualtimelinenode_48d66bcb-89ff-4d3f-8713-057de0eb592b	12000	0	NA	Sphagnaceae	Family	unknown	unknown	earliest_occurrence_date	cal yr BP	7618.8		
individualtimelinenode_48d66bcb-89ff-4d3f-8713-057de0eb592b	12000	0	NA	Sphagnum	Genus	unknown	unknown	earliest_occurrence_date	cal yr BP	7618.8		
individualtimelinenode_48d66bcb-89ff-4d3f-8713-057de0eb592b	12000	0	NA	Thalictrum alpinum L.	Species	unknown	unknown	earliest_occurrence_date	cal yr BP	9274.33		
individualtimelinenode_48d66bcb-89ff-4d3f-8713-057de0eb592b	12000	0	NA	Lamiaceae	Family	unknown	unknown	earliest_occurrence_date	cal yr BP	5059.389999999999		
individualtimelinenode_48d66bcb-89ff-4d3f-8713-057de0eb592b	12000	0	NA	Thymus	Genus	unknown	unknown	earliest_occurrence_date	cal yr BP	5059.389999999999		
individualtimelinenode_48d66bcb-89ff-4d3f-8713-057de0eb592b	12000	0	NA	Thymus praecox Opiz	Species	unknown	unknown	earliest_occurrence_date	cal yr BP	5059.389999999999		
individualtimelinenode_48d66bcb-89ff-4d3f-8713-057de0eb592b	12000	0	NA	Bortychium	Genus	unknown	unknown	earliest_occurrence_date	cal yr BP	NaN		
individualtimelinenode_48d66bcb-89ff-4d3f-8713-057de0eb592b	12000	0	NA	Coptis trifolia (L.) Salisb.	Species	unknown	unknown	earliest_occurrence_date	cal yr BP	NaN		
individualtimelinenode_48d66bcb-89ff-4d3f-8713-057de0eb592b	12000	0	NA	Rhinanthus	Genus	unknown	unknown	earliest_occurrence_date	cal yr BP	NaN		
individualtimelinenode_48d66bcb-89ff-4d3f-8713-057de0eb592b	12000	0	NA	Euphrasia	Genus	unknown	unknown	earliest_occurrence_date	cal yr BP	NaN		
individualtimelinenode_48d66bcb-89ff-4d3f-8713-057de0eb592b	12000	0	NA	Bartsia	Genus	unknown	unknown	earliest_occurrence_date	cal yr BP	NaN		
individualtimelinenode_48d66bcb-89ff-4d3f-8713-057de0eb592b	12000	0	NA	Cystopteridaceae	Family	unknown	unknown	earliest_occurrence_date	cal yr BP	NaN		
individualtimelinenode_48d66bcb-89ff-4d3f-8713-057de0eb592b	12000	0	NA	Gymnocarpium	Genus	unknown	unknown	earliest_occurrence_date	cal yr BP	NaN		
individualtimelinenode_48d66bcb-89ff-4d3f-8713-057de0eb592b	12000	0	NA	Gymnocarpium dryopteris (L.) Newman	Species	unknown	unknown	earliest_occurrence_date	cal yr BP	NaN		
individualtimelinenode_48d66bcb-89ff-4d3f-8713-057de0eb592b	12000	0	NA	Ledum	Genus	unknown	unknown	earliest_occurrence_date	cal yr BP	NaN		
individualtimelinenode_48d66bcb-89ff-4d3f-8713-057de0eb592b	12000	0	NA	Liguliflorae	Genus	unknown	unknown	earliest_occurrence_date	cal yr BP	NaN		
individualtimelinenode_48d66bcb-89ff-4d3f-8713-057de0eb592b	12000	0	NA	Montiaceae	Family	unknown	unknown	earliest_occurrence_date	cal yr BP	NaN		
individualtimelinenode_48d66bcb-89ff-4d3f-8713-057de0eb592b	12000	0	NA	Montia	Genus	unknown	unknown	earliest_occurrence_date	cal yr BP	NaN		
individualtimelinenode_48d66bcb-89ff-4d3f-8713-057de0eb592b	12000	0	NA	Montia fontana L.	Species	unknown	unknown	earliest_occurrence_date	cal yr BP	NaN		
individualtimelinenode_48d66bcb-89ff-4d3f-8713-057de0eb592b	12000	0	NA	Phyllodoce coerulea (L.) Bab.	Species	unknown	unknown	earliest_occurrence_date	cal yr BP	NaN		
individualtimelinenode_48d66bcb-89ff-4d3f-8713-057de0eb592b	12000	0	NA	Potentilla tridentata Ait.	Species	unknown	unknown	earliest_occurrence_date	cal yr BP	NaN		
individualtimelinenode_48d66bcb-89ff-4d3f-8713-057de0eb592b	12000	0	NA	Potentilla crantzii (Cr.) G. Beck	Species	unknown	unknown	earliest_occurrence_date	cal yr BP	NaN		
individualtimelinenode_48d66bcb-89ff-4d3f-8713-057de0eb592b	12000	0	NA	Woodsiaceae	Family	unknown	unknown	earliest_occurrence_date	cal yr BP	NaN		
individualtimelinenode_48d66bcb-89ff-4d3f-8713-057de0eb592b	12000	0	NA	Woodsia	Genus	unknown	unknown	earliest_occurrence_date	cal yr BP	NaN		
individualtimelinenode_48d66bcb-89ff-4d3f-8713-057de0eb592b	12000	0	NA	Alopecurus alpinus L.	Species	unknown	unknown	earliest_occurrence_date	cal yr BP	NaN		
individualtimelinenode_48d66bcb-89ff-4d3f-8713-057de0eb592b	12000	0	NA	Chamaenerion	Genus	unknown	unknown	earliest_occurrence_date	cal yr BP	NaN		
individualtimelinenode_48d66bcb-89ff-4d3f-8713-057de0eb592b	12000	0	NA	Selaginella selaginoides (L.) Link.	Species	unknown	unknown	earliest_occurrence_date	cal yr BP	NaN		
individualtimelinenode_48d66bcb-89ff-4d3f-8713-057de0eb592b	12000	0	NA	Gentianales	Order	unknown	unknown	earliest_occurrence_date	cal yr BP	NaN		
individualtimelinenode_48d66bcb-89ff-4d3f-8713-057de0eb592b	12000	0	NA	Rubiaceae	Family	unknown	unknown	earliest_occurrence_date	cal yr BP	NaN		
individualtimelinenode_48d66bcb-89ff-4d3f-8713-057de0eb592b	12000	0	NA	Galium	Genus	unknown	unknown	earliest_occurrence_date	cal yr BP	NaN		
individualtimelinenode_48d66bcb-89ff-4d3f-8713-057de0eb592b	12000	0	NA	Arbutoideae	Subfamily	unknown	unknown	earliest_occurrence_date	cal yr BP	NaN		
individualtimelinenode_48d66bcb-89ff-4d3f-8713-057de0eb592b	12000	0	NA	Arctostaphylos	Genus	unknown	unknown	earliest_occurrence_date	cal yr BP	NaN		
individualtimelinenode_48d66bcb-89ff-4d3f-8713-057de0eb592b	12000	0	NA	Arctostaphylos alpina (L.) Spreng.	Species	unknown	unknown	earliest_occurrence_date	cal yr BP	NaN		
individualtimelinenode_48d66bcb-89ff-4d3f-8713-057de0eb592b	12000	0	NA	Empetrum nigrum (Hagerup) Böch.	Species	unknown	unknown	earliest_occurrence_date	cal yr BP	NaN		
individualtimelinenode_48d66bcb-89ff-4d3f-8713-057de0eb592b	12000	0	NA	Liguiflorae	Family	unknown	unknown	earliest_occurrence_date	cal yr BP	NaN		
individualtimelinenode_48d66bcb-89ff-4d3f-8713-057de0eb592b	12000	0	NA	Pedicuralis	Genus	unknown	unknown	earliest_occurrence_date	cal yr BP	NaN		
individualtimelinenode_48d66bcb-89ff-4d3f-8713-057de0eb592b	12000	0	NA	Phyllodoce corerulea (L.) Bab.	Species	unknown	unknown	earliest_occurrence_date	cal yr BP	NaN		
individualtimelinenode_48d66bcb-89ff-4d3f-8713-057de0eb592b	12000	0	NA	Rhododendron lapponicum (L.) Wbg.	Species	unknown	unknown	earliest_occurrence_date	cal yr BP	NaN		
individualtimelinenode_48d66bcb-89ff-4d3f-8713-057de0eb592b	12000	0	NA	Alnus crispa (Ait.) Pursh	Species	unknown	unknown	earliest_occurrence_date	cal yr BP	NaN		
individualtimelinenode_317065f9-d59a-4a58-9592-ba20dcf81572	12000	0	NA	Unknown (not yet coded)	Kingdom	unknown	unknown	earliest_occurrence_date	cal yr BP	NaN		
individualtimelinenode_317065f9-d59a-4a58-9592-ba20dcf81572	12000	0	NA	Life	Life	unknown	unknown	earliest_occurrence_date	cal yr BP	10281.25		
individualtimelinenode_317065f9-d59a-4a58-9592-ba20dcf81572	12000	0	NA	Plantae	Kingdom	unknown	unknown	earliest_occurrence_date	cal yr BP	10281.25		
individualtimelinenode_317065f9-d59a-4a58-9592-ba20dcf81572	12000	0	NA	Angiosperms	Phylum	unknown	unknown	earliest_occurrence_date	cal yr BP	10281.25		
individualtimelinenode_317065f9-d59a-4a58-9592-ba20dcf81572	12000	0	NA	Caryophyllales	Order	unknown	unknown	earliest_occurrence_date	cal yr BP	10281.25		
individualtimelinenode_317065f9-d59a-4a58-9592-ba20dcf81572	12000	0	NA	Plumbaginaceae	Family	unknown	unknown	earliest_occurrence_date	cal yr BP	NaN		
individualtimelinenode_317065f9-d59a-4a58-9592-ba20dcf81572	12000	0	NA	Limonieae	Tribe	unknown	unknown	earliest_occurrence_date	cal yr BP	NaN		
individualtimelinenode_317065f9-d59a-4a58-9592-ba20dcf81572	12000	0	NA	Armeria	Genus	unknown	unknown	earliest_occurrence_date	cal yr BP	NaN		
individualtimelinenode_317065f9-d59a-4a58-9592-ba20dcf81572	12000	0	NA	Fagales	Order	unknown	unknown	earliest_occurrence_date	cal yr BP	9883.71		
individualtimelinenode_317065f9-d59a-4a58-9592-ba20dcf81572	12000	0	NA	Betulaceae	Family	unknown	unknown	earliest_occurrence_date	cal yr BP	9883.71		
individualtimelinenode_317065f9-d59a-4a58-9592-ba20dcf81572	12000	0	NA	Betula	Genus	unknown	unknown	earliest_occurrence_date	cal yr BP	9883.71		
individualtimelinenode_317065f9-d59a-4a58-9592-ba20dcf81572	12000	0	NA	Betula nana L.	Species	unknown	unknown	earliest_occurrence_date	cal yr BP	NaN		
individualtimelinenode_317065f9-d59a-4a58-9592-ba20dcf81572	12000	0	NA	Asterales	Order	unknown	unknown	earliest_occurrence_date	cal yr BP	10281.25		
individualtimelinenode_317065f9-d59a-4a58-9592-ba20dcf81572	12000	0	NA	Campanulaceae	Family	unknown	unknown	earliest_occurrence_date	cal yr BP	10281.25		
individualtimelinenode_317065f9-d59a-4a58-9592-ba20dcf81572	12000	0	NA	Campanula	Genus	unknown	unknown	earliest_occurrence_date	cal yr BP	10281.25		
individualtimelinenode_317065f9-d59a-4a58-9592-ba20dcf81572	12000	0	NA	Caryophyllaceae	Family	unknown	unknown	earliest_occurrence_date	cal yr BP	10281.25		
individualtimelinenode_317065f9-d59a-4a58-9592-ba20dcf81572	12000	0	NA	Ericales	Order	unknown	unknown	earliest_occurrence_date	cal yr BP	10281.25		
individualtimelinenode_317065f9-d59a-4a58-9592-ba20dcf81572	12000	0	NA	Ericaceae	Family	unknown	unknown	earliest_occurrence_date	cal yr BP	10281.25		
individualtimelinenode_317065f9-d59a-4a58-9592-ba20dcf81572	12000	0	NA	Cassiopoideae	Subfamily	unknown	unknown	earliest_occurrence_date	cal yr BP	NaN		
individualtimelinenode_317065f9-d59a-4a58-9592-ba20dcf81572	12000	0	NA	Cassiope	Genus	unknown	unknown	earliest_occurrence_date	cal yr BP	NaN		
individualtimelinenode_317065f9-d59a-4a58-9592-ba20dcf81572	12000	0	NA	Chenopodiaceae	Genus	unknown	unknown	earliest_occurrence_date	cal yr BP	NaN		
individualtimelinenode_317065f9-d59a-4a58-9592-ba20dcf81572	12000	0	NA	Problematic (Placeholder)	Kingdom	unknown	unknown	earliest_occurrence_date	cal yr BP	10281.25		
individualtimelinenode_317065f9-d59a-4a58-9592-ba20dcf81572	12000	0	NA	Cruciferae	Family	unknown	unknown	earliest_occurrence_date	cal yr BP	NaN		
individualtimelinenode_317065f9-d59a-4a58-9592-ba20dcf81572	12000	0	NA	Poales	Order	unknown	unknown	earliest_occurrence_date	cal yr BP	10281.25		
individualtimelinenode_317065f9-d59a-4a58-9592-ba20dcf81572	12000	0	NA	Cyperaceae	Family	unknown	unknown	earliest_occurrence_date	cal yr BP	10281.25		
individualtimelinenode_317065f9-d59a-4a58-9592-ba20dcf81572	12000	0	NA	Rosales	Order	unknown	unknown	earliest_occurrence_date	cal yr BP	NaN		
individualtimelinenode_317065f9-d59a-4a58-9592-ba20dcf81572	12000	0	NA	Rosaceae	Family	unknown	unknown	earliest_occurrence_date	cal yr BP	NaN		
individualtimelinenode_317065f9-d59a-4a58-9592-ba20dcf81572	12000	0	NA	Dryas	Genus	unknown	unknown	earliest_occurrence_date	cal yr BP	NaN		
individualtimelinenode_317065f9-d59a-4a58-9592-ba20dcf81572	12000	0	NA	Ericoideae	Subfamily	unknown	unknown	earliest_occurrence_date	cal yr BP	10281.25		
individualtimelinenode_317065f9-d59a-4a58-9592-ba20dcf81572	12000	0	NA	Empetrum	Genus	unknown	unknown	earliest_occurrence_date	cal yr BP	10281.25		
individualtimelinenode_317065f9-d59a-4a58-9592-ba20dcf81572	12000	0	NA	Myrtales	Order	unknown	unknown	earliest_occurrence_date	cal yr BP	NaN		
individualtimelinenode_317065f9-d59a-4a58-9592-ba20dcf81572	12000	0	NA	Onagraceae	Family	unknown	unknown	earliest_occurrence_date	cal yr BP	NaN		
individualtimelinenode_317065f9-d59a-4a58-9592-ba20dcf81572	12000	0	NA	Epilobium	Genus	unknown	unknown	earliest_occurrence_date	cal yr BP	NaN		
individualtimelinenode_317065f9-d59a-4a58-9592-ba20dcf81572	12000	0	NA	Gramineae	Genus	unknown	unknown	earliest_occurrence_date	cal yr BP	10281.25		
individualtimelinenode_317065f9-d59a-4a58-9592-ba20dcf81572	12000	0	NA	Lycopodiophyta	Phylum	unknown	unknown	earliest_occurrence_date	cal yr BP	10281.25		
individualtimelinenode_317065f9-d59a-4a58-9592-ba20dcf81572	12000	0	NA	Lycopodiopsida	Class	unknown	unknown	earliest_occurrence_date	cal yr BP	10281.25		
individualtimelinenode_317065f9-d59a-4a58-9592-ba20dcf81572	12000	0	NA	Lycopodiales	Order	unknown	unknown	earliest_occurrence_date	cal yr BP	10281.25		
individualtimelinenode_317065f9-d59a-4a58-9592-ba20dcf81572	12000	0	NA	Lycopodiaceae	Family	unknown	unknown	earliest_occurrence_date	cal yr BP	10281.25		
individualtimelinenode_317065f9-d59a-4a58-9592-ba20dcf81572	12000	0	NA	Lycopodioideae	Subfamily	unknown	unknown	earliest_occurrence_date	cal yr BP	10281.25		
individualtimelinenode_317065f9-d59a-4a58-9592-ba20dcf81572	12000	0	NA	Lycopodium	Genus	unknown	unknown	earliest_occurrence_date	cal yr BP	10281.25		
individualtimelinenode_317065f9-d59a-4a58-9592-ba20dcf81572	12000	0	NA	Polygonaceae	Family	unknown	unknown	earliest_occurrence_date	cal yr BP	10281.25		
individualtimelinenode_317065f9-d59a-4a58-9592-ba20dcf81572	12000	0	NA	Oxyria	Genus	unknown	unknown	earliest_occurrence_date	cal yr BP	10281.25		
individualtimelinenode_317065f9-d59a-4a58-9592-ba20dcf81572	12000	0	NA	Ranunculales	Order	unknown	unknown	earliest_occurrence_date	cal yr BP	10281.25		
individualtimelinenode_317065f9-d59a-4a58-9592-ba20dcf81572	12000	0	NA	Papaveraceae	Family	unknown	unknown	earliest_occurrence_date	cal yr BP	NaN		
individualtimelinenode_317065f9-d59a-4a58-9592-ba20dcf81572	12000	0	NA	Papaveroideae	Subfamily	unknown	unknown	earliest_occurrence_date	cal yr BP	NaN		
individualtimelinenode_317065f9-d59a-4a58-9592-ba20dcf81572	12000	0	NA	Papavereae	Tribe	unknown	unknown	earliest_occurrence_date	cal yr BP	NaN		
individualtimelinenode_317065f9-d59a-4a58-9592-ba20dcf81572	12000	0	NA	Papaver	Genus	unknown	unknown	earliest_occurrence_date	cal yr BP	NaN		
individualtimelinenode_317065f9-d59a-4a58-9592-ba20dcf81572	12000	0	NA	Phyllodoce	Genus	unknown	unknown	earliest_occurrence_date	cal yr BP	NaN		
individualtimelinenode_317065f9-d59a-4a58-9592-ba20dcf81572	12000	0	NA	Polygonum	Genus	unknown	unknown	earliest_occurrence_date	cal yr BP	NaN		
individualtimelinenode_317065f9-d59a-4a58-9592-ba20dcf81572	12000	0	NA	Polygonum viviparum L.	Species	unknown	unknown	earliest_occurrence_date	cal yr BP	NaN		
individualtimelinenode_317065f9-d59a-4a58-9592-ba20dcf81572	12000	0	NA	Polypodiophyta	Phylum	unknown	unknown	earliest_occurrence_date	cal yr BP	10281.25		
individualtimelinenode_317065f9-d59a-4a58-9592-ba20dcf81572	12000	0	NA	Polypodiopsida	Class	unknown	unknown	earliest_occurrence_date	cal yr BP	10281.25		
individualtimelinenode_317065f9-d59a-4a58-9592-ba20dcf81572	12000	0	NA	Polypodiales	Order	unknown	unknown	earliest_occurrence_date	cal yr BP	10281.25		
individualtimelinenode_317065f9-d59a-4a58-9592-ba20dcf81572	12000	0	NA	Polypodiaceae	Family	unknown	unknown	earliest_occurrence_date	cal yr BP	10281.25		
individualtimelinenode_317065f9-d59a-4a58-9592-ba20dcf81572	12000	0	NA	Potentilla	Genus	unknown	unknown	earliest_occurrence_date	cal yr BP	NaN		
individualtimelinenode_317065f9-d59a-4a58-9592-ba20dcf81572	12000	0	NA	Ranunculaceae	Family	unknown	unknown	earliest_occurrence_date	cal yr BP	10281.25		
individualtimelinenode_317065f9-d59a-4a58-9592-ba20dcf81572	12000	0	NA	Ranunculus	Genus	unknown	unknown	earliest_occurrence_date	cal yr BP	10281.25		
individualtimelinenode_317065f9-d59a-4a58-9592-ba20dcf81572	12000	0	NA	Malpighiales	Order	unknown	unknown	earliest_occurrence_date	cal yr BP	8993.04		
individualtimelinenode_317065f9-d59a-4a58-9592-ba20dcf81572	12000	0	NA	Salicaceae	Family	unknown	unknown	earliest_occurrence_date	cal yr BP	8993.04		
individualtimelinenode_317065f9-d59a-4a58-9592-ba20dcf81572	12000	0	NA	Salix	Genus	unknown	unknown	earliest_occurrence_date	cal yr BP	8993.04		
individualtimelinenode_317065f9-d59a-4a58-9592-ba20dcf81572	12000	0	NA	Salix arctica (Pall.)	Species	unknown	unknown	earliest_occurrence_date	cal yr BP	NaN		
individualtimelinenode_317065f9-d59a-4a58-9592-ba20dcf81572	12000	0	NA	Salix herbacea L.	Species	unknown	unknown	earliest_occurrence_date	cal yr BP	8993.04		
individualtimelinenode_317065f9-d59a-4a58-9592-ba20dcf81572	12000	0	NA	Saxifragales	Order	unknown	unknown	earliest_occurrence_date	cal yr BP	10281.25		
individualtimelinenode_317065f9-d59a-4a58-9592-ba20dcf81572	12000	0	NA	Saxifragaceae	Family	unknown	unknown	earliest_occurrence_date	cal yr BP	10281.25		
individualtimelinenode_317065f9-d59a-4a58-9592-ba20dcf81572	12000	0	NA	Saxifraga	Genus	unknown	unknown	earliest_occurrence_date	cal yr BP	10281.25		
individualtimelinenode_317065f9-d59a-4a58-9592-ba20dcf81572	12000	0	NA	Thalictrum	Genus	unknown	unknown	earliest_occurrence_date	cal yr BP	8802.380000000001		
individualtimelinenode_317065f9-d59a-4a58-9592-ba20dcf81572	12000	0	NA	Lamiales	Order	unknown	unknown	earliest_occurrence_date	cal yr BP	0.5		
individualtimelinenode_317065f9-d59a-4a58-9592-ba20dcf81572	12000	0	NA	Orobanchaceae	Family	unknown	unknown	earliest_occurrence_date	cal yr BP	0.5		
individualtimelinenode_317065f9-d59a-4a58-9592-ba20dcf81572	12000	0	NA	Pedicularis	Genus	unknown	unknown	earliest_occurrence_date	cal yr BP	NaN		
individualtimelinenode_317065f9-d59a-4a58-9592-ba20dcf81572	12000	0	NA	Vaccinioideae	Subfamily	unknown	unknown	earliest_occurrence_date	cal yr BP	NaN		
individualtimelinenode_317065f9-d59a-4a58-9592-ba20dcf81572	12000	0	NA	Vaccinium	Genus	unknown	unknown	earliest_occurrence_date	cal yr BP	NaN		
individualtimelinenode_317065f9-d59a-4a58-9592-ba20dcf81572	12000	0	NA	Cassiope tetragona (L.) D. Don.	Species	unknown	unknown	earliest_occurrence_date	cal yr BP	NaN		
individualtimelinenode_317065f9-d59a-4a58-9592-ba20dcf81572	12000	0	NA	Chamaenerion latifolium (L.) Th. Fries & Lge.	Species	unknown	unknown	earliest_occurrence_date	cal yr BP	NaN		
individualtimelinenode_317065f9-d59a-4a58-9592-ba20dcf81572	12000	0	NA	Cystopteris fragilis ssp. dickieana (Sim.) Hyl.	Subspecies	unknown	unknown	earliest_occurrence_date	cal yr BP	NaN		
individualtimelinenode_317065f9-d59a-4a58-9592-ba20dcf81572	12000	0	NA	Empetrum hermaphroditum (Hagerup) Böch.	Species	unknown	unknown	earliest_occurrence_date	cal yr BP	NaN		
individualtimelinenode_317065f9-d59a-4a58-9592-ba20dcf81572	12000	0	NA	Equisetales	Order	unknown	unknown	earliest_occurrence_date	cal yr BP	10281.25		
individualtimelinenode_317065f9-d59a-4a58-9592-ba20dcf81572	12000	0	NA	Equisetaceae	Family	unknown	unknown	earliest_occurrence_date	cal yr BP	10281.25		
individualtimelinenode_317065f9-d59a-4a58-9592-ba20dcf81572	12000	0	NA	Equisetum	Genus	unknown	unknown	earliest_occurrence_date	cal yr BP	10281.25		
individualtimelinenode_317065f9-d59a-4a58-9592-ba20dcf81572	12000	0	NA	Huperzioideae	Subfamily	unknown	unknown	earliest_occurrence_date	cal yr BP	NaN		
individualtimelinenode_317065f9-d59a-4a58-9592-ba20dcf81572	12000	0	NA	Huperzia	Genus	unknown	unknown	earliest_occurrence_date	cal yr BP	NaN		
individualtimelinenode_317065f9-d59a-4a58-9592-ba20dcf81572	12000	0	NA	Huperzia selago (L.) Bernh. ex Schrank. & Mart.	Species	unknown	unknown	earliest_occurrence_date	cal yr BP	NaN		
individualtimelinenode_317065f9-d59a-4a58-9592-ba20dcf81572	12000	0	NA	Oxyria digyna (L.) Hill	Species	unknown	unknown	earliest_occurrence_date	cal yr BP	10281.25		
individualtimelinenode_317065f9-d59a-4a58-9592-ba20dcf81572	12000	0	NA	Papaver radicatum Rottb.	Species	unknown	unknown	earliest_occurrence_date	cal yr BP	NaN		
individualtimelinenode_317065f9-d59a-4a58-9592-ba20dcf81572	12000	0	NA	Saxifraga paniculata Mill.	Species	unknown	unknown	earliest_occurrence_date	cal yr BP	10281.25		
individualtimelinenode_317065f9-d59a-4a58-9592-ba20dcf81572	12000	0	NA	Saxifraga aizoides L.	Species	unknown	unknown	earliest_occurrence_date	cal yr BP	10281.25		
individualtimelinenode_317065f9-d59a-4a58-9592-ba20dcf81572	12000	0	NA	Saxifraga tricuspidata Rottb.	Species	unknown	unknown	earliest_occurrence_date	cal yr BP	10281.25		
individualtimelinenode_317065f9-d59a-4a58-9592-ba20dcf81572	12000	0	NA	Saxifraga oppositifolia L.	Species	unknown	unknown	earliest_occurrence_date	cal yr BP	10281.25		
individualtimelinenode_317065f9-d59a-4a58-9592-ba20dcf81572	12000	0	NA	Alismatales	Order	unknown	unknown	earliest_occurrence_date	cal yr BP	10281.25		
individualtimelinenode_317065f9-d59a-4a58-9592-ba20dcf81572	12000	0	NA	Tofieldiaceae	Family	unknown	unknown	earliest_occurrence_date	cal yr BP	10281.25		
individualtimelinenode_317065f9-d59a-4a58-9592-ba20dcf81572	12000	0	NA	Tofieldia	Genus	unknown	unknown	earliest_occurrence_date	cal yr BP	10281.25		
individualtimelinenode_317065f9-d59a-4a58-9592-ba20dcf81572	12000	0	NA	Armeria scabra ssp. sibirica (Turcz.) Hyl.	Subspecies	unknown	unknown	earliest_occurrence_date	cal yr BP	NaN		
individualtimelinenode_317065f9-d59a-4a58-9592-ba20dcf81572	12000	0	NA	Campanula uniflora L.	Species	unknown	unknown	earliest_occurrence_date	cal yr BP	NaN		
individualtimelinenode_317065f9-d59a-4a58-9592-ba20dcf81572	12000	0	NA	Carex bigelowii Torr.	Species	unknown	unknown	earliest_occurrence_date	cal yr BP	NaN		
individualtimelinenode_317065f9-d59a-4a58-9592-ba20dcf81572	12000	0	NA	Carex	Genus	unknown	unknown	earliest_occurrence_date	cal yr BP	NaN		
individualtimelinenode_317065f9-d59a-4a58-9592-ba20dcf81572	12000	0	NA	Carex capillaris L.	Species	unknown	unknown	earliest_occurrence_date	cal yr BP	NaN		
individualtimelinenode_317065f9-d59a-4a58-9592-ba20dcf81572	12000	0	NA	Carex misandra R.Br.	Species	unknown	unknown	earliest_occurrence_date	cal yr BP	NaN		
individualtimelinenode_317065f9-d59a-4a58-9592-ba20dcf81572	12000	0	NA	Carex nardina Fr.	Species	unknown	unknown	earliest_occurrence_date	cal yr BP	NaN		
individualtimelinenode_317065f9-d59a-4a58-9592-ba20dcf81572	12000	0	NA	Dryas integrifolia M. Vahl.	Species	unknown	unknown	earliest_occurrence_date	cal yr BP	NaN		
individualtimelinenode_317065f9-d59a-4a58-9592-ba20dcf81572	12000	0	NA	Juncaceae	Family	unknown	unknown	earliest_occurrence_date	cal yr BP	NaN		
individualtimelinenode_317065f9-d59a-4a58-9592-ba20dcf81572	12000	0	NA	Juncus	Genus	unknown	unknown	earliest_occurrence_date	cal yr BP	NaN		
individualtimelinenode_317065f9-d59a-4a58-9592-ba20dcf81572	12000	0	NA	Luzula	Genus	unknown	unknown	earliest_occurrence_date	cal yr BP	NaN		
individualtimelinenode_317065f9-d59a-4a58-9592-ba20dcf81572	12000	0	NA	Minuartia rubella (Wbg.) Hiern.	Species	unknown	unknown	earliest_occurrence_date	cal yr BP	NaN		
individualtimelinenode_317065f9-d59a-4a58-9592-ba20dcf81572	12000	0	NA	Poaceae	Family	unknown	unknown	earliest_occurrence_date	cal yr BP	NaN		
individualtimelinenode_317065f9-d59a-4a58-9592-ba20dcf81572	12000	0	NA	Poa	Genus	unknown	unknown	earliest_occurrence_date	cal yr BP	NaN		
individualtimelinenode_317065f9-d59a-4a58-9592-ba20dcf81572	12000	0	NA	Silene	Genus	unknown	unknown	earliest_occurrence_date	cal yr BP	NaN		
individualtimelinenode_317065f9-d59a-4a58-9592-ba20dcf81572	12000	0	NA	Silene acaulis (L.) Jacq.	Species	unknown	unknown	earliest_occurrence_date	cal yr BP	NaN		
individualtimelinenode_317065f9-d59a-4a58-9592-ba20dcf81572	12000	0	NA	Oxycoccus	Genus	unknown	unknown	earliest_occurrence_date	cal yr BP	NaN		
individualtimelinenode_317065f9-d59a-4a58-9592-ba20dcf81572	12000	0	NA	Vaccinium uliginosum L.	Species	unknown	unknown	earliest_occurrence_date	cal yr BP	NaN		
individualtimelinenode_317065f9-d59a-4a58-9592-ba20dcf81572	12000	0	NA	Vaccinium vitis-idaea L.	Species	unknown	unknown	earliest_occurrence_date	cal yr BP	NaN		
individualtimelinenode_317065f9-d59a-4a58-9592-ba20dcf81572	12000	0	NA	Alchemilla	Genus	unknown	unknown	earliest_occurrence_date	cal yr BP	NaN		
individualtimelinenode_317065f9-d59a-4a58-9592-ba20dcf81572	12000	0	NA	Alchemilla alpina L.	Species	unknown	unknown	earliest_occurrence_date	cal yr BP	NaN		
individualtimelinenode_317065f9-d59a-4a58-9592-ba20dcf81572	12000	0	NA	Alnus	Genus	unknown	unknown	earliest_occurrence_date	cal yr BP	8993.04		
individualtimelinenode_317065f9-d59a-4a58-9592-ba20dcf81572	12000	0	NA	Asteraceae	Family	unknown	unknown	earliest_occurrence_date	cal yr BP	8802.380000000001		
individualtimelinenode_317065f9-d59a-4a58-9592-ba20dcf81572	12000	0	NA	Asteroideae	Subfamily	unknown	unknown	earliest_occurrence_date	cal yr BP	8802.380000000001		
individualtimelinenode_317065f9-d59a-4a58-9592-ba20dcf81572	12000	0	NA	Anthemideae	Tribe	unknown	unknown	earliest_occurrence_date	cal yr BP	8802.380000000001		
individualtimelinenode_317065f9-d59a-4a58-9592-ba20dcf81572	12000	0	NA	Artemisia	Genus	unknown	unknown	earliest_occurrence_date	cal yr BP	8802.380000000001		
individualtimelinenode_317065f9-d59a-4a58-9592-ba20dcf81572	12000	0	NA	Ophioglossales	Order	unknown	unknown	earliest_occurrence_date	cal yr BP	NaN		
individualtimelinenode_317065f9-d59a-4a58-9592-ba20dcf81572	12000	0	NA	Ophioglossaceae	Family	unknown	unknown	earliest_occurrence_date	cal yr BP	NaN		
individualtimelinenode_317065f9-d59a-4a58-9592-ba20dcf81572	12000	0	NA	Botrychioideae	Subfamily	unknown	unknown	earliest_occurrence_date	cal yr BP	NaN		
individualtimelinenode_317065f9-d59a-4a58-9592-ba20dcf81572	12000	0	NA	Botrychium	Genus	unknown	unknown	earliest_occurrence_date	cal yr BP	NaN		
individualtimelinenode_317065f9-d59a-4a58-9592-ba20dcf81572	12000	0	NA	Carex brunescens (Pers.) Poir.	Species	unknown	unknown	earliest_occurrence_date	cal yr BP	NaN		
individualtimelinenode_317065f9-d59a-4a58-9592-ba20dcf81572	12000	0	NA	Carex gynocrates Wormsk.	Species	unknown	unknown	earliest_occurrence_date	cal yr BP	NaN		
individualtimelinenode_317065f9-d59a-4a58-9592-ba20dcf81572	12000	0	NA	Carex lachenalii Schkuhr.	Species	unknown	unknown	earliest_occurrence_date	cal yr BP	NaN		
individualtimelinenode_317065f9-d59a-4a58-9592-ba20dcf81572	12000	0	NA	Carex norvegica L.	Species	unknown	unknown	earliest_occurrence_date	cal yr BP	NaN		
individualtimelinenode_317065f9-d59a-4a58-9592-ba20dcf81572	12000	0	NA	Carex rufina Drej.	Species	unknown	unknown	earliest_occurrence_date	cal yr BP	NaN		
individualtimelinenode_317065f9-d59a-4a58-9592-ba20dcf81572	12000	0	NA	Minuartia	Genus	unknown	unknown	earliest_occurrence_date	cal yr BP	10281.25		
individualtimelinenode_317065f9-d59a-4a58-9592-ba20dcf81572	12000	0	NA	Minuartia stricta (Sw). Hiern.	Species	unknown	unknown	earliest_occurrence_date	cal yr BP	10281.25		
individualtimelinenode_317065f9-d59a-4a58-9592-ba20dcf81572	12000	0	NA	Minuartia groenlandica Retz.	Species	unknown	unknown	earliest_occurrence_date	cal yr BP	10281.25		
individualtimelinenode_317065f9-d59a-4a58-9592-ba20dcf81572	12000	0	NA	Stellaria calycantha (Led.) Bong.	Species	unknown	unknown	earliest_occurrence_date	cal yr BP	10281.25		
individualtimelinenode_317065f9-d59a-4a58-9592-ba20dcf81572	12000	0	NA	Stellaria longipes Goldie	Species	unknown	unknown	earliest_occurrence_date	cal yr BP	10281.25		
individualtimelinenode_317065f9-d59a-4a58-9592-ba20dcf81572	12000	0	NA	Cerastium fontanum Baumg.	Species	unknown	unknown	earliest_occurrence_date	cal yr BP	10281.25		
individualtimelinenode_317065f9-d59a-4a58-9592-ba20dcf81572	12000	0	NA	Cerastium arcticum Lge.	Species	unknown	unknown	earliest_occurrence_date	cal yr BP	10281.25		
individualtimelinenode_317065f9-d59a-4a58-9592-ba20dcf81572	12000	0	NA	Cerastium alpinum L.	Species	unknown	unknown	earliest_occurrence_date	cal yr BP	10281.25		
individualtimelinenode_317065f9-d59a-4a58-9592-ba20dcf81572	12000	0	NA	Brassicales	Order	unknown	unknown	earliest_occurrence_date	cal yr BP	NaN		
individualtimelinenode_317065f9-d59a-4a58-9592-ba20dcf81572	12000	0	NA	Brassicaceae	Family	unknown	unknown	earliest_occurrence_date	cal yr BP	NaN		
individualtimelinenode_317065f9-d59a-4a58-9592-ba20dcf81572	12000	0	NA	Brassicoideae	Subfamily	unknown	unknown	earliest_occurrence_date	cal yr BP	NaN		
individualtimelinenode_317065f9-d59a-4a58-9592-ba20dcf81572	12000	0	NA	Arabideae	Tribe	unknown	unknown	earliest_occurrence_date	cal yr BP	NaN		
individualtimelinenode_317065f9-d59a-4a58-9592-ba20dcf81572	12000	0	NA	Draba	Genus	unknown	unknown	earliest_occurrence_date	cal yr BP	NaN		
individualtimelinenode_317065f9-d59a-4a58-9592-ba20dcf81572	12000	0	NA	Harrimanelloideae	Subfamily	unknown	unknown	earliest_occurrence_date	cal yr BP	NaN		
individualtimelinenode_317065f9-d59a-4a58-9592-ba20dcf81572	12000	0	NA	Harrimanella	Genus	unknown	unknown	earliest_occurrence_date	cal yr BP	NaN		
individualtimelinenode_317065f9-d59a-4a58-9592-ba20dcf81572	12000	0	NA	Harrimanella hypnoides (L.) Coville.	Species	unknown	unknown	earliest_occurrence_date	cal yr BP	NaN		
individualtimelinenode_317065f9-d59a-4a58-9592-ba20dcf81572	12000	0	NA	Plantaginaceae	Family	unknown	unknown	earliest_occurrence_date	cal yr BP	NaN		
individualtimelinenode_317065f9-d59a-4a58-9592-ba20dcf81572	12000	0	NA	Hippuris	Genus	unknown	unknown	earliest_occurrence_date	cal yr BP	NaN		
individualtimelinenode_317065f9-d59a-4a58-9592-ba20dcf81572	12000	0	NA	Hippuris vulgaris L.	Species	unknown	unknown	earliest_occurrence_date	cal yr BP	NaN		
individualtimelinenode_317065f9-d59a-4a58-9592-ba20dcf81572	12000	0	NA	Pinophyta	Phylum	unknown	unknown	earliest_occurrence_date	cal yr BP	8237.8		
individualtimelinenode_317065f9-d59a-4a58-9592-ba20dcf81572	12000	0	NA	Pinopsida	Class	unknown	unknown	earliest_occurrence_date	cal yr BP	8237.8		
individualtimelinenode_317065f9-d59a-4a58-9592-ba20dcf81572	12000	0	NA	Cupressales	Order	unknown	unknown	earliest_occurrence_date	cal yr BP	8237.8		
individualtimelinenode_317065f9-d59a-4a58-9592-ba20dcf81572	12000	0	NA	Cupressaceae	Family	unknown	unknown	earliest_occurrence_date	cal yr BP	8237.8		
individualtimelinenode_317065f9-d59a-4a58-9592-ba20dcf81572	12000	0	NA	Juniperus	Genus	unknown	unknown	earliest_occurrence_date	cal yr BP	8237.8		
individualtimelinenode_317065f9-d59a-4a58-9592-ba20dcf81572	12000	0	NA	Juniperus communis L.	Species	unknown	unknown	earliest_occurrence_date	cal yr BP	8237.8		
individualtimelinenode_317065f9-d59a-4a58-9592-ba20dcf81572	12000	0	NA	Koenigia	Genus	unknown	unknown	earliest_occurrence_date	cal yr BP	10281.25		
individualtimelinenode_317065f9-d59a-4a58-9592-ba20dcf81572	12000	0	NA	Koenigia islandica L.	Species	unknown	unknown	earliest_occurrence_date	cal yr BP	10281.25		
individualtimelinenode_317065f9-d59a-4a58-9592-ba20dcf81572	12000	0	NA	Loiseleuria procumbens (L.) Desv.	Species	unknown	unknown	earliest_occurrence_date	cal yr BP	9883.71		
individualtimelinenode_317065f9-d59a-4a58-9592-ba20dcf81572	12000	0	NA	Lycopodium clavatum L.	Species	unknown	unknown	earliest_occurrence_date	cal yr BP	10281.25		
individualtimelinenode_317065f9-d59a-4a58-9592-ba20dcf81572	12000	0	NA	Diphasium	Genus	unknown	unknown	earliest_occurrence_date	cal yr BP	10281.25		
individualtimelinenode_317065f9-d59a-4a58-9592-ba20dcf81572	12000	0	NA	Diphasium complanatum (L.) Rothm.	Species	unknown	unknown	earliest_occurrence_date	cal yr BP	10281.25		
individualtimelinenode_317065f9-d59a-4a58-9592-ba20dcf81572	12000	0	NA	Diphasium alpinum (L.) Rothm.	Species	unknown	unknown	earliest_occurrence_date	cal yr BP	10281.25		
individualtimelinenode_317065f9-d59a-4a58-9592-ba20dcf81572	12000	0	NA	Lycopodium dubium Zoega.	Species	unknown	unknown	earliest_occurrence_date	cal yr BP	10281.25		
individualtimelinenode_317065f9-d59a-4a58-9592-ba20dcf81572	12000	0	NA	Minuratia rubella (Wbg.) Hiern.	Species	unknown	unknown	earliest_occurrence_date	cal yr BP	NaN		
individualtimelinenode_317065f9-d59a-4a58-9592-ba20dcf81572	12000	0	NA	Phippsia algida (Sol.) R. Br.	Species	unknown	unknown	earliest_occurrence_date	cal yr BP	NaN		
individualtimelinenode_317065f9-d59a-4a58-9592-ba20dcf81572	12000	0	NA	Potamogetonaceae	Family	unknown	unknown	earliest_occurrence_date	cal yr BP	NaN		
individualtimelinenode_317065f9-d59a-4a58-9592-ba20dcf81572	12000	0	NA	Potamogeton	Genus	unknown	unknown	earliest_occurrence_date	cal yr BP	NaN		
individualtimelinenode_317065f9-d59a-4a58-9592-ba20dcf81572	12000	0	NA	Potamogeton pusillus L.	Species	unknown	unknown	earliest_occurrence_date	cal yr BP	NaN		
individualtimelinenode_317065f9-d59a-4a58-9592-ba20dcf81572	12000	0	NA	Sibbaldia procumbens L.	Species	unknown	unknown	earliest_occurrence_date	cal yr BP	NaN		
individualtimelinenode_317065f9-d59a-4a58-9592-ba20dcf81572	12000	0	NA	Comarum	Genus	unknown	unknown	earliest_occurrence_date	cal yr BP	NaN		
individualtimelinenode_317065f9-d59a-4a58-9592-ba20dcf81572	12000	0	NA	Comarum palustre L.	Species	unknown	unknown	earliest_occurrence_date	cal yr BP	NaN		
individualtimelinenode_317065f9-d59a-4a58-9592-ba20dcf81572	12000	0	NA	Potentilla anserina L.	Species	unknown	unknown	earliest_occurrence_date	cal yr BP	NaN		
individualtimelinenode_317065f9-d59a-4a58-9592-ba20dcf81572	12000	0	NA	Potentilla hyparctica Malte	Species	unknown	unknown	earliest_occurrence_date	cal yr BP	NaN		
individualtimelinenode_317065f9-d59a-4a58-9592-ba20dcf81572	12000	0	NA	Potentilla nivea L.	Species	unknown	unknown	earliest_occurrence_date	cal yr BP	NaN		
individualtimelinenode_317065f9-d59a-4a58-9592-ba20dcf81572	12000	0	NA	Potentilla hookeriana Lehm.	Species	unknown	unknown	earliest_occurrence_date	cal yr BP	NaN		
individualtimelinenode_317065f9-d59a-4a58-9592-ba20dcf81572	12000	0	NA	Potentilla pulchella R. Br.	Species	unknown	unknown	earliest_occurrence_date	cal yr BP	NaN		
individualtimelinenode_317065f9-d59a-4a58-9592-ba20dcf81572	12000	0	NA	Potentilla egedii Wormsk.	Species	unknown	unknown	earliest_occurrence_date	cal yr BP	NaN		
individualtimelinenode_317065f9-d59a-4a58-9592-ba20dcf81572	12000	0	NA	Ranunculus confervoides (Fr.) Asch. & Graebn.	Species	unknown	unknown	earliest_occurrence_date	cal yr BP	NaN		
individualtimelinenode_317065f9-d59a-4a58-9592-ba20dcf81572	12000	0	NA	Ranunculus hyperboreus Rottb.	Species	unknown	unknown	earliest_occurrence_date	cal yr BP	NaN		
individualtimelinenode_317065f9-d59a-4a58-9592-ba20dcf81572	12000	0	NA	Rumex	Genus	unknown	unknown	earliest_occurrence_date	cal yr BP	5572.74		
individualtimelinenode_317065f9-d59a-4a58-9592-ba20dcf81572	12000	0	NA	Rumex acetosella L.	Species	unknown	unknown	earliest_occurrence_date	cal yr BP	5572.74		
individualtimelinenode_317065f9-d59a-4a58-9592-ba20dcf81572	12000	0	NA	Sagina	Genus	unknown	unknown	earliest_occurrence_date	cal yr BP	NaN		
individualtimelinenode_317065f9-d59a-4a58-9592-ba20dcf81572	12000	0	NA	Saxifraga hyperborea R. Br.	Species	unknown	unknown	earliest_occurrence_date	cal yr BP	NaN		
individualtimelinenode_317065f9-d59a-4a58-9592-ba20dcf81572	12000	0	NA	Saxifraga rivularis L.	Species	unknown	unknown	earliest_occurrence_date	cal yr BP	NaN		
individualtimelinenode_317065f9-d59a-4a58-9592-ba20dcf81572	12000	0	NA	Saxifraga flagellaris Willd.	Species	unknown	unknown	earliest_occurrence_date	cal yr BP	NaN		
individualtimelinenode_317065f9-d59a-4a58-9592-ba20dcf81572	12000	0	NA	Saxifraga hirculus L.	Species	unknown	unknown	earliest_occurrence_date	cal yr BP	NaN		
individualtimelinenode_317065f9-d59a-4a58-9592-ba20dcf81572	12000	0	NA	Saxifraga cernua L.	Species	unknown	unknown	earliest_occurrence_date	cal yr BP	NaN		
individualtimelinenode_317065f9-d59a-4a58-9592-ba20dcf81572	12000	0	NA	Saxifraga caespitosa L.	Species	unknown	unknown	earliest_occurrence_date	cal yr BP	NaN		
individualtimelinenode_317065f9-d59a-4a58-9592-ba20dcf81572	12000	0	NA	Saxifraga hieraciifolia W. & K.	Species	unknown	unknown	earliest_occurrence_date	cal yr BP	NaN		
individualtimelinenode_317065f9-d59a-4a58-9592-ba20dcf81572	12000	0	NA	Saxifraga tenuis (Wbg.) H. Sm.	Species	unknown	unknown	earliest_occurrence_date	cal yr BP	NaN		
individualtimelinenode_317065f9-d59a-4a58-9592-ba20dcf81572	12000	0	NA	Saxifraga nivalis L.	Species	unknown	unknown	earliest_occurrence_date	cal yr BP	NaN		
individualtimelinenode_317065f9-d59a-4a58-9592-ba20dcf81572	12000	0	NA	Crassulaceae	Family	unknown	unknown	earliest_occurrence_date	cal yr BP	8802.380000000001		
individualtimelinenode_317065f9-d59a-4a58-9592-ba20dcf81572	12000	0	NA	Sedum	Genus	unknown	unknown	earliest_occurrence_date	cal yr BP	8802.380000000001		
individualtimelinenode_317065f9-d59a-4a58-9592-ba20dcf81572	12000	0	NA	Bryophyta	Phylum	unknown	unknown	earliest_occurrence_date	cal yr BP	NaN		
individualtimelinenode_317065f9-d59a-4a58-9592-ba20dcf81572	12000	0	NA	Sphagnopsida	Class	unknown	unknown	earliest_occurrence_date	cal yr BP	NaN		
individualtimelinenode_317065f9-d59a-4a58-9592-ba20dcf81572	12000	0	NA	Sphagnales	Order	unknown	unknown	earliest_occurrence_date	cal yr BP	NaN		
individualtimelinenode_317065f9-d59a-4a58-9592-ba20dcf81572	12000	0	NA	Sphagnaceae	Family	unknown	unknown	earliest_occurrence_date	cal yr BP	NaN		
individualtimelinenode_317065f9-d59a-4a58-9592-ba20dcf81572	12000	0	NA	Sphagnum	Genus	unknown	unknown	earliest_occurrence_date	cal yr BP	NaN		
individualtimelinenode_317065f9-d59a-4a58-9592-ba20dcf81572	12000	0	NA	Thalictrum alpinum L.	Species	unknown	unknown	earliest_occurrence_date	cal yr BP	8802.380000000001		
individualtimelinenode_317065f9-d59a-4a58-9592-ba20dcf81572	12000	0	NA	Lamiaceae	Family	unknown	unknown	earliest_occurrence_date	cal yr BP	NaN		
individualtimelinenode_317065f9-d59a-4a58-9592-ba20dcf81572	12000	0	NA	Thymus	Genus	unknown	unknown	earliest_occurrence_date	cal yr BP	NaN		
individualtimelinenode_317065f9-d59a-4a58-9592-ba20dcf81572	12000	0	NA	Thymus praecox Opiz	Species	unknown	unknown	earliest_occurrence_date	cal yr BP	NaN		
individualtimelinenode_317065f9-d59a-4a58-9592-ba20dcf81572	12000	0	NA	Bortychium	Genus	unknown	unknown	earliest_occurrence_date	cal yr BP	8802.380000000001		
individualtimelinenode_317065f9-d59a-4a58-9592-ba20dcf81572	12000	0	NA	Coptis trifolia (L.) Salisb.	Species	unknown	unknown	earliest_occurrence_date	cal yr BP	5572.74		
individualtimelinenode_317065f9-d59a-4a58-9592-ba20dcf81572	12000	0	NA	Rhinanthus	Genus	unknown	unknown	earliest_occurrence_date	cal yr BP	0.5		
individualtimelinenode_317065f9-d59a-4a58-9592-ba20dcf81572	12000	0	NA	Euphrasia	Genus	unknown	unknown	earliest_occurrence_date	cal yr BP	0.5		
individualtimelinenode_317065f9-d59a-4a58-9592-ba20dcf81572	12000	0	NA	Bartsia	Genus	unknown	unknown	earliest_occurrence_date	cal yr BP	0.5		
individualtimelinenode_317065f9-d59a-4a58-9592-ba20dcf81572	12000	0	NA	Cystopteridaceae	Family	unknown	unknown	earliest_occurrence_date	cal yr BP	7761.56		
individualtimelinenode_317065f9-d59a-4a58-9592-ba20dcf81572	12000	0	NA	Gymnocarpium	Genus	unknown	unknown	earliest_occurrence_date	cal yr BP	7761.56		
individualtimelinenode_317065f9-d59a-4a58-9592-ba20dcf81572	12000	0	NA	Gymnocarpium dryopteris (L.) Newman	Species	unknown	unknown	earliest_occurrence_date	cal yr BP	7761.56		
individualtimelinenode_317065f9-d59a-4a58-9592-ba20dcf81572	12000	0	NA	Ledum	Genus	unknown	unknown	earliest_occurrence_date	cal yr BP	8993.04		
individualtimelinenode_317065f9-d59a-4a58-9592-ba20dcf81572	12000	0	NA	Liguliflorae	Genus	unknown	unknown	earliest_occurrence_date	cal yr BP	8993.04		
individualtimelinenode_317065f9-d59a-4a58-9592-ba20dcf81572	12000	0	NA	Montiaceae	Family	unknown	unknown	earliest_occurrence_date	cal yr BP	9883.71		
individualtimelinenode_317065f9-d59a-4a58-9592-ba20dcf81572	12000	0	NA	Montia	Genus	unknown	unknown	earliest_occurrence_date	cal yr BP	9883.71		
individualtimelinenode_317065f9-d59a-4a58-9592-ba20dcf81572	12000	0	NA	Montia fontana L.	Species	unknown	unknown	earliest_occurrence_date	cal yr BP	9883.71		
individualtimelinenode_317065f9-d59a-4a58-9592-ba20dcf81572	12000	0	NA	Phyllodoce coerulea (L.) Bab.	Species	unknown	unknown	earliest_occurrence_date	cal yr BP	10281.25		
individualtimelinenode_317065f9-d59a-4a58-9592-ba20dcf81572	12000	0	NA	Potentilla tridentata Ait.	Species	unknown	unknown	earliest_occurrence_date	cal yr BP	8061.71		
individualtimelinenode_317065f9-d59a-4a58-9592-ba20dcf81572	12000	0	NA	Potentilla crantzii (Cr.) G. Beck	Species	unknown	unknown	earliest_occurrence_date	cal yr BP	8061.71		
individualtimelinenode_317065f9-d59a-4a58-9592-ba20dcf81572	12000	0	NA	Woodsiaceae	Family	unknown	unknown	earliest_occurrence_date	cal yr BP	8530.93		
individualtimelinenode_317065f9-d59a-4a58-9592-ba20dcf81572	12000	0	NA	Woodsia	Genus	unknown	unknown	earliest_occurrence_date	cal yr BP	8530.93		
individualtimelinenode_317065f9-d59a-4a58-9592-ba20dcf81572	12000	0	NA	Alopecurus alpinus L.	Species	unknown	unknown	earliest_occurrence_date	cal yr BP	NaN		
individualtimelinenode_317065f9-d59a-4a58-9592-ba20dcf81572	12000	0	NA	Chamaenerion	Genus	unknown	unknown	earliest_occurrence_date	cal yr BP	NaN		
individualtimelinenode_317065f9-d59a-4a58-9592-ba20dcf81572	12000	0	NA	Selaginella selaginoides (L.) Link.	Species	unknown	unknown	earliest_occurrence_date	cal yr BP	NaN		
individualtimelinenode_317065f9-d59a-4a58-9592-ba20dcf81572	12000	0	NA	Gentianales	Order	unknown	unknown	earliest_occurrence_date	cal yr BP	NaN		
individualtimelinenode_317065f9-d59a-4a58-9592-ba20dcf81572	12000	0	NA	Rubiaceae	Family	unknown	unknown	earliest_occurrence_date	cal yr BP	NaN		
individualtimelinenode_317065f9-d59a-4a58-9592-ba20dcf81572	12000	0	NA	Galium	Genus	unknown	unknown	earliest_occurrence_date	cal yr BP	NaN		
individualtimelinenode_317065f9-d59a-4a58-9592-ba20dcf81572	12000	0	NA	Arbutoideae	Subfamily	unknown	unknown	earliest_occurrence_date	cal yr BP	NaN		
individualtimelinenode_317065f9-d59a-4a58-9592-ba20dcf81572	12000	0	NA	Arctostaphylos	Genus	unknown	unknown	earliest_occurrence_date	cal yr BP	NaN		
individualtimelinenode_317065f9-d59a-4a58-9592-ba20dcf81572	12000	0	NA	Arctostaphylos alpina (L.) Spreng.	Species	unknown	unknown	earliest_occurrence_date	cal yr BP	NaN		
individualtimelinenode_317065f9-d59a-4a58-9592-ba20dcf81572	12000	0	NA	Empetrum nigrum (Hagerup) Böch.	Species	unknown	unknown	earliest_occurrence_date	cal yr BP	NaN		
individualtimelinenode_317065f9-d59a-4a58-9592-ba20dcf81572	12000	0	NA	Liguiflorae	Family	unknown	unknown	earliest_occurrence_date	cal yr BP	NaN		
individualtimelinenode_317065f9-d59a-4a58-9592-ba20dcf81572	12000	0	NA	Pedicuralis	Genus	unknown	unknown	earliest_occurrence_date	cal yr BP	NaN		
individualtimelinenode_317065f9-d59a-4a58-9592-ba20dcf81572	12000	0	NA	Phyllodoce corerulea (L.) Bab.	Species	unknown	unknown	earliest_occurrence_date	cal yr BP	NaN		
individualtimelinenode_317065f9-d59a-4a58-9592-ba20dcf81572	12000	0	NA	Rhododendron lapponicum (L.) Wbg.	Species	unknown	unknown	earliest_occurrence_date	cal yr BP	NaN		
individualtimelinenode_317065f9-d59a-4a58-9592-ba20dcf81572	12000	0	NA	Alnus crispa (Ait.) Pursh	Species	unknown	unknown	earliest_occurrence_date	cal yr BP	NaN		
individualtimelinenode_38a71e4f-a3fa-4afe-b3ab-7166c907c87e	12000	0	NA	Unknown (not yet coded)	Kingdom	unknown	unknown	earliest_occurrence_date	cal yr BP	NaN		
individualtimelinenode_38a71e4f-a3fa-4afe-b3ab-7166c907c87e	12000	0	NA	Life	Life	unknown	unknown	earliest_occurrence_date	cal yr BP	10788.12		
individualtimelinenode_38a71e4f-a3fa-4afe-b3ab-7166c907c87e	12000	0	NA	Plantae	Kingdom	unknown	unknown	earliest_occurrence_date	cal yr BP	10788.12		
individualtimelinenode_38a71e4f-a3fa-4afe-b3ab-7166c907c87e	12000	0	NA	Angiosperms	Phylum	unknown	unknown	earliest_occurrence_date	cal yr BP	10788.12		
individualtimelinenode_38a71e4f-a3fa-4afe-b3ab-7166c907c87e	12000	0	NA	Caryophyllales	Order	unknown	unknown	earliest_occurrence_date	cal yr BP	10788.12		
individualtimelinenode_38a71e4f-a3fa-4afe-b3ab-7166c907c87e	12000	0	NA	Plumbaginaceae	Family	unknown	unknown	earliest_occurrence_date	cal yr BP	NaN		
individualtimelinenode_38a71e4f-a3fa-4afe-b3ab-7166c907c87e	12000	0	NA	Limonieae	Tribe	unknown	unknown	earliest_occurrence_date	cal yr BP	NaN		
individualtimelinenode_38a71e4f-a3fa-4afe-b3ab-7166c907c87e	12000	0	NA	Armeria	Genus	unknown	unknown	earliest_occurrence_date	cal yr BP	NaN		
individualtimelinenode_38a71e4f-a3fa-4afe-b3ab-7166c907c87e	12000	0	NA	Fagales	Order	unknown	unknown	earliest_occurrence_date	cal yr BP	10518.11		
individualtimelinenode_38a71e4f-a3fa-4afe-b3ab-7166c907c87e	12000	0	NA	Betulaceae	Family	unknown	unknown	earliest_occurrence_date	cal yr BP	10518.11		
individualtimelinenode_38a71e4f-a3fa-4afe-b3ab-7166c907c87e	12000	0	NA	Betula	Genus	unknown	unknown	earliest_occurrence_date	cal yr BP	10518.11		
individualtimelinenode_38a71e4f-a3fa-4afe-b3ab-7166c907c87e	12000	0	NA	Betula nana L.	Species	unknown	unknown	earliest_occurrence_date	cal yr BP	NaN		
individualtimelinenode_38a71e4f-a3fa-4afe-b3ab-7166c907c87e	12000	0	NA	Asterales	Order	unknown	unknown	earliest_occurrence_date	cal yr BP	8404.54		
individualtimelinenode_38a71e4f-a3fa-4afe-b3ab-7166c907c87e	12000	0	NA	Campanulaceae	Family	unknown	unknown	earliest_occurrence_date	cal yr BP	NaN		
individualtimelinenode_38a71e4f-a3fa-4afe-b3ab-7166c907c87e	12000	0	NA	Campanula	Genus	unknown	unknown	earliest_occurrence_date	cal yr BP	NaN		
individualtimelinenode_38a71e4f-a3fa-4afe-b3ab-7166c907c87e	12000	0	NA	Caryophyllaceae	Family	unknown	unknown	earliest_occurrence_date	cal yr BP	7774.25		
individualtimelinenode_38a71e4f-a3fa-4afe-b3ab-7166c907c87e	12000	0	NA	Ericales	Order	unknown	unknown	earliest_occurrence_date	cal yr BP	9252.64		
individualtimelinenode_38a71e4f-a3fa-4afe-b3ab-7166c907c87e	12000	0	NA	Ericaceae	Family	unknown	unknown	earliest_occurrence_date	cal yr BP	9252.64		
individualtimelinenode_38a71e4f-a3fa-4afe-b3ab-7166c907c87e	12000	0	NA	Cassiopoideae	Subfamily	unknown	unknown	earliest_occurrence_date	cal yr BP	NaN		
individualtimelinenode_38a71e4f-a3fa-4afe-b3ab-7166c907c87e	12000	0	NA	Cassiope	Genus	unknown	unknown	earliest_occurrence_date	cal yr BP	NaN		
individualtimelinenode_38a71e4f-a3fa-4afe-b3ab-7166c907c87e	12000	0	NA	Chenopodiaceae	Genus	unknown	unknown	earliest_occurrence_date	cal yr BP	NaN		
individualtimelinenode_38a71e4f-a3fa-4afe-b3ab-7166c907c87e	12000	0	NA	Problematic (Placeholder)	Kingdom	unknown	unknown	earliest_occurrence_date	cal yr BP	10788.12		
individualtimelinenode_38a71e4f-a3fa-4afe-b3ab-7166c907c87e	12000	0	NA	Cruciferae	Family	unknown	unknown	earliest_occurrence_date	cal yr BP	8026.47		
individualtimelinenode_38a71e4f-a3fa-4afe-b3ab-7166c907c87e	12000	0	NA	Poales	Order	unknown	unknown	earliest_occurrence_date	cal yr BP	10788.12		
individualtimelinenode_38a71e4f-a3fa-4afe-b3ab-7166c907c87e	12000	0	NA	Cyperaceae	Family	unknown	unknown	earliest_occurrence_date	cal yr BP	10788.12		
individualtimelinenode_38a71e4f-a3fa-4afe-b3ab-7166c907c87e	12000	0	NA	Rosales	Order	unknown	unknown	earliest_occurrence_date	cal yr BP	10788.12		
individualtimelinenode_38a71e4f-a3fa-4afe-b3ab-7166c907c87e	12000	0	NA	Rosaceae	Family	unknown	unknown	earliest_occurrence_date	cal yr BP	10788.12		
individualtimelinenode_38a71e4f-a3fa-4afe-b3ab-7166c907c87e	12000	0	NA	Dryas	Genus	unknown	unknown	earliest_occurrence_date	cal yr BP	10518.11		
individualtimelinenode_38a71e4f-a3fa-4afe-b3ab-7166c907c87e	12000	0	NA	Ericoideae	Subfamily	unknown	unknown	earliest_occurrence_date	cal yr BP	NaN		
individualtimelinenode_38a71e4f-a3fa-4afe-b3ab-7166c907c87e	12000	0	NA	Empetrum	Genus	unknown	unknown	earliest_occurrence_date	cal yr BP	NaN		
individualtimelinenode_38a71e4f-a3fa-4afe-b3ab-7166c907c87e	12000	0	NA	Myrtales	Order	unknown	unknown	earliest_occurrence_date	cal yr BP	10788.12		
individualtimelinenode_38a71e4f-a3fa-4afe-b3ab-7166c907c87e	12000	0	NA	Onagraceae	Family	unknown	unknown	earliest_occurrence_date	cal yr BP	10788.12		
individualtimelinenode_38a71e4f-a3fa-4afe-b3ab-7166c907c87e	12000	0	NA	Epilobium	Genus	unknown	unknown	earliest_occurrence_date	cal yr BP	NaN		
individualtimelinenode_38a71e4f-a3fa-4afe-b3ab-7166c907c87e	12000	0	NA	Gramineae	Genus	unknown	unknown	earliest_occurrence_date	cal yr BP	10788.12		
individualtimelinenode_38a71e4f-a3fa-4afe-b3ab-7166c907c87e	12000	0	NA	Lycopodiophyta	Phylum	unknown	unknown	earliest_occurrence_date	cal yr BP	10788.12		
individualtimelinenode_38a71e4f-a3fa-4afe-b3ab-7166c907c87e	12000	0	NA	Lycopodiopsida	Class	unknown	unknown	earliest_occurrence_date	cal yr BP	10788.12		
individualtimelinenode_38a71e4f-a3fa-4afe-b3ab-7166c907c87e	12000	0	NA	Lycopodiales	Order	unknown	unknown	earliest_occurrence_date	cal yr BP	10788.12		
individualtimelinenode_38a71e4f-a3fa-4afe-b3ab-7166c907c87e	12000	0	NA	Lycopodiaceae	Family	unknown	unknown	earliest_occurrence_date	cal yr BP	10788.12		
individualtimelinenode_38a71e4f-a3fa-4afe-b3ab-7166c907c87e	12000	0	NA	Lycopodioideae	Subfamily	unknown	unknown	earliest_occurrence_date	cal yr BP	10788.12		
individualtimelinenode_38a71e4f-a3fa-4afe-b3ab-7166c907c87e	12000	0	NA	Lycopodium	Genus	unknown	unknown	earliest_occurrence_date	cal yr BP	8970.43		
individualtimelinenode_38a71e4f-a3fa-4afe-b3ab-7166c907c87e	12000	0	NA	Polygonaceae	Family	unknown	unknown	earliest_occurrence_date	cal yr BP	10788.12		
individualtimelinenode_38a71e4f-a3fa-4afe-b3ab-7166c907c87e	12000	0	NA	Oxyria	Genus	unknown	unknown	earliest_occurrence_date	cal yr BP	10788.12		
individualtimelinenode_38a71e4f-a3fa-4afe-b3ab-7166c907c87e	12000	0	NA	Ranunculales	Order	unknown	unknown	earliest_occurrence_date	cal yr BP	7081.95		
individualtimelinenode_38a71e4f-a3fa-4afe-b3ab-7166c907c87e	12000	0	NA	Papaveraceae	Family	unknown	unknown	earliest_occurrence_date	cal yr BP	NaN		
individualtimelinenode_38a71e4f-a3fa-4afe-b3ab-7166c907c87e	12000	0	NA	Papaveroideae	Subfamily	unknown	unknown	earliest_occurrence_date	cal yr BP	NaN		
individualtimelinenode_38a71e4f-a3fa-4afe-b3ab-7166c907c87e	12000	0	NA	Papavereae	Tribe	unknown	unknown	earliest_occurrence_date	cal yr BP	NaN		
individualtimelinenode_38a71e4f-a3fa-4afe-b3ab-7166c907c87e	12000	0	NA	Papaver	Genus	unknown	unknown	earliest_occurrence_date	cal yr BP	NaN		
individualtimelinenode_38a71e4f-a3fa-4afe-b3ab-7166c907c87e	12000	0	NA	Phyllodoce	Genus	unknown	unknown	earliest_occurrence_date	cal yr BP	NaN		
individualtimelinenode_38a71e4f-a3fa-4afe-b3ab-7166c907c87e	12000	0	NA	Polygonum	Genus	unknown	unknown	earliest_occurrence_date	cal yr BP	NaN		
individualtimelinenode_38a71e4f-a3fa-4afe-b3ab-7166c907c87e	12000	0	NA	Polygonum viviparum L.	Species	unknown	unknown	earliest_occurrence_date	cal yr BP	NaN		
individualtimelinenode_38a71e4f-a3fa-4afe-b3ab-7166c907c87e	12000	0	NA	Polypodiophyta	Phylum	unknown	unknown	earliest_occurrence_date	cal yr BP	10788.12		
individualtimelinenode_38a71e4f-a3fa-4afe-b3ab-7166c907c87e	12000	0	NA	Polypodiopsida	Class	unknown	unknown	earliest_occurrence_date	cal yr BP	10788.12		
individualtimelinenode_38a71e4f-a3fa-4afe-b3ab-7166c907c87e	12000	0	NA	Polypodiales	Order	unknown	unknown	earliest_occurrence_date	cal yr BP	10788.12		
individualtimelinenode_38a71e4f-a3fa-4afe-b3ab-7166c907c87e	12000	0	NA	Polypodiaceae	Family	unknown	unknown	earliest_occurrence_date	cal yr BP	10788.12		
individualtimelinenode_38a71e4f-a3fa-4afe-b3ab-7166c907c87e	12000	0	NA	Potentilla	Genus	unknown	unknown	earliest_occurrence_date	cal yr BP	10788.12		
individualtimelinenode_38a71e4f-a3fa-4afe-b3ab-7166c907c87e	12000	0	NA	Ranunculaceae	Family	unknown	unknown	earliest_occurrence_date	cal yr BP	7081.95		
individualtimelinenode_38a71e4f-a3fa-4afe-b3ab-7166c907c87e	12000	0	NA	Ranunculus	Genus	unknown	unknown	earliest_occurrence_date	cal yr BP	NaN		
individualtimelinenode_38a71e4f-a3fa-4afe-b3ab-7166c907c87e	12000	0	NA	Malpighiales	Order	unknown	unknown	earliest_occurrence_date	cal yr BP	8404.54		
individualtimelinenode_38a71e4f-a3fa-4afe-b3ab-7166c907c87e	12000	0	NA	Salicaceae	Family	unknown	unknown	earliest_occurrence_date	cal yr BP	8404.54		
individualtimelinenode_38a71e4f-a3fa-4afe-b3ab-7166c907c87e	12000	0	NA	Salix	Genus	unknown	unknown	earliest_occurrence_date	cal yr BP	8404.54		
individualtimelinenode_38a71e4f-a3fa-4afe-b3ab-7166c907c87e	12000	0	NA	Salix arctica (Pall.)	Species	unknown	unknown	earliest_occurrence_date	cal yr BP	NaN		
individualtimelinenode_38a71e4f-a3fa-4afe-b3ab-7166c907c87e	12000	0	NA	Salix herbacea L.	Species	unknown	unknown	earliest_occurrence_date	cal yr BP	NaN		
individualtimelinenode_38a71e4f-a3fa-4afe-b3ab-7166c907c87e	12000	0	NA	Saxifragales	Order	unknown	unknown	earliest_occurrence_date	cal yr BP	10788.12		
individualtimelinenode_38a71e4f-a3fa-4afe-b3ab-7166c907c87e	12000	0	NA	Saxifragaceae	Family	unknown	unknown	earliest_occurrence_date	cal yr BP	10788.12		
individualtimelinenode_38a71e4f-a3fa-4afe-b3ab-7166c907c87e	12000	0	NA	Saxifraga	Genus	unknown	unknown	earliest_occurrence_date	cal yr BP	10788.12		
individualtimelinenode_38a71e4f-a3fa-4afe-b3ab-7166c907c87e	12000	0	NA	Thalictrum	Genus	unknown	unknown	earliest_occurrence_date	cal yr BP	7081.95		
individualtimelinenode_38a71e4f-a3fa-4afe-b3ab-7166c907c87e	12000	0	NA	Lamiales	Order	unknown	unknown	earliest_occurrence_date	cal yr BP	NaN		
individualtimelinenode_38a71e4f-a3fa-4afe-b3ab-7166c907c87e	12000	0	NA	Orobanchaceae	Family	unknown	unknown	earliest_occurrence_date	cal yr BP	NaN		
individualtimelinenode_38a71e4f-a3fa-4afe-b3ab-7166c907c87e	12000	0	NA	Pedicularis	Genus	unknown	unknown	earliest_occurrence_date	cal yr BP	NaN		
individualtimelinenode_38a71e4f-a3fa-4afe-b3ab-7166c907c87e	12000	0	NA	Vaccinioideae	Subfamily	unknown	unknown	earliest_occurrence_date	cal yr BP	NaN		
individualtimelinenode_38a71e4f-a3fa-4afe-b3ab-7166c907c87e	12000	0	NA	Vaccinium	Genus	unknown	unknown	earliest_occurrence_date	cal yr BP	NaN		
individualtimelinenode_38a71e4f-a3fa-4afe-b3ab-7166c907c87e	12000	0	NA	Cassiope tetragona (L.) D. Don.	Species	unknown	unknown	earliest_occurrence_date	cal yr BP	NaN		
individualtimelinenode_38a71e4f-a3fa-4afe-b3ab-7166c907c87e	12000	0	NA	Chamaenerion latifolium (L.) Th. Fries & Lge.	Species	unknown	unknown	earliest_occurrence_date	cal yr BP	NaN		
individualtimelinenode_38a71e4f-a3fa-4afe-b3ab-7166c907c87e	12000	0	NA	Cystopteris fragilis ssp. dickieana (Sim.) Hyl.	Subspecies	unknown	unknown	earliest_occurrence_date	cal yr BP	NaN		
individualtimelinenode_38a71e4f-a3fa-4afe-b3ab-7166c907c87e	12000	0	NA	Empetrum hermaphroditum (Hagerup) Böch.	Species	unknown	unknown	earliest_occurrence_date	cal yr BP	10788.12		
individualtimelinenode_38a71e4f-a3fa-4afe-b3ab-7166c907c87e	12000	0	NA	Equisetales	Order	unknown	unknown	earliest_occurrence_date	cal yr BP	10266.15		
individualtimelinenode_38a71e4f-a3fa-4afe-b3ab-7166c907c87e	12000	0	NA	Equisetaceae	Family	unknown	unknown	earliest_occurrence_date	cal yr BP	10266.15		
individualtimelinenode_38a71e4f-a3fa-4afe-b3ab-7166c907c87e	12000	0	NA	Equisetum	Genus	unknown	unknown	earliest_occurrence_date	cal yr BP	10266.15		
individualtimelinenode_38a71e4f-a3fa-4afe-b3ab-7166c907c87e	12000	0	NA	Huperzioideae	Subfamily	unknown	unknown	earliest_occurrence_date	cal yr BP	10266.15		
individualtimelinenode_38a71e4f-a3fa-4afe-b3ab-7166c907c87e	12000	0	NA	Huperzia	Genus	unknown	unknown	earliest_occurrence_date	cal yr BP	10266.15		
individualtimelinenode_38a71e4f-a3fa-4afe-b3ab-7166c907c87e	12000	0	NA	Huperzia selago (L.) Bernh. ex Schrank. & Mart.	Species	unknown	unknown	earliest_occurrence_date	cal yr BP	10266.15		
individualtimelinenode_38a71e4f-a3fa-4afe-b3ab-7166c907c87e	12000	0	NA	Oxyria digyna (L.) Hill	Species	unknown	unknown	earliest_occurrence_date	cal yr BP	10788.12		
individualtimelinenode_38a71e4f-a3fa-4afe-b3ab-7166c907c87e	12000	0	NA	Papaver radicatum Rottb.	Species	unknown	unknown	earliest_occurrence_date	cal yr BP	NaN		
individualtimelinenode_38a71e4f-a3fa-4afe-b3ab-7166c907c87e	12000	0	NA	Saxifraga paniculata Mill.	Species	unknown	unknown	earliest_occurrence_date	cal yr BP	10518.11		
individualtimelinenode_38a71e4f-a3fa-4afe-b3ab-7166c907c87e	12000	0	NA	Saxifraga aizoides L.	Species	unknown	unknown	earliest_occurrence_date	cal yr BP	10518.11		
individualtimelinenode_38a71e4f-a3fa-4afe-b3ab-7166c907c87e	12000	0	NA	Saxifraga tricuspidata Rottb.	Species	unknown	unknown	earliest_occurrence_date	cal yr BP	10518.11		
individualtimelinenode_38a71e4f-a3fa-4afe-b3ab-7166c907c87e	12000	0	NA	Saxifraga oppositifolia L.	Species	unknown	unknown	earliest_occurrence_date	cal yr BP	10518.11		
individualtimelinenode_38a71e4f-a3fa-4afe-b3ab-7166c907c87e	12000	0	NA	Alismatales	Order	unknown	unknown	earliest_occurrence_date	cal yr BP	9691.49		
individualtimelinenode_38a71e4f-a3fa-4afe-b3ab-7166c907c87e	12000	0	NA	Tofieldiaceae	Family	unknown	unknown	earliest_occurrence_date	cal yr BP	9691.49		
individualtimelinenode_38a71e4f-a3fa-4afe-b3ab-7166c907c87e	12000	0	NA	Tofieldia	Genus	unknown	unknown	earliest_occurrence_date	cal yr BP	9691.49		
individualtimelinenode_38a71e4f-a3fa-4afe-b3ab-7166c907c87e	12000	0	NA	Armeria scabra ssp. sibirica (Turcz.) Hyl.	Subspecies	unknown	unknown	earliest_occurrence_date	cal yr BP	NaN		
individualtimelinenode_38a71e4f-a3fa-4afe-b3ab-7166c907c87e	12000	0	NA	Campanula uniflora L.	Species	unknown	unknown	earliest_occurrence_date	cal yr BP	NaN		
individualtimelinenode_38a71e4f-a3fa-4afe-b3ab-7166c907c87e	12000	0	NA	Carex bigelowii Torr.	Species	unknown	unknown	earliest_occurrence_date	cal yr BP	NaN		
individualtimelinenode_38a71e4f-a3fa-4afe-b3ab-7166c907c87e	12000	0	NA	Carex	Genus	unknown	unknown	earliest_occurrence_date	cal yr BP	NaN		
individualtimelinenode_38a71e4f-a3fa-4afe-b3ab-7166c907c87e	12000	0	NA	Carex capillaris L.	Species	unknown	unknown	earliest_occurrence_date	cal yr BP	NaN		
individualtimelinenode_38a71e4f-a3fa-4afe-b3ab-7166c907c87e	12000	0	NA	Carex misandra R.Br.	Species	unknown	unknown	earliest_occurrence_date	cal yr BP	NaN		
individualtimelinenode_38a71e4f-a3fa-4afe-b3ab-7166c907c87e	12000	0	NA	Carex nardina Fr.	Species	unknown	unknown	earliest_occurrence_date	cal yr BP	NaN		
individualtimelinenode_38a71e4f-a3fa-4afe-b3ab-7166c907c87e	12000	0	NA	Dryas integrifolia M. Vahl.	Species	unknown	unknown	earliest_occurrence_date	cal yr BP	NaN		
individualtimelinenode_38a71e4f-a3fa-4afe-b3ab-7166c907c87e	12000	0	NA	Juncaceae	Family	unknown	unknown	earliest_occurrence_date	cal yr BP	NaN		
individualtimelinenode_38a71e4f-a3fa-4afe-b3ab-7166c907c87e	12000	0	NA	Juncus	Genus	unknown	unknown	earliest_occurrence_date	cal yr BP	NaN		
individualtimelinenode_38a71e4f-a3fa-4afe-b3ab-7166c907c87e	12000	0	NA	Luzula	Genus	unknown	unknown	earliest_occurrence_date	cal yr BP	NaN		
individualtimelinenode_38a71e4f-a3fa-4afe-b3ab-7166c907c87e	12000	0	NA	Minuartia rubella (Wbg.) Hiern.	Species	unknown	unknown	earliest_occurrence_date	cal yr BP	NaN		
individualtimelinenode_38a71e4f-a3fa-4afe-b3ab-7166c907c87e	12000	0	NA	Poaceae	Family	unknown	unknown	earliest_occurrence_date	cal yr BP	NaN		
individualtimelinenode_38a71e4f-a3fa-4afe-b3ab-7166c907c87e	12000	0	NA	Poa	Genus	unknown	unknown	earliest_occurrence_date	cal yr BP	NaN		
individualtimelinenode_38a71e4f-a3fa-4afe-b3ab-7166c907c87e	12000	0	NA	Silene	Genus	unknown	unknown	earliest_occurrence_date	cal yr BP	NaN		
individualtimelinenode_38a71e4f-a3fa-4afe-b3ab-7166c907c87e	12000	0	NA	Silene acaulis (L.) Jacq.	Species	unknown	unknown	earliest_occurrence_date	cal yr BP	NaN		
individualtimelinenode_38a71e4f-a3fa-4afe-b3ab-7166c907c87e	12000	0	NA	Oxycoccus	Genus	unknown	unknown	earliest_occurrence_date	cal yr BP	NaN		
individualtimelinenode_38a71e4f-a3fa-4afe-b3ab-7166c907c87e	12000	0	NA	Vaccinium uliginosum L.	Species	unknown	unknown	earliest_occurrence_date	cal yr BP	NaN		
individualtimelinenode_38a71e4f-a3fa-4afe-b3ab-7166c907c87e	12000	0	NA	Vaccinium vitis-idaea L.	Species	unknown	unknown	earliest_occurrence_date	cal yr BP	NaN		
individualtimelinenode_38a71e4f-a3fa-4afe-b3ab-7166c907c87e	12000	0	NA	Alchemilla	Genus	unknown	unknown	earliest_occurrence_date	cal yr BP	NaN		
individualtimelinenode_38a71e4f-a3fa-4afe-b3ab-7166c907c87e	12000	0	NA	Alchemilla alpina L.	Species	unknown	unknown	earliest_occurrence_date	cal yr BP	NaN		
individualtimelinenode_38a71e4f-a3fa-4afe-b3ab-7166c907c87e	12000	0	NA	Alnus	Genus	unknown	unknown	earliest_occurrence_date	cal yr BP	10518.11		
individualtimelinenode_38a71e4f-a3fa-4afe-b3ab-7166c907c87e	12000	0	NA	Asteraceae	Family	unknown	unknown	earliest_occurrence_date	cal yr BP	8404.54		
individualtimelinenode_38a71e4f-a3fa-4afe-b3ab-7166c907c87e	12000	0	NA	Asteroideae	Subfamily	unknown	unknown	earliest_occurrence_date	cal yr BP	8404.54		
individualtimelinenode_38a71e4f-a3fa-4afe-b3ab-7166c907c87e	12000	0	NA	Anthemideae	Tribe	unknown	unknown	earliest_occurrence_date	cal yr BP	8404.54		
individualtimelinenode_38a71e4f-a3fa-4afe-b3ab-7166c907c87e	12000	0	NA	Artemisia	Genus	unknown	unknown	earliest_occurrence_date	cal yr BP	8404.54		
individualtimelinenode_38a71e4f-a3fa-4afe-b3ab-7166c907c87e	12000	0	NA	Ophioglossales	Order	unknown	unknown	earliest_occurrence_date	cal yr BP	10518.11		
individualtimelinenode_38a71e4f-a3fa-4afe-b3ab-7166c907c87e	12000	0	NA	Ophioglossaceae	Family	unknown	unknown	earliest_occurrence_date	cal yr BP	10518.11		
individualtimelinenode_38a71e4f-a3fa-4afe-b3ab-7166c907c87e	12000	0	NA	Botrychioideae	Subfamily	unknown	unknown	earliest_occurrence_date	cal yr BP	10518.11		
individualtimelinenode_38a71e4f-a3fa-4afe-b3ab-7166c907c87e	12000	0	NA	Botrychium	Genus	unknown	unknown	earliest_occurrence_date	cal yr BP	10518.11		
individualtimelinenode_38a71e4f-a3fa-4afe-b3ab-7166c907c87e	12000	0	NA	Carex brunescens (Pers.) Poir.	Species	unknown	unknown	earliest_occurrence_date	cal yr BP	NaN		
individualtimelinenode_38a71e4f-a3fa-4afe-b3ab-7166c907c87e	12000	0	NA	Carex gynocrates Wormsk.	Species	unknown	unknown	earliest_occurrence_date	cal yr BP	NaN		
individualtimelinenode_38a71e4f-a3fa-4afe-b3ab-7166c907c87e	12000	0	NA	Carex lachenalii Schkuhr.	Species	unknown	unknown	earliest_occurrence_date	cal yr BP	NaN		
individualtimelinenode_38a71e4f-a3fa-4afe-b3ab-7166c907c87e	12000	0	NA	Carex norvegica L.	Species	unknown	unknown	earliest_occurrence_date	cal yr BP	NaN		
individualtimelinenode_38a71e4f-a3fa-4afe-b3ab-7166c907c87e	12000	0	NA	Carex rufina Drej.	Species	unknown	unknown	earliest_occurrence_date	cal yr BP	NaN		
individualtimelinenode_38a71e4f-a3fa-4afe-b3ab-7166c907c87e	12000	0	NA	Minuartia	Genus	unknown	unknown	earliest_occurrence_date	cal yr BP	7774.25		
individualtimelinenode_38a71e4f-a3fa-4afe-b3ab-7166c907c87e	12000	0	NA	Minuartia stricta (Sw). Hiern.	Species	unknown	unknown	earliest_occurrence_date	cal yr BP	7774.25		
individualtimelinenode_38a71e4f-a3fa-4afe-b3ab-7166c907c87e	12000	0	NA	Minuartia groenlandica Retz.	Species	unknown	unknown	earliest_occurrence_date	cal yr BP	7774.25		
individualtimelinenode_38a71e4f-a3fa-4afe-b3ab-7166c907c87e	12000	0	NA	Stellaria calycantha (Led.) Bong.	Species	unknown	unknown	earliest_occurrence_date	cal yr BP	7774.25		
individualtimelinenode_38a71e4f-a3fa-4afe-b3ab-7166c907c87e	12000	0	NA	Stellaria longipes Goldie	Species	unknown	unknown	earliest_occurrence_date	cal yr BP	7774.25		
individualtimelinenode_38a71e4f-a3fa-4afe-b3ab-7166c907c87e	12000	0	NA	Cerastium fontanum Baumg.	Species	unknown	unknown	earliest_occurrence_date	cal yr BP	7774.25		
individualtimelinenode_38a71e4f-a3fa-4afe-b3ab-7166c907c87e	12000	0	NA	Cerastium arcticum Lge.	Species	unknown	unknown	earliest_occurrence_date	cal yr BP	7774.25		
individualtimelinenode_38a71e4f-a3fa-4afe-b3ab-7166c907c87e	12000	0	NA	Cerastium alpinum L.	Species	unknown	unknown	earliest_occurrence_date	cal yr BP	7774.25		
individualtimelinenode_38a71e4f-a3fa-4afe-b3ab-7166c907c87e	12000	0	NA	Brassicales	Order	unknown	unknown	earliest_occurrence_date	cal yr BP	NaN		
individualtimelinenode_38a71e4f-a3fa-4afe-b3ab-7166c907c87e	12000	0	NA	Brassicaceae	Family	unknown	unknown	earliest_occurrence_date	cal yr BP	NaN		
individualtimelinenode_38a71e4f-a3fa-4afe-b3ab-7166c907c87e	12000	0	NA	Brassicoideae	Subfamily	unknown	unknown	earliest_occurrence_date	cal yr BP	NaN		
individualtimelinenode_38a71e4f-a3fa-4afe-b3ab-7166c907c87e	12000	0	NA	Arabideae	Tribe	unknown	unknown	earliest_occurrence_date	cal yr BP	NaN		
individualtimelinenode_38a71e4f-a3fa-4afe-b3ab-7166c907c87e	12000	0	NA	Draba	Genus	unknown	unknown	earliest_occurrence_date	cal yr BP	NaN		
individualtimelinenode_38a71e4f-a3fa-4afe-b3ab-7166c907c87e	12000	0	NA	Harrimanelloideae	Subfamily	unknown	unknown	earliest_occurrence_date	cal yr BP	NaN		
individualtimelinenode_38a71e4f-a3fa-4afe-b3ab-7166c907c87e	12000	0	NA	Harrimanella	Genus	unknown	unknown	earliest_occurrence_date	cal yr BP	NaN		
individualtimelinenode_38a71e4f-a3fa-4afe-b3ab-7166c907c87e	12000	0	NA	Harrimanella hypnoides (L.) Coville.	Species	unknown	unknown	earliest_occurrence_date	cal yr BP	NaN		
individualtimelinenode_38a71e4f-a3fa-4afe-b3ab-7166c907c87e	12000	0	NA	Plantaginaceae	Family	unknown	unknown	earliest_occurrence_date	cal yr BP	NaN		
individualtimelinenode_38a71e4f-a3fa-4afe-b3ab-7166c907c87e	12000	0	NA	Hippuris	Genus	unknown	unknown	earliest_occurrence_date	cal yr BP	NaN		
individualtimelinenode_38a71e4f-a3fa-4afe-b3ab-7166c907c87e	12000	0	NA	Hippuris vulgaris L.	Species	unknown	unknown	earliest_occurrence_date	cal yr BP	NaN		
individualtimelinenode_38a71e4f-a3fa-4afe-b3ab-7166c907c87e	12000	0	NA	Pinophyta	Phylum	unknown	unknown	earliest_occurrence_date	cal yr BP	7081.95		
individualtimelinenode_38a71e4f-a3fa-4afe-b3ab-7166c907c87e	12000	0	NA	Pinopsida	Class	unknown	unknown	earliest_occurrence_date	cal yr BP	7081.95		
individualtimelinenode_38a71e4f-a3fa-4afe-b3ab-7166c907c87e	12000	0	NA	Cupressales	Order	unknown	unknown	earliest_occurrence_date	cal yr BP	7081.95		
individualtimelinenode_38a71e4f-a3fa-4afe-b3ab-7166c907c87e	12000	0	NA	Cupressaceae	Family	unknown	unknown	earliest_occurrence_date	cal yr BP	7081.95		
individualtimelinenode_38a71e4f-a3fa-4afe-b3ab-7166c907c87e	12000	0	NA	Juniperus	Genus	unknown	unknown	earliest_occurrence_date	cal yr BP	7081.95		
individualtimelinenode_38a71e4f-a3fa-4afe-b3ab-7166c907c87e	12000	0	NA	Juniperus communis L.	Species	unknown	unknown	earliest_occurrence_date	cal yr BP	7081.95		
individualtimelinenode_38a71e4f-a3fa-4afe-b3ab-7166c907c87e	12000	0	NA	Koenigia	Genus	unknown	unknown	earliest_occurrence_date	cal yr BP	NaN		
individualtimelinenode_38a71e4f-a3fa-4afe-b3ab-7166c907c87e	12000	0	NA	Koenigia islandica L.	Species	unknown	unknown	earliest_occurrence_date	cal yr BP	NaN		
individualtimelinenode_38a71e4f-a3fa-4afe-b3ab-7166c907c87e	12000	0	NA	Loiseleuria procumbens (L.) Desv.	Species	unknown	unknown	earliest_occurrence_date	cal yr BP	9691.49		
individualtimelinenode_38a71e4f-a3fa-4afe-b3ab-7166c907c87e	12000	0	NA	Lycopodium clavatum L.	Species	unknown	unknown	earliest_occurrence_date	cal yr BP	8970.43		
individualtimelinenode_38a71e4f-a3fa-4afe-b3ab-7166c907c87e	12000	0	NA	Diphasium	Genus	unknown	unknown	earliest_occurrence_date	cal yr BP	10788.12		
individualtimelinenode_38a71e4f-a3fa-4afe-b3ab-7166c907c87e	12000	0	NA	Diphasium complanatum (L.) Rothm.	Species	unknown	unknown	earliest_occurrence_date	cal yr BP	8970.43		
individualtimelinenode_38a71e4f-a3fa-4afe-b3ab-7166c907c87e	12000	0	NA	Diphasium alpinum (L.) Rothm.	Species	unknown	unknown	earliest_occurrence_date	cal yr BP	8970.43		
individualtimelinenode_38a71e4f-a3fa-4afe-b3ab-7166c907c87e	12000	0	NA	Lycopodium dubium Zoega.	Species	unknown	unknown	earliest_occurrence_date	cal yr BP	8970.43		
individualtimelinenode_38a71e4f-a3fa-4afe-b3ab-7166c907c87e	12000	0	NA	Minuratia rubella (Wbg.) Hiern.	Species	unknown	unknown	earliest_occurrence_date	cal yr BP	NaN		
individualtimelinenode_38a71e4f-a3fa-4afe-b3ab-7166c907c87e	12000	0	NA	Phippsia algida (Sol.) R. Br.	Species	unknown	unknown	earliest_occurrence_date	cal yr BP	NaN		
individualtimelinenode_38a71e4f-a3fa-4afe-b3ab-7166c907c87e	12000	0	NA	Potamogetonaceae	Family	unknown	unknown	earliest_occurrence_date	cal yr BP	NaN		
individualtimelinenode_38a71e4f-a3fa-4afe-b3ab-7166c907c87e	12000	0	NA	Potamogeton	Genus	unknown	unknown	earliest_occurrence_date	cal yr BP	NaN		
individualtimelinenode_38a71e4f-a3fa-4afe-b3ab-7166c907c87e	12000	0	NA	Potamogeton pusillus L.	Species	unknown	unknown	earliest_occurrence_date	cal yr BP	NaN		
individualtimelinenode_38a71e4f-a3fa-4afe-b3ab-7166c907c87e	12000	0	NA	Sibbaldia procumbens L.	Species	unknown	unknown	earliest_occurrence_date	cal yr BP	10788.12		
individualtimelinenode_38a71e4f-a3fa-4afe-b3ab-7166c907c87e	12000	0	NA	Comarum	Genus	unknown	unknown	earliest_occurrence_date	cal yr BP	10788.12		
individualtimelinenode_38a71e4f-a3fa-4afe-b3ab-7166c907c87e	12000	0	NA	Comarum palustre L.	Species	unknown	unknown	earliest_occurrence_date	cal yr BP	10788.12		
individualtimelinenode_38a71e4f-a3fa-4afe-b3ab-7166c907c87e	12000	0	NA	Potentilla anserina L.	Species	unknown	unknown	earliest_occurrence_date	cal yr BP	10788.12		
individualtimelinenode_38a71e4f-a3fa-4afe-b3ab-7166c907c87e	12000	0	NA	Potentilla hyparctica Malte	Species	unknown	unknown	earliest_occurrence_date	cal yr BP	10788.12		
individualtimelinenode_38a71e4f-a3fa-4afe-b3ab-7166c907c87e	12000	0	NA	Potentilla nivea L.	Species	unknown	unknown	earliest_occurrence_date	cal yr BP	10788.12		
individualtimelinenode_38a71e4f-a3fa-4afe-b3ab-7166c907c87e	12000	0	NA	Potentilla hookeriana Lehm.	Species	unknown	unknown	earliest_occurrence_date	cal yr BP	10788.12		
individualtimelinenode_38a71e4f-a3fa-4afe-b3ab-7166c907c87e	12000	0	NA	Potentilla pulchella R. Br.	Species	unknown	unknown	earliest_occurrence_date	cal yr BP	10788.12		
individualtimelinenode_38a71e4f-a3fa-4afe-b3ab-7166c907c87e	12000	0	NA	Potentilla egedii Wormsk.	Species	unknown	unknown	earliest_occurrence_date	cal yr BP	10788.12		
individualtimelinenode_38a71e4f-a3fa-4afe-b3ab-7166c907c87e	12000	0	NA	Ranunculus confervoides (Fr.) Asch. & Graebn.	Species	unknown	unknown	earliest_occurrence_date	cal yr BP	NaN		
individualtimelinenode_38a71e4f-a3fa-4afe-b3ab-7166c907c87e	12000	0	NA	Ranunculus hyperboreus Rottb.	Species	unknown	unknown	earliest_occurrence_date	cal yr BP	NaN		
individualtimelinenode_38a71e4f-a3fa-4afe-b3ab-7166c907c87e	12000	0	NA	Rumex	Genus	unknown	unknown	earliest_occurrence_date	cal yr BP	5568.0599999999995		
individualtimelinenode_38a71e4f-a3fa-4afe-b3ab-7166c907c87e	12000	0	NA	Rumex acetosella L.	Species	unknown	unknown	earliest_occurrence_date	cal yr BP	5568.0599999999995		
individualtimelinenode_38a71e4f-a3fa-4afe-b3ab-7166c907c87e	12000	0	NA	Sagina	Genus	unknown	unknown	earliest_occurrence_date	cal yr BP	NaN		
individualtimelinenode_38a71e4f-a3fa-4afe-b3ab-7166c907c87e	12000	0	NA	Saxifraga hyperborea R. Br.	Species	unknown	unknown	earliest_occurrence_date	cal yr BP	NaN		
individualtimelinenode_38a71e4f-a3fa-4afe-b3ab-7166c907c87e	12000	0	NA	Saxifraga rivularis L.	Species	unknown	unknown	earliest_occurrence_date	cal yr BP	NaN		
individualtimelinenode_38a71e4f-a3fa-4afe-b3ab-7166c907c87e	12000	0	NA	Saxifraga flagellaris Willd.	Species	unknown	unknown	earliest_occurrence_date	cal yr BP	NaN		
individualtimelinenode_38a71e4f-a3fa-4afe-b3ab-7166c907c87e	12000	0	NA	Saxifraga hirculus L.	Species	unknown	unknown	earliest_occurrence_date	cal yr BP	NaN		
individualtimelinenode_38a71e4f-a3fa-4afe-b3ab-7166c907c87e	12000	0	NA	Saxifraga cernua L.	Species	unknown	unknown	earliest_occurrence_date	cal yr BP	NaN		
individualtimelinenode_38a71e4f-a3fa-4afe-b3ab-7166c907c87e	12000	0	NA	Saxifraga caespitosa L.	Species	unknown	unknown	earliest_occurrence_date	cal yr BP	10788.12		
individualtimelinenode_38a71e4f-a3fa-4afe-b3ab-7166c907c87e	12000	0	NA	Saxifraga hieraciifolia W. & K.	Species	unknown	unknown	earliest_occurrence_date	cal yr BP	10788.12		
individualtimelinenode_38a71e4f-a3fa-4afe-b3ab-7166c907c87e	12000	0	NA	Saxifraga tenuis (Wbg.) H. Sm.	Species	unknown	unknown	earliest_occurrence_date	cal yr BP	10788.12		
individualtimelinenode_38a71e4f-a3fa-4afe-b3ab-7166c907c87e	12000	0	NA	Saxifraga nivalis L.	Species	unknown	unknown	earliest_occurrence_date	cal yr BP	10788.12		
individualtimelinenode_38a71e4f-a3fa-4afe-b3ab-7166c907c87e	12000	0	NA	Crassulaceae	Family	unknown	unknown	earliest_occurrence_date	cal yr BP	10788.12		
individualtimelinenode_38a71e4f-a3fa-4afe-b3ab-7166c907c87e	12000	0	NA	Sedum	Genus	unknown	unknown	earliest_occurrence_date	cal yr BP	10788.12		
individualtimelinenode_38a71e4f-a3fa-4afe-b3ab-7166c907c87e	12000	0	NA	Bryophyta	Phylum	unknown	unknown	earliest_occurrence_date	cal yr BP	NaN		
individualtimelinenode_38a71e4f-a3fa-4afe-b3ab-7166c907c87e	12000	0	NA	Sphagnopsida	Class	unknown	unknown	earliest_occurrence_date	cal yr BP	NaN		
individualtimelinenode_38a71e4f-a3fa-4afe-b3ab-7166c907c87e	12000	0	NA	Sphagnales	Order	unknown	unknown	earliest_occurrence_date	cal yr BP	NaN		
individualtimelinenode_38a71e4f-a3fa-4afe-b3ab-7166c907c87e	12000	0	NA	Sphagnaceae	Family	unknown	unknown	earliest_occurrence_date	cal yr BP	NaN		
individualtimelinenode_38a71e4f-a3fa-4afe-b3ab-7166c907c87e	12000	0	NA	Sphagnum	Genus	unknown	unknown	earliest_occurrence_date	cal yr BP	NaN		
individualtimelinenode_38a71e4f-a3fa-4afe-b3ab-7166c907c87e	12000	0	NA	Thalictrum alpinum L.	Species	unknown	unknown	earliest_occurrence_date	cal yr BP	7081.95		
individualtimelinenode_38a71e4f-a3fa-4afe-b3ab-7166c907c87e	12000	0	NA	Lamiaceae	Family	unknown	unknown	earliest_occurrence_date	cal yr BP	NaN		
individualtimelinenode_38a71e4f-a3fa-4afe-b3ab-7166c907c87e	12000	0	NA	Thymus	Genus	unknown	unknown	earliest_occurrence_date	cal yr BP	NaN		
individualtimelinenode_38a71e4f-a3fa-4afe-b3ab-7166c907c87e	12000	0	NA	Thymus praecox Opiz	Species	unknown	unknown	earliest_occurrence_date	cal yr BP	NaN		
individualtimelinenode_38a71e4f-a3fa-4afe-b3ab-7166c907c87e	12000	0	NA	Bortychium	Genus	unknown	unknown	earliest_occurrence_date	cal yr BP	NaN		
individualtimelinenode_38a71e4f-a3fa-4afe-b3ab-7166c907c87e	12000	0	NA	Coptis trifolia (L.) Salisb.	Species	unknown	unknown	earliest_occurrence_date	cal yr BP	NaN		
individualtimelinenode_38a71e4f-a3fa-4afe-b3ab-7166c907c87e	12000	0	NA	Rhinanthus	Genus	unknown	unknown	earliest_occurrence_date	cal yr BP	NaN		
individualtimelinenode_38a71e4f-a3fa-4afe-b3ab-7166c907c87e	12000	0	NA	Euphrasia	Genus	unknown	unknown	earliest_occurrence_date	cal yr BP	NaN		
individualtimelinenode_38a71e4f-a3fa-4afe-b3ab-7166c907c87e	12000	0	NA	Bartsia	Genus	unknown	unknown	earliest_occurrence_date	cal yr BP	NaN		
individualtimelinenode_38a71e4f-a3fa-4afe-b3ab-7166c907c87e	12000	0	NA	Cystopteridaceae	Family	unknown	unknown	earliest_occurrence_date	cal yr BP	8026.47		
individualtimelinenode_38a71e4f-a3fa-4afe-b3ab-7166c907c87e	12000	0	NA	Gymnocarpium	Genus	unknown	unknown	earliest_occurrence_date	cal yr BP	8026.47		
individualtimelinenode_38a71e4f-a3fa-4afe-b3ab-7166c907c87e	12000	0	NA	Gymnocarpium dryopteris (L.) Newman	Species	unknown	unknown	earliest_occurrence_date	cal yr BP	8026.47		
individualtimelinenode_38a71e4f-a3fa-4afe-b3ab-7166c907c87e	12000	0	NA	Ledum	Genus	unknown	unknown	earliest_occurrence_date	cal yr BP	9252.64		
individualtimelinenode_38a71e4f-a3fa-4afe-b3ab-7166c907c87e	12000	0	NA	Liguliflorae	Genus	unknown	unknown	earliest_occurrence_date	cal yr BP	NaN		
individualtimelinenode_38a71e4f-a3fa-4afe-b3ab-7166c907c87e	12000	0	NA	Montiaceae	Family	unknown	unknown	earliest_occurrence_date	cal yr BP	NaN		
individualtimelinenode_38a71e4f-a3fa-4afe-b3ab-7166c907c87e	12000	0	NA	Montia	Genus	unknown	unknown	earliest_occurrence_date	cal yr BP	NaN		
individualtimelinenode_38a71e4f-a3fa-4afe-b3ab-7166c907c87e	12000	0	NA	Montia fontana L.	Species	unknown	unknown	earliest_occurrence_date	cal yr BP	NaN		
individualtimelinenode_38a71e4f-a3fa-4afe-b3ab-7166c907c87e	12000	0	NA	Phyllodoce coerulea (L.) Bab.	Species	unknown	unknown	earliest_occurrence_date	cal yr BP	9252.64		
individualtimelinenode_38a71e4f-a3fa-4afe-b3ab-7166c907c87e	12000	0	NA	Potentilla tridentata Ait.	Species	unknown	unknown	earliest_occurrence_date	cal yr BP	NaN		
individualtimelinenode_38a71e4f-a3fa-4afe-b3ab-7166c907c87e	12000	0	NA	Potentilla crantzii (Cr.) G. Beck	Species	unknown	unknown	earliest_occurrence_date	cal yr BP	NaN		
individualtimelinenode_38a71e4f-a3fa-4afe-b3ab-7166c907c87e	12000	0	NA	Woodsiaceae	Family	unknown	unknown	earliest_occurrence_date	cal yr BP	10788.12		
individualtimelinenode_38a71e4f-a3fa-4afe-b3ab-7166c907c87e	12000	0	NA	Woodsia	Genus	unknown	unknown	earliest_occurrence_date	cal yr BP	10788.12		
individualtimelinenode_38a71e4f-a3fa-4afe-b3ab-7166c907c87e	12000	0	NA	Alopecurus alpinus L.	Species	unknown	unknown	earliest_occurrence_date	cal yr BP	8970.43		
individualtimelinenode_38a71e4f-a3fa-4afe-b3ab-7166c907c87e	12000	0	NA	Chamaenerion	Genus	unknown	unknown	earliest_occurrence_date	cal yr BP	10788.12		
individualtimelinenode_38a71e4f-a3fa-4afe-b3ab-7166c907c87e	12000	0	NA	Selaginella selaginoides (L.) Link.	Species	unknown	unknown	earliest_occurrence_date	cal yr BP	4811.280000000001		
individualtimelinenode_38a71e4f-a3fa-4afe-b3ab-7166c907c87e	12000	0	NA	Gentianales	Order	unknown	unknown	earliest_occurrence_date	cal yr BP	NaN		
individualtimelinenode_38a71e4f-a3fa-4afe-b3ab-7166c907c87e	12000	0	NA	Rubiaceae	Family	unknown	unknown	earliest_occurrence_date	cal yr BP	NaN		
individualtimelinenode_38a71e4f-a3fa-4afe-b3ab-7166c907c87e	12000	0	NA	Galium	Genus	unknown	unknown	earliest_occurrence_date	cal yr BP	NaN		
individualtimelinenode_38a71e4f-a3fa-4afe-b3ab-7166c907c87e	12000	0	NA	Arbutoideae	Subfamily	unknown	unknown	earliest_occurrence_date	cal yr BP	NaN		
individualtimelinenode_38a71e4f-a3fa-4afe-b3ab-7166c907c87e	12000	0	NA	Arctostaphylos	Genus	unknown	unknown	earliest_occurrence_date	cal yr BP	NaN		
individualtimelinenode_38a71e4f-a3fa-4afe-b3ab-7166c907c87e	12000	0	NA	Arctostaphylos alpina (L.) Spreng.	Species	unknown	unknown	earliest_occurrence_date	cal yr BP	NaN		
individualtimelinenode_38a71e4f-a3fa-4afe-b3ab-7166c907c87e	12000	0	NA	Empetrum nigrum (Hagerup) Böch.	Species	unknown	unknown	earliest_occurrence_date	cal yr BP	NaN		
individualtimelinenode_38a71e4f-a3fa-4afe-b3ab-7166c907c87e	12000	0	NA	Liguiflorae	Family	unknown	unknown	earliest_occurrence_date	cal yr BP	NaN		
individualtimelinenode_38a71e4f-a3fa-4afe-b3ab-7166c907c87e	12000	0	NA	Pedicuralis	Genus	unknown	unknown	earliest_occurrence_date	cal yr BP	NaN		
individualtimelinenode_38a71e4f-a3fa-4afe-b3ab-7166c907c87e	12000	0	NA	Phyllodoce corerulea (L.) Bab.	Species	unknown	unknown	earliest_occurrence_date	cal yr BP	NaN		
individualtimelinenode_38a71e4f-a3fa-4afe-b3ab-7166c907c87e	12000	0	NA	Rhododendron lapponicum (L.) Wbg.	Species	unknown	unknown	earliest_occurrence_date	cal yr BP	NaN		
individualtimelinenode_38a71e4f-a3fa-4afe-b3ab-7166c907c87e	12000	0	NA	Alnus crispa (Ait.) Pursh	Species	unknown	unknown	earliest_occurrence_date	cal yr BP	NaN		
individualtimelinenode_c2805b46-f963-491a-b825-766208e247a0	12000	0	NA	Unknown (not yet coded)	Kingdom	unknown	unknown	earliest_occurrence_date	cal yr BP	NaN		
individualtimelinenode_c2805b46-f963-491a-b825-766208e247a0	12000	0	NA	Life	Life	unknown	unknown	earliest_occurrence_date	cal yr BP	10253		
individualtimelinenode_c2805b46-f963-491a-b825-766208e247a0	12000	0	NA	Plantae	Kingdom	unknown	unknown	earliest_occurrence_date	cal yr BP	10253		
individualtimelinenode_c2805b46-f963-491a-b825-766208e247a0	12000	0	NA	Angiosperms	Phylum	unknown	unknown	earliest_occurrence_date	cal yr BP	10253		
individualtimelinenode_c2805b46-f963-491a-b825-766208e247a0	12000	0	NA	Caryophyllales	Order	unknown	unknown	earliest_occurrence_date	cal yr BP	6551.18		
individualtimelinenode_c2805b46-f963-491a-b825-766208e247a0	12000	0	NA	Plumbaginaceae	Family	unknown	unknown	earliest_occurrence_date	cal yr BP	NaN		
individualtimelinenode_c2805b46-f963-491a-b825-766208e247a0	12000	0	NA	Limonieae	Tribe	unknown	unknown	earliest_occurrence_date	cal yr BP	NaN		
individualtimelinenode_c2805b46-f963-491a-b825-766208e247a0	12000	0	NA	Armeria	Genus	unknown	unknown	earliest_occurrence_date	cal yr BP	NaN		
individualtimelinenode_c2805b46-f963-491a-b825-766208e247a0	12000	0	NA	Fagales	Order	unknown	unknown	earliest_occurrence_date	cal yr BP	10253		
individualtimelinenode_c2805b46-f963-491a-b825-766208e247a0	12000	0	NA	Betulaceae	Family	unknown	unknown	earliest_occurrence_date	cal yr BP	10253		
individualtimelinenode_c2805b46-f963-491a-b825-766208e247a0	12000	0	NA	Betula	Genus	unknown	unknown	earliest_occurrence_date	cal yr BP	10253		
individualtimelinenode_c2805b46-f963-491a-b825-766208e247a0	12000	0	NA	Betula nana L.	Species	unknown	unknown	earliest_occurrence_date	cal yr BP	NaN		
individualtimelinenode_c2805b46-f963-491a-b825-766208e247a0	12000	0	NA	Asterales	Order	unknown	unknown	earliest_occurrence_date	cal yr BP	7349.38		
individualtimelinenode_c2805b46-f963-491a-b825-766208e247a0	12000	0	NA	Campanulaceae	Family	unknown	unknown	earliest_occurrence_date	cal yr BP	6551.18		
individualtimelinenode_c2805b46-f963-491a-b825-766208e247a0	12000	0	NA	Campanula	Genus	unknown	unknown	earliest_occurrence_date	cal yr BP	6551.18		
individualtimelinenode_c2805b46-f963-491a-b825-766208e247a0	12000	0	NA	Caryophyllaceae	Family	unknown	unknown	earliest_occurrence_date	cal yr BP	NaN		
individualtimelinenode_c2805b46-f963-491a-b825-766208e247a0	12000	0	NA	Ericales	Order	unknown	unknown	earliest_occurrence_date	cal yr BP	NaN		
individualtimelinenode_c2805b46-f963-491a-b825-766208e247a0	12000	0	NA	Ericaceae	Family	unknown	unknown	earliest_occurrence_date	cal yr BP	NaN		
individualtimelinenode_c2805b46-f963-491a-b825-766208e247a0	12000	0	NA	Cassiopoideae	Subfamily	unknown	unknown	earliest_occurrence_date	cal yr BP	NaN		
individualtimelinenode_c2805b46-f963-491a-b825-766208e247a0	12000	0	NA	Cassiope	Genus	unknown	unknown	earliest_occurrence_date	cal yr BP	NaN		
individualtimelinenode_c2805b46-f963-491a-b825-766208e247a0	12000	0	NA	Chenopodiaceae	Genus	unknown	unknown	earliest_occurrence_date	cal yr BP	NaN		
individualtimelinenode_c2805b46-f963-491a-b825-766208e247a0	12000	0	NA	Problematic (Placeholder)	Kingdom	unknown	unknown	earliest_occurrence_date	cal yr BP	NaN		
individualtimelinenode_c2805b46-f963-491a-b825-766208e247a0	12000	0	NA	Cruciferae	Family	unknown	unknown	earliest_occurrence_date	cal yr BP	NaN		
individualtimelinenode_c2805b46-f963-491a-b825-766208e247a0	12000	0	NA	Poales	Order	unknown	unknown	earliest_occurrence_date	cal yr BP	NaN		
individualtimelinenode_c2805b46-f963-491a-b825-766208e247a0	12000	0	NA	Cyperaceae	Family	unknown	unknown	earliest_occurrence_date	cal yr BP	NaN		
individualtimelinenode_c2805b46-f963-491a-b825-766208e247a0	12000	0	NA	Rosales	Order	unknown	unknown	earliest_occurrence_date	cal yr BP	10032.5		
individualtimelinenode_c2805b46-f963-491a-b825-766208e247a0	12000	0	NA	Rosaceae	Family	unknown	unknown	earliest_occurrence_date	cal yr BP	10032.5		
individualtimelinenode_c2805b46-f963-491a-b825-766208e247a0	12000	0	NA	Dryas	Genus	unknown	unknown	earliest_occurrence_date	cal yr BP	7018.03		
individualtimelinenode_c2805b46-f963-491a-b825-766208e247a0	12000	0	NA	Ericoideae	Subfamily	unknown	unknown	earliest_occurrence_date	cal yr BP	NaN		
individualtimelinenode_c2805b46-f963-491a-b825-766208e247a0	12000	0	NA	Empetrum	Genus	unknown	unknown	earliest_occurrence_date	cal yr BP	NaN		
individualtimelinenode_c2805b46-f963-491a-b825-766208e247a0	12000	0	NA	Myrtales	Order	unknown	unknown	earliest_occurrence_date	cal yr BP	NaN		
individualtimelinenode_c2805b46-f963-491a-b825-766208e247a0	12000	0	NA	Onagraceae	Family	unknown	unknown	earliest_occurrence_date	cal yr BP	NaN		
individualtimelinenode_c2805b46-f963-491a-b825-766208e247a0	12000	0	NA	Epilobium	Genus	unknown	unknown	earliest_occurrence_date	cal yr BP	NaN		
individualtimelinenode_c2805b46-f963-491a-b825-766208e247a0	12000	0	NA	Gramineae	Genus	unknown	unknown	earliest_occurrence_date	cal yr BP	NaN		
individualtimelinenode_c2805b46-f963-491a-b825-766208e247a0	12000	0	NA	Lycopodiophyta	Phylum	unknown	unknown	earliest_occurrence_date	cal yr BP	9181.529999999999		
individualtimelinenode_c2805b46-f963-491a-b825-766208e247a0	12000	0	NA	Lycopodiopsida	Class	unknown	unknown	earliest_occurrence_date	cal yr BP	9181.529999999999		
individualtimelinenode_c2805b46-f963-491a-b825-766208e247a0	12000	0	NA	Lycopodiales	Order	unknown	unknown	earliest_occurrence_date	cal yr BP	9181.529999999999		
individualtimelinenode_c2805b46-f963-491a-b825-766208e247a0	12000	0	NA	Lycopodiaceae	Family	unknown	unknown	earliest_occurrence_date	cal yr BP	9181.529999999999		
individualtimelinenode_c2805b46-f963-491a-b825-766208e247a0	12000	0	NA	Lycopodioideae	Subfamily	unknown	unknown	earliest_occurrence_date	cal yr BP	9181.529999999999		
individualtimelinenode_c2805b46-f963-491a-b825-766208e247a0	12000	0	NA	Lycopodium	Genus	unknown	unknown	earliest_occurrence_date	cal yr BP	9181.529999999999		
individualtimelinenode_c2805b46-f963-491a-b825-766208e247a0	12000	0	NA	Polygonaceae	Family	unknown	unknown	earliest_occurrence_date	cal yr BP	6551.18		
individualtimelinenode_c2805b46-f963-491a-b825-766208e247a0	12000	0	NA	Oxyria	Genus	unknown	unknown	earliest_occurrence_date	cal yr BP	NaN		
individualtimelinenode_c2805b46-f963-491a-b825-766208e247a0	12000	0	NA	Ranunculales	Order	unknown	unknown	earliest_occurrence_date	cal yr BP	10032.5		
individualtimelinenode_c2805b46-f963-491a-b825-766208e247a0	12000	0	NA	Papaveraceae	Family	unknown	unknown	earliest_occurrence_date	cal yr BP	NaN		
individualtimelinenode_c2805b46-f963-491a-b825-766208e247a0	12000	0	NA	Papaveroideae	Subfamily	unknown	unknown	earliest_occurrence_date	cal yr BP	NaN		
individualtimelinenode_c2805b46-f963-491a-b825-766208e247a0	12000	0	NA	Papavereae	Tribe	unknown	unknown	earliest_occurrence_date	cal yr BP	NaN		
individualtimelinenode_c2805b46-f963-491a-b825-766208e247a0	12000	0	NA	Papaver	Genus	unknown	unknown	earliest_occurrence_date	cal yr BP	NaN		
individualtimelinenode_c2805b46-f963-491a-b825-766208e247a0	12000	0	NA	Phyllodoce	Genus	unknown	unknown	earliest_occurrence_date	cal yr BP	NaN		
individualtimelinenode_c2805b46-f963-491a-b825-766208e247a0	12000	0	NA	Polygonum	Genus	unknown	unknown	earliest_occurrence_date	cal yr BP	NaN		
individualtimelinenode_c2805b46-f963-491a-b825-766208e247a0	12000	0	NA	Polygonum viviparum L.	Species	unknown	unknown	earliest_occurrence_date	cal yr BP	NaN		
individualtimelinenode_c2805b46-f963-491a-b825-766208e247a0	12000	0	NA	Polypodiophyta	Phylum	unknown	unknown	earliest_occurrence_date	cal yr BP	10253		
individualtimelinenode_c2805b46-f963-491a-b825-766208e247a0	12000	0	NA	Polypodiopsida	Class	unknown	unknown	earliest_occurrence_date	cal yr BP	10253		
individualtimelinenode_c2805b46-f963-491a-b825-766208e247a0	12000	0	NA	Polypodiales	Order	unknown	unknown	earliest_occurrence_date	cal yr BP	10253		
individualtimelinenode_c2805b46-f963-491a-b825-766208e247a0	12000	0	NA	Polypodiaceae	Family	unknown	unknown	earliest_occurrence_date	cal yr BP	10253		
individualtimelinenode_c2805b46-f963-491a-b825-766208e247a0	12000	0	NA	Potentilla	Genus	unknown	unknown	earliest_occurrence_date	cal yr BP	NaN		
individualtimelinenode_c2805b46-f963-491a-b825-766208e247a0	12000	0	NA	Ranunculaceae	Family	unknown	unknown	earliest_occurrence_date	cal yr BP	10032.5		
individualtimelinenode_c2805b46-f963-491a-b825-766208e247a0	12000	0	NA	Ranunculus	Genus	unknown	unknown	earliest_occurrence_date	cal yr BP	10032.5		
individualtimelinenode_c2805b46-f963-491a-b825-766208e247a0	12000	0	NA	Malpighiales	Order	unknown	unknown	earliest_occurrence_date	cal yr BP	NaN		
individualtimelinenode_c2805b46-f963-491a-b825-766208e247a0	12000	0	NA	Salicaceae	Family	unknown	unknown	earliest_occurrence_date	cal yr BP	NaN		
individualtimelinenode_c2805b46-f963-491a-b825-766208e247a0	12000	0	NA	Salix	Genus	unknown	unknown	earliest_occurrence_date	cal yr BP	NaN		
individualtimelinenode_c2805b46-f963-491a-b825-766208e247a0	12000	0	NA	Salix arctica (Pall.)	Species	unknown	unknown	earliest_occurrence_date	cal yr BP	NaN		
individualtimelinenode_c2805b46-f963-491a-b825-766208e247a0	12000	0	NA	Salix herbacea L.	Species	unknown	unknown	earliest_occurrence_date	cal yr BP	NaN		
individualtimelinenode_c2805b46-f963-491a-b825-766208e247a0	12000	0	NA	Saxifragales	Order	unknown	unknown	earliest_occurrence_date	cal yr BP	8896.75		
individualtimelinenode_c2805b46-f963-491a-b825-766208e247a0	12000	0	NA	Saxifragaceae	Family	unknown	unknown	earliest_occurrence_date	cal yr BP	8896.75		
individualtimelinenode_c2805b46-f963-491a-b825-766208e247a0	12000	0	NA	Saxifraga	Genus	unknown	unknown	earliest_occurrence_date	cal yr BP	8896.75		
individualtimelinenode_c2805b46-f963-491a-b825-766208e247a0	12000	0	NA	Thalictrum	Genus	unknown	unknown	earliest_occurrence_date	cal yr BP	8683.1		
individualtimelinenode_c2805b46-f963-491a-b825-766208e247a0	12000	0	NA	Lamiales	Order	unknown	unknown	earliest_occurrence_date	cal yr BP	8010.36		
individualtimelinenode_c2805b46-f963-491a-b825-766208e247a0	12000	0	NA	Orobanchaceae	Family	unknown	unknown	earliest_occurrence_date	cal yr BP	8010.36		
individualtimelinenode_c2805b46-f963-491a-b825-766208e247a0	12000	0	NA	Pedicularis	Genus	unknown	unknown	earliest_occurrence_date	cal yr BP	NaN		
individualtimelinenode_c2805b46-f963-491a-b825-766208e247a0	12000	0	NA	Vaccinioideae	Subfamily	unknown	unknown	earliest_occurrence_date	cal yr BP	NaN		
individualtimelinenode_c2805b46-f963-491a-b825-766208e247a0	12000	0	NA	Vaccinium	Genus	unknown	unknown	earliest_occurrence_date	cal yr BP	NaN		
individualtimelinenode_c2805b46-f963-491a-b825-766208e247a0	12000	0	NA	Cassiope tetragona (L.) D. Don.	Species	unknown	unknown	earliest_occurrence_date	cal yr BP	NaN		
individualtimelinenode_c2805b46-f963-491a-b825-766208e247a0	12000	0	NA	Chamaenerion latifolium (L.) Th. Fries & Lge.	Species	unknown	unknown	earliest_occurrence_date	cal yr BP	NaN		
individualtimelinenode_c2805b46-f963-491a-b825-766208e247a0	12000	0	NA	Cystopteris fragilis ssp. dickieana (Sim.) Hyl.	Subspecies	unknown	unknown	earliest_occurrence_date	cal yr BP	NaN		
individualtimelinenode_c2805b46-f963-491a-b825-766208e247a0	12000	0	NA	Empetrum hermaphroditum (Hagerup) Böch.	Species	unknown	unknown	earliest_occurrence_date	cal yr BP	NaN		
individualtimelinenode_c2805b46-f963-491a-b825-766208e247a0	12000	0	NA	Equisetales	Order	unknown	unknown	earliest_occurrence_date	cal yr BP	NaN		
individualtimelinenode_c2805b46-f963-491a-b825-766208e247a0	12000	0	NA	Equisetaceae	Family	unknown	unknown	earliest_occurrence_date	cal yr BP	NaN		
individualtimelinenode_c2805b46-f963-491a-b825-766208e247a0	12000	0	NA	Equisetum	Genus	unknown	unknown	earliest_occurrence_date	cal yr BP	NaN		
individualtimelinenode_c2805b46-f963-491a-b825-766208e247a0	12000	0	NA	Huperzioideae	Subfamily	unknown	unknown	earliest_occurrence_date	cal yr BP	NaN		
individualtimelinenode_c2805b46-f963-491a-b825-766208e247a0	12000	0	NA	Huperzia	Genus	unknown	unknown	earliest_occurrence_date	cal yr BP	NaN		
individualtimelinenode_c2805b46-f963-491a-b825-766208e247a0	12000	0	NA	Huperzia selago (L.) Bernh. ex Schrank. & Mart.	Species	unknown	unknown	earliest_occurrence_date	cal yr BP	NaN		
individualtimelinenode_c2805b46-f963-491a-b825-766208e247a0	12000	0	NA	Oxyria digyna (L.) Hill	Species	unknown	unknown	earliest_occurrence_date	cal yr BP	NaN		
individualtimelinenode_c2805b46-f963-491a-b825-766208e247a0	12000	0	NA	Papaver radicatum Rottb.	Species	unknown	unknown	earliest_occurrence_date	cal yr BP	NaN		
individualtimelinenode_c2805b46-f963-491a-b825-766208e247a0	12000	0	NA	Saxifraga paniculata Mill.	Species	unknown	unknown	earliest_occurrence_date	cal yr BP	8896.75		
individualtimelinenode_c2805b46-f963-491a-b825-766208e247a0	12000	0	NA	Saxifraga aizoides L.	Species	unknown	unknown	earliest_occurrence_date	cal yr BP	8896.75		
individualtimelinenode_c2805b46-f963-491a-b825-766208e247a0	12000	0	NA	Saxifraga tricuspidata Rottb.	Species	unknown	unknown	earliest_occurrence_date	cal yr BP	8896.75		
individualtimelinenode_c2805b46-f963-491a-b825-766208e247a0	12000	0	NA	Saxifraga oppositifolia L.	Species	unknown	unknown	earliest_occurrence_date	cal yr BP	8896.75		
individualtimelinenode_c2805b46-f963-491a-b825-766208e247a0	12000	0	NA	Alismatales	Order	unknown	unknown	earliest_occurrence_date	cal yr BP	8215.01		
individualtimelinenode_c2805b46-f963-491a-b825-766208e247a0	12000	0	NA	Tofieldiaceae	Family	unknown	unknown	earliest_occurrence_date	cal yr BP	8215.01		
individualtimelinenode_c2805b46-f963-491a-b825-766208e247a0	12000	0	NA	Tofieldia	Genus	unknown	unknown	earliest_occurrence_date	cal yr BP	8215.01		
individualtimelinenode_c2805b46-f963-491a-b825-766208e247a0	12000	0	NA	Armeria scabra ssp. sibirica (Turcz.) Hyl.	Subspecies	unknown	unknown	earliest_occurrence_date	cal yr BP	NaN		
individualtimelinenode_c2805b46-f963-491a-b825-766208e247a0	12000	0	NA	Campanula uniflora L.	Species	unknown	unknown	earliest_occurrence_date	cal yr BP	NaN		
individualtimelinenode_c2805b46-f963-491a-b825-766208e247a0	12000	0	NA	Carex bigelowii Torr.	Species	unknown	unknown	earliest_occurrence_date	cal yr BP	NaN		
individualtimelinenode_c2805b46-f963-491a-b825-766208e247a0	12000	0	NA	Carex	Genus	unknown	unknown	earliest_occurrence_date	cal yr BP	NaN		
individualtimelinenode_c2805b46-f963-491a-b825-766208e247a0	12000	0	NA	Carex capillaris L.	Species	unknown	unknown	earliest_occurrence_date	cal yr BP	NaN		
individualtimelinenode_c2805b46-f963-491a-b825-766208e247a0	12000	0	NA	Carex misandra R.Br.	Species	unknown	unknown	earliest_occurrence_date	cal yr BP	NaN		
individualtimelinenode_c2805b46-f963-491a-b825-766208e247a0	12000	0	NA	Carex nardina Fr.	Species	unknown	unknown	earliest_occurrence_date	cal yr BP	NaN		
individualtimelinenode_c2805b46-f963-491a-b825-766208e247a0	12000	0	NA	Dryas integrifolia M. Vahl.	Species	unknown	unknown	earliest_occurrence_date	cal yr BP	NaN		
individualtimelinenode_c2805b46-f963-491a-b825-766208e247a0	12000	0	NA	Juncaceae	Family	unknown	unknown	earliest_occurrence_date	cal yr BP	NaN		
individualtimelinenode_c2805b46-f963-491a-b825-766208e247a0	12000	0	NA	Juncus	Genus	unknown	unknown	earliest_occurrence_date	cal yr BP	NaN		
individualtimelinenode_c2805b46-f963-491a-b825-766208e247a0	12000	0	NA	Luzula	Genus	unknown	unknown	earliest_occurrence_date	cal yr BP	NaN		
individualtimelinenode_c2805b46-f963-491a-b825-766208e247a0	12000	0	NA	Minuartia rubella (Wbg.) Hiern.	Species	unknown	unknown	earliest_occurrence_date	cal yr BP	NaN		
individualtimelinenode_c2805b46-f963-491a-b825-766208e247a0	12000	0	NA	Poaceae	Family	unknown	unknown	earliest_occurrence_date	cal yr BP	NaN		
individualtimelinenode_c2805b46-f963-491a-b825-766208e247a0	12000	0	NA	Poa	Genus	unknown	unknown	earliest_occurrence_date	cal yr BP	NaN		
individualtimelinenode_c2805b46-f963-491a-b825-766208e247a0	12000	0	NA	Silene	Genus	unknown	unknown	earliest_occurrence_date	cal yr BP	NaN		
individualtimelinenode_c2805b46-f963-491a-b825-766208e247a0	12000	0	NA	Silene acaulis (L.) Jacq.	Species	unknown	unknown	earliest_occurrence_date	cal yr BP	NaN		
individualtimelinenode_c2805b46-f963-491a-b825-766208e247a0	12000	0	NA	Oxycoccus	Genus	unknown	unknown	earliest_occurrence_date	cal yr BP	NaN		
individualtimelinenode_c2805b46-f963-491a-b825-766208e247a0	12000	0	NA	Vaccinium uliginosum L.	Species	unknown	unknown	earliest_occurrence_date	cal yr BP	NaN		
individualtimelinenode_c2805b46-f963-491a-b825-766208e247a0	12000	0	NA	Vaccinium vitis-idaea L.	Species	unknown	unknown	earliest_occurrence_date	cal yr BP	NaN		
individualtimelinenode_c2805b46-f963-491a-b825-766208e247a0	12000	0	NA	Alchemilla	Genus	unknown	unknown	earliest_occurrence_date	cal yr BP	NaN		
individualtimelinenode_c2805b46-f963-491a-b825-766208e247a0	12000	0	NA	Alchemilla alpina L.	Species	unknown	unknown	earliest_occurrence_date	cal yr BP	NaN		
individualtimelinenode_c2805b46-f963-491a-b825-766208e247a0	12000	0	NA	Alnus	Genus	unknown	unknown	earliest_occurrence_date	cal yr BP	8896.75		
individualtimelinenode_c2805b46-f963-491a-b825-766208e247a0	12000	0	NA	Asteraceae	Family	unknown	unknown	earliest_occurrence_date	cal yr BP	7349.38		
individualtimelinenode_c2805b46-f963-491a-b825-766208e247a0	12000	0	NA	Asteroideae	Subfamily	unknown	unknown	earliest_occurrence_date	cal yr BP	7349.38		
individualtimelinenode_c2805b46-f963-491a-b825-766208e247a0	12000	0	NA	Anthemideae	Tribe	unknown	unknown	earliest_occurrence_date	cal yr BP	7349.38		
individualtimelinenode_c2805b46-f963-491a-b825-766208e247a0	12000	0	NA	Artemisia	Genus	unknown	unknown	earliest_occurrence_date	cal yr BP	7349.38		
individualtimelinenode_c2805b46-f963-491a-b825-766208e247a0	12000	0	NA	Ophioglossales	Order	unknown	unknown	earliest_occurrence_date	cal yr BP	9181.529999999999		
individualtimelinenode_c2805b46-f963-491a-b825-766208e247a0	12000	0	NA	Ophioglossaceae	Family	unknown	unknown	earliest_occurrence_date	cal yr BP	9181.529999999999		
individualtimelinenode_c2805b46-f963-491a-b825-766208e247a0	12000	0	NA	Botrychioideae	Subfamily	unknown	unknown	earliest_occurrence_date	cal yr BP	9181.529999999999		
individualtimelinenode_c2805b46-f963-491a-b825-766208e247a0	12000	0	NA	Botrychium	Genus	unknown	unknown	earliest_occurrence_date	cal yr BP	9181.529999999999		
individualtimelinenode_c2805b46-f963-491a-b825-766208e247a0	12000	0	NA	Carex brunescens (Pers.) Poir.	Species	unknown	unknown	earliest_occurrence_date	cal yr BP	NaN		
individualtimelinenode_c2805b46-f963-491a-b825-766208e247a0	12000	0	NA	Carex gynocrates Wormsk.	Species	unknown	unknown	earliest_occurrence_date	cal yr BP	NaN		
individualtimelinenode_c2805b46-f963-491a-b825-766208e247a0	12000	0	NA	Carex lachenalii Schkuhr.	Species	unknown	unknown	earliest_occurrence_date	cal yr BP	NaN		
individualtimelinenode_c2805b46-f963-491a-b825-766208e247a0	12000	0	NA	Carex norvegica L.	Species	unknown	unknown	earliest_occurrence_date	cal yr BP	NaN		
individualtimelinenode_c2805b46-f963-491a-b825-766208e247a0	12000	0	NA	Carex rufina Drej.	Species	unknown	unknown	earliest_occurrence_date	cal yr BP	NaN		
individualtimelinenode_c2805b46-f963-491a-b825-766208e247a0	12000	0	NA	Minuartia	Genus	unknown	unknown	earliest_occurrence_date	cal yr BP	NaN		
individualtimelinenode_c2805b46-f963-491a-b825-766208e247a0	12000	0	NA	Minuartia stricta (Sw). Hiern.	Species	unknown	unknown	earliest_occurrence_date	cal yr BP	NaN		
individualtimelinenode_c2805b46-f963-491a-b825-766208e247a0	12000	0	NA	Minuartia groenlandica Retz.	Species	unknown	unknown	earliest_occurrence_date	cal yr BP	NaN		
individualtimelinenode_c2805b46-f963-491a-b825-766208e247a0	12000	0	NA	Stellaria calycantha (Led.) Bong.	Species	unknown	unknown	earliest_occurrence_date	cal yr BP	NaN		
individualtimelinenode_c2805b46-f963-491a-b825-766208e247a0	12000	0	NA	Stellaria longipes Goldie	Species	unknown	unknown	earliest_occurrence_date	cal yr BP	10032.5		
individualtimelinenode_c2805b46-f963-491a-b825-766208e247a0	12000	0	NA	Cerastium fontanum Baumg.	Species	unknown	unknown	earliest_occurrence_date	cal yr BP	10032.5		
individualtimelinenode_c2805b46-f963-491a-b825-766208e247a0	12000	0	NA	Cerastium arcticum Lge.	Species	unknown	unknown	earliest_occurrence_date	cal yr BP	NaN		
individualtimelinenode_c2805b46-f963-491a-b825-766208e247a0	12000	0	NA	Cerastium alpinum L.	Species	unknown	unknown	earliest_occurrence_date	cal yr BP	10032.5		
individualtimelinenode_c2805b46-f963-491a-b825-766208e247a0	12000	0	NA	Brassicales	Order	unknown	unknown	earliest_occurrence_date	cal yr BP	NaN		
individualtimelinenode_c2805b46-f963-491a-b825-766208e247a0	12000	0	NA	Brassicaceae	Family	unknown	unknown	earliest_occurrence_date	cal yr BP	NaN		
individualtimelinenode_c2805b46-f963-491a-b825-766208e247a0	12000	0	NA	Brassicoideae	Subfamily	unknown	unknown	earliest_occurrence_date	cal yr BP	NaN		
individualtimelinenode_c2805b46-f963-491a-b825-766208e247a0	12000	0	NA	Arabideae	Tribe	unknown	unknown	earliest_occurrence_date	cal yr BP	NaN		
individualtimelinenode_c2805b46-f963-491a-b825-766208e247a0	12000	0	NA	Draba	Genus	unknown	unknown	earliest_occurrence_date	cal yr BP	NaN		
individualtimelinenode_c2805b46-f963-491a-b825-766208e247a0	12000	0	NA	Harrimanelloideae	Subfamily	unknown	unknown	earliest_occurrence_date	cal yr BP	NaN		
individualtimelinenode_c2805b46-f963-491a-b825-766208e247a0	12000	0	NA	Harrimanella	Genus	unknown	unknown	earliest_occurrence_date	cal yr BP	NaN		
individualtimelinenode_c2805b46-f963-491a-b825-766208e247a0	12000	0	NA	Harrimanella hypnoides (L.) Coville.	Species	unknown	unknown	earliest_occurrence_date	cal yr BP	NaN		
individualtimelinenode_c2805b46-f963-491a-b825-766208e247a0	12000	0	NA	Plantaginaceae	Family	unknown	unknown	earliest_occurrence_date	cal yr BP	NaN		
individualtimelinenode_c2805b46-f963-491a-b825-766208e247a0	12000	0	NA	Hippuris	Genus	unknown	unknown	earliest_occurrence_date	cal yr BP	NaN		
individualtimelinenode_c2805b46-f963-491a-b825-766208e247a0	12000	0	NA	Hippuris vulgaris L.	Species	unknown	unknown	earliest_occurrence_date	cal yr BP	NaN		
individualtimelinenode_c2805b46-f963-491a-b825-766208e247a0	12000	0	NA	Pinophyta	Phylum	unknown	unknown	earliest_occurrence_date	cal yr BP	9181.529999999999		
individualtimelinenode_c2805b46-f963-491a-b825-766208e247a0	12000	0	NA	Pinopsida	Class	unknown	unknown	earliest_occurrence_date	cal yr BP	9181.529999999999		
individualtimelinenode_c2805b46-f963-491a-b825-766208e247a0	12000	0	NA	Cupressales	Order	unknown	unknown	earliest_occurrence_date	cal yr BP	9181.529999999999		
individualtimelinenode_c2805b46-f963-491a-b825-766208e247a0	12000	0	NA	Cupressaceae	Family	unknown	unknown	earliest_occurrence_date	cal yr BP	9181.529999999999		
individualtimelinenode_c2805b46-f963-491a-b825-766208e247a0	12000	0	NA	Juniperus	Genus	unknown	unknown	earliest_occurrence_date	cal yr BP	9181.529999999999		
individualtimelinenode_c2805b46-f963-491a-b825-766208e247a0	12000	0	NA	Juniperus communis L.	Species	unknown	unknown	earliest_occurrence_date	cal yr BP	9181.529999999999		
individualtimelinenode_c2805b46-f963-491a-b825-766208e247a0	12000	0	NA	Koenigia	Genus	unknown	unknown	earliest_occurrence_date	cal yr BP	NaN		
individualtimelinenode_c2805b46-f963-491a-b825-766208e247a0	12000	0	NA	Koenigia islandica L.	Species	unknown	unknown	earliest_occurrence_date	cal yr BP	NaN		
individualtimelinenode_c2805b46-f963-491a-b825-766208e247a0	12000	0	NA	Loiseleuria procumbens (L.) Desv.	Species	unknown	unknown	earliest_occurrence_date	cal yr BP	NaN		
individualtimelinenode_c2805b46-f963-491a-b825-766208e247a0	12000	0	NA	Lycopodium clavatum L.	Species	unknown	unknown	earliest_occurrence_date	cal yr BP	9181.529999999999		
individualtimelinenode_c2805b46-f963-491a-b825-766208e247a0	12000	0	NA	Diphasium	Genus	unknown	unknown	earliest_occurrence_date	cal yr BP	NaN		
individualtimelinenode_c2805b46-f963-491a-b825-766208e247a0	12000	0	NA	Diphasium complanatum (L.) Rothm.	Species	unknown	unknown	earliest_occurrence_date	cal yr BP	NaN		
individualtimelinenode_c2805b46-f963-491a-b825-766208e247a0	12000	0	NA	Diphasium alpinum (L.) Rothm.	Species	unknown	unknown	earliest_occurrence_date	cal yr BP	NaN		
individualtimelinenode_c2805b46-f963-491a-b825-766208e247a0	12000	0	NA	Lycopodium dubium Zoega.	Species	unknown	unknown	earliest_occurrence_date	cal yr BP	NaN		
individualtimelinenode_c2805b46-f963-491a-b825-766208e247a0	12000	0	NA	Minuratia rubella (Wbg.) Hiern.	Species	unknown	unknown	earliest_occurrence_date	cal yr BP	NaN		
individualtimelinenode_c2805b46-f963-491a-b825-766208e247a0	12000	0	NA	Phippsia algida (Sol.) R. Br.	Species	unknown	unknown	earliest_occurrence_date	cal yr BP	NaN		
individualtimelinenode_c2805b46-f963-491a-b825-766208e247a0	12000	0	NA	Potamogetonaceae	Family	unknown	unknown	earliest_occurrence_date	cal yr BP	NaN		
individualtimelinenode_c2805b46-f963-491a-b825-766208e247a0	12000	0	NA	Potamogeton	Genus	unknown	unknown	earliest_occurrence_date	cal yr BP	NaN		
individualtimelinenode_c2805b46-f963-491a-b825-766208e247a0	12000	0	NA	Potamogeton pusillus L.	Species	unknown	unknown	earliest_occurrence_date	cal yr BP	NaN		
individualtimelinenode_c2805b46-f963-491a-b825-766208e247a0	12000	0	NA	Sibbaldia procumbens L.	Species	unknown	unknown	earliest_occurrence_date	cal yr BP	10032.5		
individualtimelinenode_c2805b46-f963-491a-b825-766208e247a0	12000	0	NA	Comarum	Genus	unknown	unknown	earliest_occurrence_date	cal yr BP	10032.5		
individualtimelinenode_c2805b46-f963-491a-b825-766208e247a0	12000	0	NA	Comarum palustre L.	Species	unknown	unknown	earliest_occurrence_date	cal yr BP	10032.5		
individualtimelinenode_c2805b46-f963-491a-b825-766208e247a0	12000	0	NA	Potentilla anserina L.	Species	unknown	unknown	earliest_occurrence_date	cal yr BP	NaN		
individualtimelinenode_c2805b46-f963-491a-b825-766208e247a0	12000	0	NA	Potentilla hyparctica Malte	Species	unknown	unknown	earliest_occurrence_date	cal yr BP	10032.5		
individualtimelinenode_c2805b46-f963-491a-b825-766208e247a0	12000	0	NA	Potentilla nivea L.	Species	unknown	unknown	earliest_occurrence_date	cal yr BP	10032.5		
individualtimelinenode_c2805b46-f963-491a-b825-766208e247a0	12000	0	NA	Potentilla hookeriana Lehm.	Species	unknown	unknown	earliest_occurrence_date	cal yr BP	10032.5		
individualtimelinenode_c2805b46-f963-491a-b825-766208e247a0	12000	0	NA	Potentilla pulchella R. Br.	Species	unknown	unknown	earliest_occurrence_date	cal yr BP	NaN		
individualtimelinenode_c2805b46-f963-491a-b825-766208e247a0	12000	0	NA	Potentilla egedii Wormsk.	Species	unknown	unknown	earliest_occurrence_date	cal yr BP	NaN		
individualtimelinenode_c2805b46-f963-491a-b825-766208e247a0	12000	0	NA	Ranunculus confervoides (Fr.) Asch. & Graebn.	Species	unknown	unknown	earliest_occurrence_date	cal yr BP	NaN		
individualtimelinenode_c2805b46-f963-491a-b825-766208e247a0	12000	0	NA	Ranunculus hyperboreus Rottb.	Species	unknown	unknown	earliest_occurrence_date	cal yr BP	NaN		
individualtimelinenode_c2805b46-f963-491a-b825-766208e247a0	12000	0	NA	Rumex	Genus	unknown	unknown	earliest_occurrence_date	cal yr BP	6551.18		
individualtimelinenode_c2805b46-f963-491a-b825-766208e247a0	12000	0	NA	Rumex acetosella L.	Species	unknown	unknown	earliest_occurrence_date	cal yr BP	6551.18		
individualtimelinenode_c2805b46-f963-491a-b825-766208e247a0	12000	0	NA	Sagina	Genus	unknown	unknown	earliest_occurrence_date	cal yr BP	NaN		
individualtimelinenode_c2805b46-f963-491a-b825-766208e247a0	12000	0	NA	Saxifraga hyperborea R. Br.	Species	unknown	unknown	earliest_occurrence_date	cal yr BP	NaN		
individualtimelinenode_c2805b46-f963-491a-b825-766208e247a0	12000	0	NA	Saxifraga rivularis L.	Species	unknown	unknown	earliest_occurrence_date	cal yr BP	NaN		
individualtimelinenode_c2805b46-f963-491a-b825-766208e247a0	12000	0	NA	Saxifraga flagellaris Willd.	Species	unknown	unknown	earliest_occurrence_date	cal yr BP	NaN		
individualtimelinenode_c2805b46-f963-491a-b825-766208e247a0	12000	0	NA	Saxifraga hirculus L.	Species	unknown	unknown	earliest_occurrence_date	cal yr BP	NaN		
individualtimelinenode_c2805b46-f963-491a-b825-766208e247a0	12000	0	NA	Saxifraga cernua L.	Species	unknown	unknown	earliest_occurrence_date	cal yr BP	NaN		
individualtimelinenode_c2805b46-f963-491a-b825-766208e247a0	12000	0	NA	Saxifraga caespitosa L.	Species	unknown	unknown	earliest_occurrence_date	cal yr BP	NaN		
individualtimelinenode_c2805b46-f963-491a-b825-766208e247a0	12000	0	NA	Saxifraga hieraciifolia W. & K.	Species	unknown	unknown	earliest_occurrence_date	cal yr BP	NaN		
individualtimelinenode_c2805b46-f963-491a-b825-766208e247a0	12000	0	NA	Saxifraga tenuis (Wbg.) H. Sm.	Species	unknown	unknown	earliest_occurrence_date	cal yr BP	NaN		
individualtimelinenode_c2805b46-f963-491a-b825-766208e247a0	12000	0	NA	Saxifraga nivalis L.	Species	unknown	unknown	earliest_occurrence_date	cal yr BP	NaN		
individualtimelinenode_c2805b46-f963-491a-b825-766208e247a0	12000	0	NA	Crassulaceae	Family	unknown	unknown	earliest_occurrence_date	cal yr BP	NaN		
individualtimelinenode_c2805b46-f963-491a-b825-766208e247a0	12000	0	NA	Sedum	Genus	unknown	unknown	earliest_occurrence_date	cal yr BP	NaN		
individualtimelinenode_c2805b46-f963-491a-b825-766208e247a0	12000	0	NA	Bryophyta	Phylum	unknown	unknown	earliest_occurrence_date	cal yr BP	NaN		
individualtimelinenode_c2805b46-f963-491a-b825-766208e247a0	12000	0	NA	Sphagnopsida	Class	unknown	unknown	earliest_occurrence_date	cal yr BP	NaN		
individualtimelinenode_c2805b46-f963-491a-b825-766208e247a0	12000	0	NA	Sphagnales	Order	unknown	unknown	earliest_occurrence_date	cal yr BP	NaN		
individualtimelinenode_c2805b46-f963-491a-b825-766208e247a0	12000	0	NA	Sphagnaceae	Family	unknown	unknown	earliest_occurrence_date	cal yr BP	NaN		
individualtimelinenode_c2805b46-f963-491a-b825-766208e247a0	12000	0	NA	Sphagnum	Genus	unknown	unknown	earliest_occurrence_date	cal yr BP	NaN		
individualtimelinenode_c2805b46-f963-491a-b825-766208e247a0	12000	0	NA	Thalictrum alpinum L.	Species	unknown	unknown	earliest_occurrence_date	cal yr BP	8683.1		
individualtimelinenode_c2805b46-f963-491a-b825-766208e247a0	12000	0	NA	Lamiaceae	Family	unknown	unknown	earliest_occurrence_date	cal yr BP	NaN		
individualtimelinenode_c2805b46-f963-491a-b825-766208e247a0	12000	0	NA	Thymus	Genus	unknown	unknown	earliest_occurrence_date	cal yr BP	NaN		
individualtimelinenode_c2805b46-f963-491a-b825-766208e247a0	12000	0	NA	Thymus praecox Opiz	Species	unknown	unknown	earliest_occurrence_date	cal yr BP	NaN		
individualtimelinenode_c2805b46-f963-491a-b825-766208e247a0	12000	0	NA	Bortychium	Genus	unknown	unknown	earliest_occurrence_date	cal yr BP	NaN		
individualtimelinenode_c2805b46-f963-491a-b825-766208e247a0	12000	0	NA	Coptis trifolia (L.) Salisb.	Species	unknown	unknown	earliest_occurrence_date	cal yr BP	NaN		
individualtimelinenode_c2805b46-f963-491a-b825-766208e247a0	12000	0	NA	Rhinanthus	Genus	unknown	unknown	earliest_occurrence_date	cal yr BP	8010.36		
individualtimelinenode_c2805b46-f963-491a-b825-766208e247a0	12000	0	NA	Euphrasia	Genus	unknown	unknown	earliest_occurrence_date	cal yr BP	8010.36		
individualtimelinenode_c2805b46-f963-491a-b825-766208e247a0	12000	0	NA	Bartsia	Genus	unknown	unknown	earliest_occurrence_date	cal yr BP	8010.36		
individualtimelinenode_c2805b46-f963-491a-b825-766208e247a0	12000	0	NA	Cystopteridaceae	Family	unknown	unknown	earliest_occurrence_date	cal yr BP	8896.75		
individualtimelinenode_c2805b46-f963-491a-b825-766208e247a0	12000	0	NA	Gymnocarpium	Genus	unknown	unknown	earliest_occurrence_date	cal yr BP	8896.75		
individualtimelinenode_c2805b46-f963-491a-b825-766208e247a0	12000	0	NA	Gymnocarpium dryopteris (L.) Newman	Species	unknown	unknown	earliest_occurrence_date	cal yr BP	8896.75		
individualtimelinenode_c2805b46-f963-491a-b825-766208e247a0	12000	0	NA	Ledum	Genus	unknown	unknown	earliest_occurrence_date	cal yr BP	NaN		
individualtimelinenode_c2805b46-f963-491a-b825-766208e247a0	12000	0	NA	Liguliflorae	Genus	unknown	unknown	earliest_occurrence_date	cal yr BP	NaN		
individualtimelinenode_c2805b46-f963-491a-b825-766208e247a0	12000	0	NA	Montiaceae	Family	unknown	unknown	earliest_occurrence_date	cal yr BP	NaN		
individualtimelinenode_c2805b46-f963-491a-b825-766208e247a0	12000	0	NA	Montia	Genus	unknown	unknown	earliest_occurrence_date	cal yr BP	NaN		
individualtimelinenode_c2805b46-f963-491a-b825-766208e247a0	12000	0	NA	Montia fontana L.	Species	unknown	unknown	earliest_occurrence_date	cal yr BP	NaN		
individualtimelinenode_c2805b46-f963-491a-b825-766208e247a0	12000	0	NA	Phyllodoce coerulea (L.) Bab.	Species	unknown	unknown	earliest_occurrence_date	cal yr BP	NaN		
individualtimelinenode_c2805b46-f963-491a-b825-766208e247a0	12000	0	NA	Potentilla tridentata Ait.	Species	unknown	unknown	earliest_occurrence_date	cal yr BP	NaN		
individualtimelinenode_c2805b46-f963-491a-b825-766208e247a0	12000	0	NA	Potentilla crantzii (Cr.) G. Beck	Species	unknown	unknown	earliest_occurrence_date	cal yr BP	NaN		
individualtimelinenode_c2805b46-f963-491a-b825-766208e247a0	12000	0	NA	Woodsiaceae	Family	unknown	unknown	earliest_occurrence_date	cal yr BP	NaN		
individualtimelinenode_c2805b46-f963-491a-b825-766208e247a0	12000	0	NA	Woodsia	Genus	unknown	unknown	earliest_occurrence_date	cal yr BP	NaN		
individualtimelinenode_c2805b46-f963-491a-b825-766208e247a0	12000	0	NA	Alopecurus alpinus L.	Species	unknown	unknown	earliest_occurrence_date	cal yr BP	NaN		
individualtimelinenode_c2805b46-f963-491a-b825-766208e247a0	12000	0	NA	Chamaenerion	Genus	unknown	unknown	earliest_occurrence_date	cal yr BP	NaN		
individualtimelinenode_c2805b46-f963-491a-b825-766208e247a0	12000	0	NA	Selaginella selaginoides (L.) Link.	Species	unknown	unknown	earliest_occurrence_date	cal yr BP	NaN		
individualtimelinenode_c2805b46-f963-491a-b825-766208e247a0	12000	0	NA	Gentianales	Order	unknown	unknown	earliest_occurrence_date	cal yr BP	9181.529999999999		
individualtimelinenode_c2805b46-f963-491a-b825-766208e247a0	12000	0	NA	Rubiaceae	Family	unknown	unknown	earliest_occurrence_date	cal yr BP	9181.529999999999		
individualtimelinenode_c2805b46-f963-491a-b825-766208e247a0	12000	0	NA	Galium	Genus	unknown	unknown	earliest_occurrence_date	cal yr BP	9181.529999999999		
individualtimelinenode_c2805b46-f963-491a-b825-766208e247a0	12000	0	NA	Arbutoideae	Subfamily	unknown	unknown	earliest_occurrence_date	cal yr BP	NaN		
individualtimelinenode_c2805b46-f963-491a-b825-766208e247a0	12000	0	NA	Arctostaphylos	Genus	unknown	unknown	earliest_occurrence_date	cal yr BP	NaN		
individualtimelinenode_c2805b46-f963-491a-b825-766208e247a0	12000	0	NA	Arctostaphylos alpina (L.) Spreng.	Species	unknown	unknown	earliest_occurrence_date	cal yr BP	NaN		
individualtimelinenode_c2805b46-f963-491a-b825-766208e247a0	12000	0	NA	Empetrum nigrum (Hagerup) Böch.	Species	unknown	unknown	earliest_occurrence_date	cal yr BP	NaN		
individualtimelinenode_c2805b46-f963-491a-b825-766208e247a0	12000	0	NA	Liguiflorae	Family	unknown	unknown	earliest_occurrence_date	cal yr BP	NaN		
individualtimelinenode_c2805b46-f963-491a-b825-766208e247a0	12000	0	NA	Pedicuralis	Genus	unknown	unknown	earliest_occurrence_date	cal yr BP	NaN		
individualtimelinenode_c2805b46-f963-491a-b825-766208e247a0	12000	0	NA	Phyllodoce corerulea (L.) Bab.	Species	unknown	unknown	earliest_occurrence_date	cal yr BP	NaN		
individualtimelinenode_c2805b46-f963-491a-b825-766208e247a0	12000	0	NA	Rhododendron lapponicum (L.) Wbg.	Species	unknown	unknown	earliest_occurrence_date	cal yr BP	NaN		
individualtimelinenode_c2805b46-f963-491a-b825-766208e247a0	12000	0	NA	Alnus crispa (Ait.) Pursh	Species	unknown	unknown	earliest_occurrence_date	cal yr BP	NaN		
individualtimelinenode_7ad29507-799c-4376-b56f-1351f3b39160	12000	0	NA	Unknown (not yet coded)	Kingdom	unknown	unknown	earliest_occurrence_date	cal yr BP	NaN		
individualtimelinenode_7ad29507-799c-4376-b56f-1351f3b39160	12000	0	NA	Life	Life	unknown	unknown	earliest_occurrence_date	cal yr BP	8643.68		
individualtimelinenode_7ad29507-799c-4376-b56f-1351f3b39160	12000	0	NA	Plantae	Kingdom	unknown	unknown	earliest_occurrence_date	cal yr BP	8643.68		
individualtimelinenode_7ad29507-799c-4376-b56f-1351f3b39160	12000	0	NA	Angiosperms	Phylum	unknown	unknown	earliest_occurrence_date	cal yr BP	8643.68		
individualtimelinenode_7ad29507-799c-4376-b56f-1351f3b39160	12000	0	NA	Caryophyllales	Order	unknown	unknown	earliest_occurrence_date	cal yr BP	8643.68		
individualtimelinenode_7ad29507-799c-4376-b56f-1351f3b39160	12000	0	NA	Plumbaginaceae	Family	unknown	unknown	earliest_occurrence_date	cal yr BP	NaN		
individualtimelinenode_7ad29507-799c-4376-b56f-1351f3b39160	12000	0	NA	Limonieae	Tribe	unknown	unknown	earliest_occurrence_date	cal yr BP	NaN		
individualtimelinenode_7ad29507-799c-4376-b56f-1351f3b39160	12000	0	NA	Armeria	Genus	unknown	unknown	earliest_occurrence_date	cal yr BP	NaN		
individualtimelinenode_7ad29507-799c-4376-b56f-1351f3b39160	12000	0	NA	Fagales	Order	unknown	unknown	earliest_occurrence_date	cal yr BP	8643.68		
individualtimelinenode_7ad29507-799c-4376-b56f-1351f3b39160	12000	0	NA	Betulaceae	Family	unknown	unknown	earliest_occurrence_date	cal yr BP	8643.68		
individualtimelinenode_7ad29507-799c-4376-b56f-1351f3b39160	12000	0	NA	Betula	Genus	unknown	unknown	earliest_occurrence_date	cal yr BP	8643.68		
individualtimelinenode_7ad29507-799c-4376-b56f-1351f3b39160	12000	0	NA	Betula nana L.	Species	unknown	unknown	earliest_occurrence_date	cal yr BP	NaN		
individualtimelinenode_7ad29507-799c-4376-b56f-1351f3b39160	12000	0	NA	Asterales	Order	unknown	unknown	earliest_occurrence_date	cal yr BP	5703.49		
individualtimelinenode_7ad29507-799c-4376-b56f-1351f3b39160	12000	0	NA	Campanulaceae	Family	unknown	unknown	earliest_occurrence_date	cal yr BP	5703.49		
individualtimelinenode_7ad29507-799c-4376-b56f-1351f3b39160	12000	0	NA	Campanula	Genus	unknown	unknown	earliest_occurrence_date	cal yr BP	5703.49		
individualtimelinenode_7ad29507-799c-4376-b56f-1351f3b39160	12000	0	NA	Caryophyllaceae	Family	unknown	unknown	earliest_occurrence_date	cal yr BP	8643.68		
individualtimelinenode_7ad29507-799c-4376-b56f-1351f3b39160	12000	0	NA	Ericales	Order	unknown	unknown	earliest_occurrence_date	cal yr BP	8360.98		
individualtimelinenode_7ad29507-799c-4376-b56f-1351f3b39160	12000	0	NA	Ericaceae	Family	unknown	unknown	earliest_occurrence_date	cal yr BP	8360.98		
individualtimelinenode_7ad29507-799c-4376-b56f-1351f3b39160	12000	0	NA	Cassiopoideae	Subfamily	unknown	unknown	earliest_occurrence_date	cal yr BP	8360.98		
individualtimelinenode_7ad29507-799c-4376-b56f-1351f3b39160	12000	0	NA	Cassiope	Genus	unknown	unknown	earliest_occurrence_date	cal yr BP	8360.98		
individualtimelinenode_7ad29507-799c-4376-b56f-1351f3b39160	12000	0	NA	Chenopodiaceae	Genus	unknown	unknown	earliest_occurrence_date	cal yr BP	NaN		
individualtimelinenode_7ad29507-799c-4376-b56f-1351f3b39160	12000	0	NA	Problematic (Placeholder)	Kingdom	unknown	unknown	earliest_occurrence_date	cal yr BP	8643.68		
individualtimelinenode_7ad29507-799c-4376-b56f-1351f3b39160	12000	0	NA	Cruciferae	Family	unknown	unknown	earliest_occurrence_date	cal yr BP	8643.68		
individualtimelinenode_7ad29507-799c-4376-b56f-1351f3b39160	12000	0	NA	Poales	Order	unknown	unknown	earliest_occurrence_date	cal yr BP	8643.68		
individualtimelinenode_7ad29507-799c-4376-b56f-1351f3b39160	12000	0	NA	Cyperaceae	Family	unknown	unknown	earliest_occurrence_date	cal yr BP	8643.68		
individualtimelinenode_7ad29507-799c-4376-b56f-1351f3b39160	12000	0	NA	Rosales	Order	unknown	unknown	earliest_occurrence_date	cal yr BP	8643.68		
individualtimelinenode_7ad29507-799c-4376-b56f-1351f3b39160	12000	0	NA	Rosaceae	Family	unknown	unknown	earliest_occurrence_date	cal yr BP	8643.68		
individualtimelinenode_7ad29507-799c-4376-b56f-1351f3b39160	12000	0	NA	Dryas	Genus	unknown	unknown	earliest_occurrence_date	cal yr BP	8643.68		
individualtimelinenode_7ad29507-799c-4376-b56f-1351f3b39160	12000	0	NA	Ericoideae	Subfamily	unknown	unknown	earliest_occurrence_date	cal yr BP	NaN		
individualtimelinenode_7ad29507-799c-4376-b56f-1351f3b39160	12000	0	NA	Empetrum	Genus	unknown	unknown	earliest_occurrence_date	cal yr BP	NaN		
individualtimelinenode_7ad29507-799c-4376-b56f-1351f3b39160	12000	0	NA	Myrtales	Order	unknown	unknown	earliest_occurrence_date	cal yr BP	5156.18		
individualtimelinenode_7ad29507-799c-4376-b56f-1351f3b39160	12000	0	NA	Onagraceae	Family	unknown	unknown	earliest_occurrence_date	cal yr BP	5156.18		
individualtimelinenode_7ad29507-799c-4376-b56f-1351f3b39160	12000	0	NA	Epilobium	Genus	unknown	unknown	earliest_occurrence_date	cal yr BP	NaN		
individualtimelinenode_7ad29507-799c-4376-b56f-1351f3b39160	12000	0	NA	Gramineae	Genus	unknown	unknown	earliest_occurrence_date	cal yr BP	8643.68		
individualtimelinenode_7ad29507-799c-4376-b56f-1351f3b39160	12000	0	NA	Lycopodiophyta	Phylum	unknown	unknown	earliest_occurrence_date	cal yr BP	8643.68		
individualtimelinenode_7ad29507-799c-4376-b56f-1351f3b39160	12000	0	NA	Lycopodiopsida	Class	unknown	unknown	earliest_occurrence_date	cal yr BP	8643.68		
individualtimelinenode_7ad29507-799c-4376-b56f-1351f3b39160	12000	0	NA	Lycopodiales	Order	unknown	unknown	earliest_occurrence_date	cal yr BP	8643.68		
individualtimelinenode_7ad29507-799c-4376-b56f-1351f3b39160	12000	0	NA	Lycopodiaceae	Family	unknown	unknown	earliest_occurrence_date	cal yr BP	8643.68		
individualtimelinenode_7ad29507-799c-4376-b56f-1351f3b39160	12000	0	NA	Lycopodioideae	Subfamily	unknown	unknown	earliest_occurrence_date	cal yr BP	NaN		
individualtimelinenode_7ad29507-799c-4376-b56f-1351f3b39160	12000	0	NA	Lycopodium	Genus	unknown	unknown	earliest_occurrence_date	cal yr BP	NaN		
individualtimelinenode_7ad29507-799c-4376-b56f-1351f3b39160	12000	0	NA	Polygonaceae	Family	unknown	unknown	earliest_occurrence_date	cal yr BP	8643.68		
individualtimelinenode_7ad29507-799c-4376-b56f-1351f3b39160	12000	0	NA	Oxyria	Genus	unknown	unknown	earliest_occurrence_date	cal yr BP	8643.68		
individualtimelinenode_7ad29507-799c-4376-b56f-1351f3b39160	12000	0	NA	Ranunculales	Order	unknown	unknown	earliest_occurrence_date	cal yr BP	8643.68		
individualtimelinenode_7ad29507-799c-4376-b56f-1351f3b39160	12000	0	NA	Papaveraceae	Family	unknown	unknown	earliest_occurrence_date	cal yr BP	NaN		
individualtimelinenode_7ad29507-799c-4376-b56f-1351f3b39160	12000	0	NA	Papaveroideae	Subfamily	unknown	unknown	earliest_occurrence_date	cal yr BP	NaN		
individualtimelinenode_7ad29507-799c-4376-b56f-1351f3b39160	12000	0	NA	Papavereae	Tribe	unknown	unknown	earliest_occurrence_date	cal yr BP	NaN		
individualtimelinenode_7ad29507-799c-4376-b56f-1351f3b39160	12000	0	NA	Papaver	Genus	unknown	unknown	earliest_occurrence_date	cal yr BP	NaN		
individualtimelinenode_7ad29507-799c-4376-b56f-1351f3b39160	12000	0	NA	Phyllodoce	Genus	unknown	unknown	earliest_occurrence_date	cal yr BP	NaN		
individualtimelinenode_7ad29507-799c-4376-b56f-1351f3b39160	12000	0	NA	Polygonum	Genus	unknown	unknown	earliest_occurrence_date	cal yr BP	8643.68		
individualtimelinenode_7ad29507-799c-4376-b56f-1351f3b39160	12000	0	NA	Polygonum viviparum L.	Species	unknown	unknown	earliest_occurrence_date	cal yr BP	8643.68		
individualtimelinenode_7ad29507-799c-4376-b56f-1351f3b39160	12000	0	NA	Polypodiophyta	Phylum	unknown	unknown	earliest_occurrence_date	cal yr BP	8567.43		
individualtimelinenode_7ad29507-799c-4376-b56f-1351f3b39160	12000	0	NA	Polypodiopsida	Class	unknown	unknown	earliest_occurrence_date	cal yr BP	8567.43		
individualtimelinenode_7ad29507-799c-4376-b56f-1351f3b39160	12000	0	NA	Polypodiales	Order	unknown	unknown	earliest_occurrence_date	cal yr BP	8567.43		
individualtimelinenode_7ad29507-799c-4376-b56f-1351f3b39160	12000	0	NA	Polypodiaceae	Family	unknown	unknown	earliest_occurrence_date	cal yr BP	8567.43		
individualtimelinenode_7ad29507-799c-4376-b56f-1351f3b39160	12000	0	NA	Potentilla	Genus	unknown	unknown	earliest_occurrence_date	cal yr BP	8567.43		
individualtimelinenode_7ad29507-799c-4376-b56f-1351f3b39160	12000	0	NA	Ranunculaceae	Family	unknown	unknown	earliest_occurrence_date	cal yr BP	8643.68		
individualtimelinenode_7ad29507-799c-4376-b56f-1351f3b39160	12000	0	NA	Ranunculus	Genus	unknown	unknown	earliest_occurrence_date	cal yr BP	8643.68		
individualtimelinenode_7ad29507-799c-4376-b56f-1351f3b39160	12000	0	NA	Malpighiales	Order	unknown	unknown	earliest_occurrence_date	cal yr BP	8643.68		
individualtimelinenode_7ad29507-799c-4376-b56f-1351f3b39160	12000	0	NA	Salicaceae	Family	unknown	unknown	earliest_occurrence_date	cal yr BP	8643.68		
individualtimelinenode_7ad29507-799c-4376-b56f-1351f3b39160	12000	0	NA	Salix	Genus	unknown	unknown	earliest_occurrence_date	cal yr BP	8643.68		
individualtimelinenode_7ad29507-799c-4376-b56f-1351f3b39160	12000	0	NA	Salix arctica (Pall.)	Species	unknown	unknown	earliest_occurrence_date	cal yr BP	NaN		
individualtimelinenode_7ad29507-799c-4376-b56f-1351f3b39160	12000	0	NA	Salix herbacea L.	Species	unknown	unknown	earliest_occurrence_date	cal yr BP	NaN		
individualtimelinenode_7ad29507-799c-4376-b56f-1351f3b39160	12000	0	NA	Saxifragales	Order	unknown	unknown	earliest_occurrence_date	cal yr BP	8643.68		
individualtimelinenode_7ad29507-799c-4376-b56f-1351f3b39160	12000	0	NA	Saxifragaceae	Family	unknown	unknown	earliest_occurrence_date	cal yr BP	8643.68		
individualtimelinenode_7ad29507-799c-4376-b56f-1351f3b39160	12000	0	NA	Saxifraga	Genus	unknown	unknown	earliest_occurrence_date	cal yr BP	8643.68		
individualtimelinenode_7ad29507-799c-4376-b56f-1351f3b39160	12000	0	NA	Thalictrum	Genus	unknown	unknown	earliest_occurrence_date	cal yr BP	8567.43		
individualtimelinenode_7ad29507-799c-4376-b56f-1351f3b39160	12000	0	NA	Lamiales	Order	unknown	unknown	earliest_occurrence_date	cal yr BP	NaN		
individualtimelinenode_7ad29507-799c-4376-b56f-1351f3b39160	12000	0	NA	Orobanchaceae	Family	unknown	unknown	earliest_occurrence_date	cal yr BP	NaN		
individualtimelinenode_7ad29507-799c-4376-b56f-1351f3b39160	12000	0	NA	Pedicularis	Genus	unknown	unknown	earliest_occurrence_date	cal yr BP	NaN		
individualtimelinenode_7ad29507-799c-4376-b56f-1351f3b39160	12000	0	NA	Vaccinioideae	Subfamily	unknown	unknown	earliest_occurrence_date	cal yr BP	5703.49		
individualtimelinenode_7ad29507-799c-4376-b56f-1351f3b39160	12000	0	NA	Vaccinium	Genus	unknown	unknown	earliest_occurrence_date	cal yr BP	5703.49		
individualtimelinenode_7ad29507-799c-4376-b56f-1351f3b39160	12000	0	NA	Cassiope tetragona (L.) D. Don.	Species	unknown	unknown	earliest_occurrence_date	cal yr BP	8360.98		
individualtimelinenode_7ad29507-799c-4376-b56f-1351f3b39160	12000	0	NA	Chamaenerion latifolium (L.) Th. Fries & Lge.	Species	unknown	unknown	earliest_occurrence_date	cal yr BP	NaN		
individualtimelinenode_7ad29507-799c-4376-b56f-1351f3b39160	12000	0	NA	Cystopteris fragilis ssp. dickieana (Sim.) Hyl.	Subspecies	unknown	unknown	earliest_occurrence_date	cal yr BP	NaN		
individualtimelinenode_7ad29507-799c-4376-b56f-1351f3b39160	12000	0	NA	Empetrum hermaphroditum (Hagerup) Böch.	Species	unknown	unknown	earliest_occurrence_date	cal yr BP	NaN		
individualtimelinenode_7ad29507-799c-4376-b56f-1351f3b39160	12000	0	NA	Equisetales	Order	unknown	unknown	earliest_occurrence_date	cal yr BP	NaN		
individualtimelinenode_7ad29507-799c-4376-b56f-1351f3b39160	12000	0	NA	Equisetaceae	Family	unknown	unknown	earliest_occurrence_date	cal yr BP	NaN		
individualtimelinenode_7ad29507-799c-4376-b56f-1351f3b39160	12000	0	NA	Equisetum	Genus	unknown	unknown	earliest_occurrence_date	cal yr BP	NaN		
individualtimelinenode_7ad29507-799c-4376-b56f-1351f3b39160	12000	0	NA	Huperzioideae	Subfamily	unknown	unknown	earliest_occurrence_date	cal yr BP	8643.68		
individualtimelinenode_7ad29507-799c-4376-b56f-1351f3b39160	12000	0	NA	Huperzia	Genus	unknown	unknown	earliest_occurrence_date	cal yr BP	8643.68		
individualtimelinenode_7ad29507-799c-4376-b56f-1351f3b39160	12000	0	NA	Huperzia selago (L.) Bernh. ex Schrank. & Mart.	Species	unknown	unknown	earliest_occurrence_date	cal yr BP	8643.68		
individualtimelinenode_7ad29507-799c-4376-b56f-1351f3b39160	12000	0	NA	Oxyria digyna (L.) Hill	Species	unknown	unknown	earliest_occurrence_date	cal yr BP	NaN		
individualtimelinenode_7ad29507-799c-4376-b56f-1351f3b39160	12000	0	NA	Papaver radicatum Rottb.	Species	unknown	unknown	earliest_occurrence_date	cal yr BP	NaN		
individualtimelinenode_7ad29507-799c-4376-b56f-1351f3b39160	12000	0	NA	Saxifraga paniculata Mill.	Species	unknown	unknown	earliest_occurrence_date	cal yr BP	8643.68		
individualtimelinenode_7ad29507-799c-4376-b56f-1351f3b39160	12000	0	NA	Saxifraga aizoides L.	Species	unknown	unknown	earliest_occurrence_date	cal yr BP	8643.68		
individualtimelinenode_7ad29507-799c-4376-b56f-1351f3b39160	12000	0	NA	Saxifraga tricuspidata Rottb.	Species	unknown	unknown	earliest_occurrence_date	cal yr BP	8643.68		
individualtimelinenode_7ad29507-799c-4376-b56f-1351f3b39160	12000	0	NA	Saxifraga oppositifolia L.	Species	unknown	unknown	earliest_occurrence_date	cal yr BP	8643.68		
individualtimelinenode_7ad29507-799c-4376-b56f-1351f3b39160	12000	0	NA	Alismatales	Order	unknown	unknown	earliest_occurrence_date	cal yr BP	NaN		
individualtimelinenode_7ad29507-799c-4376-b56f-1351f3b39160	12000	0	NA	Tofieldiaceae	Family	unknown	unknown	earliest_occurrence_date	cal yr BP	NaN		
individualtimelinenode_7ad29507-799c-4376-b56f-1351f3b39160	12000	0	NA	Tofieldia	Genus	unknown	unknown	earliest_occurrence_date	cal yr BP	NaN		
individualtimelinenode_7ad29507-799c-4376-b56f-1351f3b39160	12000	0	NA	Armeria scabra ssp. sibirica (Turcz.) Hyl.	Subspecies	unknown	unknown	earliest_occurrence_date	cal yr BP	NaN		
individualtimelinenode_7ad29507-799c-4376-b56f-1351f3b39160	12000	0	NA	Campanula uniflora L.	Species	unknown	unknown	earliest_occurrence_date	cal yr BP	NaN		
individualtimelinenode_7ad29507-799c-4376-b56f-1351f3b39160	12000	0	NA	Carex bigelowii Torr.	Species	unknown	unknown	earliest_occurrence_date	cal yr BP	NaN		
individualtimelinenode_7ad29507-799c-4376-b56f-1351f3b39160	12000	0	NA	Carex	Genus	unknown	unknown	earliest_occurrence_date	cal yr BP	NaN		
individualtimelinenode_7ad29507-799c-4376-b56f-1351f3b39160	12000	0	NA	Carex capillaris L.	Species	unknown	unknown	earliest_occurrence_date	cal yr BP	NaN		
individualtimelinenode_7ad29507-799c-4376-b56f-1351f3b39160	12000	0	NA	Carex misandra R.Br.	Species	unknown	unknown	earliest_occurrence_date	cal yr BP	NaN		
individualtimelinenode_7ad29507-799c-4376-b56f-1351f3b39160	12000	0	NA	Carex nardina Fr.	Species	unknown	unknown	earliest_occurrence_date	cal yr BP	NaN		
individualtimelinenode_7ad29507-799c-4376-b56f-1351f3b39160	12000	0	NA	Dryas integrifolia M. Vahl.	Species	unknown	unknown	earliest_occurrence_date	cal yr BP	NaN		
individualtimelinenode_7ad29507-799c-4376-b56f-1351f3b39160	12000	0	NA	Juncaceae	Family	unknown	unknown	earliest_occurrence_date	cal yr BP	NaN		
individualtimelinenode_7ad29507-799c-4376-b56f-1351f3b39160	12000	0	NA	Juncus	Genus	unknown	unknown	earliest_occurrence_date	cal yr BP	NaN		
individualtimelinenode_7ad29507-799c-4376-b56f-1351f3b39160	12000	0	NA	Luzula	Genus	unknown	unknown	earliest_occurrence_date	cal yr BP	NaN		
individualtimelinenode_7ad29507-799c-4376-b56f-1351f3b39160	12000	0	NA	Minuartia rubella (Wbg.) Hiern.	Species	unknown	unknown	earliest_occurrence_date	cal yr BP	NaN		
individualtimelinenode_7ad29507-799c-4376-b56f-1351f3b39160	12000	0	NA	Poaceae	Family	unknown	unknown	earliest_occurrence_date	cal yr BP	NaN		
individualtimelinenode_7ad29507-799c-4376-b56f-1351f3b39160	12000	0	NA	Poa	Genus	unknown	unknown	earliest_occurrence_date	cal yr BP	NaN		
individualtimelinenode_7ad29507-799c-4376-b56f-1351f3b39160	12000	0	NA	Silene	Genus	unknown	unknown	earliest_occurrence_date	cal yr BP	NaN		
individualtimelinenode_7ad29507-799c-4376-b56f-1351f3b39160	12000	0	NA	Silene acaulis (L.) Jacq.	Species	unknown	unknown	earliest_occurrence_date	cal yr BP	NaN		
individualtimelinenode_7ad29507-799c-4376-b56f-1351f3b39160	12000	0	NA	Oxycoccus	Genus	unknown	unknown	earliest_occurrence_date	cal yr BP	NaN		
individualtimelinenode_7ad29507-799c-4376-b56f-1351f3b39160	12000	0	NA	Vaccinium uliginosum L.	Species	unknown	unknown	earliest_occurrence_date	cal yr BP	5703.49		
individualtimelinenode_7ad29507-799c-4376-b56f-1351f3b39160	12000	0	NA	Vaccinium vitis-idaea L.	Species	unknown	unknown	earliest_occurrence_date	cal yr BP	NaN		
individualtimelinenode_7ad29507-799c-4376-b56f-1351f3b39160	12000	0	NA	Alchemilla	Genus	unknown	unknown	earliest_occurrence_date	cal yr BP	NaN		
individualtimelinenode_7ad29507-799c-4376-b56f-1351f3b39160	12000	0	NA	Alchemilla alpina L.	Species	unknown	unknown	earliest_occurrence_date	cal yr BP	NaN		
individualtimelinenode_7ad29507-799c-4376-b56f-1351f3b39160	12000	0	NA	Alnus	Genus	unknown	unknown	earliest_occurrence_date	cal yr BP	NaN		
individualtimelinenode_7ad29507-799c-4376-b56f-1351f3b39160	12000	0	NA	Asteraceae	Family	unknown	unknown	earliest_occurrence_date	cal yr BP	NaN		
individualtimelinenode_7ad29507-799c-4376-b56f-1351f3b39160	12000	0	NA	Asteroideae	Subfamily	unknown	unknown	earliest_occurrence_date	cal yr BP	NaN		
individualtimelinenode_7ad29507-799c-4376-b56f-1351f3b39160	12000	0	NA	Anthemideae	Tribe	unknown	unknown	earliest_occurrence_date	cal yr BP	NaN		
individualtimelinenode_7ad29507-799c-4376-b56f-1351f3b39160	12000	0	NA	Artemisia	Genus	unknown	unknown	earliest_occurrence_date	cal yr BP	NaN		
individualtimelinenode_7ad29507-799c-4376-b56f-1351f3b39160	12000	0	NA	Ophioglossales	Order	unknown	unknown	earliest_occurrence_date	cal yr BP	NaN		
individualtimelinenode_7ad29507-799c-4376-b56f-1351f3b39160	12000	0	NA	Ophioglossaceae	Family	unknown	unknown	earliest_occurrence_date	cal yr BP	NaN		
individualtimelinenode_7ad29507-799c-4376-b56f-1351f3b39160	12000	0	NA	Botrychioideae	Subfamily	unknown	unknown	earliest_occurrence_date	cal yr BP	NaN		
individualtimelinenode_7ad29507-799c-4376-b56f-1351f3b39160	12000	0	NA	Botrychium	Genus	unknown	unknown	earliest_occurrence_date	cal yr BP	NaN		
individualtimelinenode_7ad29507-799c-4376-b56f-1351f3b39160	12000	0	NA	Carex brunescens (Pers.) Poir.	Species	unknown	unknown	earliest_occurrence_date	cal yr BP	NaN		
individualtimelinenode_7ad29507-799c-4376-b56f-1351f3b39160	12000	0	NA	Carex gynocrates Wormsk.	Species	unknown	unknown	earliest_occurrence_date	cal yr BP	NaN		
individualtimelinenode_7ad29507-799c-4376-b56f-1351f3b39160	12000	0	NA	Carex lachenalii Schkuhr.	Species	unknown	unknown	earliest_occurrence_date	cal yr BP	NaN		
individualtimelinenode_7ad29507-799c-4376-b56f-1351f3b39160	12000	0	NA	Carex norvegica L.	Species	unknown	unknown	earliest_occurrence_date	cal yr BP	NaN		
individualtimelinenode_7ad29507-799c-4376-b56f-1351f3b39160	12000	0	NA	Carex rufina Drej.	Species	unknown	unknown	earliest_occurrence_date	cal yr BP	NaN		
individualtimelinenode_7ad29507-799c-4376-b56f-1351f3b39160	12000	0	NA	Minuartia	Genus	unknown	unknown	earliest_occurrence_date	cal yr BP	NaN		
individualtimelinenode_7ad29507-799c-4376-b56f-1351f3b39160	12000	0	NA	Minuartia stricta (Sw). Hiern.	Species	unknown	unknown	earliest_occurrence_date	cal yr BP	NaN		
individualtimelinenode_7ad29507-799c-4376-b56f-1351f3b39160	12000	0	NA	Minuartia groenlandica Retz.	Species	unknown	unknown	earliest_occurrence_date	cal yr BP	NaN		
individualtimelinenode_7ad29507-799c-4376-b56f-1351f3b39160	12000	0	NA	Stellaria calycantha (Led.) Bong.	Species	unknown	unknown	earliest_occurrence_date	cal yr BP	NaN		
individualtimelinenode_7ad29507-799c-4376-b56f-1351f3b39160	12000	0	NA	Stellaria longipes Goldie	Species	unknown	unknown	earliest_occurrence_date	cal yr BP	NaN		
individualtimelinenode_7ad29507-799c-4376-b56f-1351f3b39160	12000	0	NA	Cerastium fontanum Baumg.	Species	unknown	unknown	earliest_occurrence_date	cal yr BP	NaN		
individualtimelinenode_7ad29507-799c-4376-b56f-1351f3b39160	12000	0	NA	Cerastium arcticum Lge.	Species	unknown	unknown	earliest_occurrence_date	cal yr BP	NaN		
individualtimelinenode_7ad29507-799c-4376-b56f-1351f3b39160	12000	0	NA	Cerastium alpinum L.	Species	unknown	unknown	earliest_occurrence_date	cal yr BP	NaN		
individualtimelinenode_7ad29507-799c-4376-b56f-1351f3b39160	12000	0	NA	Brassicales	Order	unknown	unknown	earliest_occurrence_date	cal yr BP	NaN		
individualtimelinenode_7ad29507-799c-4376-b56f-1351f3b39160	12000	0	NA	Brassicaceae	Family	unknown	unknown	earliest_occurrence_date	cal yr BP	NaN		
individualtimelinenode_7ad29507-799c-4376-b56f-1351f3b39160	12000	0	NA	Brassicoideae	Subfamily	unknown	unknown	earliest_occurrence_date	cal yr BP	NaN		
individualtimelinenode_7ad29507-799c-4376-b56f-1351f3b39160	12000	0	NA	Arabideae	Tribe	unknown	unknown	earliest_occurrence_date	cal yr BP	NaN		
individualtimelinenode_7ad29507-799c-4376-b56f-1351f3b39160	12000	0	NA	Draba	Genus	unknown	unknown	earliest_occurrence_date	cal yr BP	NaN		
individualtimelinenode_7ad29507-799c-4376-b56f-1351f3b39160	12000	0	NA	Harrimanelloideae	Subfamily	unknown	unknown	earliest_occurrence_date	cal yr BP	8360.98		
individualtimelinenode_7ad29507-799c-4376-b56f-1351f3b39160	12000	0	NA	Harrimanella	Genus	unknown	unknown	earliest_occurrence_date	cal yr BP	8360.98		
individualtimelinenode_7ad29507-799c-4376-b56f-1351f3b39160	12000	0	NA	Harrimanella hypnoides (L.) Coville.	Species	unknown	unknown	earliest_occurrence_date	cal yr BP	8360.98		
individualtimelinenode_7ad29507-799c-4376-b56f-1351f3b39160	12000	0	NA	Plantaginaceae	Family	unknown	unknown	earliest_occurrence_date	cal yr BP	NaN		
individualtimelinenode_7ad29507-799c-4376-b56f-1351f3b39160	12000	0	NA	Hippuris	Genus	unknown	unknown	earliest_occurrence_date	cal yr BP	NaN		
individualtimelinenode_7ad29507-799c-4376-b56f-1351f3b39160	12000	0	NA	Hippuris vulgaris L.	Species	unknown	unknown	earliest_occurrence_date	cal yr BP	NaN		
individualtimelinenode_7ad29507-799c-4376-b56f-1351f3b39160	12000	0	NA	Pinophyta	Phylum	unknown	unknown	earliest_occurrence_date	cal yr BP	NaN		
individualtimelinenode_7ad29507-799c-4376-b56f-1351f3b39160	12000	0	NA	Pinopsida	Class	unknown	unknown	earliest_occurrence_date	cal yr BP	NaN		
individualtimelinenode_7ad29507-799c-4376-b56f-1351f3b39160	12000	0	NA	Cupressales	Order	unknown	unknown	earliest_occurrence_date	cal yr BP	NaN		
individualtimelinenode_7ad29507-799c-4376-b56f-1351f3b39160	12000	0	NA	Cupressaceae	Family	unknown	unknown	earliest_occurrence_date	cal yr BP	NaN		
individualtimelinenode_7ad29507-799c-4376-b56f-1351f3b39160	12000	0	NA	Juniperus	Genus	unknown	unknown	earliest_occurrence_date	cal yr BP	NaN		
individualtimelinenode_7ad29507-799c-4376-b56f-1351f3b39160	12000	0	NA	Juniperus communis L.	Species	unknown	unknown	earliest_occurrence_date	cal yr BP	NaN		
individualtimelinenode_7ad29507-799c-4376-b56f-1351f3b39160	12000	0	NA	Koenigia	Genus	unknown	unknown	earliest_occurrence_date	cal yr BP	8643.68		
individualtimelinenode_7ad29507-799c-4376-b56f-1351f3b39160	12000	0	NA	Koenigia islandica L.	Species	unknown	unknown	earliest_occurrence_date	cal yr BP	8643.68		
individualtimelinenode_7ad29507-799c-4376-b56f-1351f3b39160	12000	0	NA	Loiseleuria procumbens (L.) Desv.	Species	unknown	unknown	earliest_occurrence_date	cal yr BP	NaN		
individualtimelinenode_7ad29507-799c-4376-b56f-1351f3b39160	12000	0	NA	Lycopodium clavatum L.	Species	unknown	unknown	earliest_occurrence_date	cal yr BP	NaN		
individualtimelinenode_7ad29507-799c-4376-b56f-1351f3b39160	12000	0	NA	Diphasium	Genus	unknown	unknown	earliest_occurrence_date	cal yr BP	NaN		
individualtimelinenode_7ad29507-799c-4376-b56f-1351f3b39160	12000	0	NA	Diphasium complanatum (L.) Rothm.	Species	unknown	unknown	earliest_occurrence_date	cal yr BP	NaN		
individualtimelinenode_7ad29507-799c-4376-b56f-1351f3b39160	12000	0	NA	Diphasium alpinum (L.) Rothm.	Species	unknown	unknown	earliest_occurrence_date	cal yr BP	NaN		
individualtimelinenode_7ad29507-799c-4376-b56f-1351f3b39160	12000	0	NA	Lycopodium dubium Zoega.	Species	unknown	unknown	earliest_occurrence_date	cal yr BP	NaN		
individualtimelinenode_7ad29507-799c-4376-b56f-1351f3b39160	12000	0	NA	Minuratia rubella (Wbg.) Hiern.	Species	unknown	unknown	earliest_occurrence_date	cal yr BP	NaN		
individualtimelinenode_7ad29507-799c-4376-b56f-1351f3b39160	12000	0	NA	Phippsia algida (Sol.) R. Br.	Species	unknown	unknown	earliest_occurrence_date	cal yr BP	NaN		
individualtimelinenode_7ad29507-799c-4376-b56f-1351f3b39160	12000	0	NA	Potamogetonaceae	Family	unknown	unknown	earliest_occurrence_date	cal yr BP	NaN		
individualtimelinenode_7ad29507-799c-4376-b56f-1351f3b39160	12000	0	NA	Potamogeton	Genus	unknown	unknown	earliest_occurrence_date	cal yr BP	NaN		
individualtimelinenode_7ad29507-799c-4376-b56f-1351f3b39160	12000	0	NA	Potamogeton pusillus L.	Species	unknown	unknown	earliest_occurrence_date	cal yr BP	NaN		
individualtimelinenode_7ad29507-799c-4376-b56f-1351f3b39160	12000	0	NA	Sibbaldia procumbens L.	Species	unknown	unknown	earliest_occurrence_date	cal yr BP	NaN		
individualtimelinenode_7ad29507-799c-4376-b56f-1351f3b39160	12000	0	NA	Comarum	Genus	unknown	unknown	earliest_occurrence_date	cal yr BP	NaN		
individualtimelinenode_7ad29507-799c-4376-b56f-1351f3b39160	12000	0	NA	Comarum palustre L.	Species	unknown	unknown	earliest_occurrence_date	cal yr BP	NaN		
individualtimelinenode_7ad29507-799c-4376-b56f-1351f3b39160	12000	0	NA	Potentilla anserina L.	Species	unknown	unknown	earliest_occurrence_date	cal yr BP	NaN		
individualtimelinenode_7ad29507-799c-4376-b56f-1351f3b39160	12000	0	NA	Potentilla hyparctica Malte	Species	unknown	unknown	earliest_occurrence_date	cal yr BP	NaN		
individualtimelinenode_7ad29507-799c-4376-b56f-1351f3b39160	12000	0	NA	Potentilla nivea L.	Species	unknown	unknown	earliest_occurrence_date	cal yr BP	NaN		
individualtimelinenode_7ad29507-799c-4376-b56f-1351f3b39160	12000	0	NA	Potentilla hookeriana Lehm.	Species	unknown	unknown	earliest_occurrence_date	cal yr BP	NaN		
individualtimelinenode_7ad29507-799c-4376-b56f-1351f3b39160	12000	0	NA	Potentilla pulchella R. Br.	Species	unknown	unknown	earliest_occurrence_date	cal yr BP	NaN		
individualtimelinenode_7ad29507-799c-4376-b56f-1351f3b39160	12000	0	NA	Potentilla egedii Wormsk.	Species	unknown	unknown	earliest_occurrence_date	cal yr BP	NaN		
individualtimelinenode_7ad29507-799c-4376-b56f-1351f3b39160	12000	0	NA	Ranunculus confervoides (Fr.) Asch. & Graebn.	Species	unknown	unknown	earliest_occurrence_date	cal yr BP	NaN		
individualtimelinenode_7ad29507-799c-4376-b56f-1351f3b39160	12000	0	NA	Ranunculus hyperboreus Rottb.	Species	unknown	unknown	earliest_occurrence_date	cal yr BP	NaN		
individualtimelinenode_7ad29507-799c-4376-b56f-1351f3b39160	12000	0	NA	Rumex	Genus	unknown	unknown	earliest_occurrence_date	cal yr BP	NaN		
individualtimelinenode_7ad29507-799c-4376-b56f-1351f3b39160	12000	0	NA	Rumex acetosella L.	Species	unknown	unknown	earliest_occurrence_date	cal yr BP	NaN		
individualtimelinenode_7ad29507-799c-4376-b56f-1351f3b39160	12000	0	NA	Sagina	Genus	unknown	unknown	earliest_occurrence_date	cal yr BP	NaN		
individualtimelinenode_7ad29507-799c-4376-b56f-1351f3b39160	12000	0	NA	Saxifraga hyperborea R. Br.	Species	unknown	unknown	earliest_occurrence_date	cal yr BP	NaN		
individualtimelinenode_7ad29507-799c-4376-b56f-1351f3b39160	12000	0	NA	Saxifraga rivularis L.	Species	unknown	unknown	earliest_occurrence_date	cal yr BP	NaN		
individualtimelinenode_7ad29507-799c-4376-b56f-1351f3b39160	12000	0	NA	Saxifraga flagellaris Willd.	Species	unknown	unknown	earliest_occurrence_date	cal yr BP	NaN		
individualtimelinenode_7ad29507-799c-4376-b56f-1351f3b39160	12000	0	NA	Saxifraga hirculus L.	Species	unknown	unknown	earliest_occurrence_date	cal yr BP	NaN		
individualtimelinenode_7ad29507-799c-4376-b56f-1351f3b39160	12000	0	NA	Saxifraga cernua L.	Species	unknown	unknown	earliest_occurrence_date	cal yr BP	NaN		
individualtimelinenode_7ad29507-799c-4376-b56f-1351f3b39160	12000	0	NA	Saxifraga caespitosa L.	Species	unknown	unknown	earliest_occurrence_date	cal yr BP	NaN		
individualtimelinenode_7ad29507-799c-4376-b56f-1351f3b39160	12000	0	NA	Saxifraga hieraciifolia W. & K.	Species	unknown	unknown	earliest_occurrence_date	cal yr BP	8567.43		
individualtimelinenode_7ad29507-799c-4376-b56f-1351f3b39160	12000	0	NA	Saxifraga tenuis (Wbg.) H. Sm.	Species	unknown	unknown	earliest_occurrence_date	cal yr BP	8567.43		
individualtimelinenode_7ad29507-799c-4376-b56f-1351f3b39160	12000	0	NA	Saxifraga nivalis L.	Species	unknown	unknown	earliest_occurrence_date	cal yr BP	8567.43		
individualtimelinenode_7ad29507-799c-4376-b56f-1351f3b39160	12000	0	NA	Crassulaceae	Family	unknown	unknown	earliest_occurrence_date	cal yr BP	NaN		
individualtimelinenode_7ad29507-799c-4376-b56f-1351f3b39160	12000	0	NA	Sedum	Genus	unknown	unknown	earliest_occurrence_date	cal yr BP	NaN		
individualtimelinenode_7ad29507-799c-4376-b56f-1351f3b39160	12000	0	NA	Bryophyta	Phylum	unknown	unknown	earliest_occurrence_date	cal yr BP	NaN		
individualtimelinenode_7ad29507-799c-4376-b56f-1351f3b39160	12000	0	NA	Sphagnopsida	Class	unknown	unknown	earliest_occurrence_date	cal yr BP	NaN		
individualtimelinenode_7ad29507-799c-4376-b56f-1351f3b39160	12000	0	NA	Sphagnales	Order	unknown	unknown	earliest_occurrence_date	cal yr BP	NaN		
individualtimelinenode_7ad29507-799c-4376-b56f-1351f3b39160	12000	0	NA	Sphagnaceae	Family	unknown	unknown	earliest_occurrence_date	cal yr BP	NaN		
individualtimelinenode_7ad29507-799c-4376-b56f-1351f3b39160	12000	0	NA	Sphagnum	Genus	unknown	unknown	earliest_occurrence_date	cal yr BP	NaN		
individualtimelinenode_7ad29507-799c-4376-b56f-1351f3b39160	12000	0	NA	Thalictrum alpinum L.	Species	unknown	unknown	earliest_occurrence_date	cal yr BP	8567.43		
individualtimelinenode_7ad29507-799c-4376-b56f-1351f3b39160	12000	0	NA	Lamiaceae	Family	unknown	unknown	earliest_occurrence_date	cal yr BP	NaN		
individualtimelinenode_7ad29507-799c-4376-b56f-1351f3b39160	12000	0	NA	Thymus	Genus	unknown	unknown	earliest_occurrence_date	cal yr BP	NaN		
individualtimelinenode_7ad29507-799c-4376-b56f-1351f3b39160	12000	0	NA	Thymus praecox Opiz	Species	unknown	unknown	earliest_occurrence_date	cal yr BP	NaN		
individualtimelinenode_7ad29507-799c-4376-b56f-1351f3b39160	12000	0	NA	Bortychium	Genus	unknown	unknown	earliest_occurrence_date	cal yr BP	NaN		
individualtimelinenode_7ad29507-799c-4376-b56f-1351f3b39160	12000	0	NA	Coptis trifolia (L.) Salisb.	Species	unknown	unknown	earliest_occurrence_date	cal yr BP	NaN		
individualtimelinenode_7ad29507-799c-4376-b56f-1351f3b39160	12000	0	NA	Rhinanthus	Genus	unknown	unknown	earliest_occurrence_date	cal yr BP	NaN		
individualtimelinenode_7ad29507-799c-4376-b56f-1351f3b39160	12000	0	NA	Euphrasia	Genus	unknown	unknown	earliest_occurrence_date	cal yr BP	NaN		
individualtimelinenode_7ad29507-799c-4376-b56f-1351f3b39160	12000	0	NA	Bartsia	Genus	unknown	unknown	earliest_occurrence_date	cal yr BP	NaN		
individualtimelinenode_7ad29507-799c-4376-b56f-1351f3b39160	12000	0	NA	Cystopteridaceae	Family	unknown	unknown	earliest_occurrence_date	cal yr BP	NaN		
individualtimelinenode_7ad29507-799c-4376-b56f-1351f3b39160	12000	0	NA	Gymnocarpium	Genus	unknown	unknown	earliest_occurrence_date	cal yr BP	NaN		
individualtimelinenode_7ad29507-799c-4376-b56f-1351f3b39160	12000	0	NA	Gymnocarpium dryopteris (L.) Newman	Species	unknown	unknown	earliest_occurrence_date	cal yr BP	NaN		
individualtimelinenode_7ad29507-799c-4376-b56f-1351f3b39160	12000	0	NA	Ledum	Genus	unknown	unknown	earliest_occurrence_date	cal yr BP	NaN		
individualtimelinenode_7ad29507-799c-4376-b56f-1351f3b39160	12000	0	NA	Liguliflorae	Genus	unknown	unknown	earliest_occurrence_date	cal yr BP	NaN		
individualtimelinenode_7ad29507-799c-4376-b56f-1351f3b39160	12000	0	NA	Montiaceae	Family	unknown	unknown	earliest_occurrence_date	cal yr BP	NaN		
individualtimelinenode_7ad29507-799c-4376-b56f-1351f3b39160	12000	0	NA	Montia	Genus	unknown	unknown	earliest_occurrence_date	cal yr BP	NaN		
individualtimelinenode_7ad29507-799c-4376-b56f-1351f3b39160	12000	0	NA	Montia fontana L.	Species	unknown	unknown	earliest_occurrence_date	cal yr BP	NaN		
individualtimelinenode_7ad29507-799c-4376-b56f-1351f3b39160	12000	0	NA	Phyllodoce coerulea (L.) Bab.	Species	unknown	unknown	earliest_occurrence_date	cal yr BP	NaN		
individualtimelinenode_7ad29507-799c-4376-b56f-1351f3b39160	12000	0	NA	Potentilla tridentata Ait.	Species	unknown	unknown	earliest_occurrence_date	cal yr BP	NaN		
individualtimelinenode_7ad29507-799c-4376-b56f-1351f3b39160	12000	0	NA	Potentilla crantzii (Cr.) G. Beck	Species	unknown	unknown	earliest_occurrence_date	cal yr BP	NaN		
individualtimelinenode_7ad29507-799c-4376-b56f-1351f3b39160	12000	0	NA	Woodsiaceae	Family	unknown	unknown	earliest_occurrence_date	cal yr BP	NaN		
individualtimelinenode_7ad29507-799c-4376-b56f-1351f3b39160	12000	0	NA	Woodsia	Genus	unknown	unknown	earliest_occurrence_date	cal yr BP	NaN		
individualtimelinenode_7ad29507-799c-4376-b56f-1351f3b39160	12000	0	NA	Alopecurus alpinus L.	Species	unknown	unknown	earliest_occurrence_date	cal yr BP	NaN		
individualtimelinenode_7ad29507-799c-4376-b56f-1351f3b39160	12000	0	NA	Chamaenerion	Genus	unknown	unknown	earliest_occurrence_date	cal yr BP	5156.18		
individualtimelinenode_7ad29507-799c-4376-b56f-1351f3b39160	12000	0	NA	Selaginella selaginoides (L.) Link.	Species	unknown	unknown	earliest_occurrence_date	cal yr BP	NaN		
individualtimelinenode_7ad29507-799c-4376-b56f-1351f3b39160	12000	0	NA	Gentianales	Order	unknown	unknown	earliest_occurrence_date	cal yr BP	NaN		
individualtimelinenode_7ad29507-799c-4376-b56f-1351f3b39160	12000	0	NA	Rubiaceae	Family	unknown	unknown	earliest_occurrence_date	cal yr BP	NaN		
individualtimelinenode_7ad29507-799c-4376-b56f-1351f3b39160	12000	0	NA	Galium	Genus	unknown	unknown	earliest_occurrence_date	cal yr BP	NaN		
individualtimelinenode_7ad29507-799c-4376-b56f-1351f3b39160	12000	0	NA	Arbutoideae	Subfamily	unknown	unknown	earliest_occurrence_date	cal yr BP	4399.110000000001		
individualtimelinenode_7ad29507-799c-4376-b56f-1351f3b39160	12000	0	NA	Arctostaphylos	Genus	unknown	unknown	earliest_occurrence_date	cal yr BP	4399.110000000001		
individualtimelinenode_7ad29507-799c-4376-b56f-1351f3b39160	12000	0	NA	Arctostaphylos alpina (L.) Spreng.	Species	unknown	unknown	earliest_occurrence_date	cal yr BP	4399.110000000001		
individualtimelinenode_7ad29507-799c-4376-b56f-1351f3b39160	12000	0	NA	Empetrum nigrum (Hagerup) Böch.	Species	unknown	unknown	earliest_occurrence_date	cal yr BP	8643.68		
individualtimelinenode_7ad29507-799c-4376-b56f-1351f3b39160	12000	0	NA	Liguiflorae	Family	unknown	unknown	earliest_occurrence_date	cal yr BP	8643.68		
individualtimelinenode_7ad29507-799c-4376-b56f-1351f3b39160	12000	0	NA	Pedicuralis	Genus	unknown	unknown	earliest_occurrence_date	cal yr BP	6496.19		
individualtimelinenode_7ad29507-799c-4376-b56f-1351f3b39160	12000	0	NA	Phyllodoce corerulea (L.) Bab.	Species	unknown	unknown	earliest_occurrence_date	cal yr BP	8129.94		
individualtimelinenode_7ad29507-799c-4376-b56f-1351f3b39160	12000	0	NA	Rhododendron lapponicum (L.) Wbg.	Species	unknown	unknown	earliest_occurrence_date	cal yr BP	5266.85		
individualtimelinenode_7ad29507-799c-4376-b56f-1351f3b39160	12000	0	NA	Alnus crispa (Ait.) Pursh	Species	unknown	unknown	earliest_occurrence_date	cal yr BP	NaN		
individualtimelinenode_b207aaac-1da9-40a6-93c0-6266e760089c	12000	0	NA	Unknown (not yet coded)	Kingdom	unknown	unknown	earliest_occurrence_date	cal yr BP	NaN		
individualtimelinenode_b207aaac-1da9-40a6-93c0-6266e760089c	12000	0	NA	Life	Life	unknown	unknown	earliest_occurrence_date	cal yr BP	11173.91		
individualtimelinenode_b207aaac-1da9-40a6-93c0-6266e760089c	12000	0	NA	Plantae	Kingdom	unknown	unknown	earliest_occurrence_date	cal yr BP	11173.91		
individualtimelinenode_b207aaac-1da9-40a6-93c0-6266e760089c	12000	0	NA	Angiosperms	Phylum	unknown	unknown	earliest_occurrence_date	cal yr BP	11173.91		
individualtimelinenode_b207aaac-1da9-40a6-93c0-6266e760089c	12000	0	NA	Caryophyllales	Order	unknown	unknown	earliest_occurrence_date	cal yr BP	11173.91		
individualtimelinenode_b207aaac-1da9-40a6-93c0-6266e760089c	12000	0	NA	Plumbaginaceae	Family	unknown	unknown	earliest_occurrence_date	cal yr BP	NaN		
individualtimelinenode_b207aaac-1da9-40a6-93c0-6266e760089c	12000	0	NA	Limonieae	Tribe	unknown	unknown	earliest_occurrence_date	cal yr BP	NaN		
individualtimelinenode_b207aaac-1da9-40a6-93c0-6266e760089c	12000	0	NA	Armeria	Genus	unknown	unknown	earliest_occurrence_date	cal yr BP	NaN		
individualtimelinenode_b207aaac-1da9-40a6-93c0-6266e760089c	12000	0	NA	Fagales	Order	unknown	unknown	earliest_occurrence_date	cal yr BP	11173.91		
individualtimelinenode_b207aaac-1da9-40a6-93c0-6266e760089c	12000	0	NA	Betulaceae	Family	unknown	unknown	earliest_occurrence_date	cal yr BP	11173.91		
individualtimelinenode_b207aaac-1da9-40a6-93c0-6266e760089c	12000	0	NA	Betula	Genus	unknown	unknown	earliest_occurrence_date	cal yr BP	10868.5		
individualtimelinenode_b207aaac-1da9-40a6-93c0-6266e760089c	12000	0	NA	Betula nana L.	Species	unknown	unknown	earliest_occurrence_date	cal yr BP	NaN		
individualtimelinenode_b207aaac-1da9-40a6-93c0-6266e760089c	12000	0	NA	Asterales	Order	unknown	unknown	earliest_occurrence_date	cal yr BP	11173.91		
individualtimelinenode_b207aaac-1da9-40a6-93c0-6266e760089c	12000	0	NA	Campanulaceae	Family	unknown	unknown	earliest_occurrence_date	cal yr BP	NaN		
individualtimelinenode_b207aaac-1da9-40a6-93c0-6266e760089c	12000	0	NA	Campanula	Genus	unknown	unknown	earliest_occurrence_date	cal yr BP	NaN		
individualtimelinenode_b207aaac-1da9-40a6-93c0-6266e760089c	12000	0	NA	Caryophyllaceae	Family	unknown	unknown	earliest_occurrence_date	cal yr BP	11173.91		
individualtimelinenode_b207aaac-1da9-40a6-93c0-6266e760089c	12000	0	NA	Ericales	Order	unknown	unknown	earliest_occurrence_date	cal yr BP	11173.91		
individualtimelinenode_b207aaac-1da9-40a6-93c0-6266e760089c	12000	0	NA	Ericaceae	Family	unknown	unknown	earliest_occurrence_date	cal yr BP	11173.91		
individualtimelinenode_b207aaac-1da9-40a6-93c0-6266e760089c	12000	0	NA	Cassiopoideae	Subfamily	unknown	unknown	earliest_occurrence_date	cal yr BP	11173.91		
individualtimelinenode_b207aaac-1da9-40a6-93c0-6266e760089c	12000	0	NA	Cassiope	Genus	unknown	unknown	earliest_occurrence_date	cal yr BP	11173.91		
individualtimelinenode_b207aaac-1da9-40a6-93c0-6266e760089c	12000	0	NA	Chenopodiaceae	Genus	unknown	unknown	earliest_occurrence_date	cal yr BP	NaN		
individualtimelinenode_b207aaac-1da9-40a6-93c0-6266e760089c	12000	0	NA	Problematic (Placeholder)	Kingdom	unknown	unknown	earliest_occurrence_date	cal yr BP	11173.91		
individualtimelinenode_b207aaac-1da9-40a6-93c0-6266e760089c	12000	0	NA	Cruciferae	Family	unknown	unknown	earliest_occurrence_date	cal yr BP	11173.91		
individualtimelinenode_b207aaac-1da9-40a6-93c0-6266e760089c	12000	0	NA	Poales	Order	unknown	unknown	earliest_occurrence_date	cal yr BP	11173.91		
individualtimelinenode_b207aaac-1da9-40a6-93c0-6266e760089c	12000	0	NA	Cyperaceae	Family	unknown	unknown	earliest_occurrence_date	cal yr BP	11173.91		
individualtimelinenode_b207aaac-1da9-40a6-93c0-6266e760089c	12000	0	NA	Rosales	Order	unknown	unknown	earliest_occurrence_date	cal yr BP	11173.91		
individualtimelinenode_b207aaac-1da9-40a6-93c0-6266e760089c	12000	0	NA	Rosaceae	Family	unknown	unknown	earliest_occurrence_date	cal yr BP	11173.91		
individualtimelinenode_b207aaac-1da9-40a6-93c0-6266e760089c	12000	0	NA	Dryas	Genus	unknown	unknown	earliest_occurrence_date	cal yr BP	NaN		
individualtimelinenode_b207aaac-1da9-40a6-93c0-6266e760089c	12000	0	NA	Ericoideae	Subfamily	unknown	unknown	earliest_occurrence_date	cal yr BP	NaN		
individualtimelinenode_b207aaac-1da9-40a6-93c0-6266e760089c	12000	0	NA	Empetrum	Genus	unknown	unknown	earliest_occurrence_date	cal yr BP	NaN		
individualtimelinenode_b207aaac-1da9-40a6-93c0-6266e760089c	12000	0	NA	Myrtales	Order	unknown	unknown	earliest_occurrence_date	cal yr BP	11173.91		
individualtimelinenode_b207aaac-1da9-40a6-93c0-6266e760089c	12000	0	NA	Onagraceae	Family	unknown	unknown	earliest_occurrence_date	cal yr BP	11173.91		
individualtimelinenode_b207aaac-1da9-40a6-93c0-6266e760089c	12000	0	NA	Epilobium	Genus	unknown	unknown	earliest_occurrence_date	cal yr BP	NaN		
individualtimelinenode_b207aaac-1da9-40a6-93c0-6266e760089c	12000	0	NA	Gramineae	Genus	unknown	unknown	earliest_occurrence_date	cal yr BP	NaN		
individualtimelinenode_b207aaac-1da9-40a6-93c0-6266e760089c	12000	0	NA	Lycopodiophyta	Phylum	unknown	unknown	earliest_occurrence_date	cal yr BP	10973.67		
individualtimelinenode_b207aaac-1da9-40a6-93c0-6266e760089c	12000	0	NA	Lycopodiopsida	Class	unknown	unknown	earliest_occurrence_date	cal yr BP	10973.67		
individualtimelinenode_b207aaac-1da9-40a6-93c0-6266e760089c	12000	0	NA	Lycopodiales	Order	unknown	unknown	earliest_occurrence_date	cal yr BP	10973.67		
individualtimelinenode_b207aaac-1da9-40a6-93c0-6266e760089c	12000	0	NA	Lycopodiaceae	Family	unknown	unknown	earliest_occurrence_date	cal yr BP	10973.67		
individualtimelinenode_b207aaac-1da9-40a6-93c0-6266e760089c	12000	0	NA	Lycopodioideae	Subfamily	unknown	unknown	earliest_occurrence_date	cal yr BP	NaN		
individualtimelinenode_b207aaac-1da9-40a6-93c0-6266e760089c	12000	0	NA	Lycopodium	Genus	unknown	unknown	earliest_occurrence_date	cal yr BP	NaN		
individualtimelinenode_b207aaac-1da9-40a6-93c0-6266e760089c	12000	0	NA	Polygonaceae	Family	unknown	unknown	earliest_occurrence_date	cal yr BP	11173.91		
individualtimelinenode_b207aaac-1da9-40a6-93c0-6266e760089c	12000	0	NA	Oxyria	Genus	unknown	unknown	earliest_occurrence_date	cal yr BP	11173.91		
individualtimelinenode_b207aaac-1da9-40a6-93c0-6266e760089c	12000	0	NA	Ranunculales	Order	unknown	unknown	earliest_occurrence_date	cal yr BP	11173.91		
individualtimelinenode_b207aaac-1da9-40a6-93c0-6266e760089c	12000	0	NA	Papaveraceae	Family	unknown	unknown	earliest_occurrence_date	cal yr BP	NaN		
individualtimelinenode_b207aaac-1da9-40a6-93c0-6266e760089c	12000	0	NA	Papaveroideae	Subfamily	unknown	unknown	earliest_occurrence_date	cal yr BP	NaN		
individualtimelinenode_b207aaac-1da9-40a6-93c0-6266e760089c	12000	0	NA	Papavereae	Tribe	unknown	unknown	earliest_occurrence_date	cal yr BP	NaN		
individualtimelinenode_b207aaac-1da9-40a6-93c0-6266e760089c	12000	0	NA	Papaver	Genus	unknown	unknown	earliest_occurrence_date	cal yr BP	NaN		
individualtimelinenode_b207aaac-1da9-40a6-93c0-6266e760089c	12000	0	NA	Phyllodoce	Genus	unknown	unknown	earliest_occurrence_date	cal yr BP	NaN		
individualtimelinenode_b207aaac-1da9-40a6-93c0-6266e760089c	12000	0	NA	Polygonum	Genus	unknown	unknown	earliest_occurrence_date	cal yr BP	NaN		
individualtimelinenode_b207aaac-1da9-40a6-93c0-6266e760089c	12000	0	NA	Polygonum viviparum L.	Species	unknown	unknown	earliest_occurrence_date	cal yr BP	NaN		
individualtimelinenode_b207aaac-1da9-40a6-93c0-6266e760089c	12000	0	NA	Polypodiophyta	Phylum	unknown	unknown	earliest_occurrence_date	cal yr BP	11173.91		
individualtimelinenode_b207aaac-1da9-40a6-93c0-6266e760089c	12000	0	NA	Polypodiopsida	Class	unknown	unknown	earliest_occurrence_date	cal yr BP	11173.91		
individualtimelinenode_b207aaac-1da9-40a6-93c0-6266e760089c	12000	0	NA	Polypodiales	Order	unknown	unknown	earliest_occurrence_date	cal yr BP	NaN		
individualtimelinenode_b207aaac-1da9-40a6-93c0-6266e760089c	12000	0	NA	Polypodiaceae	Family	unknown	unknown	earliest_occurrence_date	cal yr BP	NaN		
individualtimelinenode_b207aaac-1da9-40a6-93c0-6266e760089c	12000	0	NA	Potentilla	Genus	unknown	unknown	earliest_occurrence_date	cal yr BP	11173.91		
individualtimelinenode_b207aaac-1da9-40a6-93c0-6266e760089c	12000	0	NA	Ranunculaceae	Family	unknown	unknown	earliest_occurrence_date	cal yr BP	11173.91		
individualtimelinenode_b207aaac-1da9-40a6-93c0-6266e760089c	12000	0	NA	Ranunculus	Genus	unknown	unknown	earliest_occurrence_date	cal yr BP	11173.91		
individualtimelinenode_b207aaac-1da9-40a6-93c0-6266e760089c	12000	0	NA	Malpighiales	Order	unknown	unknown	earliest_occurrence_date	cal yr BP	11173.91		
individualtimelinenode_b207aaac-1da9-40a6-93c0-6266e760089c	12000	0	NA	Salicaceae	Family	unknown	unknown	earliest_occurrence_date	cal yr BP	11173.91		
individualtimelinenode_b207aaac-1da9-40a6-93c0-6266e760089c	12000	0	NA	Salix	Genus	unknown	unknown	earliest_occurrence_date	cal yr BP	11173.91		
individualtimelinenode_b207aaac-1da9-40a6-93c0-6266e760089c	12000	0	NA	Salix arctica (Pall.)	Species	unknown	unknown	earliest_occurrence_date	cal yr BP	NaN		
individualtimelinenode_b207aaac-1da9-40a6-93c0-6266e760089c	12000	0	NA	Salix herbacea L.	Species	unknown	unknown	earliest_occurrence_date	cal yr BP	NaN		
individualtimelinenode_b207aaac-1da9-40a6-93c0-6266e760089c	12000	0	NA	Saxifragales	Order	unknown	unknown	earliest_occurrence_date	cal yr BP	11173.91		
individualtimelinenode_b207aaac-1da9-40a6-93c0-6266e760089c	12000	0	NA	Saxifragaceae	Family	unknown	unknown	earliest_occurrence_date	cal yr BP	11173.91		
individualtimelinenode_b207aaac-1da9-40a6-93c0-6266e760089c	12000	0	NA	Saxifraga	Genus	unknown	unknown	earliest_occurrence_date	cal yr BP	11173.91		
individualtimelinenode_b207aaac-1da9-40a6-93c0-6266e760089c	12000	0	NA	Thalictrum	Genus	unknown	unknown	earliest_occurrence_date	cal yr BP	9545.6		
individualtimelinenode_b207aaac-1da9-40a6-93c0-6266e760089c	12000	0	NA	Lamiales	Order	unknown	unknown	earliest_occurrence_date	cal yr BP	NaN		
individualtimelinenode_b207aaac-1da9-40a6-93c0-6266e760089c	12000	0	NA	Orobanchaceae	Family	unknown	unknown	earliest_occurrence_date	cal yr BP	NaN		
individualtimelinenode_b207aaac-1da9-40a6-93c0-6266e760089c	12000	0	NA	Pedicularis	Genus	unknown	unknown	earliest_occurrence_date	cal yr BP	NaN		
individualtimelinenode_b207aaac-1da9-40a6-93c0-6266e760089c	12000	0	NA	Vaccinioideae	Subfamily	unknown	unknown	earliest_occurrence_date	cal yr BP	NaN		
individualtimelinenode_b207aaac-1da9-40a6-93c0-6266e760089c	12000	0	NA	Vaccinium	Genus	unknown	unknown	earliest_occurrence_date	cal yr BP	NaN		
individualtimelinenode_b207aaac-1da9-40a6-93c0-6266e760089c	12000	0	NA	Cassiope tetragona (L.) D. Don.	Species	unknown	unknown	earliest_occurrence_date	cal yr BP	11173.91		
individualtimelinenode_b207aaac-1da9-40a6-93c0-6266e760089c	12000	0	NA	Chamaenerion latifolium (L.) Th. Fries & Lge.	Species	unknown	unknown	earliest_occurrence_date	cal yr BP	NaN		
individualtimelinenode_b207aaac-1da9-40a6-93c0-6266e760089c	12000	0	NA	Cystopteris fragilis ssp. dickieana (Sim.) Hyl.	Subspecies	unknown	unknown	earliest_occurrence_date	cal yr BP	NaN		
individualtimelinenode_b207aaac-1da9-40a6-93c0-6266e760089c	12000	0	NA	Empetrum hermaphroditum (Hagerup) Böch.	Species	unknown	unknown	earliest_occurrence_date	cal yr BP	NaN		
individualtimelinenode_b207aaac-1da9-40a6-93c0-6266e760089c	12000	0	NA	Equisetales	Order	unknown	unknown	earliest_occurrence_date	cal yr BP	NaN		
individualtimelinenode_b207aaac-1da9-40a6-93c0-6266e760089c	12000	0	NA	Equisetaceae	Family	unknown	unknown	earliest_occurrence_date	cal yr BP	NaN		
individualtimelinenode_b207aaac-1da9-40a6-93c0-6266e760089c	12000	0	NA	Equisetum	Genus	unknown	unknown	earliest_occurrence_date	cal yr BP	NaN		
individualtimelinenode_b207aaac-1da9-40a6-93c0-6266e760089c	12000	0	NA	Huperzioideae	Subfamily	unknown	unknown	earliest_occurrence_date	cal yr BP	10973.67		
individualtimelinenode_b207aaac-1da9-40a6-93c0-6266e760089c	12000	0	NA	Huperzia	Genus	unknown	unknown	earliest_occurrence_date	cal yr BP	10973.67		
individualtimelinenode_b207aaac-1da9-40a6-93c0-6266e760089c	12000	0	NA	Huperzia selago (L.) Bernh. ex Schrank. & Mart.	Species	unknown	unknown	earliest_occurrence_date	cal yr BP	10973.67		
individualtimelinenode_b207aaac-1da9-40a6-93c0-6266e760089c	12000	0	NA	Oxyria digyna (L.) Hill	Species	unknown	unknown	earliest_occurrence_date	cal yr BP	11173.91		
individualtimelinenode_b207aaac-1da9-40a6-93c0-6266e760089c	12000	0	NA	Papaver radicatum Rottb.	Species	unknown	unknown	earliest_occurrence_date	cal yr BP	NaN		
individualtimelinenode_b207aaac-1da9-40a6-93c0-6266e760089c	12000	0	NA	Saxifraga paniculata Mill.	Species	unknown	unknown	earliest_occurrence_date	cal yr BP	11173.91		
individualtimelinenode_b207aaac-1da9-40a6-93c0-6266e760089c	12000	0	NA	Saxifraga aizoides L.	Species	unknown	unknown	earliest_occurrence_date	cal yr BP	11173.91		
individualtimelinenode_b207aaac-1da9-40a6-93c0-6266e760089c	12000	0	NA	Saxifraga tricuspidata Rottb.	Species	unknown	unknown	earliest_occurrence_date	cal yr BP	11173.91		
individualtimelinenode_b207aaac-1da9-40a6-93c0-6266e760089c	12000	0	NA	Saxifraga oppositifolia L.	Species	unknown	unknown	earliest_occurrence_date	cal yr BP	11173.91		
individualtimelinenode_b207aaac-1da9-40a6-93c0-6266e760089c	12000	0	NA	Alismatales	Order	unknown	unknown	earliest_occurrence_date	cal yr BP	NaN		
individualtimelinenode_b207aaac-1da9-40a6-93c0-6266e760089c	12000	0	NA	Tofieldiaceae	Family	unknown	unknown	earliest_occurrence_date	cal yr BP	NaN		
individualtimelinenode_b207aaac-1da9-40a6-93c0-6266e760089c	12000	0	NA	Tofieldia	Genus	unknown	unknown	earliest_occurrence_date	cal yr BP	NaN		
individualtimelinenode_b207aaac-1da9-40a6-93c0-6266e760089c	12000	0	NA	Armeria scabra ssp. sibirica (Turcz.) Hyl.	Subspecies	unknown	unknown	earliest_occurrence_date	cal yr BP	NaN		
individualtimelinenode_b207aaac-1da9-40a6-93c0-6266e760089c	12000	0	NA	Campanula uniflora L.	Species	unknown	unknown	earliest_occurrence_date	cal yr BP	NaN		
individualtimelinenode_b207aaac-1da9-40a6-93c0-6266e760089c	12000	0	NA	Carex bigelowii Torr.	Species	unknown	unknown	earliest_occurrence_date	cal yr BP	NaN		
individualtimelinenode_b207aaac-1da9-40a6-93c0-6266e760089c	12000	0	NA	Carex	Genus	unknown	unknown	earliest_occurrence_date	cal yr BP	NaN		
individualtimelinenode_b207aaac-1da9-40a6-93c0-6266e760089c	12000	0	NA	Carex capillaris L.	Species	unknown	unknown	earliest_occurrence_date	cal yr BP	NaN		
individualtimelinenode_b207aaac-1da9-40a6-93c0-6266e760089c	12000	0	NA	Carex misandra R.Br.	Species	unknown	unknown	earliest_occurrence_date	cal yr BP	NaN		
individualtimelinenode_b207aaac-1da9-40a6-93c0-6266e760089c	12000	0	NA	Carex nardina Fr.	Species	unknown	unknown	earliest_occurrence_date	cal yr BP	NaN		
individualtimelinenode_b207aaac-1da9-40a6-93c0-6266e760089c	12000	0	NA	Dryas integrifolia M. Vahl.	Species	unknown	unknown	earliest_occurrence_date	cal yr BP	NaN		
individualtimelinenode_b207aaac-1da9-40a6-93c0-6266e760089c	12000	0	NA	Juncaceae	Family	unknown	unknown	earliest_occurrence_date	cal yr BP	NaN		
individualtimelinenode_b207aaac-1da9-40a6-93c0-6266e760089c	12000	0	NA	Juncus	Genus	unknown	unknown	earliest_occurrence_date	cal yr BP	NaN		
individualtimelinenode_b207aaac-1da9-40a6-93c0-6266e760089c	12000	0	NA	Luzula	Genus	unknown	unknown	earliest_occurrence_date	cal yr BP	NaN		
individualtimelinenode_b207aaac-1da9-40a6-93c0-6266e760089c	12000	0	NA	Minuartia rubella (Wbg.) Hiern.	Species	unknown	unknown	earliest_occurrence_date	cal yr BP	NaN		
individualtimelinenode_b207aaac-1da9-40a6-93c0-6266e760089c	12000	0	NA	Poaceae	Family	unknown	unknown	earliest_occurrence_date	cal yr BP	NaN		
individualtimelinenode_b207aaac-1da9-40a6-93c0-6266e760089c	12000	0	NA	Poa	Genus	unknown	unknown	earliest_occurrence_date	cal yr BP	NaN		
individualtimelinenode_b207aaac-1da9-40a6-93c0-6266e760089c	12000	0	NA	Silene	Genus	unknown	unknown	earliest_occurrence_date	cal yr BP	NaN		
individualtimelinenode_b207aaac-1da9-40a6-93c0-6266e760089c	12000	0	NA	Silene acaulis (L.) Jacq.	Species	unknown	unknown	earliest_occurrence_date	cal yr BP	NaN		
individualtimelinenode_b207aaac-1da9-40a6-93c0-6266e760089c	12000	0	NA	Oxycoccus	Genus	unknown	unknown	earliest_occurrence_date	cal yr BP	NaN		
individualtimelinenode_b207aaac-1da9-40a6-93c0-6266e760089c	12000	0	NA	Vaccinium uliginosum L.	Species	unknown	unknown	earliest_occurrence_date	cal yr BP	NaN		
individualtimelinenode_b207aaac-1da9-40a6-93c0-6266e760089c	12000	0	NA	Vaccinium vitis-idaea L.	Species	unknown	unknown	earliest_occurrence_date	cal yr BP	NaN		
individualtimelinenode_b207aaac-1da9-40a6-93c0-6266e760089c	12000	0	NA	Alchemilla	Genus	unknown	unknown	earliest_occurrence_date	cal yr BP	NaN		
individualtimelinenode_b207aaac-1da9-40a6-93c0-6266e760089c	12000	0	NA	Alchemilla alpina L.	Species	unknown	unknown	earliest_occurrence_date	cal yr BP	NaN		
individualtimelinenode_b207aaac-1da9-40a6-93c0-6266e760089c	12000	0	NA	Alnus	Genus	unknown	unknown	earliest_occurrence_date	cal yr BP	11173.91		
individualtimelinenode_b207aaac-1da9-40a6-93c0-6266e760089c	12000	0	NA	Asteraceae	Family	unknown	unknown	earliest_occurrence_date	cal yr BP	11173.91		
individualtimelinenode_b207aaac-1da9-40a6-93c0-6266e760089c	12000	0	NA	Asteroideae	Subfamily	unknown	unknown	earliest_occurrence_date	cal yr BP	11173.91		
individualtimelinenode_b207aaac-1da9-40a6-93c0-6266e760089c	12000	0	NA	Anthemideae	Tribe	unknown	unknown	earliest_occurrence_date	cal yr BP	11173.91		
individualtimelinenode_b207aaac-1da9-40a6-93c0-6266e760089c	12000	0	NA	Artemisia	Genus	unknown	unknown	earliest_occurrence_date	cal yr BP	11173.91		
individualtimelinenode_b207aaac-1da9-40a6-93c0-6266e760089c	12000	0	NA	Ophioglossales	Order	unknown	unknown	earliest_occurrence_date	cal yr BP	11173.91		
individualtimelinenode_b207aaac-1da9-40a6-93c0-6266e760089c	12000	0	NA	Ophioglossaceae	Family	unknown	unknown	earliest_occurrence_date	cal yr BP	11173.91		
individualtimelinenode_b207aaac-1da9-40a6-93c0-6266e760089c	12000	0	NA	Botrychioideae	Subfamily	unknown	unknown	earliest_occurrence_date	cal yr BP	11173.91		
individualtimelinenode_b207aaac-1da9-40a6-93c0-6266e760089c	12000	0	NA	Botrychium	Genus	unknown	unknown	earliest_occurrence_date	cal yr BP	11173.91		
individualtimelinenode_b207aaac-1da9-40a6-93c0-6266e760089c	12000	0	NA	Carex brunescens (Pers.) Poir.	Species	unknown	unknown	earliest_occurrence_date	cal yr BP	NaN		
individualtimelinenode_b207aaac-1da9-40a6-93c0-6266e760089c	12000	0	NA	Carex gynocrates Wormsk.	Species	unknown	unknown	earliest_occurrence_date	cal yr BP	NaN		
individualtimelinenode_b207aaac-1da9-40a6-93c0-6266e760089c	12000	0	NA	Carex lachenalii Schkuhr.	Species	unknown	unknown	earliest_occurrence_date	cal yr BP	NaN		
individualtimelinenode_b207aaac-1da9-40a6-93c0-6266e760089c	12000	0	NA	Carex norvegica L.	Species	unknown	unknown	earliest_occurrence_date	cal yr BP	NaN		
individualtimelinenode_b207aaac-1da9-40a6-93c0-6266e760089c	12000	0	NA	Carex rufina Drej.	Species	unknown	unknown	earliest_occurrence_date	cal yr BP	NaN		
individualtimelinenode_b207aaac-1da9-40a6-93c0-6266e760089c	12000	0	NA	Minuartia	Genus	unknown	unknown	earliest_occurrence_date	cal yr BP	NaN		
individualtimelinenode_b207aaac-1da9-40a6-93c0-6266e760089c	12000	0	NA	Minuartia stricta (Sw). Hiern.	Species	unknown	unknown	earliest_occurrence_date	cal yr BP	NaN		
individualtimelinenode_b207aaac-1da9-40a6-93c0-6266e760089c	12000	0	NA	Minuartia groenlandica Retz.	Species	unknown	unknown	earliest_occurrence_date	cal yr BP	NaN		
individualtimelinenode_b207aaac-1da9-40a6-93c0-6266e760089c	12000	0	NA	Stellaria calycantha (Led.) Bong.	Species	unknown	unknown	earliest_occurrence_date	cal yr BP	NaN		
individualtimelinenode_b207aaac-1da9-40a6-93c0-6266e760089c	12000	0	NA	Stellaria longipes Goldie	Species	unknown	unknown	earliest_occurrence_date	cal yr BP	NaN		
individualtimelinenode_b207aaac-1da9-40a6-93c0-6266e760089c	12000	0	NA	Cerastium fontanum Baumg.	Species	unknown	unknown	earliest_occurrence_date	cal yr BP	NaN		
individualtimelinenode_b207aaac-1da9-40a6-93c0-6266e760089c	12000	0	NA	Cerastium arcticum Lge.	Species	unknown	unknown	earliest_occurrence_date	cal yr BP	NaN		
individualtimelinenode_b207aaac-1da9-40a6-93c0-6266e760089c	12000	0	NA	Cerastium alpinum L.	Species	unknown	unknown	earliest_occurrence_date	cal yr BP	NaN		
individualtimelinenode_b207aaac-1da9-40a6-93c0-6266e760089c	12000	0	NA	Brassicales	Order	unknown	unknown	earliest_occurrence_date	cal yr BP	NaN		
individualtimelinenode_b207aaac-1da9-40a6-93c0-6266e760089c	12000	0	NA	Brassicaceae	Family	unknown	unknown	earliest_occurrence_date	cal yr BP	NaN		
individualtimelinenode_b207aaac-1da9-40a6-93c0-6266e760089c	12000	0	NA	Brassicoideae	Subfamily	unknown	unknown	earliest_occurrence_date	cal yr BP	NaN		
individualtimelinenode_b207aaac-1da9-40a6-93c0-6266e760089c	12000	0	NA	Arabideae	Tribe	unknown	unknown	earliest_occurrence_date	cal yr BP	NaN		
individualtimelinenode_b207aaac-1da9-40a6-93c0-6266e760089c	12000	0	NA	Draba	Genus	unknown	unknown	earliest_occurrence_date	cal yr BP	NaN		
individualtimelinenode_b207aaac-1da9-40a6-93c0-6266e760089c	12000	0	NA	Harrimanelloideae	Subfamily	unknown	unknown	earliest_occurrence_date	cal yr BP	11173.91		
individualtimelinenode_b207aaac-1da9-40a6-93c0-6266e760089c	12000	0	NA	Harrimanella	Genus	unknown	unknown	earliest_occurrence_date	cal yr BP	11173.91		
individualtimelinenode_b207aaac-1da9-40a6-93c0-6266e760089c	12000	0	NA	Harrimanella hypnoides (L.) Coville.	Species	unknown	unknown	earliest_occurrence_date	cal yr BP	11173.91		
individualtimelinenode_b207aaac-1da9-40a6-93c0-6266e760089c	12000	0	NA	Plantaginaceae	Family	unknown	unknown	earliest_occurrence_date	cal yr BP	NaN		
individualtimelinenode_b207aaac-1da9-40a6-93c0-6266e760089c	12000	0	NA	Hippuris	Genus	unknown	unknown	earliest_occurrence_date	cal yr BP	NaN		
individualtimelinenode_b207aaac-1da9-40a6-93c0-6266e760089c	12000	0	NA	Hippuris vulgaris L.	Species	unknown	unknown	earliest_occurrence_date	cal yr BP	NaN		
individualtimelinenode_b207aaac-1da9-40a6-93c0-6266e760089c	12000	0	NA	Pinophyta	Phylum	unknown	unknown	earliest_occurrence_date	cal yr BP	7688.41		
individualtimelinenode_b207aaac-1da9-40a6-93c0-6266e760089c	12000	0	NA	Pinopsida	Class	unknown	unknown	earliest_occurrence_date	cal yr BP	7688.41		
individualtimelinenode_b207aaac-1da9-40a6-93c0-6266e760089c	12000	0	NA	Cupressales	Order	unknown	unknown	earliest_occurrence_date	cal yr BP	7688.41		
individualtimelinenode_b207aaac-1da9-40a6-93c0-6266e760089c	12000	0	NA	Cupressaceae	Family	unknown	unknown	earliest_occurrence_date	cal yr BP	7688.41		
individualtimelinenode_b207aaac-1da9-40a6-93c0-6266e760089c	12000	0	NA	Juniperus	Genus	unknown	unknown	earliest_occurrence_date	cal yr BP	7688.41		
individualtimelinenode_b207aaac-1da9-40a6-93c0-6266e760089c	12000	0	NA	Juniperus communis L.	Species	unknown	unknown	earliest_occurrence_date	cal yr BP	7688.41		
individualtimelinenode_b207aaac-1da9-40a6-93c0-6266e760089c	12000	0	NA	Koenigia	Genus	unknown	unknown	earliest_occurrence_date	cal yr BP	NaN		
individualtimelinenode_b207aaac-1da9-40a6-93c0-6266e760089c	12000	0	NA	Koenigia islandica L.	Species	unknown	unknown	earliest_occurrence_date	cal yr BP	NaN		
individualtimelinenode_b207aaac-1da9-40a6-93c0-6266e760089c	12000	0	NA	Loiseleuria procumbens (L.) Desv.	Species	unknown	unknown	earliest_occurrence_date	cal yr BP	NaN		
individualtimelinenode_b207aaac-1da9-40a6-93c0-6266e760089c	12000	0	NA	Lycopodium clavatum L.	Species	unknown	unknown	earliest_occurrence_date	cal yr BP	NaN		
individualtimelinenode_b207aaac-1da9-40a6-93c0-6266e760089c	12000	0	NA	Diphasium	Genus	unknown	unknown	earliest_occurrence_date	cal yr BP	NaN		
individualtimelinenode_b207aaac-1da9-40a6-93c0-6266e760089c	12000	0	NA	Diphasium complanatum (L.) Rothm.	Species	unknown	unknown	earliest_occurrence_date	cal yr BP	NaN		
individualtimelinenode_b207aaac-1da9-40a6-93c0-6266e760089c	12000	0	NA	Diphasium alpinum (L.) Rothm.	Species	unknown	unknown	earliest_occurrence_date	cal yr BP	NaN		
individualtimelinenode_b207aaac-1da9-40a6-93c0-6266e760089c	12000	0	NA	Lycopodium dubium Zoega.	Species	unknown	unknown	earliest_occurrence_date	cal yr BP	NaN		
individualtimelinenode_b207aaac-1da9-40a6-93c0-6266e760089c	12000	0	NA	Minuratia rubella (Wbg.) Hiern.	Species	unknown	unknown	earliest_occurrence_date	cal yr BP	NaN		
individualtimelinenode_b207aaac-1da9-40a6-93c0-6266e760089c	12000	0	NA	Phippsia algida (Sol.) R. Br.	Species	unknown	unknown	earliest_occurrence_date	cal yr BP	NaN		
individualtimelinenode_b207aaac-1da9-40a6-93c0-6266e760089c	12000	0	NA	Potamogetonaceae	Family	unknown	unknown	earliest_occurrence_date	cal yr BP	NaN		
individualtimelinenode_b207aaac-1da9-40a6-93c0-6266e760089c	12000	0	NA	Potamogeton	Genus	unknown	unknown	earliest_occurrence_date	cal yr BP	NaN		
individualtimelinenode_b207aaac-1da9-40a6-93c0-6266e760089c	12000	0	NA	Potamogeton pusillus L.	Species	unknown	unknown	earliest_occurrence_date	cal yr BP	NaN		
individualtimelinenode_b207aaac-1da9-40a6-93c0-6266e760089c	12000	0	NA	Sibbaldia procumbens L.	Species	unknown	unknown	earliest_occurrence_date	cal yr BP	NaN		
individualtimelinenode_b207aaac-1da9-40a6-93c0-6266e760089c	12000	0	NA	Comarum	Genus	unknown	unknown	earliest_occurrence_date	cal yr BP	NaN		
individualtimelinenode_b207aaac-1da9-40a6-93c0-6266e760089c	12000	0	NA	Comarum palustre L.	Species	unknown	unknown	earliest_occurrence_date	cal yr BP	NaN		
individualtimelinenode_b207aaac-1da9-40a6-93c0-6266e760089c	12000	0	NA	Potentilla anserina L.	Species	unknown	unknown	earliest_occurrence_date	cal yr BP	NaN		
individualtimelinenode_b207aaac-1da9-40a6-93c0-6266e760089c	12000	0	NA	Potentilla hyparctica Malte	Species	unknown	unknown	earliest_occurrence_date	cal yr BP	NaN		
individualtimelinenode_b207aaac-1da9-40a6-93c0-6266e760089c	12000	0	NA	Potentilla nivea L.	Species	unknown	unknown	earliest_occurrence_date	cal yr BP	NaN		
individualtimelinenode_b207aaac-1da9-40a6-93c0-6266e760089c	12000	0	NA	Potentilla hookeriana Lehm.	Species	unknown	unknown	earliest_occurrence_date	cal yr BP	NaN		
individualtimelinenode_b207aaac-1da9-40a6-93c0-6266e760089c	12000	0	NA	Potentilla pulchella R. Br.	Species	unknown	unknown	earliest_occurrence_date	cal yr BP	NaN		
individualtimelinenode_b207aaac-1da9-40a6-93c0-6266e760089c	12000	0	NA	Potentilla egedii Wormsk.	Species	unknown	unknown	earliest_occurrence_date	cal yr BP	NaN		
individualtimelinenode_b207aaac-1da9-40a6-93c0-6266e760089c	12000	0	NA	Ranunculus confervoides (Fr.) Asch. & Graebn.	Species	unknown	unknown	earliest_occurrence_date	cal yr BP	NaN		
individualtimelinenode_b207aaac-1da9-40a6-93c0-6266e760089c	12000	0	NA	Ranunculus hyperboreus Rottb.	Species	unknown	unknown	earliest_occurrence_date	cal yr BP	NaN		
individualtimelinenode_b207aaac-1da9-40a6-93c0-6266e760089c	12000	0	NA	Rumex	Genus	unknown	unknown	earliest_occurrence_date	cal yr BP	NaN		
individualtimelinenode_b207aaac-1da9-40a6-93c0-6266e760089c	12000	0	NA	Rumex acetosella L.	Species	unknown	unknown	earliest_occurrence_date	cal yr BP	NaN		
individualtimelinenode_b207aaac-1da9-40a6-93c0-6266e760089c	12000	0	NA	Sagina	Genus	unknown	unknown	earliest_occurrence_date	cal yr BP	NaN		
individualtimelinenode_b207aaac-1da9-40a6-93c0-6266e760089c	12000	0	NA	Saxifraga hyperborea R. Br.	Species	unknown	unknown	earliest_occurrence_date	cal yr BP	NaN		
individualtimelinenode_b207aaac-1da9-40a6-93c0-6266e760089c	12000	0	NA	Saxifraga rivularis L.	Species	unknown	unknown	earliest_occurrence_date	cal yr BP	NaN		
individualtimelinenode_b207aaac-1da9-40a6-93c0-6266e760089c	12000	0	NA	Saxifraga flagellaris Willd.	Species	unknown	unknown	earliest_occurrence_date	cal yr BP	NaN		
individualtimelinenode_b207aaac-1da9-40a6-93c0-6266e760089c	12000	0	NA	Saxifraga hirculus L.	Species	unknown	unknown	earliest_occurrence_date	cal yr BP	NaN		
individualtimelinenode_b207aaac-1da9-40a6-93c0-6266e760089c	12000	0	NA	Saxifraga cernua L.	Species	unknown	unknown	earliest_occurrence_date	cal yr BP	NaN		
individualtimelinenode_b207aaac-1da9-40a6-93c0-6266e760089c	12000	0	NA	Saxifraga caespitosa L.	Species	unknown	unknown	earliest_occurrence_date	cal yr BP	NaN		
individualtimelinenode_b207aaac-1da9-40a6-93c0-6266e760089c	12000	0	NA	Saxifraga hieraciifolia W. & K.	Species	unknown	unknown	earliest_occurrence_date	cal yr BP	NaN		
individualtimelinenode_b207aaac-1da9-40a6-93c0-6266e760089c	12000	0	NA	Saxifraga tenuis (Wbg.) H. Sm.	Species	unknown	unknown	earliest_occurrence_date	cal yr BP	NaN		
individualtimelinenode_b207aaac-1da9-40a6-93c0-6266e760089c	12000	0	NA	Saxifraga nivalis L.	Species	unknown	unknown	earliest_occurrence_date	cal yr BP	NaN		
individualtimelinenode_b207aaac-1da9-40a6-93c0-6266e760089c	12000	0	NA	Crassulaceae	Family	unknown	unknown	earliest_occurrence_date	cal yr BP	11173.91		
individualtimelinenode_b207aaac-1da9-40a6-93c0-6266e760089c	12000	0	NA	Sedum	Genus	unknown	unknown	earliest_occurrence_date	cal yr BP	11173.91		
individualtimelinenode_b207aaac-1da9-40a6-93c0-6266e760089c	12000	0	NA	Bryophyta	Phylum	unknown	unknown	earliest_occurrence_date	cal yr BP	NaN		
individualtimelinenode_b207aaac-1da9-40a6-93c0-6266e760089c	12000	0	NA	Sphagnopsida	Class	unknown	unknown	earliest_occurrence_date	cal yr BP	NaN		
individualtimelinenode_b207aaac-1da9-40a6-93c0-6266e760089c	12000	0	NA	Sphagnales	Order	unknown	unknown	earliest_occurrence_date	cal yr BP	NaN		
individualtimelinenode_b207aaac-1da9-40a6-93c0-6266e760089c	12000	0	NA	Sphagnaceae	Family	unknown	unknown	earliest_occurrence_date	cal yr BP	NaN		
individualtimelinenode_b207aaac-1da9-40a6-93c0-6266e760089c	12000	0	NA	Sphagnum	Genus	unknown	unknown	earliest_occurrence_date	cal yr BP	NaN		
individualtimelinenode_b207aaac-1da9-40a6-93c0-6266e760089c	12000	0	NA	Thalictrum alpinum L.	Species	unknown	unknown	earliest_occurrence_date	cal yr BP	9545.6		
individualtimelinenode_b207aaac-1da9-40a6-93c0-6266e760089c	12000	0	NA	Lamiaceae	Family	unknown	unknown	earliest_occurrence_date	cal yr BP	NaN		
individualtimelinenode_b207aaac-1da9-40a6-93c0-6266e760089c	12000	0	NA	Thymus	Genus	unknown	unknown	earliest_occurrence_date	cal yr BP	NaN		
individualtimelinenode_b207aaac-1da9-40a6-93c0-6266e760089c	12000	0	NA	Thymus praecox Opiz	Species	unknown	unknown	earliest_occurrence_date	cal yr BP	NaN		
individualtimelinenode_b207aaac-1da9-40a6-93c0-6266e760089c	12000	0	NA	Bortychium	Genus	unknown	unknown	earliest_occurrence_date	cal yr BP	NaN		
individualtimelinenode_b207aaac-1da9-40a6-93c0-6266e760089c	12000	0	NA	Coptis trifolia (L.) Salisb.	Species	unknown	unknown	earliest_occurrence_date	cal yr BP	NaN		
individualtimelinenode_b207aaac-1da9-40a6-93c0-6266e760089c	12000	0	NA	Rhinanthus	Genus	unknown	unknown	earliest_occurrence_date	cal yr BP	NaN		
individualtimelinenode_b207aaac-1da9-40a6-93c0-6266e760089c	12000	0	NA	Euphrasia	Genus	unknown	unknown	earliest_occurrence_date	cal yr BP	NaN		
individualtimelinenode_b207aaac-1da9-40a6-93c0-6266e760089c	12000	0	NA	Bartsia	Genus	unknown	unknown	earliest_occurrence_date	cal yr BP	NaN		
individualtimelinenode_b207aaac-1da9-40a6-93c0-6266e760089c	12000	0	NA	Cystopteridaceae	Family	unknown	unknown	earliest_occurrence_date	cal yr BP	NaN		
individualtimelinenode_b207aaac-1da9-40a6-93c0-6266e760089c	12000	0	NA	Gymnocarpium	Genus	unknown	unknown	earliest_occurrence_date	cal yr BP	NaN		
individualtimelinenode_b207aaac-1da9-40a6-93c0-6266e760089c	12000	0	NA	Gymnocarpium dryopteris (L.) Newman	Species	unknown	unknown	earliest_occurrence_date	cal yr BP	NaN		
individualtimelinenode_b207aaac-1da9-40a6-93c0-6266e760089c	12000	0	NA	Ledum	Genus	unknown	unknown	earliest_occurrence_date	cal yr BP	NaN		
individualtimelinenode_b207aaac-1da9-40a6-93c0-6266e760089c	12000	0	NA	Liguliflorae	Genus	unknown	unknown	earliest_occurrence_date	cal yr BP	NaN		
individualtimelinenode_b207aaac-1da9-40a6-93c0-6266e760089c	12000	0	NA	Montiaceae	Family	unknown	unknown	earliest_occurrence_date	cal yr BP	NaN		
individualtimelinenode_b207aaac-1da9-40a6-93c0-6266e760089c	12000	0	NA	Montia	Genus	unknown	unknown	earliest_occurrence_date	cal yr BP	NaN		
individualtimelinenode_b207aaac-1da9-40a6-93c0-6266e760089c	12000	0	NA	Montia fontana L.	Species	unknown	unknown	earliest_occurrence_date	cal yr BP	NaN		
individualtimelinenode_b207aaac-1da9-40a6-93c0-6266e760089c	12000	0	NA	Phyllodoce coerulea (L.) Bab.	Species	unknown	unknown	earliest_occurrence_date	cal yr BP	NaN		
individualtimelinenode_b207aaac-1da9-40a6-93c0-6266e760089c	12000	0	NA	Potentilla tridentata Ait.	Species	unknown	unknown	earliest_occurrence_date	cal yr BP	NaN		
individualtimelinenode_b207aaac-1da9-40a6-93c0-6266e760089c	12000	0	NA	Potentilla crantzii (Cr.) G. Beck	Species	unknown	unknown	earliest_occurrence_date	cal yr BP	NaN		
individualtimelinenode_b207aaac-1da9-40a6-93c0-6266e760089c	12000	0	NA	Woodsiaceae	Family	unknown	unknown	earliest_occurrence_date	cal yr BP	NaN		
individualtimelinenode_b207aaac-1da9-40a6-93c0-6266e760089c	12000	0	NA	Woodsia	Genus	unknown	unknown	earliest_occurrence_date	cal yr BP	NaN		
individualtimelinenode_b207aaac-1da9-40a6-93c0-6266e760089c	12000	0	NA	Alopecurus alpinus L.	Species	unknown	unknown	earliest_occurrence_date	cal yr BP	NaN		
individualtimelinenode_b207aaac-1da9-40a6-93c0-6266e760089c	12000	0	NA	Chamaenerion	Genus	unknown	unknown	earliest_occurrence_date	cal yr BP	11173.91		
individualtimelinenode_b207aaac-1da9-40a6-93c0-6266e760089c	12000	0	NA	Selaginella selaginoides (L.) Link.	Species	unknown	unknown	earliest_occurrence_date	cal yr BP	8063.75		
individualtimelinenode_b207aaac-1da9-40a6-93c0-6266e760089c	12000	0	NA	Gentianales	Order	unknown	unknown	earliest_occurrence_date	cal yr BP	NaN		
individualtimelinenode_b207aaac-1da9-40a6-93c0-6266e760089c	12000	0	NA	Rubiaceae	Family	unknown	unknown	earliest_occurrence_date	cal yr BP	NaN		
individualtimelinenode_b207aaac-1da9-40a6-93c0-6266e760089c	12000	0	NA	Galium	Genus	unknown	unknown	earliest_occurrence_date	cal yr BP	NaN		
individualtimelinenode_b207aaac-1da9-40a6-93c0-6266e760089c	12000	0	NA	Arbutoideae	Subfamily	unknown	unknown	earliest_occurrence_date	cal yr BP	NaN		
individualtimelinenode_b207aaac-1da9-40a6-93c0-6266e760089c	12000	0	NA	Arctostaphylos	Genus	unknown	unknown	earliest_occurrence_date	cal yr BP	NaN		
individualtimelinenode_b207aaac-1da9-40a6-93c0-6266e760089c	12000	0	NA	Arctostaphylos alpina (L.) Spreng.	Species	unknown	unknown	earliest_occurrence_date	cal yr BP	NaN		
individualtimelinenode_b207aaac-1da9-40a6-93c0-6266e760089c	12000	0	NA	Empetrum nigrum (Hagerup) Böch.	Species	unknown	unknown	earliest_occurrence_date	cal yr BP	NaN		
individualtimelinenode_b207aaac-1da9-40a6-93c0-6266e760089c	12000	0	NA	Liguiflorae	Family	unknown	unknown	earliest_occurrence_date	cal yr BP	NaN		
individualtimelinenode_b207aaac-1da9-40a6-93c0-6266e760089c	12000	0	NA	Pedicuralis	Genus	unknown	unknown	earliest_occurrence_date	cal yr BP	NaN		
individualtimelinenode_b207aaac-1da9-40a6-93c0-6266e760089c	12000	0	NA	Phyllodoce corerulea (L.) Bab.	Species	unknown	unknown	earliest_occurrence_date	cal yr BP	NaN		
individualtimelinenode_b207aaac-1da9-40a6-93c0-6266e760089c	12000	0	NA	Rhododendron lapponicum (L.) Wbg.	Species	unknown	unknown	earliest_occurrence_date	cal yr BP	NaN		
individualtimelinenode_b207aaac-1da9-40a6-93c0-6266e760089c	12000	0	NA	Alnus crispa (Ait.) Pursh	Species	unknown	unknown	earliest_occurrence_date	cal yr BP	11173.91		
