location_id	bin_early	bin_late	morphotype	taxon	rank	taxonomic_tree	taxon_ambiguous_with	variable	variable_unit	variable_value (float)	variable_ci (float option)	variable_confidence_qualitative (string option)
individualtimelinenode_48d66bcb-89ff-4d3f-8713-057de0eb592b	47	47	Juniperus communis	Juniperus communis L.	Species	Life > Plantae > Pinophyta > Pinopsida > Cupressales > Cupressaceae > Juniperus > Juniperus communis L.	Juniperus communis L.	pollen	percentage	0		
individualtimelinenode_48d66bcb-89ff-4d3f-8713-057de0eb592b	222	222	Juniperus communis	Juniperus communis L.	Species	Life > Plantae > Pinophyta > Pinopsida > Cupressales > Cupressaceae > Juniperus > Juniperus communis L.	Juniperus communis L.	pollen	percentage	2		
individualtimelinenode_48d66bcb-89ff-4d3f-8713-057de0eb592b	413	413	Juniperus communis	Juniperus communis L.	Species	Life > Plantae > Pinophyta > Pinopsida > Cupressales > Cupressaceae > Juniperus > Juniperus communis L.	Juniperus communis L.	pollen	percentage	2		
individualtimelinenode_48d66bcb-89ff-4d3f-8713-057de0eb592b	620	620	Juniperus communis	Juniperus communis L.	Species	Life > Plantae > Pinophyta > Pinopsida > Cupressales > Cupressaceae > Juniperus > Juniperus communis L.	Juniperus communis L.	pollen	percentage	2		
individualtimelinenode_48d66bcb-89ff-4d3f-8713-057de0eb592b	938	938	Juniperus communis	Juniperus communis L.	Species	Life > Plantae > Pinophyta > Pinopsida > Cupressales > Cupressaceae > Juniperus > Juniperus communis L.	Juniperus communis L.	pollen	percentage	0		
individualtimelinenode_48d66bcb-89ff-4d3f-8713-057de0eb592b	1126	1126	Juniperus communis	Juniperus communis L.	Species	Life > Plantae > Pinophyta > Pinopsida > Cupressales > Cupressaceae > Juniperus > Juniperus communis L.	Juniperus communis L.	pollen	percentage	0		
individualtimelinenode_48d66bcb-89ff-4d3f-8713-057de0eb592b	1386	1386	Juniperus communis	Juniperus communis L.	Species	Life > Plantae > Pinophyta > Pinopsida > Cupressales > Cupressaceae > Juniperus > Juniperus communis L.	Juniperus communis L.	pollen	percentage	0		
individualtimelinenode_48d66bcb-89ff-4d3f-8713-057de0eb592b	1581	1581	Juniperus communis	Juniperus communis L.	Species	Life > Plantae > Pinophyta > Pinopsida > Cupressales > Cupressaceae > Juniperus > Juniperus communis L.	Juniperus communis L.	pollen	percentage	0		
individualtimelinenode_48d66bcb-89ff-4d3f-8713-057de0eb592b	1776	1776	Juniperus communis	Juniperus communis L.	Species	Life > Plantae > Pinophyta > Pinopsida > Cupressales > Cupressaceae > Juniperus > Juniperus communis L.	Juniperus communis L.	pollen	percentage	1		
individualtimelinenode_48d66bcb-89ff-4d3f-8713-057de0eb592b	1993	1993	Juniperus communis	Juniperus communis L.	Species	Life > Plantae > Pinophyta > Pinopsida > Cupressales > Cupressaceae > Juniperus > Juniperus communis L.	Juniperus communis L.	pollen	percentage	3		
individualtimelinenode_48d66bcb-89ff-4d3f-8713-057de0eb592b	2231	2231	Juniperus communis	Juniperus communis L.	Species	Life > Plantae > Pinophyta > Pinopsida > Cupressales > Cupressaceae > Juniperus > Juniperus communis L.	Juniperus communis L.	pollen	percentage	0		
individualtimelinenode_48d66bcb-89ff-4d3f-8713-057de0eb592b	2426	2426	Juniperus communis	Juniperus communis L.	Species	Life > Plantae > Pinophyta > Pinopsida > Cupressales > Cupressaceae > Juniperus > Juniperus communis L.	Juniperus communis L.	pollen	percentage	0		
individualtimelinenode_48d66bcb-89ff-4d3f-8713-057de0eb592b	2643	2643	Juniperus communis	Juniperus communis L.	Species	Life > Plantae > Pinophyta > Pinopsida > Cupressales > Cupressaceae > Juniperus > Juniperus communis L.	Juniperus communis L.	pollen	percentage	2		
individualtimelinenode_48d66bcb-89ff-4d3f-8713-057de0eb592b	2838	2838	Juniperus communis	Juniperus communis L.	Species	Life > Plantae > Pinophyta > Pinopsida > Cupressales > Cupressaceae > Juniperus > Juniperus communis L.	Juniperus communis L.	pollen	percentage	0		
individualtimelinenode_48d66bcb-89ff-4d3f-8713-057de0eb592b	3033	3033	Juniperus communis	Juniperus communis L.	Species	Life > Plantae > Pinophyta > Pinopsida > Cupressales > Cupressaceae > Juniperus > Juniperus communis L.	Juniperus communis L.	pollen	percentage	1		
individualtimelinenode_48d66bcb-89ff-4d3f-8713-057de0eb592b	3249	3249	Juniperus communis	Juniperus communis L.	Species	Life > Plantae > Pinophyta > Pinopsida > Cupressales > Cupressaceae > Juniperus > Juniperus communis L.	Juniperus communis L.	pollen	percentage	0		
individualtimelinenode_48d66bcb-89ff-4d3f-8713-057de0eb592b	3444	3444	Juniperus communis	Juniperus communis L.	Species	Life > Plantae > Pinophyta > Pinopsida > Cupressales > Cupressaceae > Juniperus > Juniperus communis L.	Juniperus communis L.	pollen	percentage	1		
individualtimelinenode_48d66bcb-89ff-4d3f-8713-057de0eb592b	3639	3639	Juniperus communis	Juniperus communis L.	Species	Life > Plantae > Pinophyta > Pinopsida > Cupressales > Cupressaceae > Juniperus > Juniperus communis L.	Juniperus communis L.	pollen	percentage	3		
individualtimelinenode_48d66bcb-89ff-4d3f-8713-057de0eb592b	3924	3924	Juniperus communis	Juniperus communis L.	Species	Life > Plantae > Pinophyta > Pinopsida > Cupressales > Cupressaceae > Juniperus > Juniperus communis L.	Juniperus communis L.	pollen	percentage	1		
individualtimelinenode_48d66bcb-89ff-4d3f-8713-057de0eb592b	4158	4158	Juniperus communis	Juniperus communis L.	Species	Life > Plantae > Pinophyta > Pinopsida > Cupressales > Cupressaceae > Juniperus > Juniperus communis L.	Juniperus communis L.	pollen	percentage	0		
individualtimelinenode_48d66bcb-89ff-4d3f-8713-057de0eb592b	4491	4491	Juniperus communis	Juniperus communis L.	Species	Life > Plantae > Pinophyta > Pinopsida > Cupressales > Cupressaceae > Juniperus > Juniperus communis L.	Juniperus communis L.	pollen	percentage	1		
individualtimelinenode_48d66bcb-89ff-4d3f-8713-057de0eb592b	4759	4759	Juniperus communis	Juniperus communis L.	Species	Life > Plantae > Pinophyta > Pinopsida > Cupressales > Cupressaceae > Juniperus > Juniperus communis L.	Juniperus communis L.	pollen	percentage	1		
individualtimelinenode_48d66bcb-89ff-4d3f-8713-057de0eb592b	5059	5059	Juniperus communis	Juniperus communis L.	Species	Life > Plantae > Pinophyta > Pinopsida > Cupressales > Cupressaceae > Juniperus > Juniperus communis L.	Juniperus communis L.	pollen	percentage	0		
individualtimelinenode_48d66bcb-89ff-4d3f-8713-057de0eb592b	5326	5326	Juniperus communis	Juniperus communis L.	Species	Life > Plantae > Pinophyta > Pinopsida > Cupressales > Cupressaceae > Juniperus > Juniperus communis L.	Juniperus communis L.	pollen	percentage	1		
individualtimelinenode_48d66bcb-89ff-4d3f-8713-057de0eb592b	5593	5593	Juniperus communis	Juniperus communis L.	Species	Life > Plantae > Pinophyta > Pinopsida > Cupressales > Cupressaceae > Juniperus > Juniperus communis L.	Juniperus communis L.	pollen	percentage	0		
individualtimelinenode_48d66bcb-89ff-4d3f-8713-057de0eb592b	5893	5893	Juniperus communis	Juniperus communis L.	Species	Life > Plantae > Pinophyta > Pinopsida > Cupressales > Cupressaceae > Juniperus > Juniperus communis L.	Juniperus communis L.	pollen	percentage	3		
individualtimelinenode_48d66bcb-89ff-4d3f-8713-057de0eb592b	6161	6161	Juniperus communis	Juniperus communis L.	Species	Life > Plantae > Pinophyta > Pinopsida > Cupressales > Cupressaceae > Juniperus > Juniperus communis L.	Juniperus communis L.	pollen	percentage	4		
individualtimelinenode_48d66bcb-89ff-4d3f-8713-057de0eb592b	6396	6396	Juniperus communis	Juniperus communis L.	Species	Life > Plantae > Pinophyta > Pinopsida > Cupressales > Cupressaceae > Juniperus > Juniperus communis L.	Juniperus communis L.	pollen	percentage	0		
individualtimelinenode_48d66bcb-89ff-4d3f-8713-057de0eb592b	6567	6567	Juniperus communis	Juniperus communis L.	Species	Life > Plantae > Pinophyta > Pinopsida > Cupressales > Cupressaceae > Juniperus > Juniperus communis L.	Juniperus communis L.	pollen	percentage	2		
individualtimelinenode_48d66bcb-89ff-4d3f-8713-057de0eb592b	6878	6878	Juniperus communis	Juniperus communis L.	Species	Life > Plantae > Pinophyta > Pinopsida > Cupressales > Cupressaceae > Juniperus > Juniperus communis L.	Juniperus communis L.	pollen	percentage	2		
individualtimelinenode_48d66bcb-89ff-4d3f-8713-057de0eb592b	7122	7122	Juniperus communis	Juniperus communis L.	Species	Life > Plantae > Pinophyta > Pinopsida > Cupressales > Cupressaceae > Juniperus > Juniperus communis L.	Juniperus communis L.	pollen	percentage	0		
individualtimelinenode_48d66bcb-89ff-4d3f-8713-057de0eb592b	7366	7366	Juniperus communis	Juniperus communis L.	Species	Life > Plantae > Pinophyta > Pinopsida > Cupressales > Cupressaceae > Juniperus > Juniperus communis L.	Juniperus communis L.	pollen	percentage	0		
individualtimelinenode_48d66bcb-89ff-4d3f-8713-057de0eb592b	7618	7618	Juniperus communis	Juniperus communis L.	Species	Life > Plantae > Pinophyta > Pinopsida > Cupressales > Cupressaceae > Juniperus > Juniperus communis L.	Juniperus communis L.	pollen	percentage	0		
individualtimelinenode_48d66bcb-89ff-4d3f-8713-057de0eb592b	7903	7903	Juniperus communis	Juniperus communis L.	Species	Life > Plantae > Pinophyta > Pinopsida > Cupressales > Cupressaceae > Juniperus > Juniperus communis L.	Juniperus communis L.	pollen	percentage	0		
individualtimelinenode_48d66bcb-89ff-4d3f-8713-057de0eb592b	8101	8101	Juniperus communis	Juniperus communis L.	Species	Life > Plantae > Pinophyta > Pinopsida > Cupressales > Cupressaceae > Juniperus > Juniperus communis L.	Juniperus communis L.	pollen	percentage	1		
individualtimelinenode_48d66bcb-89ff-4d3f-8713-057de0eb592b	8331	8331	Juniperus communis	Juniperus communis L.	Species	Life > Plantae > Pinophyta > Pinopsida > Cupressales > Cupressaceae > Juniperus > Juniperus communis L.	Juniperus communis L.	pollen	percentage	0		
individualtimelinenode_48d66bcb-89ff-4d3f-8713-057de0eb592b	8817	8817	Juniperus communis	Juniperus communis L.	Species	Life > Plantae > Pinophyta > Pinopsida > Cupressales > Cupressaceae > Juniperus > Juniperus communis L.	Juniperus communis L.	pollen	percentage	0		
individualtimelinenode_48d66bcb-89ff-4d3f-8713-057de0eb592b	9061	9061	Juniperus communis	Juniperus communis L.	Species	Life > Plantae > Pinophyta > Pinopsida > Cupressales > Cupressaceae > Juniperus > Juniperus communis L.	Juniperus communis L.	pollen	percentage	0		
individualtimelinenode_48d66bcb-89ff-4d3f-8713-057de0eb592b	9274	9274	Juniperus communis	Juniperus communis L.	Species	Life > Plantae > Pinophyta > Pinopsida > Cupressales > Cupressaceae > Juniperus > Juniperus communis L.	Juniperus communis L.	pollen	percentage	0		
individualtimelinenode_48d66bcb-89ff-4d3f-8713-057de0eb592b	9502	9502	Juniperus communis	Juniperus communis L.	Species	Life > Plantae > Pinophyta > Pinopsida > Cupressales > Cupressaceae > Juniperus > Juniperus communis L.	Juniperus communis L.	pollen	percentage	0		
individualtimelinenode_48d66bcb-89ff-4d3f-8713-057de0eb592b	9685	9685	Juniperus communis	Juniperus communis L.	Species	Life > Plantae > Pinophyta > Pinopsida > Cupressales > Cupressaceae > Juniperus > Juniperus communis L.	Juniperus communis L.	pollen	percentage	0		
individualtimelinenode_48d66bcb-89ff-4d3f-8713-057de0eb592b	9852	9852	Juniperus communis	Juniperus communis L.	Species	Life > Plantae > Pinophyta > Pinopsida > Cupressales > Cupressaceae > Juniperus > Juniperus communis L.	Juniperus communis L.	pollen	percentage	0		
individualtimelinenode_48d66bcb-89ff-4d3f-8713-057de0eb592b	10035	10035	Juniperus communis	Juniperus communis L.	Species	Life > Plantae > Pinophyta > Pinopsida > Cupressales > Cupressaceae > Juniperus > Juniperus communis L.	Juniperus communis L.	pollen	percentage	0		
individualtimelinenode_48d66bcb-89ff-4d3f-8713-057de0eb592b	10218	10218	Juniperus communis	Juniperus communis L.	Species	Life > Plantae > Pinophyta > Pinopsida > Cupressales > Cupressaceae > Juniperus > Juniperus communis L.	Juniperus communis L.	pollen	percentage	0		
individualtimelinenode_48d66bcb-89ff-4d3f-8713-057de0eb592b	10428	10428	Juniperus communis	Juniperus communis L.	Species	Life > Plantae > Pinophyta > Pinopsida > Cupressales > Cupressaceae > Juniperus > Juniperus communis L.	Juniperus communis L.	pollen	percentage	0		
individualtimelinenode_c2805b46-f963-491a-b825-766208e247a0	87	87	Alnus sp.	Alnus	Genus	Life > Plantae > Angiosperms > Fagales > Betulaceae > Alnus	Alnus	pollen	percentage	8.93617		
individualtimelinenode_c2805b46-f963-491a-b825-766208e247a0	87	87	Artemisia sp.	Artemisia	Genus	Life > Plantae > Angiosperms > Asterales > Asteraceae > Asteroideae > Anthemideae > Artemisia	Artemisia	pollen	percentage	0		
individualtimelinenode_c2805b46-f963-491a-b825-766208e247a0	87	87	Betula sp.	Betula	Genus	Life > Plantae > Angiosperms > Fagales > Betulaceae > Betula	Betula	pollen	percentage	66.875		
individualtimelinenode_c2805b46-f963-491a-b825-766208e247a0	87	87	Botrychium sp.	Botrychium	Genus	Life > Plantae > Polypodiophyta > Polypodiopsida > Ophioglossales > Ophioglossaceae > Botrychioideae > Botrychium	Botrychium	pollen	percentage	0		
individualtimelinenode_c2805b46-f963-491a-b825-766208e247a0	87	87	Campanula sp.	Campanula	Genus	Life > Plantae > Angiosperms > Asterales > Campanulaceae > Campanula	Campanula	pollen	percentage	0		
individualtimelinenode_c2805b46-f963-491a-b825-766208e247a0	87	87	Cerastium-Stellaria type	Stellaria longipes Goldie	Species	Stellaria longipes Goldie	Stellaria longipes Goldie;Cerastium fontanum Baumg.;Cerastium alpinum L.	pollen	percentage	0		
individualtimelinenode_c2805b46-f963-491a-b825-766208e247a0	87	87	Cerastium-Stellaria type	Cerastium fontanum Baumg.	Species	Cerastium fontanum Baumg.	Stellaria longipes Goldie;Cerastium fontanum Baumg.;Cerastium alpinum L.	pollen	percentage	0		
individualtimelinenode_c2805b46-f963-491a-b825-766208e247a0	87	87	Cerastium-Stellaria type	Cerastium alpinum L.	Species	Cerastium alpinum L.	Stellaria longipes Goldie;Cerastium fontanum Baumg.;Cerastium alpinum L.	pollen	percentage	0		
individualtimelinenode_c2805b46-f963-491a-b825-766208e247a0	87	87	Dryas type	Dryas	Genus	Life > Plantae > Angiosperms > Rosales > Rosaceae > Dryas	Dryas	pollen	percentage	0		
individualtimelinenode_c2805b46-f963-491a-b825-766208e247a0	87	87	Dryopteris type	Polypodiaceae	Family	Life > Plantae > Polypodiophyta > Polypodiopsida > Polypodiales > Polypodiaceae	Polypodiaceae	pollen	percentage	0		
individualtimelinenode_c2805b46-f963-491a-b825-766208e247a0	87	87	Euphrasia type	Rhinanthus	Genus	Life > Plantae > Angiosperms > Lamiales > Orobanchaceae > Rhinanthus	Rhinanthus;Euphrasia;Bartsia	pollen	percentage	0		
individualtimelinenode_c2805b46-f963-491a-b825-766208e247a0	87	87	Euphrasia type	Euphrasia	Genus	Euphrasia	Rhinanthus;Euphrasia;Bartsia	pollen	percentage	0		
individualtimelinenode_c2805b46-f963-491a-b825-766208e247a0	87	87	Euphrasia type	Bartsia	Genus	Bartsia	Rhinanthus;Euphrasia;Bartsia	pollen	percentage	0		
individualtimelinenode_c2805b46-f963-491a-b825-766208e247a0	87	87	Galium sp.	Galium	Genus	Life > Plantae > Angiosperms > Gentianales > Rubiaceae > Galium	Galium	pollen	percentage	0		
individualtimelinenode_c2805b46-f963-491a-b825-766208e247a0	87	87	Gymnocarpium dryopteris	Gymnocarpium dryopteris (L.) Newman	Species	Gymnocarpium dryopteris (L.) Newman	Gymnocarpium dryopteris (L.) Newman	pollen	percentage	0		
individualtimelinenode_c2805b46-f963-491a-b825-766208e247a0	87	87	Juniperus communis	Juniperus communis L.	Species	Life > Plantae > Pinophyta > Pinopsida > Cupressales > Cupressaceae > Juniperus > Juniperus communis L.	Juniperus communis L.	pollen	percentage	1.81818		
individualtimelinenode_c2805b46-f963-491a-b825-766208e247a0	87	87	Luzula-Juncus	Juncus	Genus	Life > Plantae > Angiosperms > Poales > Juncaceae > Juncus	Juncus;Luzula	pollen	percentage	0		
individualtimelinenode_c2805b46-f963-491a-b825-766208e247a0	87	87	Luzula-Juncus	Luzula	Genus	Life > Plantae > Angiosperms > Poales > Juncaceae > Luzula	Juncus;Luzula	pollen	percentage	0		
individualtimelinenode_c2805b46-f963-491a-b825-766208e247a0	87	87	Lycopodium dubium	Lycopodium clavatum L.	Species	Life > Plantae > Lycopodiophyta > Lycopodiopsida > Lycopodiales > Lycopodiaceae > Lycopodioideae > Lycopodium > Lycopodium clavatum L.	Lycopodium clavatum L.	pollen	percentage	1.875		
individualtimelinenode_c2805b46-f963-491a-b825-766208e247a0	87	87	Potentilla-Comarum type	Sibbaldia procumbens L.	Species	Sibbaldia procumbens L.	Sibbaldia procumbens L.;Comarum palustre L.;Potentilla hyparctica Malte;Potentilla nivea L.;Potentilla hookeriana Lehm.	pollen	percentage	0		
individualtimelinenode_c2805b46-f963-491a-b825-766208e247a0	87	87	Potentilla-Comarum type	Comarum palustre L.	Species	Life > Plantae > Angiosperms > Rosales > Rosaceae > Comarum > Comarum palustre L.	Sibbaldia procumbens L.;Comarum palustre L.;Potentilla hyparctica Malte;Potentilla nivea L.;Potentilla hookeriana Lehm.	pollen	percentage	0		
individualtimelinenode_c2805b46-f963-491a-b825-766208e247a0	87	87	Potentilla-Comarum type	Potentilla hyparctica Malte	Species	Potentilla hyparctica Malte	Sibbaldia procumbens L.;Comarum palustre L.;Potentilla hyparctica Malte;Potentilla nivea L.;Potentilla hookeriana Lehm.	pollen	percentage	0		
individualtimelinenode_c2805b46-f963-491a-b825-766208e247a0	87	87	Potentilla-Comarum type	Potentilla nivea L.	Species	Potentilla nivea L.	Sibbaldia procumbens L.;Comarum palustre L.;Potentilla hyparctica Malte;Potentilla nivea L.;Potentilla hookeriana Lehm.	pollen	percentage	0		
individualtimelinenode_c2805b46-f963-491a-b825-766208e247a0	87	87	Potentilla-Comarum type	Potentilla hookeriana Lehm.	Species	Potentilla hookeriana Lehm.	Sibbaldia procumbens L.;Comarum palustre L.;Potentilla hyparctica Malte;Potentilla nivea L.;Potentilla hookeriana Lehm.	pollen	percentage	0		
individualtimelinenode_c2805b46-f963-491a-b825-766208e247a0	87	87	Ranunculus sp.	Ranunculus	Genus	Life > Plantae > Angiosperms > Ranunculales > Ranunculaceae > Ranunculus	Ranunculus	pollen	percentage	0		
individualtimelinenode_c2805b46-f963-491a-b825-766208e247a0	87	87	Rumex acetosella	Rumex acetosella L.	Species	Life > Plantae > Angiosperms > Caryophyllales > Polygonaceae > Rumex > Rumex acetosella L.	Rumex acetosella L.	pollen	percentage	0		
individualtimelinenode_c2805b46-f963-491a-b825-766208e247a0	87	87	Saxifraga oppositifolia type	Saxifraga paniculata Mill.	Species	Saxifraga paniculata Mill.	Saxifraga paniculata Mill.;Saxifraga aizoides L.;Saxifraga tricuspidata Rottb.;Saxifraga oppositifolia L.	pollen	percentage	0		
individualtimelinenode_c2805b46-f963-491a-b825-766208e247a0	87	87	Saxifraga oppositifolia type	Saxifraga aizoides L.	Species	Saxifraga aizoides L.	Saxifraga paniculata Mill.;Saxifraga aizoides L.;Saxifraga tricuspidata Rottb.;Saxifraga oppositifolia L.	pollen	percentage	0		
individualtimelinenode_c2805b46-f963-491a-b825-766208e247a0	87	87	Saxifraga oppositifolia type	Saxifraga tricuspidata Rottb.	Species	Saxifraga tricuspidata Rottb.	Saxifraga paniculata Mill.;Saxifraga aizoides L.;Saxifraga tricuspidata Rottb.;Saxifraga oppositifolia L.	pollen	percentage	0		
individualtimelinenode_c2805b46-f963-491a-b825-766208e247a0	87	87	Saxifraga oppositifolia type	Saxifraga oppositifolia L.	Species	Life > Plantae > Angiosperms > Saxifragales > Saxifragaceae > Saxifraga > Saxifraga oppositifolia L.	Saxifraga paniculata Mill.;Saxifraga aizoides L.;Saxifraga tricuspidata Rottb.;Saxifraga oppositifolia L.	pollen	percentage	0		
individualtimelinenode_c2805b46-f963-491a-b825-766208e247a0	87	87	Thalictrum alpinum	Thalictrum alpinum L.	Species	Life > Plantae > Angiosperms > Ranunculales > Ranunculaceae > Thalictrum > Thalictrum alpinum L.	Thalictrum alpinum L.	pollen	percentage	0		
individualtimelinenode_c2805b46-f963-491a-b825-766208e247a0	87	87	Tofieldia sp.	Tofieldia	Genus	Life > Plantae > Angiosperms > Alismatales > Tofieldiaceae > Tofieldia	Tofieldia	pollen	percentage	0		
individualtimelinenode_c2805b46-f963-491a-b825-766208e247a0	450	450	Alnus sp.	Alnus	Genus	Life > Plantae > Angiosperms > Fagales > Betulaceae > Alnus	Alnus	pollen	percentage	6.38298		
individualtimelinenode_c2805b46-f963-491a-b825-766208e247a0	450	450	Artemisia sp.	Artemisia	Genus	Life > Plantae > Angiosperms > Asterales > Asteraceae > Asteroideae > Anthemideae > Artemisia	Artemisia	pollen	percentage	0		
individualtimelinenode_c2805b46-f963-491a-b825-766208e247a0	450	450	Betula sp.	Betula	Genus	Life > Plantae > Angiosperms > Fagales > Betulaceae > Betula	Betula	pollen	percentage	60		
individualtimelinenode_c2805b46-f963-491a-b825-766208e247a0	450	450	Botrychium sp.	Botrychium	Genus	Life > Plantae > Polypodiophyta > Polypodiopsida > Ophioglossales > Ophioglossaceae > Botrychioideae > Botrychium	Botrychium	pollen	percentage	0		
individualtimelinenode_c2805b46-f963-491a-b825-766208e247a0	450	450	Campanula sp.	Campanula	Genus	Life > Plantae > Angiosperms > Asterales > Campanulaceae > Campanula	Campanula	pollen	percentage	0		
individualtimelinenode_c2805b46-f963-491a-b825-766208e247a0	450	450	Cerastium-Stellaria type	Stellaria longipes Goldie	Species	Stellaria longipes Goldie	Stellaria longipes Goldie;Cerastium fontanum Baumg.;Cerastium alpinum L.	pollen	percentage	0		
individualtimelinenode_c2805b46-f963-491a-b825-766208e247a0	450	450	Cerastium-Stellaria type	Cerastium fontanum Baumg.	Species	Cerastium fontanum Baumg.	Stellaria longipes Goldie;Cerastium fontanum Baumg.;Cerastium alpinum L.	pollen	percentage	0		
individualtimelinenode_c2805b46-f963-491a-b825-766208e247a0	450	450	Cerastium-Stellaria type	Cerastium alpinum L.	Species	Cerastium alpinum L.	Stellaria longipes Goldie;Cerastium fontanum Baumg.;Cerastium alpinum L.	pollen	percentage	0		
individualtimelinenode_c2805b46-f963-491a-b825-766208e247a0	450	450	Dryas type	Dryas	Genus	Life > Plantae > Angiosperms > Rosales > Rosaceae > Dryas	Dryas	pollen	percentage	0		
individualtimelinenode_c2805b46-f963-491a-b825-766208e247a0	450	450	Dryopteris type	Polypodiaceae	Family	Life > Plantae > Polypodiophyta > Polypodiopsida > Polypodiales > Polypodiaceae	Polypodiaceae	pollen	percentage	0		
individualtimelinenode_c2805b46-f963-491a-b825-766208e247a0	450	450	Euphrasia type	Rhinanthus	Genus	Life > Plantae > Angiosperms > Lamiales > Orobanchaceae > Rhinanthus	Rhinanthus;Euphrasia;Bartsia	pollen	percentage	1.11111		
individualtimelinenode_c2805b46-f963-491a-b825-766208e247a0	450	450	Euphrasia type	Euphrasia	Genus	Euphrasia	Rhinanthus;Euphrasia;Bartsia	pollen	percentage	1.11111		
individualtimelinenode_c2805b46-f963-491a-b825-766208e247a0	450	450	Euphrasia type	Bartsia	Genus	Bartsia	Rhinanthus;Euphrasia;Bartsia	pollen	percentage	1.11111		
individualtimelinenode_c2805b46-f963-491a-b825-766208e247a0	450	450	Galium sp.	Galium	Genus	Life > Plantae > Angiosperms > Gentianales > Rubiaceae > Galium	Galium	pollen	percentage	0		
individualtimelinenode_c2805b46-f963-491a-b825-766208e247a0	450	450	Gymnocarpium dryopteris	Gymnocarpium dryopteris (L.) Newman	Species	Gymnocarpium dryopteris (L.) Newman	Gymnocarpium dryopteris (L.) Newman	pollen	percentage	0		
individualtimelinenode_c2805b46-f963-491a-b825-766208e247a0	450	450	Juniperus communis	Juniperus communis L.	Species	Life > Plantae > Pinophyta > Pinopsida > Cupressales > Cupressaceae > Juniperus > Juniperus communis L.	Juniperus communis L.	pollen	percentage	1.21212		
individualtimelinenode_c2805b46-f963-491a-b825-766208e247a0	450	450	Luzula-Juncus	Juncus	Genus	Life > Plantae > Angiosperms > Poales > Juncaceae > Juncus	Juncus;Luzula	pollen	percentage	0		
individualtimelinenode_c2805b46-f963-491a-b825-766208e247a0	450	450	Luzula-Juncus	Luzula	Genus	Life > Plantae > Angiosperms > Poales > Juncaceae > Luzula	Juncus;Luzula	pollen	percentage	0		
individualtimelinenode_c2805b46-f963-491a-b825-766208e247a0	450	450	Lycopodium dubium	Lycopodium clavatum L.	Species	Life > Plantae > Lycopodiophyta > Lycopodiopsida > Lycopodiales > Lycopodiaceae > Lycopodioideae > Lycopodium > Lycopodium clavatum L.	Lycopodium clavatum L.	pollen	percentage	2.5		
individualtimelinenode_c2805b46-f963-491a-b825-766208e247a0	450	450	Potentilla-Comarum type	Sibbaldia procumbens L.	Species	Sibbaldia procumbens L.	Sibbaldia procumbens L.;Comarum palustre L.;Potentilla hyparctica Malte;Potentilla nivea L.;Potentilla hookeriana Lehm.	pollen	percentage	1.25		
individualtimelinenode_c2805b46-f963-491a-b825-766208e247a0	450	450	Potentilla-Comarum type	Comarum palustre L.	Species	Life > Plantae > Angiosperms > Rosales > Rosaceae > Comarum > Comarum palustre L.	Sibbaldia procumbens L.;Comarum palustre L.;Potentilla hyparctica Malte;Potentilla nivea L.;Potentilla hookeriana Lehm.	pollen	percentage	1.25		
individualtimelinenode_c2805b46-f963-491a-b825-766208e247a0	450	450	Potentilla-Comarum type	Potentilla hyparctica Malte	Species	Potentilla hyparctica Malte	Sibbaldia procumbens L.;Comarum palustre L.;Potentilla hyparctica Malte;Potentilla nivea L.;Potentilla hookeriana Lehm.	pollen	percentage	1.25		
individualtimelinenode_c2805b46-f963-491a-b825-766208e247a0	450	450	Potentilla-Comarum type	Potentilla nivea L.	Species	Potentilla nivea L.	Sibbaldia procumbens L.;Comarum palustre L.;Potentilla hyparctica Malte;Potentilla nivea L.;Potentilla hookeriana Lehm.	pollen	percentage	1.25		
individualtimelinenode_c2805b46-f963-491a-b825-766208e247a0	450	450	Potentilla-Comarum type	Potentilla hookeriana Lehm.	Species	Potentilla hookeriana Lehm.	Sibbaldia procumbens L.;Comarum palustre L.;Potentilla hyparctica Malte;Potentilla nivea L.;Potentilla hookeriana Lehm.	pollen	percentage	1.25		
individualtimelinenode_c2805b46-f963-491a-b825-766208e247a0	450	450	Ranunculus sp.	Ranunculus	Genus	Life > Plantae > Angiosperms > Ranunculales > Ranunculaceae > Ranunculus	Ranunculus	pollen	percentage	0		
individualtimelinenode_c2805b46-f963-491a-b825-766208e247a0	450	450	Rumex acetosella	Rumex acetosella L.	Species	Life > Plantae > Angiosperms > Caryophyllales > Polygonaceae > Rumex > Rumex acetosella L.	Rumex acetosella L.	pollen	percentage	0.625		
individualtimelinenode_c2805b46-f963-491a-b825-766208e247a0	450	450	Saxifraga oppositifolia type	Saxifraga paniculata Mill.	Species	Saxifraga paniculata Mill.	Saxifraga paniculata Mill.;Saxifraga aizoides L.;Saxifraga tricuspidata Rottb.;Saxifraga oppositifolia L.	pollen	percentage	0		
individualtimelinenode_c2805b46-f963-491a-b825-766208e247a0	450	450	Saxifraga oppositifolia type	Saxifraga aizoides L.	Species	Saxifraga aizoides L.	Saxifraga paniculata Mill.;Saxifraga aizoides L.;Saxifraga tricuspidata Rottb.;Saxifraga oppositifolia L.	pollen	percentage	0		
individualtimelinenode_c2805b46-f963-491a-b825-766208e247a0	450	450	Saxifraga oppositifolia type	Saxifraga tricuspidata Rottb.	Species	Saxifraga tricuspidata Rottb.	Saxifraga paniculata Mill.;Saxifraga aizoides L.;Saxifraga tricuspidata Rottb.;Saxifraga oppositifolia L.	pollen	percentage	0		
individualtimelinenode_c2805b46-f963-491a-b825-766208e247a0	450	450	Saxifraga oppositifolia type	Saxifraga oppositifolia L.	Species	Life > Plantae > Angiosperms > Saxifragales > Saxifragaceae > Saxifraga > Saxifraga oppositifolia L.	Saxifraga paniculata Mill.;Saxifraga aizoides L.;Saxifraga tricuspidata Rottb.;Saxifraga oppositifolia L.	pollen	percentage	0		
individualtimelinenode_c2805b46-f963-491a-b825-766208e247a0	450	450	Thalictrum alpinum	Thalictrum alpinum L.	Species	Life > Plantae > Angiosperms > Ranunculales > Ranunculaceae > Thalictrum > Thalictrum alpinum L.	Thalictrum alpinum L.	pollen	percentage	0		
individualtimelinenode_c2805b46-f963-491a-b825-766208e247a0	450	450	Tofieldia sp.	Tofieldia	Genus	Life > Plantae > Angiosperms > Alismatales > Tofieldiaceae > Tofieldia	Tofieldia	pollen	percentage	0		
individualtimelinenode_c2805b46-f963-491a-b825-766208e247a0	694	694	Alnus sp.	Alnus	Genus	Life > Plantae > Angiosperms > Fagales > Betulaceae > Alnus	Alnus	pollen	percentage	6.38298		
individualtimelinenode_c2805b46-f963-491a-b825-766208e247a0	694	694	Artemisia sp.	Artemisia	Genus	Life > Plantae > Angiosperms > Asterales > Asteraceae > Asteroideae > Anthemideae > Artemisia	Artemisia	pollen	percentage	0		
individualtimelinenode_c2805b46-f963-491a-b825-766208e247a0	694	694	Betula sp.	Betula	Genus	Life > Plantae > Angiosperms > Fagales > Betulaceae > Betula	Betula	pollen	percentage	55.625		
individualtimelinenode_c2805b46-f963-491a-b825-766208e247a0	694	694	Botrychium sp.	Botrychium	Genus	Life > Plantae > Polypodiophyta > Polypodiopsida > Ophioglossales > Ophioglossaceae > Botrychioideae > Botrychium	Botrychium	pollen	percentage	0		
individualtimelinenode_c2805b46-f963-491a-b825-766208e247a0	694	694	Campanula sp.	Campanula	Genus	Life > Plantae > Angiosperms > Asterales > Campanulaceae > Campanula	Campanula	pollen	percentage	0.90909		
individualtimelinenode_c2805b46-f963-491a-b825-766208e247a0	694	694	Cerastium-Stellaria type	Stellaria longipes Goldie	Species	Stellaria longipes Goldie	Stellaria longipes Goldie;Cerastium fontanum Baumg.;Cerastium alpinum L.	pollen	percentage	0		
individualtimelinenode_c2805b46-f963-491a-b825-766208e247a0	694	694	Cerastium-Stellaria type	Cerastium fontanum Baumg.	Species	Cerastium fontanum Baumg.	Stellaria longipes Goldie;Cerastium fontanum Baumg.;Cerastium alpinum L.	pollen	percentage	0		
individualtimelinenode_c2805b46-f963-491a-b825-766208e247a0	694	694	Cerastium-Stellaria type	Cerastium alpinum L.	Species	Cerastium alpinum L.	Stellaria longipes Goldie;Cerastium fontanum Baumg.;Cerastium alpinum L.	pollen	percentage	0		
individualtimelinenode_c2805b46-f963-491a-b825-766208e247a0	694	694	Dryas type	Dryas	Genus	Life > Plantae > Angiosperms > Rosales > Rosaceae > Dryas	Dryas	pollen	percentage	1.11111		
individualtimelinenode_c2805b46-f963-491a-b825-766208e247a0	694	694	Dryopteris type	Polypodiaceae	Family	Life > Plantae > Polypodiophyta > Polypodiopsida > Polypodiales > Polypodiaceae	Polypodiaceae	pollen	percentage	0		
individualtimelinenode_c2805b46-f963-491a-b825-766208e247a0	694	694	Euphrasia type	Rhinanthus	Genus	Life > Plantae > Angiosperms > Lamiales > Orobanchaceae > Rhinanthus	Rhinanthus;Euphrasia;Bartsia	pollen	percentage	0		
individualtimelinenode_c2805b46-f963-491a-b825-766208e247a0	694	694	Euphrasia type	Euphrasia	Genus	Euphrasia	Rhinanthus;Euphrasia;Bartsia	pollen	percentage	0		
individualtimelinenode_c2805b46-f963-491a-b825-766208e247a0	694	694	Euphrasia type	Bartsia	Genus	Bartsia	Rhinanthus;Euphrasia;Bartsia	pollen	percentage	0		
individualtimelinenode_c2805b46-f963-491a-b825-766208e247a0	694	694	Galium sp.	Galium	Genus	Life > Plantae > Angiosperms > Gentianales > Rubiaceae > Galium	Galium	pollen	percentage	0		
individualtimelinenode_c2805b46-f963-491a-b825-766208e247a0	694	694	Gymnocarpium dryopteris	Gymnocarpium dryopteris (L.) Newman	Species	Gymnocarpium dryopteris (L.) Newman	Gymnocarpium dryopteris (L.) Newman	pollen	percentage	1.66667		
individualtimelinenode_c2805b46-f963-491a-b825-766208e247a0	694	694	Juniperus communis	Juniperus communis L.	Species	Life > Plantae > Pinophyta > Pinopsida > Cupressales > Cupressaceae > Juniperus > Juniperus communis L.	Juniperus communis L.	pollen	percentage	1.21212		
individualtimelinenode_c2805b46-f963-491a-b825-766208e247a0	694	694	Luzula-Juncus	Juncus	Genus	Life > Plantae > Angiosperms > Poales > Juncaceae > Juncus	Juncus;Luzula	pollen	percentage	0		
individualtimelinenode_c2805b46-f963-491a-b825-766208e247a0	694	694	Luzula-Juncus	Luzula	Genus	Life > Plantae > Angiosperms > Poales > Juncaceae > Luzula	Juncus;Luzula	pollen	percentage	0		
individualtimelinenode_c2805b46-f963-491a-b825-766208e247a0	694	694	Lycopodium dubium	Lycopodium clavatum L.	Species	Life > Plantae > Lycopodiophyta > Lycopodiopsida > Lycopodiales > Lycopodiaceae > Lycopodioideae > Lycopodium > Lycopodium clavatum L.	Lycopodium clavatum L.	pollen	percentage	5		
individualtimelinenode_c2805b46-f963-491a-b825-766208e247a0	694	694	Potentilla-Comarum type	Sibbaldia procumbens L.	Species	Sibbaldia procumbens L.	Sibbaldia procumbens L.;Comarum palustre L.;Potentilla hyparctica Malte;Potentilla nivea L.;Potentilla hookeriana Lehm.	pollen	percentage	0		
individualtimelinenode_c2805b46-f963-491a-b825-766208e247a0	694	694	Potentilla-Comarum type	Comarum palustre L.	Species	Life > Plantae > Angiosperms > Rosales > Rosaceae > Comarum > Comarum palustre L.	Sibbaldia procumbens L.;Comarum palustre L.;Potentilla hyparctica Malte;Potentilla nivea L.;Potentilla hookeriana Lehm.	pollen	percentage	0		
individualtimelinenode_c2805b46-f963-491a-b825-766208e247a0	694	694	Potentilla-Comarum type	Potentilla hyparctica Malte	Species	Potentilla hyparctica Malte	Sibbaldia procumbens L.;Comarum palustre L.;Potentilla hyparctica Malte;Potentilla nivea L.;Potentilla hookeriana Lehm.	pollen	percentage	0		
individualtimelinenode_c2805b46-f963-491a-b825-766208e247a0	694	694	Potentilla-Comarum type	Potentilla nivea L.	Species	Potentilla nivea L.	Sibbaldia procumbens L.;Comarum palustre L.;Potentilla hyparctica Malte;Potentilla nivea L.;Potentilla hookeriana Lehm.	pollen	percentage	0		
individualtimelinenode_c2805b46-f963-491a-b825-766208e247a0	694	694	Potentilla-Comarum type	Potentilla hookeriana Lehm.	Species	Potentilla hookeriana Lehm.	Sibbaldia procumbens L.;Comarum palustre L.;Potentilla hyparctica Malte;Potentilla nivea L.;Potentilla hookeriana Lehm.	pollen	percentage	0		
individualtimelinenode_c2805b46-f963-491a-b825-766208e247a0	694	694	Ranunculus sp.	Ranunculus	Genus	Life > Plantae > Angiosperms > Ranunculales > Ranunculaceae > Ranunculus	Ranunculus	pollen	percentage	0		
individualtimelinenode_c2805b46-f963-491a-b825-766208e247a0	694	694	Rumex acetosella	Rumex acetosella L.	Species	Life > Plantae > Angiosperms > Caryophyllales > Polygonaceae > Rumex > Rumex acetosella L.	Rumex acetosella L.	pollen	percentage	0		
individualtimelinenode_c2805b46-f963-491a-b825-766208e247a0	694	694	Saxifraga oppositifolia type	Saxifraga paniculata Mill.	Species	Saxifraga paniculata Mill.	Saxifraga paniculata Mill.;Saxifraga aizoides L.;Saxifraga tricuspidata Rottb.;Saxifraga oppositifolia L.	pollen	percentage	1.66667		
individualtimelinenode_c2805b46-f963-491a-b825-766208e247a0	694	694	Saxifraga oppositifolia type	Saxifraga aizoides L.	Species	Saxifraga aizoides L.	Saxifraga paniculata Mill.;Saxifraga aizoides L.;Saxifraga tricuspidata Rottb.;Saxifraga oppositifolia L.	pollen	percentage	1.66667		
individualtimelinenode_c2805b46-f963-491a-b825-766208e247a0	694	694	Saxifraga oppositifolia type	Saxifraga tricuspidata Rottb.	Species	Saxifraga tricuspidata Rottb.	Saxifraga paniculata Mill.;Saxifraga aizoides L.;Saxifraga tricuspidata Rottb.;Saxifraga oppositifolia L.	pollen	percentage	1.66667		
individualtimelinenode_c2805b46-f963-491a-b825-766208e247a0	694	694	Saxifraga oppositifolia type	Saxifraga oppositifolia L.	Species	Life > Plantae > Angiosperms > Saxifragales > Saxifragaceae > Saxifraga > Saxifraga oppositifolia L.	Saxifraga paniculata Mill.;Saxifraga aizoides L.;Saxifraga tricuspidata Rottb.;Saxifraga oppositifolia L.	pollen	percentage	1.66667		
individualtimelinenode_c2805b46-f963-491a-b825-766208e247a0	694	694	Thalictrum alpinum	Thalictrum alpinum L.	Species	Life > Plantae > Angiosperms > Ranunculales > Ranunculaceae > Thalictrum > Thalictrum alpinum L.	Thalictrum alpinum L.	pollen	percentage	0		
individualtimelinenode_c2805b46-f963-491a-b825-766208e247a0	694	694	Tofieldia sp.	Tofieldia	Genus	Life > Plantae > Angiosperms > Alismatales > Tofieldiaceae > Tofieldia	Tofieldia	pollen	percentage	0		
individualtimelinenode_c2805b46-f963-491a-b825-766208e247a0	1028	1028	Alnus sp.	Alnus	Genus	Life > Plantae > Angiosperms > Fagales > Betulaceae > Alnus	Alnus	pollen	percentage	10.21277		
individualtimelinenode_c2805b46-f963-491a-b825-766208e247a0	1028	1028	Artemisia sp.	Artemisia	Genus	Life > Plantae > Angiosperms > Asterales > Asteraceae > Asteroideae > Anthemideae > Artemisia	Artemisia	pollen	percentage	0		
individualtimelinenode_c2805b46-f963-491a-b825-766208e247a0	1028	1028	Betula sp.	Betula	Genus	Life > Plantae > Angiosperms > Fagales > Betulaceae > Betula	Betula	pollen	percentage	53.125		
individualtimelinenode_c2805b46-f963-491a-b825-766208e247a0	1028	1028	Botrychium sp.	Botrychium	Genus	Life > Plantae > Polypodiophyta > Polypodiopsida > Ophioglossales > Ophioglossaceae > Botrychioideae > Botrychium	Botrychium	pollen	percentage	0		
individualtimelinenode_c2805b46-f963-491a-b825-766208e247a0	1028	1028	Campanula sp.	Campanula	Genus	Life > Plantae > Angiosperms > Asterales > Campanulaceae > Campanula	Campanula	pollen	percentage	0.90909		
individualtimelinenode_c2805b46-f963-491a-b825-766208e247a0	1028	1028	Cerastium-Stellaria type	Stellaria longipes Goldie	Species	Stellaria longipes Goldie	Stellaria longipes Goldie;Cerastium fontanum Baumg.;Cerastium alpinum L.	pollen	percentage	0		
individualtimelinenode_c2805b46-f963-491a-b825-766208e247a0	1028	1028	Cerastium-Stellaria type	Cerastium fontanum Baumg.	Species	Cerastium fontanum Baumg.	Stellaria longipes Goldie;Cerastium fontanum Baumg.;Cerastium alpinum L.	pollen	percentage	0		
individualtimelinenode_c2805b46-f963-491a-b825-766208e247a0	1028	1028	Cerastium-Stellaria type	Cerastium alpinum L.	Species	Cerastium alpinum L.	Stellaria longipes Goldie;Cerastium fontanum Baumg.;Cerastium alpinum L.	pollen	percentage	0		
individualtimelinenode_c2805b46-f963-491a-b825-766208e247a0	1028	1028	Dryas type	Dryas	Genus	Life > Plantae > Angiosperms > Rosales > Rosaceae > Dryas	Dryas	pollen	percentage	0		
individualtimelinenode_c2805b46-f963-491a-b825-766208e247a0	1028	1028	Dryopteris type	Polypodiaceae	Family	Life > Plantae > Polypodiophyta > Polypodiopsida > Polypodiales > Polypodiaceae	Polypodiaceae	pollen	percentage	0.625		
individualtimelinenode_c2805b46-f963-491a-b825-766208e247a0	1028	1028	Euphrasia type	Rhinanthus	Genus	Life > Plantae > Angiosperms > Lamiales > Orobanchaceae > Rhinanthus	Rhinanthus;Euphrasia;Bartsia	pollen	percentage	0		
individualtimelinenode_c2805b46-f963-491a-b825-766208e247a0	1028	1028	Euphrasia type	Euphrasia	Genus	Euphrasia	Rhinanthus;Euphrasia;Bartsia	pollen	percentage	0		
individualtimelinenode_c2805b46-f963-491a-b825-766208e247a0	1028	1028	Euphrasia type	Bartsia	Genus	Bartsia	Rhinanthus;Euphrasia;Bartsia	pollen	percentage	0		
individualtimelinenode_c2805b46-f963-491a-b825-766208e247a0	1028	1028	Galium sp.	Galium	Genus	Life > Plantae > Angiosperms > Gentianales > Rubiaceae > Galium	Galium	pollen	percentage	0		
individualtimelinenode_c2805b46-f963-491a-b825-766208e247a0	1028	1028	Gymnocarpium dryopteris	Gymnocarpium dryopteris (L.) Newman	Species	Gymnocarpium dryopteris (L.) Newman	Gymnocarpium dryopteris (L.) Newman	pollen	percentage	0		
individualtimelinenode_c2805b46-f963-491a-b825-766208e247a0	1028	1028	Juniperus communis	Juniperus communis L.	Species	Life > Plantae > Pinophyta > Pinopsida > Cupressales > Cupressaceae > Juniperus > Juniperus communis L.	Juniperus communis L.	pollen	percentage	1.21212		
individualtimelinenode_c2805b46-f963-491a-b825-766208e247a0	1028	1028	Luzula-Juncus	Juncus	Genus	Life > Plantae > Angiosperms > Poales > Juncaceae > Juncus	Juncus;Luzula	pollen	percentage	0		
individualtimelinenode_c2805b46-f963-491a-b825-766208e247a0	1028	1028	Luzula-Juncus	Luzula	Genus	Life > Plantae > Angiosperms > Poales > Juncaceae > Luzula	Juncus;Luzula	pollen	percentage	0		
individualtimelinenode_c2805b46-f963-491a-b825-766208e247a0	1028	1028	Lycopodium dubium	Lycopodium clavatum L.	Species	Life > Plantae > Lycopodiophyta > Lycopodiopsida > Lycopodiales > Lycopodiaceae > Lycopodioideae > Lycopodium > Lycopodium clavatum L.	Lycopodium clavatum L.	pollen	percentage	5		
individualtimelinenode_c2805b46-f963-491a-b825-766208e247a0	1028	1028	Potentilla-Comarum type	Sibbaldia procumbens L.	Species	Sibbaldia procumbens L.	Sibbaldia procumbens L.;Comarum palustre L.;Potentilla hyparctica Malte;Potentilla nivea L.;Potentilla hookeriana Lehm.	pollen	percentage	0		
individualtimelinenode_c2805b46-f963-491a-b825-766208e247a0	1028	1028	Potentilla-Comarum type	Comarum palustre L.	Species	Life > Plantae > Angiosperms > Rosales > Rosaceae > Comarum > Comarum palustre L.	Sibbaldia procumbens L.;Comarum palustre L.;Potentilla hyparctica Malte;Potentilla nivea L.;Potentilla hookeriana Lehm.	pollen	percentage	0		
individualtimelinenode_c2805b46-f963-491a-b825-766208e247a0	1028	1028	Potentilla-Comarum type	Potentilla hyparctica Malte	Species	Potentilla hyparctica Malte	Sibbaldia procumbens L.;Comarum palustre L.;Potentilla hyparctica Malte;Potentilla nivea L.;Potentilla hookeriana Lehm.	pollen	percentage	0		
individualtimelinenode_c2805b46-f963-491a-b825-766208e247a0	1028	1028	Potentilla-Comarum type	Potentilla nivea L.	Species	Potentilla nivea L.	Sibbaldia procumbens L.;Comarum palustre L.;Potentilla hyparctica Malte;Potentilla nivea L.;Potentilla hookeriana Lehm.	pollen	percentage	0		
individualtimelinenode_c2805b46-f963-491a-b825-766208e247a0	1028	1028	Potentilla-Comarum type	Potentilla hookeriana Lehm.	Species	Potentilla hookeriana Lehm.	Sibbaldia procumbens L.;Comarum palustre L.;Potentilla hyparctica Malte;Potentilla nivea L.;Potentilla hookeriana Lehm.	pollen	percentage	0		
individualtimelinenode_c2805b46-f963-491a-b825-766208e247a0	1028	1028	Ranunculus sp.	Ranunculus	Genus	Life > Plantae > Angiosperms > Ranunculales > Ranunculaceae > Ranunculus	Ranunculus	pollen	percentage	0		
individualtimelinenode_c2805b46-f963-491a-b825-766208e247a0	1028	1028	Rumex acetosella	Rumex acetosella L.	Species	Life > Plantae > Angiosperms > Caryophyllales > Polygonaceae > Rumex > Rumex acetosella L.	Rumex acetosella L.	pollen	percentage	0		
individualtimelinenode_c2805b46-f963-491a-b825-766208e247a0	1028	1028	Saxifraga oppositifolia type	Saxifraga paniculata Mill.	Species	Saxifraga paniculata Mill.	Saxifraga paniculata Mill.;Saxifraga aizoides L.;Saxifraga tricuspidata Rottb.;Saxifraga oppositifolia L.	pollen	percentage	0		
individualtimelinenode_c2805b46-f963-491a-b825-766208e247a0	1028	1028	Saxifraga oppositifolia type	Saxifraga aizoides L.	Species	Saxifraga aizoides L.	Saxifraga paniculata Mill.;Saxifraga aizoides L.;Saxifraga tricuspidata Rottb.;Saxifraga oppositifolia L.	pollen	percentage	0		
individualtimelinenode_c2805b46-f963-491a-b825-766208e247a0	1028	1028	Saxifraga oppositifolia type	Saxifraga tricuspidata Rottb.	Species	Saxifraga tricuspidata Rottb.	Saxifraga paniculata Mill.;Saxifraga aizoides L.;Saxifraga tricuspidata Rottb.;Saxifraga oppositifolia L.	pollen	percentage	0		
individualtimelinenode_c2805b46-f963-491a-b825-766208e247a0	1028	1028	Saxifraga oppositifolia type	Saxifraga oppositifolia L.	Species	Life > Plantae > Angiosperms > Saxifragales > Saxifragaceae > Saxifraga > Saxifraga oppositifolia L.	Saxifraga paniculata Mill.;Saxifraga aizoides L.;Saxifraga tricuspidata Rottb.;Saxifraga oppositifolia L.	pollen	percentage	0		
individualtimelinenode_c2805b46-f963-491a-b825-766208e247a0	1028	1028	Thalictrum alpinum	Thalictrum alpinum L.	Species	Life > Plantae > Angiosperms > Ranunculales > Ranunculaceae > Thalictrum > Thalictrum alpinum L.	Thalictrum alpinum L.	pollen	percentage	0		
individualtimelinenode_c2805b46-f963-491a-b825-766208e247a0	1028	1028	Tofieldia sp.	Tofieldia	Genus	Life > Plantae > Angiosperms > Alismatales > Tofieldiaceae > Tofieldia	Tofieldia	pollen	percentage	0		
individualtimelinenode_c2805b46-f963-491a-b825-766208e247a0	1297	1297	Alnus sp.	Alnus	Genus	Life > Plantae > Angiosperms > Fagales > Betulaceae > Alnus	Alnus	pollen	percentage	14.04255		
individualtimelinenode_c2805b46-f963-491a-b825-766208e247a0	1297	1297	Artemisia sp.	Artemisia	Genus	Life > Plantae > Angiosperms > Asterales > Asteraceae > Asteroideae > Anthemideae > Artemisia	Artemisia	pollen	percentage	0		
individualtimelinenode_c2805b46-f963-491a-b825-766208e247a0	1297	1297	Betula sp.	Betula	Genus	Life > Plantae > Angiosperms > Fagales > Betulaceae > Betula	Betula	pollen	percentage	50		
individualtimelinenode_c2805b46-f963-491a-b825-766208e247a0	1297	1297	Botrychium sp.	Botrychium	Genus	Life > Plantae > Polypodiophyta > Polypodiopsida > Ophioglossales > Ophioglossaceae > Botrychioideae > Botrychium	Botrychium	pollen	percentage	0		
individualtimelinenode_c2805b46-f963-491a-b825-766208e247a0	1297	1297	Campanula sp.	Campanula	Genus	Life > Plantae > Angiosperms > Asterales > Campanulaceae > Campanula	Campanula	pollen	percentage	0		
individualtimelinenode_c2805b46-f963-491a-b825-766208e247a0	1297	1297	Cerastium-Stellaria type	Stellaria longipes Goldie	Species	Stellaria longipes Goldie	Stellaria longipes Goldie;Cerastium fontanum Baumg.;Cerastium alpinum L.	pollen	percentage	0		
individualtimelinenode_c2805b46-f963-491a-b825-766208e247a0	1297	1297	Cerastium-Stellaria type	Cerastium fontanum Baumg.	Species	Cerastium fontanum Baumg.	Stellaria longipes Goldie;Cerastium fontanum Baumg.;Cerastium alpinum L.	pollen	percentage	0		
individualtimelinenode_c2805b46-f963-491a-b825-766208e247a0	1297	1297	Cerastium-Stellaria type	Cerastium alpinum L.	Species	Cerastium alpinum L.	Stellaria longipes Goldie;Cerastium fontanum Baumg.;Cerastium alpinum L.	pollen	percentage	0		
individualtimelinenode_c2805b46-f963-491a-b825-766208e247a0	1297	1297	Dryas type	Dryas	Genus	Life > Plantae > Angiosperms > Rosales > Rosaceae > Dryas	Dryas	pollen	percentage	0		
individualtimelinenode_c2805b46-f963-491a-b825-766208e247a0	1297	1297	Dryopteris type	Polypodiaceae	Family	Life > Plantae > Polypodiophyta > Polypodiopsida > Polypodiales > Polypodiaceae	Polypodiaceae	pollen	percentage	0.625		
individualtimelinenode_c2805b46-f963-491a-b825-766208e247a0	1297	1297	Euphrasia type	Rhinanthus	Genus	Life > Plantae > Angiosperms > Lamiales > Orobanchaceae > Rhinanthus	Rhinanthus;Euphrasia;Bartsia	pollen	percentage	0		
individualtimelinenode_c2805b46-f963-491a-b825-766208e247a0	1297	1297	Euphrasia type	Euphrasia	Genus	Euphrasia	Rhinanthus;Euphrasia;Bartsia	pollen	percentage	0		
individualtimelinenode_c2805b46-f963-491a-b825-766208e247a0	1297	1297	Euphrasia type	Bartsia	Genus	Bartsia	Rhinanthus;Euphrasia;Bartsia	pollen	percentage	0		
individualtimelinenode_c2805b46-f963-491a-b825-766208e247a0	1297	1297	Galium sp.	Galium	Genus	Life > Plantae > Angiosperms > Gentianales > Rubiaceae > Galium	Galium	pollen	percentage	0		
individualtimelinenode_c2805b46-f963-491a-b825-766208e247a0	1297	1297	Gymnocarpium dryopteris	Gymnocarpium dryopteris (L.) Newman	Species	Gymnocarpium dryopteris (L.) Newman	Gymnocarpium dryopteris (L.) Newman	pollen	percentage	0		
individualtimelinenode_c2805b46-f963-491a-b825-766208e247a0	1297	1297	Juniperus communis	Juniperus communis L.	Species	Life > Plantae > Pinophyta > Pinopsida > Cupressales > Cupressaceae > Juniperus > Juniperus communis L.	Juniperus communis L.	pollen	percentage	3.63636		
individualtimelinenode_c2805b46-f963-491a-b825-766208e247a0	1297	1297	Luzula-Juncus	Juncus	Genus	Life > Plantae > Angiosperms > Poales > Juncaceae > Juncus	Juncus;Luzula	pollen	percentage	0		
individualtimelinenode_c2805b46-f963-491a-b825-766208e247a0	1297	1297	Luzula-Juncus	Luzula	Genus	Life > Plantae > Angiosperms > Poales > Juncaceae > Luzula	Juncus;Luzula	pollen	percentage	0		
individualtimelinenode_c2805b46-f963-491a-b825-766208e247a0	1297	1297	Lycopodium dubium	Lycopodium clavatum L.	Species	Life > Plantae > Lycopodiophyta > Lycopodiopsida > Lycopodiales > Lycopodiaceae > Lycopodioideae > Lycopodium > Lycopodium clavatum L.	Lycopodium clavatum L.	pollen	percentage	4.375		
individualtimelinenode_c2805b46-f963-491a-b825-766208e247a0	1297	1297	Potentilla-Comarum type	Sibbaldia procumbens L.	Species	Sibbaldia procumbens L.	Sibbaldia procumbens L.;Comarum palustre L.;Potentilla hyparctica Malte;Potentilla nivea L.;Potentilla hookeriana Lehm.	pollen	percentage	0		
individualtimelinenode_c2805b46-f963-491a-b825-766208e247a0	1297	1297	Potentilla-Comarum type	Comarum palustre L.	Species	Life > Plantae > Angiosperms > Rosales > Rosaceae > Comarum > Comarum palustre L.	Sibbaldia procumbens L.;Comarum palustre L.;Potentilla hyparctica Malte;Potentilla nivea L.;Potentilla hookeriana Lehm.	pollen	percentage	0		
individualtimelinenode_c2805b46-f963-491a-b825-766208e247a0	1297	1297	Potentilla-Comarum type	Potentilla hyparctica Malte	Species	Potentilla hyparctica Malte	Sibbaldia procumbens L.;Comarum palustre L.;Potentilla hyparctica Malte;Potentilla nivea L.;Potentilla hookeriana Lehm.	pollen	percentage	0		
individualtimelinenode_c2805b46-f963-491a-b825-766208e247a0	1297	1297	Potentilla-Comarum type	Potentilla nivea L.	Species	Potentilla nivea L.	Sibbaldia procumbens L.;Comarum palustre L.;Potentilla hyparctica Malte;Potentilla nivea L.;Potentilla hookeriana Lehm.	pollen	percentage	0		
individualtimelinenode_c2805b46-f963-491a-b825-766208e247a0	1297	1297	Potentilla-Comarum type	Potentilla hookeriana Lehm.	Species	Potentilla hookeriana Lehm.	Sibbaldia procumbens L.;Comarum palustre L.;Potentilla hyparctica Malte;Potentilla nivea L.;Potentilla hookeriana Lehm.	pollen	percentage	0		
individualtimelinenode_c2805b46-f963-491a-b825-766208e247a0	1297	1297	Ranunculus sp.	Ranunculus	Genus	Life > Plantae > Angiosperms > Ranunculales > Ranunculaceae > Ranunculus	Ranunculus	pollen	percentage	0		
individualtimelinenode_c2805b46-f963-491a-b825-766208e247a0	1297	1297	Rumex acetosella	Rumex acetosella L.	Species	Life > Plantae > Angiosperms > Caryophyllales > Polygonaceae > Rumex > Rumex acetosella L.	Rumex acetosella L.	pollen	percentage	0		
individualtimelinenode_c2805b46-f963-491a-b825-766208e247a0	1297	1297	Saxifraga oppositifolia type	Saxifraga paniculata Mill.	Species	Saxifraga paniculata Mill.	Saxifraga paniculata Mill.;Saxifraga aizoides L.;Saxifraga tricuspidata Rottb.;Saxifraga oppositifolia L.	pollen	percentage	0		
individualtimelinenode_c2805b46-f963-491a-b825-766208e247a0	1297	1297	Saxifraga oppositifolia type	Saxifraga aizoides L.	Species	Saxifraga aizoides L.	Saxifraga paniculata Mill.;Saxifraga aizoides L.;Saxifraga tricuspidata Rottb.;Saxifraga oppositifolia L.	pollen	percentage	0		
individualtimelinenode_c2805b46-f963-491a-b825-766208e247a0	1297	1297	Saxifraga oppositifolia type	Saxifraga tricuspidata Rottb.	Species	Saxifraga tricuspidata Rottb.	Saxifraga paniculata Mill.;Saxifraga aizoides L.;Saxifraga tricuspidata Rottb.;Saxifraga oppositifolia L.	pollen	percentage	0		
individualtimelinenode_c2805b46-f963-491a-b825-766208e247a0	1297	1297	Saxifraga oppositifolia type	Saxifraga oppositifolia L.	Species	Life > Plantae > Angiosperms > Saxifragales > Saxifragaceae > Saxifraga > Saxifraga oppositifolia L.	Saxifraga paniculata Mill.;Saxifraga aizoides L.;Saxifraga tricuspidata Rottb.;Saxifraga oppositifolia L.	pollen	percentage	0		
individualtimelinenode_c2805b46-f963-491a-b825-766208e247a0	1297	1297	Thalictrum alpinum	Thalictrum alpinum L.	Species	Life > Plantae > Angiosperms > Ranunculales > Ranunculaceae > Thalictrum > Thalictrum alpinum L.	Thalictrum alpinum L.	pollen	percentage	0		
individualtimelinenode_c2805b46-f963-491a-b825-766208e247a0	1297	1297	Tofieldia sp.	Tofieldia	Genus	Life > Plantae > Angiosperms > Alismatales > Tofieldiaceae > Tofieldia	Tofieldia	pollen	percentage	0		
individualtimelinenode_c2805b46-f963-491a-b825-766208e247a0	1467	1467	Alnus sp.	Alnus	Genus	Life > Plantae > Angiosperms > Fagales > Betulaceae > Alnus	Alnus	pollen	percentage	0		
individualtimelinenode_c2805b46-f963-491a-b825-766208e247a0	1467	1467	Artemisia sp.	Artemisia	Genus	Life > Plantae > Angiosperms > Asterales > Asteraceae > Asteroideae > Anthemideae > Artemisia	Artemisia	pollen	percentage	0		
individualtimelinenode_c2805b46-f963-491a-b825-766208e247a0	1467	1467	Betula sp.	Betula	Genus	Life > Plantae > Angiosperms > Fagales > Betulaceae > Betula	Betula	pollen	percentage	54.375		
individualtimelinenode_c2805b46-f963-491a-b825-766208e247a0	1467	1467	Botrychium sp.	Botrychium	Genus	Life > Plantae > Polypodiophyta > Polypodiopsida > Ophioglossales > Ophioglossaceae > Botrychioideae > Botrychium	Botrychium	pollen	percentage	0		
individualtimelinenode_c2805b46-f963-491a-b825-766208e247a0	1467	1467	Campanula sp.	Campanula	Genus	Life > Plantae > Angiosperms > Asterales > Campanulaceae > Campanula	Campanula	pollen	percentage	0		
individualtimelinenode_c2805b46-f963-491a-b825-766208e247a0	1467	1467	Cerastium-Stellaria type	Stellaria longipes Goldie	Species	Stellaria longipes Goldie	Stellaria longipes Goldie;Cerastium fontanum Baumg.;Cerastium alpinum L.	pollen	percentage	0		
individualtimelinenode_c2805b46-f963-491a-b825-766208e247a0	1467	1467	Cerastium-Stellaria type	Cerastium fontanum Baumg.	Species	Cerastium fontanum Baumg.	Stellaria longipes Goldie;Cerastium fontanum Baumg.;Cerastium alpinum L.	pollen	percentage	0		
individualtimelinenode_c2805b46-f963-491a-b825-766208e247a0	1467	1467	Cerastium-Stellaria type	Cerastium alpinum L.	Species	Cerastium alpinum L.	Stellaria longipes Goldie;Cerastium fontanum Baumg.;Cerastium alpinum L.	pollen	percentage	0		
individualtimelinenode_c2805b46-f963-491a-b825-766208e247a0	1467	1467	Dryas type	Dryas	Genus	Life > Plantae > Angiosperms > Rosales > Rosaceae > Dryas	Dryas	pollen	percentage	0		
individualtimelinenode_c2805b46-f963-491a-b825-766208e247a0	1467	1467	Dryopteris type	Polypodiaceae	Family	Life > Plantae > Polypodiophyta > Polypodiopsida > Polypodiales > Polypodiaceae	Polypodiaceae	pollen	percentage	0		
individualtimelinenode_c2805b46-f963-491a-b825-766208e247a0	1467	1467	Euphrasia type	Rhinanthus	Genus	Life > Plantae > Angiosperms > Lamiales > Orobanchaceae > Rhinanthus	Rhinanthus;Euphrasia;Bartsia	pollen	percentage	0		
individualtimelinenode_c2805b46-f963-491a-b825-766208e247a0	1467	1467	Euphrasia type	Euphrasia	Genus	Euphrasia	Rhinanthus;Euphrasia;Bartsia	pollen	percentage	0		
individualtimelinenode_c2805b46-f963-491a-b825-766208e247a0	1467	1467	Euphrasia type	Bartsia	Genus	Bartsia	Rhinanthus;Euphrasia;Bartsia	pollen	percentage	0		
individualtimelinenode_c2805b46-f963-491a-b825-766208e247a0	1467	1467	Galium sp.	Galium	Genus	Life > Plantae > Angiosperms > Gentianales > Rubiaceae > Galium	Galium	pollen	percentage	0		
individualtimelinenode_c2805b46-f963-491a-b825-766208e247a0	1467	1467	Gymnocarpium dryopteris	Gymnocarpium dryopteris (L.) Newman	Species	Gymnocarpium dryopteris (L.) Newman	Gymnocarpium dryopteris (L.) Newman	pollen	percentage	0		
individualtimelinenode_c2805b46-f963-491a-b825-766208e247a0	1467	1467	Juniperus communis	Juniperus communis L.	Species	Life > Plantae > Pinophyta > Pinopsida > Cupressales > Cupressaceae > Juniperus > Juniperus communis L.	Juniperus communis L.	pollen	percentage	2.42424		
individualtimelinenode_c2805b46-f963-491a-b825-766208e247a0	1467	1467	Luzula-Juncus	Juncus	Genus	Life > Plantae > Angiosperms > Poales > Juncaceae > Juncus	Juncus;Luzula	pollen	percentage	0		
individualtimelinenode_c2805b46-f963-491a-b825-766208e247a0	1467	1467	Luzula-Juncus	Luzula	Genus	Life > Plantae > Angiosperms > Poales > Juncaceae > Luzula	Juncus;Luzula	pollen	percentage	0		
individualtimelinenode_c2805b46-f963-491a-b825-766208e247a0	1467	1467	Lycopodium dubium	Lycopodium clavatum L.	Species	Life > Plantae > Lycopodiophyta > Lycopodiopsida > Lycopodiales > Lycopodiaceae > Lycopodioideae > Lycopodium > Lycopodium clavatum L.	Lycopodium clavatum L.	pollen	percentage	1.875		
individualtimelinenode_c2805b46-f963-491a-b825-766208e247a0	1467	1467	Potentilla-Comarum type	Sibbaldia procumbens L.	Species	Sibbaldia procumbens L.	Sibbaldia procumbens L.;Comarum palustre L.;Potentilla hyparctica Malte;Potentilla nivea L.;Potentilla hookeriana Lehm.	pollen	percentage	0		
individualtimelinenode_c2805b46-f963-491a-b825-766208e247a0	1467	1467	Potentilla-Comarum type	Comarum palustre L.	Species	Life > Plantae > Angiosperms > Rosales > Rosaceae > Comarum > Comarum palustre L.	Sibbaldia procumbens L.;Comarum palustre L.;Potentilla hyparctica Malte;Potentilla nivea L.;Potentilla hookeriana Lehm.	pollen	percentage	0		
individualtimelinenode_c2805b46-f963-491a-b825-766208e247a0	1467	1467	Potentilla-Comarum type	Potentilla hyparctica Malte	Species	Potentilla hyparctica Malte	Sibbaldia procumbens L.;Comarum palustre L.;Potentilla hyparctica Malte;Potentilla nivea L.;Potentilla hookeriana Lehm.	pollen	percentage	0		
individualtimelinenode_c2805b46-f963-491a-b825-766208e247a0	1467	1467	Potentilla-Comarum type	Potentilla nivea L.	Species	Potentilla nivea L.	Sibbaldia procumbens L.;Comarum palustre L.;Potentilla hyparctica Malte;Potentilla nivea L.;Potentilla hookeriana Lehm.	pollen	percentage	0		
individualtimelinenode_c2805b46-f963-491a-b825-766208e247a0	1467	1467	Potentilla-Comarum type	Potentilla hookeriana Lehm.	Species	Potentilla hookeriana Lehm.	Sibbaldia procumbens L.;Comarum palustre L.;Potentilla hyparctica Malte;Potentilla nivea L.;Potentilla hookeriana Lehm.	pollen	percentage	0		
individualtimelinenode_c2805b46-f963-491a-b825-766208e247a0	1467	1467	Ranunculus sp.	Ranunculus	Genus	Life > Plantae > Angiosperms > Ranunculales > Ranunculaceae > Ranunculus	Ranunculus	pollen	percentage	0.58824		
individualtimelinenode_c2805b46-f963-491a-b825-766208e247a0	1467	1467	Rumex acetosella	Rumex acetosella L.	Species	Life > Plantae > Angiosperms > Caryophyllales > Polygonaceae > Rumex > Rumex acetosella L.	Rumex acetosella L.	pollen	percentage	0		
individualtimelinenode_c2805b46-f963-491a-b825-766208e247a0	1467	1467	Saxifraga oppositifolia type	Saxifraga paniculata Mill.	Species	Saxifraga paniculata Mill.	Saxifraga paniculata Mill.;Saxifraga aizoides L.;Saxifraga tricuspidata Rottb.;Saxifraga oppositifolia L.	pollen	percentage	0		
individualtimelinenode_c2805b46-f963-491a-b825-766208e247a0	1467	1467	Saxifraga oppositifolia type	Saxifraga aizoides L.	Species	Saxifraga aizoides L.	Saxifraga paniculata Mill.;Saxifraga aizoides L.;Saxifraga tricuspidata Rottb.;Saxifraga oppositifolia L.	pollen	percentage	0		
individualtimelinenode_c2805b46-f963-491a-b825-766208e247a0	1467	1467	Saxifraga oppositifolia type	Saxifraga tricuspidata Rottb.	Species	Saxifraga tricuspidata Rottb.	Saxifraga paniculata Mill.;Saxifraga aizoides L.;Saxifraga tricuspidata Rottb.;Saxifraga oppositifolia L.	pollen	percentage	0		
individualtimelinenode_c2805b46-f963-491a-b825-766208e247a0	1467	1467	Saxifraga oppositifolia type	Saxifraga oppositifolia L.	Species	Life > Plantae > Angiosperms > Saxifragales > Saxifragaceae > Saxifraga > Saxifraga oppositifolia L.	Saxifraga paniculata Mill.;Saxifraga aizoides L.;Saxifraga tricuspidata Rottb.;Saxifraga oppositifolia L.	pollen	percentage	0		
individualtimelinenode_c2805b46-f963-491a-b825-766208e247a0	1467	1467	Thalictrum alpinum	Thalictrum alpinum L.	Species	Life > Plantae > Angiosperms > Ranunculales > Ranunculaceae > Thalictrum > Thalictrum alpinum L.	Thalictrum alpinum L.	pollen	percentage	0		
individualtimelinenode_c2805b46-f963-491a-b825-766208e247a0	1467	1467	Tofieldia sp.	Tofieldia	Genus	Life > Plantae > Angiosperms > Alismatales > Tofieldiaceae > Tofieldia	Tofieldia	pollen	percentage	0		
individualtimelinenode_c2805b46-f963-491a-b825-766208e247a0	1600	1600	Alnus sp.	Alnus	Genus	Life > Plantae > Angiosperms > Fagales > Betulaceae > Alnus	Alnus	pollen	percentage	14.04255		
individualtimelinenode_c2805b46-f963-491a-b825-766208e247a0	1600	1600	Artemisia sp.	Artemisia	Genus	Life > Plantae > Angiosperms > Asterales > Asteraceae > Asteroideae > Anthemideae > Artemisia	Artemisia	pollen	percentage	0		
individualtimelinenode_c2805b46-f963-491a-b825-766208e247a0	1600	1600	Betula sp.	Betula	Genus	Life > Plantae > Angiosperms > Fagales > Betulaceae > Betula	Betula	pollen	percentage	50.625		
individualtimelinenode_c2805b46-f963-491a-b825-766208e247a0	1600	1600	Botrychium sp.	Botrychium	Genus	Life > Plantae > Polypodiophyta > Polypodiopsida > Ophioglossales > Ophioglossaceae > Botrychioideae > Botrychium	Botrychium	pollen	percentage	0		
individualtimelinenode_c2805b46-f963-491a-b825-766208e247a0	1600	1600	Campanula sp.	Campanula	Genus	Life > Plantae > Angiosperms > Asterales > Campanulaceae > Campanula	Campanula	pollen	percentage	0		
individualtimelinenode_c2805b46-f963-491a-b825-766208e247a0	1600	1600	Cerastium-Stellaria type	Stellaria longipes Goldie	Species	Stellaria longipes Goldie	Stellaria longipes Goldie;Cerastium fontanum Baumg.;Cerastium alpinum L.	pollen	percentage	0		
individualtimelinenode_c2805b46-f963-491a-b825-766208e247a0	1600	1600	Cerastium-Stellaria type	Cerastium fontanum Baumg.	Species	Cerastium fontanum Baumg.	Stellaria longipes Goldie;Cerastium fontanum Baumg.;Cerastium alpinum L.	pollen	percentage	0		
individualtimelinenode_c2805b46-f963-491a-b825-766208e247a0	1600	1600	Cerastium-Stellaria type	Cerastium alpinum L.	Species	Cerastium alpinum L.	Stellaria longipes Goldie;Cerastium fontanum Baumg.;Cerastium alpinum L.	pollen	percentage	0		
individualtimelinenode_c2805b46-f963-491a-b825-766208e247a0	1600	1600	Dryas type	Dryas	Genus	Life > Plantae > Angiosperms > Rosales > Rosaceae > Dryas	Dryas	pollen	percentage	0		
individualtimelinenode_c2805b46-f963-491a-b825-766208e247a0	1600	1600	Dryopteris type	Polypodiaceae	Family	Life > Plantae > Polypodiophyta > Polypodiopsida > Polypodiales > Polypodiaceae	Polypodiaceae	pollen	percentage	0		
individualtimelinenode_c2805b46-f963-491a-b825-766208e247a0	1600	1600	Euphrasia type	Rhinanthus	Genus	Life > Plantae > Angiosperms > Lamiales > Orobanchaceae > Rhinanthus	Rhinanthus;Euphrasia;Bartsia	pollen	percentage	0		
individualtimelinenode_c2805b46-f963-491a-b825-766208e247a0	1600	1600	Euphrasia type	Euphrasia	Genus	Euphrasia	Rhinanthus;Euphrasia;Bartsia	pollen	percentage	0		
individualtimelinenode_c2805b46-f963-491a-b825-766208e247a0	1600	1600	Euphrasia type	Bartsia	Genus	Bartsia	Rhinanthus;Euphrasia;Bartsia	pollen	percentage	0		
individualtimelinenode_c2805b46-f963-491a-b825-766208e247a0	1600	1600	Galium sp.	Galium	Genus	Life > Plantae > Angiosperms > Gentianales > Rubiaceae > Galium	Galium	pollen	percentage	0		
individualtimelinenode_c2805b46-f963-491a-b825-766208e247a0	1600	1600	Gymnocarpium dryopteris	Gymnocarpium dryopteris (L.) Newman	Species	Gymnocarpium dryopteris (L.) Newman	Gymnocarpium dryopteris (L.) Newman	pollen	percentage	0		
individualtimelinenode_c2805b46-f963-491a-b825-766208e247a0	1600	1600	Juniperus communis	Juniperus communis L.	Species	Life > Plantae > Pinophyta > Pinopsida > Cupressales > Cupressaceae > Juniperus > Juniperus communis L.	Juniperus communis L.	pollen	percentage	4.24242		
individualtimelinenode_c2805b46-f963-491a-b825-766208e247a0	1600	1600	Luzula-Juncus	Juncus	Genus	Life > Plantae > Angiosperms > Poales > Juncaceae > Juncus	Juncus;Luzula	pollen	percentage	0		
individualtimelinenode_c2805b46-f963-491a-b825-766208e247a0	1600	1600	Luzula-Juncus	Luzula	Genus	Life > Plantae > Angiosperms > Poales > Juncaceae > Luzula	Juncus;Luzula	pollen	percentage	0		
individualtimelinenode_c2805b46-f963-491a-b825-766208e247a0	1600	1600	Lycopodium dubium	Lycopodium clavatum L.	Species	Life > Plantae > Lycopodiophyta > Lycopodiopsida > Lycopodiales > Lycopodiaceae > Lycopodioideae > Lycopodium > Lycopodium clavatum L.	Lycopodium clavatum L.	pollen	percentage	4.375		
individualtimelinenode_c2805b46-f963-491a-b825-766208e247a0	1600	1600	Potentilla-Comarum type	Sibbaldia procumbens L.	Species	Sibbaldia procumbens L.	Sibbaldia procumbens L.;Comarum palustre L.;Potentilla hyparctica Malte;Potentilla nivea L.;Potentilla hookeriana Lehm.	pollen	percentage	0		
individualtimelinenode_c2805b46-f963-491a-b825-766208e247a0	1600	1600	Potentilla-Comarum type	Comarum palustre L.	Species	Life > Plantae > Angiosperms > Rosales > Rosaceae > Comarum > Comarum palustre L.	Sibbaldia procumbens L.;Comarum palustre L.;Potentilla hyparctica Malte;Potentilla nivea L.;Potentilla hookeriana Lehm.	pollen	percentage	0		
individualtimelinenode_c2805b46-f963-491a-b825-766208e247a0	1600	1600	Potentilla-Comarum type	Potentilla hyparctica Malte	Species	Potentilla hyparctica Malte	Sibbaldia procumbens L.;Comarum palustre L.;Potentilla hyparctica Malte;Potentilla nivea L.;Potentilla hookeriana Lehm.	pollen	percentage	0		
individualtimelinenode_c2805b46-f963-491a-b825-766208e247a0	1600	1600	Potentilla-Comarum type	Potentilla nivea L.	Species	Potentilla nivea L.	Sibbaldia procumbens L.;Comarum palustre L.;Potentilla hyparctica Malte;Potentilla nivea L.;Potentilla hookeriana Lehm.	pollen	percentage	0		
individualtimelinenode_c2805b46-f963-491a-b825-766208e247a0	1600	1600	Potentilla-Comarum type	Potentilla hookeriana Lehm.	Species	Potentilla hookeriana Lehm.	Sibbaldia procumbens L.;Comarum palustre L.;Potentilla hyparctica Malte;Potentilla nivea L.;Potentilla hookeriana Lehm.	pollen	percentage	0		
individualtimelinenode_c2805b46-f963-491a-b825-766208e247a0	1600	1600	Ranunculus sp.	Ranunculus	Genus	Life > Plantae > Angiosperms > Ranunculales > Ranunculaceae > Ranunculus	Ranunculus	pollen	percentage	0		
individualtimelinenode_c2805b46-f963-491a-b825-766208e247a0	1600	1600	Rumex acetosella	Rumex acetosella L.	Species	Life > Plantae > Angiosperms > Caryophyllales > Polygonaceae > Rumex > Rumex acetosella L.	Rumex acetosella L.	pollen	percentage	0		
individualtimelinenode_c2805b46-f963-491a-b825-766208e247a0	1600	1600	Saxifraga oppositifolia type	Saxifraga paniculata Mill.	Species	Saxifraga paniculata Mill.	Saxifraga paniculata Mill.;Saxifraga aizoides L.;Saxifraga tricuspidata Rottb.;Saxifraga oppositifolia L.	pollen	percentage	0.55556		
individualtimelinenode_c2805b46-f963-491a-b825-766208e247a0	1600	1600	Saxifraga oppositifolia type	Saxifraga aizoides L.	Species	Saxifraga aizoides L.	Saxifraga paniculata Mill.;Saxifraga aizoides L.;Saxifraga tricuspidata Rottb.;Saxifraga oppositifolia L.	pollen	percentage	0.55556		
individualtimelinenode_c2805b46-f963-491a-b825-766208e247a0	1600	1600	Saxifraga oppositifolia type	Saxifraga tricuspidata Rottb.	Species	Saxifraga tricuspidata Rottb.	Saxifraga paniculata Mill.;Saxifraga aizoides L.;Saxifraga tricuspidata Rottb.;Saxifraga oppositifolia L.	pollen	percentage	0.55556		
individualtimelinenode_c2805b46-f963-491a-b825-766208e247a0	1600	1600	Saxifraga oppositifolia type	Saxifraga oppositifolia L.	Species	Life > Plantae > Angiosperms > Saxifragales > Saxifragaceae > Saxifraga > Saxifraga oppositifolia L.	Saxifraga paniculata Mill.;Saxifraga aizoides L.;Saxifraga tricuspidata Rottb.;Saxifraga oppositifolia L.	pollen	percentage	0.55556		
individualtimelinenode_c2805b46-f963-491a-b825-766208e247a0	1600	1600	Thalictrum alpinum	Thalictrum alpinum L.	Species	Life > Plantae > Angiosperms > Ranunculales > Ranunculaceae > Thalictrum > Thalictrum alpinum L.	Thalictrum alpinum L.	pollen	percentage	0		
individualtimelinenode_c2805b46-f963-491a-b825-766208e247a0	1600	1600	Tofieldia sp.	Tofieldia	Genus	Life > Plantae > Angiosperms > Alismatales > Tofieldiaceae > Tofieldia	Tofieldia	pollen	percentage	0		
individualtimelinenode_c2805b46-f963-491a-b825-766208e247a0	1791	1791	Alnus sp.	Alnus	Genus	Life > Plantae > Angiosperms > Fagales > Betulaceae > Alnus	Alnus	pollen	percentage	14.04255		
individualtimelinenode_c2805b46-f963-491a-b825-766208e247a0	1791	1791	Artemisia sp.	Artemisia	Genus	Life > Plantae > Angiosperms > Asterales > Asteraceae > Asteroideae > Anthemideae > Artemisia	Artemisia	pollen	percentage	0		
individualtimelinenode_c2805b46-f963-491a-b825-766208e247a0	1791	1791	Betula sp.	Betula	Genus	Life > Plantae > Angiosperms > Fagales > Betulaceae > Betula	Betula	pollen	percentage	49.375		
individualtimelinenode_c2805b46-f963-491a-b825-766208e247a0	1791	1791	Botrychium sp.	Botrychium	Genus	Life > Plantae > Polypodiophyta > Polypodiopsida > Ophioglossales > Ophioglossaceae > Botrychioideae > Botrychium	Botrychium	pollen	percentage	0		
individualtimelinenode_c2805b46-f963-491a-b825-766208e247a0	1791	1791	Campanula sp.	Campanula	Genus	Life > Plantae > Angiosperms > Asterales > Campanulaceae > Campanula	Campanula	pollen	percentage	0		
individualtimelinenode_c2805b46-f963-491a-b825-766208e247a0	1791	1791	Cerastium-Stellaria type	Stellaria longipes Goldie	Species	Stellaria longipes Goldie	Stellaria longipes Goldie;Cerastium fontanum Baumg.;Cerastium alpinum L.	pollen	percentage	0		
individualtimelinenode_c2805b46-f963-491a-b825-766208e247a0	1791	1791	Cerastium-Stellaria type	Cerastium fontanum Baumg.	Species	Cerastium fontanum Baumg.	Stellaria longipes Goldie;Cerastium fontanum Baumg.;Cerastium alpinum L.	pollen	percentage	0		
individualtimelinenode_c2805b46-f963-491a-b825-766208e247a0	1791	1791	Cerastium-Stellaria type	Cerastium alpinum L.	Species	Cerastium alpinum L.	Stellaria longipes Goldie;Cerastium fontanum Baumg.;Cerastium alpinum L.	pollen	percentage	0		
individualtimelinenode_c2805b46-f963-491a-b825-766208e247a0	1791	1791	Dryas type	Dryas	Genus	Life > Plantae > Angiosperms > Rosales > Rosaceae > Dryas	Dryas	pollen	percentage	1.11111		
individualtimelinenode_c2805b46-f963-491a-b825-766208e247a0	1791	1791	Dryopteris type	Polypodiaceae	Family	Life > Plantae > Polypodiophyta > Polypodiopsida > Polypodiales > Polypodiaceae	Polypodiaceae	pollen	percentage	0		
individualtimelinenode_c2805b46-f963-491a-b825-766208e247a0	1791	1791	Euphrasia type	Rhinanthus	Genus	Life > Plantae > Angiosperms > Lamiales > Orobanchaceae > Rhinanthus	Rhinanthus;Euphrasia;Bartsia	pollen	percentage	0		
individualtimelinenode_c2805b46-f963-491a-b825-766208e247a0	1791	1791	Euphrasia type	Euphrasia	Genus	Euphrasia	Rhinanthus;Euphrasia;Bartsia	pollen	percentage	0		
individualtimelinenode_c2805b46-f963-491a-b825-766208e247a0	1791	1791	Euphrasia type	Bartsia	Genus	Bartsia	Rhinanthus;Euphrasia;Bartsia	pollen	percentage	0		
individualtimelinenode_c2805b46-f963-491a-b825-766208e247a0	1791	1791	Galium sp.	Galium	Genus	Life > Plantae > Angiosperms > Gentianales > Rubiaceae > Galium	Galium	pollen	percentage	0		
individualtimelinenode_c2805b46-f963-491a-b825-766208e247a0	1791	1791	Gymnocarpium dryopteris	Gymnocarpium dryopteris (L.) Newman	Species	Gymnocarpium dryopteris (L.) Newman	Gymnocarpium dryopteris (L.) Newman	pollen	percentage	1.11111		
individualtimelinenode_c2805b46-f963-491a-b825-766208e247a0	1791	1791	Juniperus communis	Juniperus communis L.	Species	Life > Plantae > Pinophyta > Pinopsida > Cupressales > Cupressaceae > Juniperus > Juniperus communis L.	Juniperus communis L.	pollen	percentage	2.42424		
individualtimelinenode_c2805b46-f963-491a-b825-766208e247a0	1791	1791	Luzula-Juncus	Juncus	Genus	Life > Plantae > Angiosperms > Poales > Juncaceae > Juncus	Juncus;Luzula	pollen	percentage	0		
individualtimelinenode_c2805b46-f963-491a-b825-766208e247a0	1791	1791	Luzula-Juncus	Luzula	Genus	Life > Plantae > Angiosperms > Poales > Juncaceae > Luzula	Juncus;Luzula	pollen	percentage	0		
individualtimelinenode_c2805b46-f963-491a-b825-766208e247a0	1791	1791	Lycopodium dubium	Lycopodium clavatum L.	Species	Life > Plantae > Lycopodiophyta > Lycopodiopsida > Lycopodiales > Lycopodiaceae > Lycopodioideae > Lycopodium > Lycopodium clavatum L.	Lycopodium clavatum L.	pollen	percentage	5.625		
individualtimelinenode_c2805b46-f963-491a-b825-766208e247a0	1791	1791	Potentilla-Comarum type	Sibbaldia procumbens L.	Species	Sibbaldia procumbens L.	Sibbaldia procumbens L.;Comarum palustre L.;Potentilla hyparctica Malte;Potentilla nivea L.;Potentilla hookeriana Lehm.	pollen	percentage	0		
individualtimelinenode_c2805b46-f963-491a-b825-766208e247a0	1791	1791	Potentilla-Comarum type	Comarum palustre L.	Species	Life > Plantae > Angiosperms > Rosales > Rosaceae > Comarum > Comarum palustre L.	Sibbaldia procumbens L.;Comarum palustre L.;Potentilla hyparctica Malte;Potentilla nivea L.;Potentilla hookeriana Lehm.	pollen	percentage	0		
individualtimelinenode_c2805b46-f963-491a-b825-766208e247a0	1791	1791	Potentilla-Comarum type	Potentilla hyparctica Malte	Species	Potentilla hyparctica Malte	Sibbaldia procumbens L.;Comarum palustre L.;Potentilla hyparctica Malte;Potentilla nivea L.;Potentilla hookeriana Lehm.	pollen	percentage	0		
individualtimelinenode_c2805b46-f963-491a-b825-766208e247a0	1791	1791	Potentilla-Comarum type	Potentilla nivea L.	Species	Potentilla nivea L.	Sibbaldia procumbens L.;Comarum palustre L.;Potentilla hyparctica Malte;Potentilla nivea L.;Potentilla hookeriana Lehm.	pollen	percentage	0		
individualtimelinenode_c2805b46-f963-491a-b825-766208e247a0	1791	1791	Potentilla-Comarum type	Potentilla hookeriana Lehm.	Species	Potentilla hookeriana Lehm.	Sibbaldia procumbens L.;Comarum palustre L.;Potentilla hyparctica Malte;Potentilla nivea L.;Potentilla hookeriana Lehm.	pollen	percentage	0		
individualtimelinenode_c2805b46-f963-491a-b825-766208e247a0	1791	1791	Ranunculus sp.	Ranunculus	Genus	Life > Plantae > Angiosperms > Ranunculales > Ranunculaceae > Ranunculus	Ranunculus	pollen	percentage	0		
individualtimelinenode_c2805b46-f963-491a-b825-766208e247a0	1791	1791	Rumex acetosella	Rumex acetosella L.	Species	Life > Plantae > Angiosperms > Caryophyllales > Polygonaceae > Rumex > Rumex acetosella L.	Rumex acetosella L.	pollen	percentage	1.25		
individualtimelinenode_c2805b46-f963-491a-b825-766208e247a0	1791	1791	Saxifraga oppositifolia type	Saxifraga paniculata Mill.	Species	Saxifraga paniculata Mill.	Saxifraga paniculata Mill.;Saxifraga aizoides L.;Saxifraga tricuspidata Rottb.;Saxifraga oppositifolia L.	pollen	percentage	0		
individualtimelinenode_c2805b46-f963-491a-b825-766208e247a0	1791	1791	Saxifraga oppositifolia type	Saxifraga aizoides L.	Species	Saxifraga aizoides L.	Saxifraga paniculata Mill.;Saxifraga aizoides L.;Saxifraga tricuspidata Rottb.;Saxifraga oppositifolia L.	pollen	percentage	0		
individualtimelinenode_c2805b46-f963-491a-b825-766208e247a0	1791	1791	Saxifraga oppositifolia type	Saxifraga tricuspidata Rottb.	Species	Saxifraga tricuspidata Rottb.	Saxifraga paniculata Mill.;Saxifraga aizoides L.;Saxifraga tricuspidata Rottb.;Saxifraga oppositifolia L.	pollen	percentage	0		
individualtimelinenode_c2805b46-f963-491a-b825-766208e247a0	1791	1791	Saxifraga oppositifolia type	Saxifraga oppositifolia L.	Species	Life > Plantae > Angiosperms > Saxifragales > Saxifragaceae > Saxifraga > Saxifraga oppositifolia L.	Saxifraga paniculata Mill.;Saxifraga aizoides L.;Saxifraga tricuspidata Rottb.;Saxifraga oppositifolia L.	pollen	percentage	0		
individualtimelinenode_c2805b46-f963-491a-b825-766208e247a0	1791	1791	Thalictrum alpinum	Thalictrum alpinum L.	Species	Life > Plantae > Angiosperms > Ranunculales > Ranunculaceae > Thalictrum > Thalictrum alpinum L.	Thalictrum alpinum L.	pollen	percentage	0		
individualtimelinenode_c2805b46-f963-491a-b825-766208e247a0	1791	1791	Tofieldia sp.	Tofieldia	Genus	Life > Plantae > Angiosperms > Alismatales > Tofieldiaceae > Tofieldia	Tofieldia	pollen	percentage	0		
individualtimelinenode_c2805b46-f963-491a-b825-766208e247a0	2057	2057	Alnus sp.	Alnus	Genus	Life > Plantae > Angiosperms > Fagales > Betulaceae > Alnus	Alnus	pollen	percentage	20.42553		
individualtimelinenode_c2805b46-f963-491a-b825-766208e247a0	2057	2057	Artemisia sp.	Artemisia	Genus	Life > Plantae > Angiosperms > Asterales > Asteraceae > Asteroideae > Anthemideae > Artemisia	Artemisia	pollen	percentage	0		
individualtimelinenode_c2805b46-f963-491a-b825-766208e247a0	2057	2057	Betula sp.	Betula	Genus	Life > Plantae > Angiosperms > Fagales > Betulaceae > Betula	Betula	pollen	percentage	45		
individualtimelinenode_c2805b46-f963-491a-b825-766208e247a0	2057	2057	Botrychium sp.	Botrychium	Genus	Life > Plantae > Polypodiophyta > Polypodiopsida > Ophioglossales > Ophioglossaceae > Botrychioideae > Botrychium	Botrychium	pollen	percentage	0		
individualtimelinenode_c2805b46-f963-491a-b825-766208e247a0	2057	2057	Campanula sp.	Campanula	Genus	Life > Plantae > Angiosperms > Asterales > Campanulaceae > Campanula	Campanula	pollen	percentage	0		
individualtimelinenode_c2805b46-f963-491a-b825-766208e247a0	2057	2057	Cerastium-Stellaria type	Stellaria longipes Goldie	Species	Stellaria longipes Goldie	Stellaria longipes Goldie;Cerastium fontanum Baumg.;Cerastium alpinum L.	pollen	percentage	0		
individualtimelinenode_c2805b46-f963-491a-b825-766208e247a0	2057	2057	Cerastium-Stellaria type	Cerastium fontanum Baumg.	Species	Cerastium fontanum Baumg.	Stellaria longipes Goldie;Cerastium fontanum Baumg.;Cerastium alpinum L.	pollen	percentage	0		
individualtimelinenode_c2805b46-f963-491a-b825-766208e247a0	2057	2057	Cerastium-Stellaria type	Cerastium alpinum L.	Species	Cerastium alpinum L.	Stellaria longipes Goldie;Cerastium fontanum Baumg.;Cerastium alpinum L.	pollen	percentage	0		
individualtimelinenode_c2805b46-f963-491a-b825-766208e247a0	2057	2057	Dryas type	Dryas	Genus	Life > Plantae > Angiosperms > Rosales > Rosaceae > Dryas	Dryas	pollen	percentage	0		
individualtimelinenode_c2805b46-f963-491a-b825-766208e247a0	2057	2057	Dryopteris type	Polypodiaceae	Family	Life > Plantae > Polypodiophyta > Polypodiopsida > Polypodiales > Polypodiaceae	Polypodiaceae	pollen	percentage	0		
individualtimelinenode_c2805b46-f963-491a-b825-766208e247a0	2057	2057	Euphrasia type	Rhinanthus	Genus	Life > Plantae > Angiosperms > Lamiales > Orobanchaceae > Rhinanthus	Rhinanthus;Euphrasia;Bartsia	pollen	percentage	0		
individualtimelinenode_c2805b46-f963-491a-b825-766208e247a0	2057	2057	Euphrasia type	Euphrasia	Genus	Euphrasia	Rhinanthus;Euphrasia;Bartsia	pollen	percentage	0		
individualtimelinenode_c2805b46-f963-491a-b825-766208e247a0	2057	2057	Euphrasia type	Bartsia	Genus	Bartsia	Rhinanthus;Euphrasia;Bartsia	pollen	percentage	0		
individualtimelinenode_c2805b46-f963-491a-b825-766208e247a0	2057	2057	Galium sp.	Galium	Genus	Life > Plantae > Angiosperms > Gentianales > Rubiaceae > Galium	Galium	pollen	percentage	0		
individualtimelinenode_c2805b46-f963-491a-b825-766208e247a0	2057	2057	Gymnocarpium dryopteris	Gymnocarpium dryopteris (L.) Newman	Species	Gymnocarpium dryopteris (L.) Newman	Gymnocarpium dryopteris (L.) Newman	pollen	percentage	2.22222		
individualtimelinenode_c2805b46-f963-491a-b825-766208e247a0	2057	2057	Juniperus communis	Juniperus communis L.	Species	Life > Plantae > Pinophyta > Pinopsida > Cupressales > Cupressaceae > Juniperus > Juniperus communis L.	Juniperus communis L.	pollen	percentage	4.84848		
individualtimelinenode_c2805b46-f963-491a-b825-766208e247a0	2057	2057	Luzula-Juncus	Juncus	Genus	Life > Plantae > Angiosperms > Poales > Juncaceae > Juncus	Juncus;Luzula	pollen	percentage	0		
individualtimelinenode_c2805b46-f963-491a-b825-766208e247a0	2057	2057	Luzula-Juncus	Luzula	Genus	Life > Plantae > Angiosperms > Poales > Juncaceae > Luzula	Juncus;Luzula	pollen	percentage	0		
individualtimelinenode_c2805b46-f963-491a-b825-766208e247a0	2057	2057	Lycopodium dubium	Lycopodium clavatum L.	Species	Life > Plantae > Lycopodiophyta > Lycopodiopsida > Lycopodiales > Lycopodiaceae > Lycopodioideae > Lycopodium > Lycopodium clavatum L.	Lycopodium clavatum L.	pollen	percentage	1.875		
individualtimelinenode_c2805b46-f963-491a-b825-766208e247a0	2057	2057	Potentilla-Comarum type	Sibbaldia procumbens L.	Species	Sibbaldia procumbens L.	Sibbaldia procumbens L.;Comarum palustre L.;Potentilla hyparctica Malte;Potentilla nivea L.;Potentilla hookeriana Lehm.	pollen	percentage	0		
individualtimelinenode_c2805b46-f963-491a-b825-766208e247a0	2057	2057	Potentilla-Comarum type	Comarum palustre L.	Species	Life > Plantae > Angiosperms > Rosales > Rosaceae > Comarum > Comarum palustre L.	Sibbaldia procumbens L.;Comarum palustre L.;Potentilla hyparctica Malte;Potentilla nivea L.;Potentilla hookeriana Lehm.	pollen	percentage	0		
individualtimelinenode_c2805b46-f963-491a-b825-766208e247a0	2057	2057	Potentilla-Comarum type	Potentilla hyparctica Malte	Species	Potentilla hyparctica Malte	Sibbaldia procumbens L.;Comarum palustre L.;Potentilla hyparctica Malte;Potentilla nivea L.;Potentilla hookeriana Lehm.	pollen	percentage	0		
individualtimelinenode_c2805b46-f963-491a-b825-766208e247a0	2057	2057	Potentilla-Comarum type	Potentilla nivea L.	Species	Potentilla nivea L.	Sibbaldia procumbens L.;Comarum palustre L.;Potentilla hyparctica Malte;Potentilla nivea L.;Potentilla hookeriana Lehm.	pollen	percentage	0		
individualtimelinenode_c2805b46-f963-491a-b825-766208e247a0	2057	2057	Potentilla-Comarum type	Potentilla hookeriana Lehm.	Species	Potentilla hookeriana Lehm.	Sibbaldia procumbens L.;Comarum palustre L.;Potentilla hyparctica Malte;Potentilla nivea L.;Potentilla hookeriana Lehm.	pollen	percentage	0		
individualtimelinenode_c2805b46-f963-491a-b825-766208e247a0	2057	2057	Ranunculus sp.	Ranunculus	Genus	Life > Plantae > Angiosperms > Ranunculales > Ranunculaceae > Ranunculus	Ranunculus	pollen	percentage	0		
individualtimelinenode_c2805b46-f963-491a-b825-766208e247a0	2057	2057	Rumex acetosella	Rumex acetosella L.	Species	Life > Plantae > Angiosperms > Caryophyllales > Polygonaceae > Rumex > Rumex acetosella L.	Rumex acetosella L.	pollen	percentage	0		
individualtimelinenode_c2805b46-f963-491a-b825-766208e247a0	2057	2057	Saxifraga oppositifolia type	Saxifraga paniculata Mill.	Species	Saxifraga paniculata Mill.	Saxifraga paniculata Mill.;Saxifraga aizoides L.;Saxifraga tricuspidata Rottb.;Saxifraga oppositifolia L.	pollen	percentage	0		
individualtimelinenode_c2805b46-f963-491a-b825-766208e247a0	2057	2057	Saxifraga oppositifolia type	Saxifraga aizoides L.	Species	Saxifraga aizoides L.	Saxifraga paniculata Mill.;Saxifraga aizoides L.;Saxifraga tricuspidata Rottb.;Saxifraga oppositifolia L.	pollen	percentage	0		
individualtimelinenode_c2805b46-f963-491a-b825-766208e247a0	2057	2057	Saxifraga oppositifolia type	Saxifraga tricuspidata Rottb.	Species	Saxifraga tricuspidata Rottb.	Saxifraga paniculata Mill.;Saxifraga aizoides L.;Saxifraga tricuspidata Rottb.;Saxifraga oppositifolia L.	pollen	percentage	0		
individualtimelinenode_c2805b46-f963-491a-b825-766208e247a0	2057	2057	Saxifraga oppositifolia type	Saxifraga oppositifolia L.	Species	Life > Plantae > Angiosperms > Saxifragales > Saxifragaceae > Saxifraga > Saxifraga oppositifolia L.	Saxifraga paniculata Mill.;Saxifraga aizoides L.;Saxifraga tricuspidata Rottb.;Saxifraga oppositifolia L.	pollen	percentage	0		
individualtimelinenode_c2805b46-f963-491a-b825-766208e247a0	2057	2057	Thalictrum alpinum	Thalictrum alpinum L.	Species	Life > Plantae > Angiosperms > Ranunculales > Ranunculaceae > Thalictrum > Thalictrum alpinum L.	Thalictrum alpinum L.	pollen	percentage	0		
individualtimelinenode_c2805b46-f963-491a-b825-766208e247a0	2057	2057	Tofieldia sp.	Tofieldia	Genus	Life > Plantae > Angiosperms > Alismatales > Tofieldiaceae > Tofieldia	Tofieldia	pollen	percentage	0		
individualtimelinenode_c2805b46-f963-491a-b825-766208e247a0	2305	2305	Alnus sp.	Alnus	Genus	Life > Plantae > Angiosperms > Fagales > Betulaceae > Alnus	Alnus	pollen	percentage	27.44681		
individualtimelinenode_c2805b46-f963-491a-b825-766208e247a0	2305	2305	Artemisia sp.	Artemisia	Genus	Life > Plantae > Angiosperms > Asterales > Asteraceae > Asteroideae > Anthemideae > Artemisia	Artemisia	pollen	percentage	0.55556		
individualtimelinenode_c2805b46-f963-491a-b825-766208e247a0	2305	2305	Betula sp.	Betula	Genus	Life > Plantae > Angiosperms > Fagales > Betulaceae > Betula	Betula	pollen	percentage	42.5		
individualtimelinenode_c2805b46-f963-491a-b825-766208e247a0	2305	2305	Botrychium sp.	Botrychium	Genus	Life > Plantae > Polypodiophyta > Polypodiopsida > Ophioglossales > Ophioglossaceae > Botrychioideae > Botrychium	Botrychium	pollen	percentage	0		
individualtimelinenode_c2805b46-f963-491a-b825-766208e247a0	2305	2305	Campanula sp.	Campanula	Genus	Life > Plantae > Angiosperms > Asterales > Campanulaceae > Campanula	Campanula	pollen	percentage	0		
individualtimelinenode_c2805b46-f963-491a-b825-766208e247a0	2305	2305	Cerastium-Stellaria type	Stellaria longipes Goldie	Species	Stellaria longipes Goldie	Stellaria longipes Goldie;Cerastium fontanum Baumg.;Cerastium alpinum L.	pollen	percentage	0		
individualtimelinenode_c2805b46-f963-491a-b825-766208e247a0	2305	2305	Cerastium-Stellaria type	Cerastium fontanum Baumg.	Species	Cerastium fontanum Baumg.	Stellaria longipes Goldie;Cerastium fontanum Baumg.;Cerastium alpinum L.	pollen	percentage	0		
individualtimelinenode_c2805b46-f963-491a-b825-766208e247a0	2305	2305	Cerastium-Stellaria type	Cerastium alpinum L.	Species	Cerastium alpinum L.	Stellaria longipes Goldie;Cerastium fontanum Baumg.;Cerastium alpinum L.	pollen	percentage	0		
individualtimelinenode_c2805b46-f963-491a-b825-766208e247a0	2305	2305	Dryas type	Dryas	Genus	Life > Plantae > Angiosperms > Rosales > Rosaceae > Dryas	Dryas	pollen	percentage	0		
individualtimelinenode_c2805b46-f963-491a-b825-766208e247a0	2305	2305	Dryopteris type	Polypodiaceae	Family	Life > Plantae > Polypodiophyta > Polypodiopsida > Polypodiales > Polypodiaceae	Polypodiaceae	pollen	percentage	0		
individualtimelinenode_c2805b46-f963-491a-b825-766208e247a0	2305	2305	Euphrasia type	Rhinanthus	Genus	Life > Plantae > Angiosperms > Lamiales > Orobanchaceae > Rhinanthus	Rhinanthus;Euphrasia;Bartsia	pollen	percentage	0		
individualtimelinenode_c2805b46-f963-491a-b825-766208e247a0	2305	2305	Euphrasia type	Euphrasia	Genus	Euphrasia	Rhinanthus;Euphrasia;Bartsia	pollen	percentage	0		
individualtimelinenode_c2805b46-f963-491a-b825-766208e247a0	2305	2305	Euphrasia type	Bartsia	Genus	Bartsia	Rhinanthus;Euphrasia;Bartsia	pollen	percentage	0		
individualtimelinenode_c2805b46-f963-491a-b825-766208e247a0	2305	2305	Galium sp.	Galium	Genus	Life > Plantae > Angiosperms > Gentianales > Rubiaceae > Galium	Galium	pollen	percentage	0		
individualtimelinenode_c2805b46-f963-491a-b825-766208e247a0	2305	2305	Gymnocarpium dryopteris	Gymnocarpium dryopteris (L.) Newman	Species	Gymnocarpium dryopteris (L.) Newman	Gymnocarpium dryopteris (L.) Newman	pollen	percentage	1.11111		
individualtimelinenode_c2805b46-f963-491a-b825-766208e247a0	2305	2305	Juniperus communis	Juniperus communis L.	Species	Life > Plantae > Pinophyta > Pinopsida > Cupressales > Cupressaceae > Juniperus > Juniperus communis L.	Juniperus communis L.	pollen	percentage	1.81818		
individualtimelinenode_c2805b46-f963-491a-b825-766208e247a0	2305	2305	Luzula-Juncus	Juncus	Genus	Life > Plantae > Angiosperms > Poales > Juncaceae > Juncus	Juncus;Luzula	pollen	percentage	0		
individualtimelinenode_c2805b46-f963-491a-b825-766208e247a0	2305	2305	Luzula-Juncus	Luzula	Genus	Life > Plantae > Angiosperms > Poales > Juncaceae > Luzula	Juncus;Luzula	pollen	percentage	0		
individualtimelinenode_c2805b46-f963-491a-b825-766208e247a0	2305	2305	Lycopodium dubium	Lycopodium clavatum L.	Species	Life > Plantae > Lycopodiophyta > Lycopodiopsida > Lycopodiales > Lycopodiaceae > Lycopodioideae > Lycopodium > Lycopodium clavatum L.	Lycopodium clavatum L.	pollen	percentage	3.75		
individualtimelinenode_c2805b46-f963-491a-b825-766208e247a0	2305	2305	Potentilla-Comarum type	Sibbaldia procumbens L.	Species	Sibbaldia procumbens L.	Sibbaldia procumbens L.;Comarum palustre L.;Potentilla hyparctica Malte;Potentilla nivea L.;Potentilla hookeriana Lehm.	pollen	percentage	0		
individualtimelinenode_c2805b46-f963-491a-b825-766208e247a0	2305	2305	Potentilla-Comarum type	Comarum palustre L.	Species	Life > Plantae > Angiosperms > Rosales > Rosaceae > Comarum > Comarum palustre L.	Sibbaldia procumbens L.;Comarum palustre L.;Potentilla hyparctica Malte;Potentilla nivea L.;Potentilla hookeriana Lehm.	pollen	percentage	0		
individualtimelinenode_c2805b46-f963-491a-b825-766208e247a0	2305	2305	Potentilla-Comarum type	Potentilla hyparctica Malte	Species	Potentilla hyparctica Malte	Sibbaldia procumbens L.;Comarum palustre L.;Potentilla hyparctica Malte;Potentilla nivea L.;Potentilla hookeriana Lehm.	pollen	percentage	0		
individualtimelinenode_c2805b46-f963-491a-b825-766208e247a0	2305	2305	Potentilla-Comarum type	Potentilla nivea L.	Species	Potentilla nivea L.	Sibbaldia procumbens L.;Comarum palustre L.;Potentilla hyparctica Malte;Potentilla nivea L.;Potentilla hookeriana Lehm.	pollen	percentage	0		
individualtimelinenode_c2805b46-f963-491a-b825-766208e247a0	2305	2305	Potentilla-Comarum type	Potentilla hookeriana Lehm.	Species	Potentilla hookeriana Lehm.	Sibbaldia procumbens L.;Comarum palustre L.;Potentilla hyparctica Malte;Potentilla nivea L.;Potentilla hookeriana Lehm.	pollen	percentage	0		
individualtimelinenode_c2805b46-f963-491a-b825-766208e247a0	2305	2305	Ranunculus sp.	Ranunculus	Genus	Life > Plantae > Angiosperms > Ranunculales > Ranunculaceae > Ranunculus	Ranunculus	pollen	percentage	1.17647		
individualtimelinenode_c2805b46-f963-491a-b825-766208e247a0	2305	2305	Rumex acetosella	Rumex acetosella L.	Species	Life > Plantae > Angiosperms > Caryophyllales > Polygonaceae > Rumex > Rumex acetosella L.	Rumex acetosella L.	pollen	percentage	0		
individualtimelinenode_c2805b46-f963-491a-b825-766208e247a0	2305	2305	Saxifraga oppositifolia type	Saxifraga paniculata Mill.	Species	Saxifraga paniculata Mill.	Saxifraga paniculata Mill.;Saxifraga aizoides L.;Saxifraga tricuspidata Rottb.;Saxifraga oppositifolia L.	pollen	percentage	0		
individualtimelinenode_c2805b46-f963-491a-b825-766208e247a0	2305	2305	Saxifraga oppositifolia type	Saxifraga aizoides L.	Species	Saxifraga aizoides L.	Saxifraga paniculata Mill.;Saxifraga aizoides L.;Saxifraga tricuspidata Rottb.;Saxifraga oppositifolia L.	pollen	percentage	0		
individualtimelinenode_c2805b46-f963-491a-b825-766208e247a0	2305	2305	Saxifraga oppositifolia type	Saxifraga tricuspidata Rottb.	Species	Saxifraga tricuspidata Rottb.	Saxifraga paniculata Mill.;Saxifraga aizoides L.;Saxifraga tricuspidata Rottb.;Saxifraga oppositifolia L.	pollen	percentage	0		
individualtimelinenode_c2805b46-f963-491a-b825-766208e247a0	2305	2305	Saxifraga oppositifolia type	Saxifraga oppositifolia L.	Species	Life > Plantae > Angiosperms > Saxifragales > Saxifragaceae > Saxifraga > Saxifraga oppositifolia L.	Saxifraga paniculata Mill.;Saxifraga aizoides L.;Saxifraga tricuspidata Rottb.;Saxifraga oppositifolia L.	pollen	percentage	0		
individualtimelinenode_c2805b46-f963-491a-b825-766208e247a0	2305	2305	Thalictrum alpinum	Thalictrum alpinum L.	Species	Life > Plantae > Angiosperms > Ranunculales > Ranunculaceae > Thalictrum > Thalictrum alpinum L.	Thalictrum alpinum L.	pollen	percentage	0		
individualtimelinenode_c2805b46-f963-491a-b825-766208e247a0	2305	2305	Tofieldia sp.	Tofieldia	Genus	Life > Plantae > Angiosperms > Alismatales > Tofieldiaceae > Tofieldia	Tofieldia	pollen	percentage	0		
individualtimelinenode_c2805b46-f963-491a-b825-766208e247a0	2463	2463	Alnus sp.	Alnus	Genus	Life > Plantae > Angiosperms > Fagales > Betulaceae > Alnus	Alnus	pollen	percentage	24.89362		
individualtimelinenode_c2805b46-f963-491a-b825-766208e247a0	2463	2463	Artemisia sp.	Artemisia	Genus	Life > Plantae > Angiosperms > Asterales > Asteraceae > Asteroideae > Anthemideae > Artemisia	Artemisia	pollen	percentage	0		
individualtimelinenode_c2805b46-f963-491a-b825-766208e247a0	2463	2463	Betula sp.	Betula	Genus	Life > Plantae > Angiosperms > Fagales > Betulaceae > Betula	Betula	pollen	percentage	43.75		
individualtimelinenode_c2805b46-f963-491a-b825-766208e247a0	2463	2463	Botrychium sp.	Botrychium	Genus	Life > Plantae > Polypodiophyta > Polypodiopsida > Ophioglossales > Ophioglossaceae > Botrychioideae > Botrychium	Botrychium	pollen	percentage	0		
individualtimelinenode_c2805b46-f963-491a-b825-766208e247a0	2463	2463	Campanula sp.	Campanula	Genus	Life > Plantae > Angiosperms > Asterales > Campanulaceae > Campanula	Campanula	pollen	percentage	0		
individualtimelinenode_c2805b46-f963-491a-b825-766208e247a0	2463	2463	Cerastium-Stellaria type	Stellaria longipes Goldie	Species	Stellaria longipes Goldie	Stellaria longipes Goldie;Cerastium fontanum Baumg.;Cerastium alpinum L.	pollen	percentage	0		
individualtimelinenode_c2805b46-f963-491a-b825-766208e247a0	2463	2463	Cerastium-Stellaria type	Cerastium fontanum Baumg.	Species	Cerastium fontanum Baumg.	Stellaria longipes Goldie;Cerastium fontanum Baumg.;Cerastium alpinum L.	pollen	percentage	0		
individualtimelinenode_c2805b46-f963-491a-b825-766208e247a0	2463	2463	Cerastium-Stellaria type	Cerastium alpinum L.	Species	Cerastium alpinum L.	Stellaria longipes Goldie;Cerastium fontanum Baumg.;Cerastium alpinum L.	pollen	percentage	0		
individualtimelinenode_c2805b46-f963-491a-b825-766208e247a0	2463	2463	Dryas type	Dryas	Genus	Life > Plantae > Angiosperms > Rosales > Rosaceae > Dryas	Dryas	pollen	percentage	0		
individualtimelinenode_c2805b46-f963-491a-b825-766208e247a0	2463	2463	Dryopteris type	Polypodiaceae	Family	Life > Plantae > Polypodiophyta > Polypodiopsida > Polypodiales > Polypodiaceae	Polypodiaceae	pollen	percentage	0		
individualtimelinenode_c2805b46-f963-491a-b825-766208e247a0	2463	2463	Euphrasia type	Rhinanthus	Genus	Life > Plantae > Angiosperms > Lamiales > Orobanchaceae > Rhinanthus	Rhinanthus;Euphrasia;Bartsia	pollen	percentage	0		
individualtimelinenode_c2805b46-f963-491a-b825-766208e247a0	2463	2463	Euphrasia type	Euphrasia	Genus	Euphrasia	Rhinanthus;Euphrasia;Bartsia	pollen	percentage	0		
individualtimelinenode_c2805b46-f963-491a-b825-766208e247a0	2463	2463	Euphrasia type	Bartsia	Genus	Bartsia	Rhinanthus;Euphrasia;Bartsia	pollen	percentage	0		
individualtimelinenode_c2805b46-f963-491a-b825-766208e247a0	2463	2463	Galium sp.	Galium	Genus	Life > Plantae > Angiosperms > Gentianales > Rubiaceae > Galium	Galium	pollen	percentage	0		
individualtimelinenode_c2805b46-f963-491a-b825-766208e247a0	2463	2463	Gymnocarpium dryopteris	Gymnocarpium dryopteris (L.) Newman	Species	Gymnocarpium dryopteris (L.) Newman	Gymnocarpium dryopteris (L.) Newman	pollen	percentage	2.22222		
individualtimelinenode_c2805b46-f963-491a-b825-766208e247a0	2463	2463	Juniperus communis	Juniperus communis L.	Species	Life > Plantae > Pinophyta > Pinopsida > Cupressales > Cupressaceae > Juniperus > Juniperus communis L.	Juniperus communis L.	pollen	percentage	3.0303		
individualtimelinenode_c2805b46-f963-491a-b825-766208e247a0	2463	2463	Luzula-Juncus	Juncus	Genus	Life > Plantae > Angiosperms > Poales > Juncaceae > Juncus	Juncus;Luzula	pollen	percentage	0		
individualtimelinenode_c2805b46-f963-491a-b825-766208e247a0	2463	2463	Luzula-Juncus	Luzula	Genus	Life > Plantae > Angiosperms > Poales > Juncaceae > Luzula	Juncus;Luzula	pollen	percentage	0		
individualtimelinenode_c2805b46-f963-491a-b825-766208e247a0	2463	2463	Lycopodium dubium	Lycopodium clavatum L.	Species	Life > Plantae > Lycopodiophyta > Lycopodiopsida > Lycopodiales > Lycopodiaceae > Lycopodioideae > Lycopodium > Lycopodium clavatum L.	Lycopodium clavatum L.	pollen	percentage	4.375		
individualtimelinenode_c2805b46-f963-491a-b825-766208e247a0	2463	2463	Potentilla-Comarum type	Sibbaldia procumbens L.	Species	Sibbaldia procumbens L.	Sibbaldia procumbens L.;Comarum palustre L.;Potentilla hyparctica Malte;Potentilla nivea L.;Potentilla hookeriana Lehm.	pollen	percentage	0		
individualtimelinenode_c2805b46-f963-491a-b825-766208e247a0	2463	2463	Potentilla-Comarum type	Comarum palustre L.	Species	Life > Plantae > Angiosperms > Rosales > Rosaceae > Comarum > Comarum palustre L.	Sibbaldia procumbens L.;Comarum palustre L.;Potentilla hyparctica Malte;Potentilla nivea L.;Potentilla hookeriana Lehm.	pollen	percentage	0		
individualtimelinenode_c2805b46-f963-491a-b825-766208e247a0	2463	2463	Potentilla-Comarum type	Potentilla hyparctica Malte	Species	Potentilla hyparctica Malte	Sibbaldia procumbens L.;Comarum palustre L.;Potentilla hyparctica Malte;Potentilla nivea L.;Potentilla hookeriana Lehm.	pollen	percentage	0		
individualtimelinenode_c2805b46-f963-491a-b825-766208e247a0	2463	2463	Potentilla-Comarum type	Potentilla nivea L.	Species	Potentilla nivea L.	Sibbaldia procumbens L.;Comarum palustre L.;Potentilla hyparctica Malte;Potentilla nivea L.;Potentilla hookeriana Lehm.	pollen	percentage	0		
individualtimelinenode_c2805b46-f963-491a-b825-766208e247a0	2463	2463	Potentilla-Comarum type	Potentilla hookeriana Lehm.	Species	Potentilla hookeriana Lehm.	Sibbaldia procumbens L.;Comarum palustre L.;Potentilla hyparctica Malte;Potentilla nivea L.;Potentilla hookeriana Lehm.	pollen	percentage	0		
individualtimelinenode_c2805b46-f963-491a-b825-766208e247a0	2463	2463	Ranunculus sp.	Ranunculus	Genus	Life > Plantae > Angiosperms > Ranunculales > Ranunculaceae > Ranunculus	Ranunculus	pollen	percentage	0		
individualtimelinenode_c2805b46-f963-491a-b825-766208e247a0	2463	2463	Rumex acetosella	Rumex acetosella L.	Species	Life > Plantae > Angiosperms > Caryophyllales > Polygonaceae > Rumex > Rumex acetosella L.	Rumex acetosella L.	pollen	percentage	0		
individualtimelinenode_c2805b46-f963-491a-b825-766208e247a0	2463	2463	Saxifraga oppositifolia type	Saxifraga paniculata Mill.	Species	Saxifraga paniculata Mill.	Saxifraga paniculata Mill.;Saxifraga aizoides L.;Saxifraga tricuspidata Rottb.;Saxifraga oppositifolia L.	pollen	percentage	0		
individualtimelinenode_c2805b46-f963-491a-b825-766208e247a0	2463	2463	Saxifraga oppositifolia type	Saxifraga aizoides L.	Species	Saxifraga aizoides L.	Saxifraga paniculata Mill.;Saxifraga aizoides L.;Saxifraga tricuspidata Rottb.;Saxifraga oppositifolia L.	pollen	percentage	0		
individualtimelinenode_c2805b46-f963-491a-b825-766208e247a0	2463	2463	Saxifraga oppositifolia type	Saxifraga tricuspidata Rottb.	Species	Saxifraga tricuspidata Rottb.	Saxifraga paniculata Mill.;Saxifraga aizoides L.;Saxifraga tricuspidata Rottb.;Saxifraga oppositifolia L.	pollen	percentage	0		
individualtimelinenode_c2805b46-f963-491a-b825-766208e247a0	2463	2463	Saxifraga oppositifolia type	Saxifraga oppositifolia L.	Species	Life > Plantae > Angiosperms > Saxifragales > Saxifragaceae > Saxifraga > Saxifraga oppositifolia L.	Saxifraga paniculata Mill.;Saxifraga aizoides L.;Saxifraga tricuspidata Rottb.;Saxifraga oppositifolia L.	pollen	percentage	0		
individualtimelinenode_c2805b46-f963-491a-b825-766208e247a0	2463	2463	Thalictrum alpinum	Thalictrum alpinum L.	Species	Life > Plantae > Angiosperms > Ranunculales > Ranunculaceae > Thalictrum > Thalictrum alpinum L.	Thalictrum alpinum L.	pollen	percentage	0		
individualtimelinenode_c2805b46-f963-491a-b825-766208e247a0	2463	2463	Tofieldia sp.	Tofieldia	Genus	Life > Plantae > Angiosperms > Alismatales > Tofieldiaceae > Tofieldia	Tofieldia	pollen	percentage	0		
individualtimelinenode_c2805b46-f963-491a-b825-766208e247a0	2694	2694	Alnus sp.	Alnus	Genus	Life > Plantae > Angiosperms > Fagales > Betulaceae > Alnus	Alnus	pollen	percentage	30.6383		
individualtimelinenode_c2805b46-f963-491a-b825-766208e247a0	2694	2694	Artemisia sp.	Artemisia	Genus	Life > Plantae > Angiosperms > Asterales > Asteraceae > Asteroideae > Anthemideae > Artemisia	Artemisia	pollen	percentage	1.11111		
individualtimelinenode_c2805b46-f963-491a-b825-766208e247a0	2694	2694	Betula sp.	Betula	Genus	Life > Plantae > Angiosperms > Fagales > Betulaceae > Betula	Betula	pollen	percentage	38.75		
individualtimelinenode_c2805b46-f963-491a-b825-766208e247a0	2694	2694	Botrychium sp.	Botrychium	Genus	Life > Plantae > Polypodiophyta > Polypodiopsida > Ophioglossales > Ophioglossaceae > Botrychioideae > Botrychium	Botrychium	pollen	percentage	0.55556		
individualtimelinenode_c2805b46-f963-491a-b825-766208e247a0	2694	2694	Campanula sp.	Campanula	Genus	Life > Plantae > Angiosperms > Asterales > Campanulaceae > Campanula	Campanula	pollen	percentage	0		
individualtimelinenode_c2805b46-f963-491a-b825-766208e247a0	2694	2694	Cerastium-Stellaria type	Stellaria longipes Goldie	Species	Stellaria longipes Goldie	Stellaria longipes Goldie;Cerastium fontanum Baumg.;Cerastium alpinum L.	pollen	percentage	0		
individualtimelinenode_c2805b46-f963-491a-b825-766208e247a0	2694	2694	Cerastium-Stellaria type	Cerastium fontanum Baumg.	Species	Cerastium fontanum Baumg.	Stellaria longipes Goldie;Cerastium fontanum Baumg.;Cerastium alpinum L.	pollen	percentage	0		
individualtimelinenode_c2805b46-f963-491a-b825-766208e247a0	2694	2694	Cerastium-Stellaria type	Cerastium alpinum L.	Species	Cerastium alpinum L.	Stellaria longipes Goldie;Cerastium fontanum Baumg.;Cerastium alpinum L.	pollen	percentage	0		
individualtimelinenode_c2805b46-f963-491a-b825-766208e247a0	2694	2694	Dryas type	Dryas	Genus	Life > Plantae > Angiosperms > Rosales > Rosaceae > Dryas	Dryas	pollen	percentage	0		
individualtimelinenode_c2805b46-f963-491a-b825-766208e247a0	2694	2694	Dryopteris type	Polypodiaceae	Family	Life > Plantae > Polypodiophyta > Polypodiopsida > Polypodiales > Polypodiaceae	Polypodiaceae	pollen	percentage	0.625		
individualtimelinenode_c2805b46-f963-491a-b825-766208e247a0	2694	2694	Euphrasia type	Rhinanthus	Genus	Life > Plantae > Angiosperms > Lamiales > Orobanchaceae > Rhinanthus	Rhinanthus;Euphrasia;Bartsia	pollen	percentage	0		
individualtimelinenode_c2805b46-f963-491a-b825-766208e247a0	2694	2694	Euphrasia type	Euphrasia	Genus	Euphrasia	Rhinanthus;Euphrasia;Bartsia	pollen	percentage	0		
individualtimelinenode_c2805b46-f963-491a-b825-766208e247a0	2694	2694	Euphrasia type	Bartsia	Genus	Bartsia	Rhinanthus;Euphrasia;Bartsia	pollen	percentage	0		
individualtimelinenode_c2805b46-f963-491a-b825-766208e247a0	2694	2694	Galium sp.	Galium	Genus	Life > Plantae > Angiosperms > Gentianales > Rubiaceae > Galium	Galium	pollen	percentage	0		
individualtimelinenode_c2805b46-f963-491a-b825-766208e247a0	2694	2694	Gymnocarpium dryopteris	Gymnocarpium dryopteris (L.) Newman	Species	Gymnocarpium dryopteris (L.) Newman	Gymnocarpium dryopteris (L.) Newman	pollen	percentage	2.22222		
individualtimelinenode_c2805b46-f963-491a-b825-766208e247a0	2694	2694	Juniperus communis	Juniperus communis L.	Species	Life > Plantae > Pinophyta > Pinopsida > Cupressales > Cupressaceae > Juniperus > Juniperus communis L.	Juniperus communis L.	pollen	percentage	2.42424		
individualtimelinenode_c2805b46-f963-491a-b825-766208e247a0	2694	2694	Luzula-Juncus	Juncus	Genus	Life > Plantae > Angiosperms > Poales > Juncaceae > Juncus	Juncus;Luzula	pollen	percentage	0		
individualtimelinenode_c2805b46-f963-491a-b825-766208e247a0	2694	2694	Luzula-Juncus	Luzula	Genus	Life > Plantae > Angiosperms > Poales > Juncaceae > Luzula	Juncus;Luzula	pollen	percentage	0		
individualtimelinenode_c2805b46-f963-491a-b825-766208e247a0	2694	2694	Lycopodium dubium	Lycopodium clavatum L.	Species	Life > Plantae > Lycopodiophyta > Lycopodiopsida > Lycopodiales > Lycopodiaceae > Lycopodioideae > Lycopodium > Lycopodium clavatum L.	Lycopodium clavatum L.	pollen	percentage	4.375		
individualtimelinenode_c2805b46-f963-491a-b825-766208e247a0	2694	2694	Potentilla-Comarum type	Sibbaldia procumbens L.	Species	Sibbaldia procumbens L.	Sibbaldia procumbens L.;Comarum palustre L.;Potentilla hyparctica Malte;Potentilla nivea L.;Potentilla hookeriana Lehm.	pollen	percentage	0		
individualtimelinenode_c2805b46-f963-491a-b825-766208e247a0	2694	2694	Potentilla-Comarum type	Comarum palustre L.	Species	Life > Plantae > Angiosperms > Rosales > Rosaceae > Comarum > Comarum palustre L.	Sibbaldia procumbens L.;Comarum palustre L.;Potentilla hyparctica Malte;Potentilla nivea L.;Potentilla hookeriana Lehm.	pollen	percentage	0		
individualtimelinenode_c2805b46-f963-491a-b825-766208e247a0	2694	2694	Potentilla-Comarum type	Potentilla hyparctica Malte	Species	Potentilla hyparctica Malte	Sibbaldia procumbens L.;Comarum palustre L.;Potentilla hyparctica Malte;Potentilla nivea L.;Potentilla hookeriana Lehm.	pollen	percentage	0		
individualtimelinenode_c2805b46-f963-491a-b825-766208e247a0	2694	2694	Potentilla-Comarum type	Potentilla nivea L.	Species	Potentilla nivea L.	Sibbaldia procumbens L.;Comarum palustre L.;Potentilla hyparctica Malte;Potentilla nivea L.;Potentilla hookeriana Lehm.	pollen	percentage	0		
individualtimelinenode_c2805b46-f963-491a-b825-766208e247a0	2694	2694	Potentilla-Comarum type	Potentilla hookeriana Lehm.	Species	Potentilla hookeriana Lehm.	Sibbaldia procumbens L.;Comarum palustre L.;Potentilla hyparctica Malte;Potentilla nivea L.;Potentilla hookeriana Lehm.	pollen	percentage	0		
individualtimelinenode_c2805b46-f963-491a-b825-766208e247a0	2694	2694	Ranunculus sp.	Ranunculus	Genus	Life > Plantae > Angiosperms > Ranunculales > Ranunculaceae > Ranunculus	Ranunculus	pollen	percentage	0		
individualtimelinenode_c2805b46-f963-491a-b825-766208e247a0	2694	2694	Rumex acetosella	Rumex acetosella L.	Species	Life > Plantae > Angiosperms > Caryophyllales > Polygonaceae > Rumex > Rumex acetosella L.	Rumex acetosella L.	pollen	percentage	0		
individualtimelinenode_c2805b46-f963-491a-b825-766208e247a0	2694	2694	Saxifraga oppositifolia type	Saxifraga paniculata Mill.	Species	Saxifraga paniculata Mill.	Saxifraga paniculata Mill.;Saxifraga aizoides L.;Saxifraga tricuspidata Rottb.;Saxifraga oppositifolia L.	pollen	percentage	0		
individualtimelinenode_c2805b46-f963-491a-b825-766208e247a0	2694	2694	Saxifraga oppositifolia type	Saxifraga aizoides L.	Species	Saxifraga aizoides L.	Saxifraga paniculata Mill.;Saxifraga aizoides L.;Saxifraga tricuspidata Rottb.;Saxifraga oppositifolia L.	pollen	percentage	0		
individualtimelinenode_c2805b46-f963-491a-b825-766208e247a0	2694	2694	Saxifraga oppositifolia type	Saxifraga tricuspidata Rottb.	Species	Saxifraga tricuspidata Rottb.	Saxifraga paniculata Mill.;Saxifraga aizoides L.;Saxifraga tricuspidata Rottb.;Saxifraga oppositifolia L.	pollen	percentage	0		
individualtimelinenode_c2805b46-f963-491a-b825-766208e247a0	2694	2694	Saxifraga oppositifolia type	Saxifraga oppositifolia L.	Species	Life > Plantae > Angiosperms > Saxifragales > Saxifragaceae > Saxifraga > Saxifraga oppositifolia L.	Saxifraga paniculata Mill.;Saxifraga aizoides L.;Saxifraga tricuspidata Rottb.;Saxifraga oppositifolia L.	pollen	percentage	0		
individualtimelinenode_c2805b46-f963-491a-b825-766208e247a0	2694	2694	Thalictrum alpinum	Thalictrum alpinum L.	Species	Life > Plantae > Angiosperms > Ranunculales > Ranunculaceae > Thalictrum > Thalictrum alpinum L.	Thalictrum alpinum L.	pollen	percentage	0		
individualtimelinenode_c2805b46-f963-491a-b825-766208e247a0	2694	2694	Tofieldia sp.	Tofieldia	Genus	Life > Plantae > Angiosperms > Alismatales > Tofieldiaceae > Tofieldia	Tofieldia	pollen	percentage	0		
individualtimelinenode_c2805b46-f963-491a-b825-766208e247a0	2853	2853	Alnus sp.	Alnus	Genus	Life > Plantae > Angiosperms > Fagales > Betulaceae > Alnus	Alnus	pollen	percentage	32.55319		
individualtimelinenode_c2805b46-f963-491a-b825-766208e247a0	2853	2853	Artemisia sp.	Artemisia	Genus	Life > Plantae > Angiosperms > Asterales > Asteraceae > Asteroideae > Anthemideae > Artemisia	Artemisia	pollen	percentage	0		
individualtimelinenode_c2805b46-f963-491a-b825-766208e247a0	2853	2853	Betula sp.	Betula	Genus	Life > Plantae > Angiosperms > Fagales > Betulaceae > Betula	Betula	pollen	percentage	41.875		
individualtimelinenode_c2805b46-f963-491a-b825-766208e247a0	2853	2853	Botrychium sp.	Botrychium	Genus	Life > Plantae > Polypodiophyta > Polypodiopsida > Ophioglossales > Ophioglossaceae > Botrychioideae > Botrychium	Botrychium	pollen	percentage	0		
individualtimelinenode_c2805b46-f963-491a-b825-766208e247a0	2853	2853	Campanula sp.	Campanula	Genus	Life > Plantae > Angiosperms > Asterales > Campanulaceae > Campanula	Campanula	pollen	percentage	0		
individualtimelinenode_c2805b46-f963-491a-b825-766208e247a0	2853	2853	Cerastium-Stellaria type	Stellaria longipes Goldie	Species	Stellaria longipes Goldie	Stellaria longipes Goldie;Cerastium fontanum Baumg.;Cerastium alpinum L.	pollen	percentage	0		
individualtimelinenode_c2805b46-f963-491a-b825-766208e247a0	2853	2853	Cerastium-Stellaria type	Cerastium fontanum Baumg.	Species	Cerastium fontanum Baumg.	Stellaria longipes Goldie;Cerastium fontanum Baumg.;Cerastium alpinum L.	pollen	percentage	0		
individualtimelinenode_c2805b46-f963-491a-b825-766208e247a0	2853	2853	Cerastium-Stellaria type	Cerastium alpinum L.	Species	Cerastium alpinum L.	Stellaria longipes Goldie;Cerastium fontanum Baumg.;Cerastium alpinum L.	pollen	percentage	0		
individualtimelinenode_c2805b46-f963-491a-b825-766208e247a0	2853	2853	Dryas type	Dryas	Genus	Life > Plantae > Angiosperms > Rosales > Rosaceae > Dryas	Dryas	pollen	percentage	0		
individualtimelinenode_c2805b46-f963-491a-b825-766208e247a0	2853	2853	Dryopteris type	Polypodiaceae	Family	Life > Plantae > Polypodiophyta > Polypodiopsida > Polypodiales > Polypodiaceae	Polypodiaceae	pollen	percentage	0		
individualtimelinenode_c2805b46-f963-491a-b825-766208e247a0	2853	2853	Euphrasia type	Rhinanthus	Genus	Life > Plantae > Angiosperms > Lamiales > Orobanchaceae > Rhinanthus	Rhinanthus;Euphrasia;Bartsia	pollen	percentage	0		
individualtimelinenode_c2805b46-f963-491a-b825-766208e247a0	2853	2853	Euphrasia type	Euphrasia	Genus	Euphrasia	Rhinanthus;Euphrasia;Bartsia	pollen	percentage	0		
individualtimelinenode_c2805b46-f963-491a-b825-766208e247a0	2853	2853	Euphrasia type	Bartsia	Genus	Bartsia	Rhinanthus;Euphrasia;Bartsia	pollen	percentage	0		
individualtimelinenode_c2805b46-f963-491a-b825-766208e247a0	2853	2853	Galium sp.	Galium	Genus	Life > Plantae > Angiosperms > Gentianales > Rubiaceae > Galium	Galium	pollen	percentage	0		
individualtimelinenode_c2805b46-f963-491a-b825-766208e247a0	2853	2853	Gymnocarpium dryopteris	Gymnocarpium dryopteris (L.) Newman	Species	Gymnocarpium dryopteris (L.) Newman	Gymnocarpium dryopteris (L.) Newman	pollen	percentage	0		
individualtimelinenode_c2805b46-f963-491a-b825-766208e247a0	2853	2853	Juniperus communis	Juniperus communis L.	Species	Life > Plantae > Pinophyta > Pinopsida > Cupressales > Cupressaceae > Juniperus > Juniperus communis L.	Juniperus communis L.	pollen	percentage	2.42424		
individualtimelinenode_c2805b46-f963-491a-b825-766208e247a0	2853	2853	Luzula-Juncus	Juncus	Genus	Life > Plantae > Angiosperms > Poales > Juncaceae > Juncus	Juncus;Luzula	pollen	percentage	0		
individualtimelinenode_c2805b46-f963-491a-b825-766208e247a0	2853	2853	Luzula-Juncus	Luzula	Genus	Life > Plantae > Angiosperms > Poales > Juncaceae > Luzula	Juncus;Luzula	pollen	percentage	0		
individualtimelinenode_c2805b46-f963-491a-b825-766208e247a0	2853	2853	Lycopodium dubium	Lycopodium clavatum L.	Species	Life > Plantae > Lycopodiophyta > Lycopodiopsida > Lycopodiales > Lycopodiaceae > Lycopodioideae > Lycopodium > Lycopodium clavatum L.	Lycopodium clavatum L.	pollen	percentage	2.5		
individualtimelinenode_c2805b46-f963-491a-b825-766208e247a0	2853	2853	Potentilla-Comarum type	Sibbaldia procumbens L.	Species	Sibbaldia procumbens L.	Sibbaldia procumbens L.;Comarum palustre L.;Potentilla hyparctica Malte;Potentilla nivea L.;Potentilla hookeriana Lehm.	pollen	percentage	0		
individualtimelinenode_c2805b46-f963-491a-b825-766208e247a0	2853	2853	Potentilla-Comarum type	Comarum palustre L.	Species	Life > Plantae > Angiosperms > Rosales > Rosaceae > Comarum > Comarum palustre L.	Sibbaldia procumbens L.;Comarum palustre L.;Potentilla hyparctica Malte;Potentilla nivea L.;Potentilla hookeriana Lehm.	pollen	percentage	0		
individualtimelinenode_c2805b46-f963-491a-b825-766208e247a0	2853	2853	Potentilla-Comarum type	Potentilla hyparctica Malte	Species	Potentilla hyparctica Malte	Sibbaldia procumbens L.;Comarum palustre L.;Potentilla hyparctica Malte;Potentilla nivea L.;Potentilla hookeriana Lehm.	pollen	percentage	0		
individualtimelinenode_c2805b46-f963-491a-b825-766208e247a0	2853	2853	Potentilla-Comarum type	Potentilla nivea L.	Species	Potentilla nivea L.	Sibbaldia procumbens L.;Comarum palustre L.;Potentilla hyparctica Malte;Potentilla nivea L.;Potentilla hookeriana Lehm.	pollen	percentage	0		
individualtimelinenode_c2805b46-f963-491a-b825-766208e247a0	2853	2853	Potentilla-Comarum type	Potentilla hookeriana Lehm.	Species	Potentilla hookeriana Lehm.	Sibbaldia procumbens L.;Comarum palustre L.;Potentilla hyparctica Malte;Potentilla nivea L.;Potentilla hookeriana Lehm.	pollen	percentage	0		
individualtimelinenode_c2805b46-f963-491a-b825-766208e247a0	2853	2853	Ranunculus sp.	Ranunculus	Genus	Life > Plantae > Angiosperms > Ranunculales > Ranunculaceae > Ranunculus	Ranunculus	pollen	percentage	0		
individualtimelinenode_c2805b46-f963-491a-b825-766208e247a0	2853	2853	Rumex acetosella	Rumex acetosella L.	Species	Life > Plantae > Angiosperms > Caryophyllales > Polygonaceae > Rumex > Rumex acetosella L.	Rumex acetosella L.	pollen	percentage	0.625		
individualtimelinenode_c2805b46-f963-491a-b825-766208e247a0	2853	2853	Saxifraga oppositifolia type	Saxifraga paniculata Mill.	Species	Saxifraga paniculata Mill.	Saxifraga paniculata Mill.;Saxifraga aizoides L.;Saxifraga tricuspidata Rottb.;Saxifraga oppositifolia L.	pollen	percentage	0		
individualtimelinenode_c2805b46-f963-491a-b825-766208e247a0	2853	2853	Saxifraga oppositifolia type	Saxifraga aizoides L.	Species	Saxifraga aizoides L.	Saxifraga paniculata Mill.;Saxifraga aizoides L.;Saxifraga tricuspidata Rottb.;Saxifraga oppositifolia L.	pollen	percentage	0		
individualtimelinenode_c2805b46-f963-491a-b825-766208e247a0	2853	2853	Saxifraga oppositifolia type	Saxifraga tricuspidata Rottb.	Species	Saxifraga tricuspidata Rottb.	Saxifraga paniculata Mill.;Saxifraga aizoides L.;Saxifraga tricuspidata Rottb.;Saxifraga oppositifolia L.	pollen	percentage	0		
individualtimelinenode_c2805b46-f963-491a-b825-766208e247a0	2853	2853	Saxifraga oppositifolia type	Saxifraga oppositifolia L.	Species	Life > Plantae > Angiosperms > Saxifragales > Saxifragaceae > Saxifraga > Saxifraga oppositifolia L.	Saxifraga paniculata Mill.;Saxifraga aizoides L.;Saxifraga tricuspidata Rottb.;Saxifraga oppositifolia L.	pollen	percentage	0		
individualtimelinenode_c2805b46-f963-491a-b825-766208e247a0	2853	2853	Thalictrum alpinum	Thalictrum alpinum L.	Species	Life > Plantae > Angiosperms > Ranunculales > Ranunculaceae > Thalictrum > Thalictrum alpinum L.	Thalictrum alpinum L.	pollen	percentage	0		
individualtimelinenode_c2805b46-f963-491a-b825-766208e247a0	2853	2853	Tofieldia sp.	Tofieldia	Genus	Life > Plantae > Angiosperms > Alismatales > Tofieldiaceae > Tofieldia	Tofieldia	pollen	percentage	0		
individualtimelinenode_c2805b46-f963-491a-b825-766208e247a0	3186	3186	Alnus sp.	Alnus	Genus	Life > Plantae > Angiosperms > Fagales > Betulaceae > Alnus	Alnus	pollen	percentage	37.65957		
individualtimelinenode_c2805b46-f963-491a-b825-766208e247a0	3186	3186	Artemisia sp.	Artemisia	Genus	Life > Plantae > Angiosperms > Asterales > Asteraceae > Asteroideae > Anthemideae > Artemisia	Artemisia	pollen	percentage	0		
individualtimelinenode_c2805b46-f963-491a-b825-766208e247a0	3186	3186	Betula sp.	Betula	Genus	Life > Plantae > Angiosperms > Fagales > Betulaceae > Betula	Betula	pollen	percentage	36.875		
individualtimelinenode_c2805b46-f963-491a-b825-766208e247a0	3186	3186	Botrychium sp.	Botrychium	Genus	Life > Plantae > Polypodiophyta > Polypodiopsida > Ophioglossales > Ophioglossaceae > Botrychioideae > Botrychium	Botrychium	pollen	percentage	0		
individualtimelinenode_c2805b46-f963-491a-b825-766208e247a0	3186	3186	Campanula sp.	Campanula	Genus	Life > Plantae > Angiosperms > Asterales > Campanulaceae > Campanula	Campanula	pollen	percentage	0		
individualtimelinenode_c2805b46-f963-491a-b825-766208e247a0	3186	3186	Cerastium-Stellaria type	Stellaria longipes Goldie	Species	Stellaria longipes Goldie	Stellaria longipes Goldie;Cerastium fontanum Baumg.;Cerastium alpinum L.	pollen	percentage	0		
individualtimelinenode_c2805b46-f963-491a-b825-766208e247a0	3186	3186	Cerastium-Stellaria type	Cerastium fontanum Baumg.	Species	Cerastium fontanum Baumg.	Stellaria longipes Goldie;Cerastium fontanum Baumg.;Cerastium alpinum L.	pollen	percentage	0		
individualtimelinenode_c2805b46-f963-491a-b825-766208e247a0	3186	3186	Cerastium-Stellaria type	Cerastium alpinum L.	Species	Cerastium alpinum L.	Stellaria longipes Goldie;Cerastium fontanum Baumg.;Cerastium alpinum L.	pollen	percentage	0		
individualtimelinenode_c2805b46-f963-491a-b825-766208e247a0	3186	3186	Dryas type	Dryas	Genus	Life > Plantae > Angiosperms > Rosales > Rosaceae > Dryas	Dryas	pollen	percentage	0		
individualtimelinenode_c2805b46-f963-491a-b825-766208e247a0	3186	3186	Dryopteris type	Polypodiaceae	Family	Life > Plantae > Polypodiophyta > Polypodiopsida > Polypodiales > Polypodiaceae	Polypodiaceae	pollen	percentage	0		
individualtimelinenode_c2805b46-f963-491a-b825-766208e247a0	3186	3186	Euphrasia type	Rhinanthus	Genus	Life > Plantae > Angiosperms > Lamiales > Orobanchaceae > Rhinanthus	Rhinanthus;Euphrasia;Bartsia	pollen	percentage	0		
individualtimelinenode_c2805b46-f963-491a-b825-766208e247a0	3186	3186	Euphrasia type	Euphrasia	Genus	Euphrasia	Rhinanthus;Euphrasia;Bartsia	pollen	percentage	0		
individualtimelinenode_c2805b46-f963-491a-b825-766208e247a0	3186	3186	Euphrasia type	Bartsia	Genus	Bartsia	Rhinanthus;Euphrasia;Bartsia	pollen	percentage	0		
individualtimelinenode_c2805b46-f963-491a-b825-766208e247a0	3186	3186	Galium sp.	Galium	Genus	Life > Plantae > Angiosperms > Gentianales > Rubiaceae > Galium	Galium	pollen	percentage	0		
individualtimelinenode_c2805b46-f963-491a-b825-766208e247a0	3186	3186	Gymnocarpium dryopteris	Gymnocarpium dryopteris (L.) Newman	Species	Gymnocarpium dryopteris (L.) Newman	Gymnocarpium dryopteris (L.) Newman	pollen	percentage	0		
individualtimelinenode_c2805b46-f963-491a-b825-766208e247a0	3186	3186	Juniperus communis	Juniperus communis L.	Species	Life > Plantae > Pinophyta > Pinopsida > Cupressales > Cupressaceae > Juniperus > Juniperus communis L.	Juniperus communis L.	pollen	percentage	2.42424		
individualtimelinenode_c2805b46-f963-491a-b825-766208e247a0	3186	3186	Luzula-Juncus	Juncus	Genus	Life > Plantae > Angiosperms > Poales > Juncaceae > Juncus	Juncus;Luzula	pollen	percentage	0		
individualtimelinenode_c2805b46-f963-491a-b825-766208e247a0	3186	3186	Luzula-Juncus	Luzula	Genus	Life > Plantae > Angiosperms > Poales > Juncaceae > Luzula	Juncus;Luzula	pollen	percentage	0		
individualtimelinenode_c2805b46-f963-491a-b825-766208e247a0	3186	3186	Lycopodium dubium	Lycopodium clavatum L.	Species	Life > Plantae > Lycopodiophyta > Lycopodiopsida > Lycopodiales > Lycopodiaceae > Lycopodioideae > Lycopodium > Lycopodium clavatum L.	Lycopodium clavatum L.	pollen	percentage	5		
individualtimelinenode_c2805b46-f963-491a-b825-766208e247a0	3186	3186	Potentilla-Comarum type	Sibbaldia procumbens L.	Species	Sibbaldia procumbens L.	Sibbaldia procumbens L.;Comarum palustre L.;Potentilla hyparctica Malte;Potentilla nivea L.;Potentilla hookeriana Lehm.	pollen	percentage	0		
individualtimelinenode_c2805b46-f963-491a-b825-766208e247a0	3186	3186	Potentilla-Comarum type	Comarum palustre L.	Species	Life > Plantae > Angiosperms > Rosales > Rosaceae > Comarum > Comarum palustre L.	Sibbaldia procumbens L.;Comarum palustre L.;Potentilla hyparctica Malte;Potentilla nivea L.;Potentilla hookeriana Lehm.	pollen	percentage	0		
individualtimelinenode_c2805b46-f963-491a-b825-766208e247a0	3186	3186	Potentilla-Comarum type	Potentilla hyparctica Malte	Species	Potentilla hyparctica Malte	Sibbaldia procumbens L.;Comarum palustre L.;Potentilla hyparctica Malte;Potentilla nivea L.;Potentilla hookeriana Lehm.	pollen	percentage	0		
individualtimelinenode_c2805b46-f963-491a-b825-766208e247a0	3186	3186	Potentilla-Comarum type	Potentilla nivea L.	Species	Potentilla nivea L.	Sibbaldia procumbens L.;Comarum palustre L.;Potentilla hyparctica Malte;Potentilla nivea L.;Potentilla hookeriana Lehm.	pollen	percentage	0		
individualtimelinenode_c2805b46-f963-491a-b825-766208e247a0	3186	3186	Potentilla-Comarum type	Potentilla hookeriana Lehm.	Species	Potentilla hookeriana Lehm.	Sibbaldia procumbens L.;Comarum palustre L.;Potentilla hyparctica Malte;Potentilla nivea L.;Potentilla hookeriana Lehm.	pollen	percentage	0		
individualtimelinenode_c2805b46-f963-491a-b825-766208e247a0	3186	3186	Ranunculus sp.	Ranunculus	Genus	Life > Plantae > Angiosperms > Ranunculales > Ranunculaceae > Ranunculus	Ranunculus	pollen	percentage	0		
individualtimelinenode_c2805b46-f963-491a-b825-766208e247a0	3186	3186	Rumex acetosella	Rumex acetosella L.	Species	Life > Plantae > Angiosperms > Caryophyllales > Polygonaceae > Rumex > Rumex acetosella L.	Rumex acetosella L.	pollen	percentage	0		
individualtimelinenode_c2805b46-f963-491a-b825-766208e247a0	3186	3186	Saxifraga oppositifolia type	Saxifraga paniculata Mill.	Species	Saxifraga paniculata Mill.	Saxifraga paniculata Mill.;Saxifraga aizoides L.;Saxifraga tricuspidata Rottb.;Saxifraga oppositifolia L.	pollen	percentage	0		
individualtimelinenode_c2805b46-f963-491a-b825-766208e247a0	3186	3186	Saxifraga oppositifolia type	Saxifraga aizoides L.	Species	Saxifraga aizoides L.	Saxifraga paniculata Mill.;Saxifraga aizoides L.;Saxifraga tricuspidata Rottb.;Saxifraga oppositifolia L.	pollen	percentage	0		
individualtimelinenode_c2805b46-f963-491a-b825-766208e247a0	3186	3186	Saxifraga oppositifolia type	Saxifraga tricuspidata Rottb.	Species	Saxifraga tricuspidata Rottb.	Saxifraga paniculata Mill.;Saxifraga aizoides L.;Saxifraga tricuspidata Rottb.;Saxifraga oppositifolia L.	pollen	percentage	0		
individualtimelinenode_c2805b46-f963-491a-b825-766208e247a0	3186	3186	Saxifraga oppositifolia type	Saxifraga oppositifolia L.	Species	Life > Plantae > Angiosperms > Saxifragales > Saxifragaceae > Saxifraga > Saxifraga oppositifolia L.	Saxifraga paniculata Mill.;Saxifraga aizoides L.;Saxifraga tricuspidata Rottb.;Saxifraga oppositifolia L.	pollen	percentage	0		
individualtimelinenode_c2805b46-f963-491a-b825-766208e247a0	3186	3186	Thalictrum alpinum	Thalictrum alpinum L.	Species	Life > Plantae > Angiosperms > Ranunculales > Ranunculaceae > Thalictrum > Thalictrum alpinum L.	Thalictrum alpinum L.	pollen	percentage	0		
individualtimelinenode_c2805b46-f963-491a-b825-766208e247a0	3186	3186	Tofieldia sp.	Tofieldia	Genus	Life > Plantae > Angiosperms > Alismatales > Tofieldiaceae > Tofieldia	Tofieldia	pollen	percentage	0		
individualtimelinenode_c2805b46-f963-491a-b825-766208e247a0	3447	3447	Alnus sp.	Alnus	Genus	Life > Plantae > Angiosperms > Fagales > Betulaceae > Alnus	Alnus	pollen	percentage	37.02128		
individualtimelinenode_c2805b46-f963-491a-b825-766208e247a0	3447	3447	Artemisia sp.	Artemisia	Genus	Life > Plantae > Angiosperms > Asterales > Asteraceae > Asteroideae > Anthemideae > Artemisia	Artemisia	pollen	percentage	0		
individualtimelinenode_c2805b46-f963-491a-b825-766208e247a0	3447	3447	Betula sp.	Betula	Genus	Life > Plantae > Angiosperms > Fagales > Betulaceae > Betula	Betula	pollen	percentage	31.25		
individualtimelinenode_c2805b46-f963-491a-b825-766208e247a0	3447	3447	Botrychium sp.	Botrychium	Genus	Life > Plantae > Polypodiophyta > Polypodiopsida > Ophioglossales > Ophioglossaceae > Botrychioideae > Botrychium	Botrychium	pollen	percentage	0.55556		
individualtimelinenode_c2805b46-f963-491a-b825-766208e247a0	3447	3447	Campanula sp.	Campanula	Genus	Life > Plantae > Angiosperms > Asterales > Campanulaceae > Campanula	Campanula	pollen	percentage	1.36364		
individualtimelinenode_c2805b46-f963-491a-b825-766208e247a0	3447	3447	Cerastium-Stellaria type	Stellaria longipes Goldie	Species	Stellaria longipes Goldie	Stellaria longipes Goldie;Cerastium fontanum Baumg.;Cerastium alpinum L.	pollen	percentage	0		
individualtimelinenode_c2805b46-f963-491a-b825-766208e247a0	3447	3447	Cerastium-Stellaria type	Cerastium fontanum Baumg.	Species	Cerastium fontanum Baumg.	Stellaria longipes Goldie;Cerastium fontanum Baumg.;Cerastium alpinum L.	pollen	percentage	0		
individualtimelinenode_c2805b46-f963-491a-b825-766208e247a0	3447	3447	Cerastium-Stellaria type	Cerastium alpinum L.	Species	Cerastium alpinum L.	Stellaria longipes Goldie;Cerastium fontanum Baumg.;Cerastium alpinum L.	pollen	percentage	0		
individualtimelinenode_c2805b46-f963-491a-b825-766208e247a0	3447	3447	Dryas type	Dryas	Genus	Life > Plantae > Angiosperms > Rosales > Rosaceae > Dryas	Dryas	pollen	percentage	0		
individualtimelinenode_c2805b46-f963-491a-b825-766208e247a0	3447	3447	Dryopteris type	Polypodiaceae	Family	Life > Plantae > Polypodiophyta > Polypodiopsida > Polypodiales > Polypodiaceae	Polypodiaceae	pollen	percentage	0		
individualtimelinenode_c2805b46-f963-491a-b825-766208e247a0	3447	3447	Euphrasia type	Rhinanthus	Genus	Life > Plantae > Angiosperms > Lamiales > Orobanchaceae > Rhinanthus	Rhinanthus;Euphrasia;Bartsia	pollen	percentage	0		
individualtimelinenode_c2805b46-f963-491a-b825-766208e247a0	3447	3447	Euphrasia type	Euphrasia	Genus	Euphrasia	Rhinanthus;Euphrasia;Bartsia	pollen	percentage	0		
individualtimelinenode_c2805b46-f963-491a-b825-766208e247a0	3447	3447	Euphrasia type	Bartsia	Genus	Bartsia	Rhinanthus;Euphrasia;Bartsia	pollen	percentage	0		
individualtimelinenode_c2805b46-f963-491a-b825-766208e247a0	3447	3447	Galium sp.	Galium	Genus	Life > Plantae > Angiosperms > Gentianales > Rubiaceae > Galium	Galium	pollen	percentage	0		
individualtimelinenode_c2805b46-f963-491a-b825-766208e247a0	3447	3447	Gymnocarpium dryopteris	Gymnocarpium dryopteris (L.) Newman	Species	Gymnocarpium dryopteris (L.) Newman	Gymnocarpium dryopteris (L.) Newman	pollen	percentage	0		
individualtimelinenode_c2805b46-f963-491a-b825-766208e247a0	3447	3447	Juniperus communis	Juniperus communis L.	Species	Life > Plantae > Pinophyta > Pinopsida > Cupressales > Cupressaceae > Juniperus > Juniperus communis L.	Juniperus communis L.	pollen	percentage	4.84848		
individualtimelinenode_c2805b46-f963-491a-b825-766208e247a0	3447	3447	Luzula-Juncus	Juncus	Genus	Life > Plantae > Angiosperms > Poales > Juncaceae > Juncus	Juncus;Luzula	pollen	percentage	0		
individualtimelinenode_c2805b46-f963-491a-b825-766208e247a0	3447	3447	Luzula-Juncus	Luzula	Genus	Life > Plantae > Angiosperms > Poales > Juncaceae > Luzula	Juncus;Luzula	pollen	percentage	0		
individualtimelinenode_c2805b46-f963-491a-b825-766208e247a0	3447	3447	Lycopodium dubium	Lycopodium clavatum L.	Species	Life > Plantae > Lycopodiophyta > Lycopodiopsida > Lycopodiales > Lycopodiaceae > Lycopodioideae > Lycopodium > Lycopodium clavatum L.	Lycopodium clavatum L.	pollen	percentage	5		
individualtimelinenode_c2805b46-f963-491a-b825-766208e247a0	3447	3447	Potentilla-Comarum type	Sibbaldia procumbens L.	Species	Sibbaldia procumbens L.	Sibbaldia procumbens L.;Comarum palustre L.;Potentilla hyparctica Malte;Potentilla nivea L.;Potentilla hookeriana Lehm.	pollen	percentage	0		
individualtimelinenode_c2805b46-f963-491a-b825-766208e247a0	3447	3447	Potentilla-Comarum type	Comarum palustre L.	Species	Life > Plantae > Angiosperms > Rosales > Rosaceae > Comarum > Comarum palustre L.	Sibbaldia procumbens L.;Comarum palustre L.;Potentilla hyparctica Malte;Potentilla nivea L.;Potentilla hookeriana Lehm.	pollen	percentage	0		
individualtimelinenode_c2805b46-f963-491a-b825-766208e247a0	3447	3447	Potentilla-Comarum type	Potentilla hyparctica Malte	Species	Potentilla hyparctica Malte	Sibbaldia procumbens L.;Comarum palustre L.;Potentilla hyparctica Malte;Potentilla nivea L.;Potentilla hookeriana Lehm.	pollen	percentage	0		
individualtimelinenode_c2805b46-f963-491a-b825-766208e247a0	3447	3447	Potentilla-Comarum type	Potentilla nivea L.	Species	Potentilla nivea L.	Sibbaldia procumbens L.;Comarum palustre L.;Potentilla hyparctica Malte;Potentilla nivea L.;Potentilla hookeriana Lehm.	pollen	percentage	0		
individualtimelinenode_c2805b46-f963-491a-b825-766208e247a0	3447	3447	Potentilla-Comarum type	Potentilla hookeriana Lehm.	Species	Potentilla hookeriana Lehm.	Sibbaldia procumbens L.;Comarum palustre L.;Potentilla hyparctica Malte;Potentilla nivea L.;Potentilla hookeriana Lehm.	pollen	percentage	0		
individualtimelinenode_c2805b46-f963-491a-b825-766208e247a0	3447	3447	Ranunculus sp.	Ranunculus	Genus	Life > Plantae > Angiosperms > Ranunculales > Ranunculaceae > Ranunculus	Ranunculus	pollen	percentage	0		
individualtimelinenode_c2805b46-f963-491a-b825-766208e247a0	3447	3447	Rumex acetosella	Rumex acetosella L.	Species	Life > Plantae > Angiosperms > Caryophyllales > Polygonaceae > Rumex > Rumex acetosella L.	Rumex acetosella L.	pollen	percentage	0.625		
individualtimelinenode_c2805b46-f963-491a-b825-766208e247a0	3447	3447	Saxifraga oppositifolia type	Saxifraga paniculata Mill.	Species	Saxifraga paniculata Mill.	Saxifraga paniculata Mill.;Saxifraga aizoides L.;Saxifraga tricuspidata Rottb.;Saxifraga oppositifolia L.	pollen	percentage	0		
individualtimelinenode_c2805b46-f963-491a-b825-766208e247a0	3447	3447	Saxifraga oppositifolia type	Saxifraga aizoides L.	Species	Saxifraga aizoides L.	Saxifraga paniculata Mill.;Saxifraga aizoides L.;Saxifraga tricuspidata Rottb.;Saxifraga oppositifolia L.	pollen	percentage	0		
individualtimelinenode_c2805b46-f963-491a-b825-766208e247a0	3447	3447	Saxifraga oppositifolia type	Saxifraga tricuspidata Rottb.	Species	Saxifraga tricuspidata Rottb.	Saxifraga paniculata Mill.;Saxifraga aizoides L.;Saxifraga tricuspidata Rottb.;Saxifraga oppositifolia L.	pollen	percentage	0		
individualtimelinenode_c2805b46-f963-491a-b825-766208e247a0	3447	3447	Saxifraga oppositifolia type	Saxifraga oppositifolia L.	Species	Life > Plantae > Angiosperms > Saxifragales > Saxifragaceae > Saxifraga > Saxifraga oppositifolia L.	Saxifraga paniculata Mill.;Saxifraga aizoides L.;Saxifraga tricuspidata Rottb.;Saxifraga oppositifolia L.	pollen	percentage	0		
individualtimelinenode_c2805b46-f963-491a-b825-766208e247a0	3447	3447	Thalictrum alpinum	Thalictrum alpinum L.	Species	Life > Plantae > Angiosperms > Ranunculales > Ranunculaceae > Thalictrum > Thalictrum alpinum L.	Thalictrum alpinum L.	pollen	percentage	0.625		
individualtimelinenode_c2805b46-f963-491a-b825-766208e247a0	3447	3447	Tofieldia sp.	Tofieldia	Genus	Life > Plantae > Angiosperms > Alismatales > Tofieldiaceae > Tofieldia	Tofieldia	pollen	percentage	0		
individualtimelinenode_c2805b46-f963-491a-b825-766208e247a0	3847	3847	Alnus sp.	Alnus	Genus	Life > Plantae > Angiosperms > Fagales > Betulaceae > Alnus	Alnus	pollen	percentage	19.14894		
individualtimelinenode_c2805b46-f963-491a-b825-766208e247a0	3847	3847	Artemisia sp.	Artemisia	Genus	Life > Plantae > Angiosperms > Asterales > Asteraceae > Asteroideae > Anthemideae > Artemisia	Artemisia	pollen	percentage	0		
individualtimelinenode_c2805b46-f963-491a-b825-766208e247a0	3847	3847	Betula sp.	Betula	Genus	Life > Plantae > Angiosperms > Fagales > Betulaceae > Betula	Betula	pollen	percentage	38.75		
individualtimelinenode_c2805b46-f963-491a-b825-766208e247a0	3847	3847	Botrychium sp.	Botrychium	Genus	Life > Plantae > Polypodiophyta > Polypodiopsida > Ophioglossales > Ophioglossaceae > Botrychioideae > Botrychium	Botrychium	pollen	percentage	0.55556		
individualtimelinenode_c2805b46-f963-491a-b825-766208e247a0	3847	3847	Campanula sp.	Campanula	Genus	Life > Plantae > Angiosperms > Asterales > Campanulaceae > Campanula	Campanula	pollen	percentage	0.45455		
individualtimelinenode_c2805b46-f963-491a-b825-766208e247a0	3847	3847	Cerastium-Stellaria type	Stellaria longipes Goldie	Species	Stellaria longipes Goldie	Stellaria longipes Goldie;Cerastium fontanum Baumg.;Cerastium alpinum L.	pollen	percentage	0		
individualtimelinenode_c2805b46-f963-491a-b825-766208e247a0	3847	3847	Cerastium-Stellaria type	Cerastium fontanum Baumg.	Species	Cerastium fontanum Baumg.	Stellaria longipes Goldie;Cerastium fontanum Baumg.;Cerastium alpinum L.	pollen	percentage	0		
individualtimelinenode_c2805b46-f963-491a-b825-766208e247a0	3847	3847	Cerastium-Stellaria type	Cerastium alpinum L.	Species	Cerastium alpinum L.	Stellaria longipes Goldie;Cerastium fontanum Baumg.;Cerastium alpinum L.	pollen	percentage	0		
individualtimelinenode_c2805b46-f963-491a-b825-766208e247a0	3847	3847	Dryas type	Dryas	Genus	Life > Plantae > Angiosperms > Rosales > Rosaceae > Dryas	Dryas	pollen	percentage	0		
individualtimelinenode_c2805b46-f963-491a-b825-766208e247a0	3847	3847	Dryopteris type	Polypodiaceae	Family	Life > Plantae > Polypodiophyta > Polypodiopsida > Polypodiales > Polypodiaceae	Polypodiaceae	pollen	percentage	0		
individualtimelinenode_c2805b46-f963-491a-b825-766208e247a0	3847	3847	Euphrasia type	Rhinanthus	Genus	Life > Plantae > Angiosperms > Lamiales > Orobanchaceae > Rhinanthus	Rhinanthus;Euphrasia;Bartsia	pollen	percentage	0		
individualtimelinenode_c2805b46-f963-491a-b825-766208e247a0	3847	3847	Euphrasia type	Euphrasia	Genus	Euphrasia	Rhinanthus;Euphrasia;Bartsia	pollen	percentage	0		
individualtimelinenode_c2805b46-f963-491a-b825-766208e247a0	3847	3847	Euphrasia type	Bartsia	Genus	Bartsia	Rhinanthus;Euphrasia;Bartsia	pollen	percentage	0		
individualtimelinenode_c2805b46-f963-491a-b825-766208e247a0	3847	3847	Galium sp.	Galium	Genus	Life > Plantae > Angiosperms > Gentianales > Rubiaceae > Galium	Galium	pollen	percentage	0		
individualtimelinenode_c2805b46-f963-491a-b825-766208e247a0	3847	3847	Gymnocarpium dryopteris	Gymnocarpium dryopteris (L.) Newman	Species	Gymnocarpium dryopteris (L.) Newman	Gymnocarpium dryopteris (L.) Newman	pollen	percentage	0		
individualtimelinenode_c2805b46-f963-491a-b825-766208e247a0	3847	3847	Juniperus communis	Juniperus communis L.	Species	Life > Plantae > Pinophyta > Pinopsida > Cupressales > Cupressaceae > Juniperus > Juniperus communis L.	Juniperus communis L.	pollen	percentage	6.66667		
individualtimelinenode_c2805b46-f963-491a-b825-766208e247a0	3847	3847	Luzula-Juncus	Juncus	Genus	Life > Plantae > Angiosperms > Poales > Juncaceae > Juncus	Juncus;Luzula	pollen	percentage	0		
individualtimelinenode_c2805b46-f963-491a-b825-766208e247a0	3847	3847	Luzula-Juncus	Luzula	Genus	Life > Plantae > Angiosperms > Poales > Juncaceae > Luzula	Juncus;Luzula	pollen	percentage	0		
individualtimelinenode_c2805b46-f963-491a-b825-766208e247a0	3847	3847	Lycopodium dubium	Lycopodium clavatum L.	Species	Life > Plantae > Lycopodiophyta > Lycopodiopsida > Lycopodiales > Lycopodiaceae > Lycopodioideae > Lycopodium > Lycopodium clavatum L.	Lycopodium clavatum L.	pollen	percentage	7.5		
individualtimelinenode_c2805b46-f963-491a-b825-766208e247a0	3847	3847	Potentilla-Comarum type	Sibbaldia procumbens L.	Species	Sibbaldia procumbens L.	Sibbaldia procumbens L.;Comarum palustre L.;Potentilla hyparctica Malte;Potentilla nivea L.;Potentilla hookeriana Lehm.	pollen	percentage	0.625		
individualtimelinenode_c2805b46-f963-491a-b825-766208e247a0	3847	3847	Potentilla-Comarum type	Comarum palustre L.	Species	Life > Plantae > Angiosperms > Rosales > Rosaceae > Comarum > Comarum palustre L.	Sibbaldia procumbens L.;Comarum palustre L.;Potentilla hyparctica Malte;Potentilla nivea L.;Potentilla hookeriana Lehm.	pollen	percentage	0.625		
individualtimelinenode_c2805b46-f963-491a-b825-766208e247a0	3847	3847	Potentilla-Comarum type	Potentilla hyparctica Malte	Species	Potentilla hyparctica Malte	Sibbaldia procumbens L.;Comarum palustre L.;Potentilla hyparctica Malte;Potentilla nivea L.;Potentilla hookeriana Lehm.	pollen	percentage	0.625		
individualtimelinenode_c2805b46-f963-491a-b825-766208e247a0	3847	3847	Potentilla-Comarum type	Potentilla nivea L.	Species	Potentilla nivea L.	Sibbaldia procumbens L.;Comarum palustre L.;Potentilla hyparctica Malte;Potentilla nivea L.;Potentilla hookeriana Lehm.	pollen	percentage	0.625		
individualtimelinenode_c2805b46-f963-491a-b825-766208e247a0	3847	3847	Potentilla-Comarum type	Potentilla hookeriana Lehm.	Species	Potentilla hookeriana Lehm.	Sibbaldia procumbens L.;Comarum palustre L.;Potentilla hyparctica Malte;Potentilla nivea L.;Potentilla hookeriana Lehm.	pollen	percentage	0.625		
individualtimelinenode_c2805b46-f963-491a-b825-766208e247a0	3847	3847	Ranunculus sp.	Ranunculus	Genus	Life > Plantae > Angiosperms > Ranunculales > Ranunculaceae > Ranunculus	Ranunculus	pollen	percentage	0		
individualtimelinenode_c2805b46-f963-491a-b825-766208e247a0	3847	3847	Rumex acetosella	Rumex acetosella L.	Species	Life > Plantae > Angiosperms > Caryophyllales > Polygonaceae > Rumex > Rumex acetosella L.	Rumex acetosella L.	pollen	percentage	0		
individualtimelinenode_c2805b46-f963-491a-b825-766208e247a0	3847	3847	Saxifraga oppositifolia type	Saxifraga paniculata Mill.	Species	Saxifraga paniculata Mill.	Saxifraga paniculata Mill.;Saxifraga aizoides L.;Saxifraga tricuspidata Rottb.;Saxifraga oppositifolia L.	pollen	percentage	0		
individualtimelinenode_c2805b46-f963-491a-b825-766208e247a0	3847	3847	Saxifraga oppositifolia type	Saxifraga aizoides L.	Species	Saxifraga aizoides L.	Saxifraga paniculata Mill.;Saxifraga aizoides L.;Saxifraga tricuspidata Rottb.;Saxifraga oppositifolia L.	pollen	percentage	0		
individualtimelinenode_c2805b46-f963-491a-b825-766208e247a0	3847	3847	Saxifraga oppositifolia type	Saxifraga tricuspidata Rottb.	Species	Saxifraga tricuspidata Rottb.	Saxifraga paniculata Mill.;Saxifraga aizoides L.;Saxifraga tricuspidata Rottb.;Saxifraga oppositifolia L.	pollen	percentage	0		
individualtimelinenode_c2805b46-f963-491a-b825-766208e247a0	3847	3847	Saxifraga oppositifolia type	Saxifraga oppositifolia L.	Species	Life > Plantae > Angiosperms > Saxifragales > Saxifragaceae > Saxifraga > Saxifraga oppositifolia L.	Saxifraga paniculata Mill.;Saxifraga aizoides L.;Saxifraga tricuspidata Rottb.;Saxifraga oppositifolia L.	pollen	percentage	0		
individualtimelinenode_c2805b46-f963-491a-b825-766208e247a0	3847	3847	Thalictrum alpinum	Thalictrum alpinum L.	Species	Life > Plantae > Angiosperms > Ranunculales > Ranunculaceae > Thalictrum > Thalictrum alpinum L.	Thalictrum alpinum L.	pollen	percentage	0		
individualtimelinenode_c2805b46-f963-491a-b825-766208e247a0	3847	3847	Tofieldia sp.	Tofieldia	Genus	Life > Plantae > Angiosperms > Alismatales > Tofieldiaceae > Tofieldia	Tofieldia	pollen	percentage	0		
individualtimelinenode_c2805b46-f963-491a-b825-766208e247a0	4371	4371	Alnus sp.	Alnus	Genus	Life > Plantae > Angiosperms > Fagales > Betulaceae > Alnus	Alnus	pollen	percentage	4.46809		
individualtimelinenode_c2805b46-f963-491a-b825-766208e247a0	4371	4371	Artemisia sp.	Artemisia	Genus	Life > Plantae > Angiosperms > Asterales > Asteraceae > Asteroideae > Anthemideae > Artemisia	Artemisia	pollen	percentage	0		
individualtimelinenode_c2805b46-f963-491a-b825-766208e247a0	4371	4371	Betula sp.	Betula	Genus	Life > Plantae > Angiosperms > Fagales > Betulaceae > Betula	Betula	pollen	percentage	61.25		
individualtimelinenode_c2805b46-f963-491a-b825-766208e247a0	4371	4371	Botrychium sp.	Botrychium	Genus	Life > Plantae > Polypodiophyta > Polypodiopsida > Ophioglossales > Ophioglossaceae > Botrychioideae > Botrychium	Botrychium	pollen	percentage	0		
individualtimelinenode_c2805b46-f963-491a-b825-766208e247a0	4371	4371	Campanula sp.	Campanula	Genus	Life > Plantae > Angiosperms > Asterales > Campanulaceae > Campanula	Campanula	pollen	percentage	0		
individualtimelinenode_c2805b46-f963-491a-b825-766208e247a0	4371	4371	Cerastium-Stellaria type	Stellaria longipes Goldie	Species	Stellaria longipes Goldie	Stellaria longipes Goldie;Cerastium fontanum Baumg.;Cerastium alpinum L.	pollen	percentage	0		
individualtimelinenode_c2805b46-f963-491a-b825-766208e247a0	4371	4371	Cerastium-Stellaria type	Cerastium fontanum Baumg.	Species	Cerastium fontanum Baumg.	Stellaria longipes Goldie;Cerastium fontanum Baumg.;Cerastium alpinum L.	pollen	percentage	0		
individualtimelinenode_c2805b46-f963-491a-b825-766208e247a0	4371	4371	Cerastium-Stellaria type	Cerastium alpinum L.	Species	Cerastium alpinum L.	Stellaria longipes Goldie;Cerastium fontanum Baumg.;Cerastium alpinum L.	pollen	percentage	0		
individualtimelinenode_c2805b46-f963-491a-b825-766208e247a0	4371	4371	Dryas type	Dryas	Genus	Life > Plantae > Angiosperms > Rosales > Rosaceae > Dryas	Dryas	pollen	percentage	0		
individualtimelinenode_c2805b46-f963-491a-b825-766208e247a0	4371	4371	Dryopteris type	Polypodiaceae	Family	Life > Plantae > Polypodiophyta > Polypodiopsida > Polypodiales > Polypodiaceae	Polypodiaceae	pollen	percentage	0		
individualtimelinenode_c2805b46-f963-491a-b825-766208e247a0	4371	4371	Euphrasia type	Rhinanthus	Genus	Life > Plantae > Angiosperms > Lamiales > Orobanchaceae > Rhinanthus	Rhinanthus;Euphrasia;Bartsia	pollen	percentage	0		
individualtimelinenode_c2805b46-f963-491a-b825-766208e247a0	4371	4371	Euphrasia type	Euphrasia	Genus	Euphrasia	Rhinanthus;Euphrasia;Bartsia	pollen	percentage	0		
individualtimelinenode_c2805b46-f963-491a-b825-766208e247a0	4371	4371	Euphrasia type	Bartsia	Genus	Bartsia	Rhinanthus;Euphrasia;Bartsia	pollen	percentage	0		
individualtimelinenode_c2805b46-f963-491a-b825-766208e247a0	4371	4371	Galium sp.	Galium	Genus	Life > Plantae > Angiosperms > Gentianales > Rubiaceae > Galium	Galium	pollen	percentage	0		
individualtimelinenode_c2805b46-f963-491a-b825-766208e247a0	4371	4371	Gymnocarpium dryopteris	Gymnocarpium dryopteris (L.) Newman	Species	Gymnocarpium dryopteris (L.) Newman	Gymnocarpium dryopteris (L.) Newman	pollen	percentage	2.22222		
individualtimelinenode_c2805b46-f963-491a-b825-766208e247a0	4371	4371	Juniperus communis	Juniperus communis L.	Species	Life > Plantae > Pinophyta > Pinopsida > Cupressales > Cupressaceae > Juniperus > Juniperus communis L.	Juniperus communis L.	pollen	percentage	7.87879		
individualtimelinenode_c2805b46-f963-491a-b825-766208e247a0	4371	4371	Luzula-Juncus	Juncus	Genus	Life > Plantae > Angiosperms > Poales > Juncaceae > Juncus	Juncus;Luzula	pollen	percentage	0		
individualtimelinenode_c2805b46-f963-491a-b825-766208e247a0	4371	4371	Luzula-Juncus	Luzula	Genus	Life > Plantae > Angiosperms > Poales > Juncaceae > Luzula	Juncus;Luzula	pollen	percentage	0		
individualtimelinenode_c2805b46-f963-491a-b825-766208e247a0	4371	4371	Lycopodium dubium	Lycopodium clavatum L.	Species	Life > Plantae > Lycopodiophyta > Lycopodiopsida > Lycopodiales > Lycopodiaceae > Lycopodioideae > Lycopodium > Lycopodium clavatum L.	Lycopodium clavatum L.	pollen	percentage	4.375		
individualtimelinenode_c2805b46-f963-491a-b825-766208e247a0	4371	4371	Potentilla-Comarum type	Sibbaldia procumbens L.	Species	Sibbaldia procumbens L.	Sibbaldia procumbens L.;Comarum palustre L.;Potentilla hyparctica Malte;Potentilla nivea L.;Potentilla hookeriana Lehm.	pollen	percentage	0		
individualtimelinenode_c2805b46-f963-491a-b825-766208e247a0	4371	4371	Potentilla-Comarum type	Comarum palustre L.	Species	Life > Plantae > Angiosperms > Rosales > Rosaceae > Comarum > Comarum palustre L.	Sibbaldia procumbens L.;Comarum palustre L.;Potentilla hyparctica Malte;Potentilla nivea L.;Potentilla hookeriana Lehm.	pollen	percentage	0		
individualtimelinenode_c2805b46-f963-491a-b825-766208e247a0	4371	4371	Potentilla-Comarum type	Potentilla hyparctica Malte	Species	Potentilla hyparctica Malte	Sibbaldia procumbens L.;Comarum palustre L.;Potentilla hyparctica Malte;Potentilla nivea L.;Potentilla hookeriana Lehm.	pollen	percentage	0		
individualtimelinenode_c2805b46-f963-491a-b825-766208e247a0	4371	4371	Potentilla-Comarum type	Potentilla nivea L.	Species	Potentilla nivea L.	Sibbaldia procumbens L.;Comarum palustre L.;Potentilla hyparctica Malte;Potentilla nivea L.;Potentilla hookeriana Lehm.	pollen	percentage	0		
individualtimelinenode_c2805b46-f963-491a-b825-766208e247a0	4371	4371	Potentilla-Comarum type	Potentilla hookeriana Lehm.	Species	Potentilla hookeriana Lehm.	Sibbaldia procumbens L.;Comarum palustre L.;Potentilla hyparctica Malte;Potentilla nivea L.;Potentilla hookeriana Lehm.	pollen	percentage	0		
individualtimelinenode_c2805b46-f963-491a-b825-766208e247a0	4371	4371	Ranunculus sp.	Ranunculus	Genus	Life > Plantae > Angiosperms > Ranunculales > Ranunculaceae > Ranunculus	Ranunculus	pollen	percentage	0		
individualtimelinenode_c2805b46-f963-491a-b825-766208e247a0	4371	4371	Rumex acetosella	Rumex acetosella L.	Species	Life > Plantae > Angiosperms > Caryophyllales > Polygonaceae > Rumex > Rumex acetosella L.	Rumex acetosella L.	pollen	percentage	0		
individualtimelinenode_c2805b46-f963-491a-b825-766208e247a0	4371	4371	Saxifraga oppositifolia type	Saxifraga paniculata Mill.	Species	Saxifraga paniculata Mill.	Saxifraga paniculata Mill.;Saxifraga aizoides L.;Saxifraga tricuspidata Rottb.;Saxifraga oppositifolia L.	pollen	percentage	0		
individualtimelinenode_c2805b46-f963-491a-b825-766208e247a0	4371	4371	Saxifraga oppositifolia type	Saxifraga aizoides L.	Species	Saxifraga aizoides L.	Saxifraga paniculata Mill.;Saxifraga aizoides L.;Saxifraga tricuspidata Rottb.;Saxifraga oppositifolia L.	pollen	percentage	0		
individualtimelinenode_c2805b46-f963-491a-b825-766208e247a0	4371	4371	Saxifraga oppositifolia type	Saxifraga tricuspidata Rottb.	Species	Saxifraga tricuspidata Rottb.	Saxifraga paniculata Mill.;Saxifraga aizoides L.;Saxifraga tricuspidata Rottb.;Saxifraga oppositifolia L.	pollen	percentage	0		
individualtimelinenode_c2805b46-f963-491a-b825-766208e247a0	4371	4371	Saxifraga oppositifolia type	Saxifraga oppositifolia L.	Species	Life > Plantae > Angiosperms > Saxifragales > Saxifragaceae > Saxifraga > Saxifraga oppositifolia L.	Saxifraga paniculata Mill.;Saxifraga aizoides L.;Saxifraga tricuspidata Rottb.;Saxifraga oppositifolia L.	pollen	percentage	0		
individualtimelinenode_c2805b46-f963-491a-b825-766208e247a0	4371	4371	Thalictrum alpinum	Thalictrum alpinum L.	Species	Life > Plantae > Angiosperms > Ranunculales > Ranunculaceae > Thalictrum > Thalictrum alpinum L.	Thalictrum alpinum L.	pollen	percentage	0		
individualtimelinenode_c2805b46-f963-491a-b825-766208e247a0	4371	4371	Tofieldia sp.	Tofieldia	Genus	Life > Plantae > Angiosperms > Alismatales > Tofieldiaceae > Tofieldia	Tofieldia	pollen	percentage	0		
individualtimelinenode_c2805b46-f963-491a-b825-766208e247a0	4560	4560	Alnus sp.	Alnus	Genus	Life > Plantae > Angiosperms > Fagales > Betulaceae > Alnus	Alnus	pollen	percentage	0.6383		
individualtimelinenode_c2805b46-f963-491a-b825-766208e247a0	4560	4560	Artemisia sp.	Artemisia	Genus	Life > Plantae > Angiosperms > Asterales > Asteraceae > Asteroideae > Anthemideae > Artemisia	Artemisia	pollen	percentage	0		
individualtimelinenode_c2805b46-f963-491a-b825-766208e247a0	4560	4560	Betula sp.	Betula	Genus	Life > Plantae > Angiosperms > Fagales > Betulaceae > Betula	Betula	pollen	percentage	50.625		
individualtimelinenode_c2805b46-f963-491a-b825-766208e247a0	4560	4560	Botrychium sp.	Botrychium	Genus	Life > Plantae > Polypodiophyta > Polypodiopsida > Ophioglossales > Ophioglossaceae > Botrychioideae > Botrychium	Botrychium	pollen	percentage	0		
individualtimelinenode_c2805b46-f963-491a-b825-766208e247a0	4560	4560	Campanula sp.	Campanula	Genus	Life > Plantae > Angiosperms > Asterales > Campanulaceae > Campanula	Campanula	pollen	percentage	0		
individualtimelinenode_c2805b46-f963-491a-b825-766208e247a0	4560	4560	Cerastium-Stellaria type	Stellaria longipes Goldie	Species	Stellaria longipes Goldie	Stellaria longipes Goldie;Cerastium fontanum Baumg.;Cerastium alpinum L.	pollen	percentage	0		
individualtimelinenode_c2805b46-f963-491a-b825-766208e247a0	4560	4560	Cerastium-Stellaria type	Cerastium fontanum Baumg.	Species	Cerastium fontanum Baumg.	Stellaria longipes Goldie;Cerastium fontanum Baumg.;Cerastium alpinum L.	pollen	percentage	0		
individualtimelinenode_c2805b46-f963-491a-b825-766208e247a0	4560	4560	Cerastium-Stellaria type	Cerastium alpinum L.	Species	Cerastium alpinum L.	Stellaria longipes Goldie;Cerastium fontanum Baumg.;Cerastium alpinum L.	pollen	percentage	0		
individualtimelinenode_c2805b46-f963-491a-b825-766208e247a0	4560	4560	Dryas type	Dryas	Genus	Life > Plantae > Angiosperms > Rosales > Rosaceae > Dryas	Dryas	pollen	percentage	0		
individualtimelinenode_c2805b46-f963-491a-b825-766208e247a0	4560	4560	Dryopteris type	Polypodiaceae	Family	Life > Plantae > Polypodiophyta > Polypodiopsida > Polypodiales > Polypodiaceae	Polypodiaceae	pollen	percentage	0.625		
individualtimelinenode_c2805b46-f963-491a-b825-766208e247a0	4560	4560	Euphrasia type	Rhinanthus	Genus	Life > Plantae > Angiosperms > Lamiales > Orobanchaceae > Rhinanthus	Rhinanthus;Euphrasia;Bartsia	pollen	percentage	0		
individualtimelinenode_c2805b46-f963-491a-b825-766208e247a0	4560	4560	Euphrasia type	Euphrasia	Genus	Euphrasia	Rhinanthus;Euphrasia;Bartsia	pollen	percentage	0		
individualtimelinenode_c2805b46-f963-491a-b825-766208e247a0	4560	4560	Euphrasia type	Bartsia	Genus	Bartsia	Rhinanthus;Euphrasia;Bartsia	pollen	percentage	0		
individualtimelinenode_c2805b46-f963-491a-b825-766208e247a0	4560	4560	Galium sp.	Galium	Genus	Life > Plantae > Angiosperms > Gentianales > Rubiaceae > Galium	Galium	pollen	percentage	0		
individualtimelinenode_c2805b46-f963-491a-b825-766208e247a0	4560	4560	Gymnocarpium dryopteris	Gymnocarpium dryopteris (L.) Newman	Species	Gymnocarpium dryopteris (L.) Newman	Gymnocarpium dryopteris (L.) Newman	pollen	percentage	1.11111		
individualtimelinenode_c2805b46-f963-491a-b825-766208e247a0	4560	4560	Juniperus communis	Juniperus communis L.	Species	Life > Plantae > Pinophyta > Pinopsida > Cupressales > Cupressaceae > Juniperus > Juniperus communis L.	Juniperus communis L.	pollen	percentage	7.87879		
individualtimelinenode_c2805b46-f963-491a-b825-766208e247a0	4560	4560	Luzula-Juncus	Juncus	Genus	Life > Plantae > Angiosperms > Poales > Juncaceae > Juncus	Juncus;Luzula	pollen	percentage	0		
individualtimelinenode_c2805b46-f963-491a-b825-766208e247a0	4560	4560	Luzula-Juncus	Luzula	Genus	Life > Plantae > Angiosperms > Poales > Juncaceae > Luzula	Juncus;Luzula	pollen	percentage	0		
individualtimelinenode_c2805b46-f963-491a-b825-766208e247a0	4560	4560	Lycopodium dubium	Lycopodium clavatum L.	Species	Life > Plantae > Lycopodiophyta > Lycopodiopsida > Lycopodiales > Lycopodiaceae > Lycopodioideae > Lycopodium > Lycopodium clavatum L.	Lycopodium clavatum L.	pollen	percentage	8.75		
individualtimelinenode_c2805b46-f963-491a-b825-766208e247a0	4560	4560	Potentilla-Comarum type	Sibbaldia procumbens L.	Species	Sibbaldia procumbens L.	Sibbaldia procumbens L.;Comarum palustre L.;Potentilla hyparctica Malte;Potentilla nivea L.;Potentilla hookeriana Lehm.	pollen	percentage	0		
individualtimelinenode_c2805b46-f963-491a-b825-766208e247a0	4560	4560	Potentilla-Comarum type	Comarum palustre L.	Species	Life > Plantae > Angiosperms > Rosales > Rosaceae > Comarum > Comarum palustre L.	Sibbaldia procumbens L.;Comarum palustre L.;Potentilla hyparctica Malte;Potentilla nivea L.;Potentilla hookeriana Lehm.	pollen	percentage	0		
individualtimelinenode_c2805b46-f963-491a-b825-766208e247a0	4560	4560	Potentilla-Comarum type	Potentilla hyparctica Malte	Species	Potentilla hyparctica Malte	Sibbaldia procumbens L.;Comarum palustre L.;Potentilla hyparctica Malte;Potentilla nivea L.;Potentilla hookeriana Lehm.	pollen	percentage	0		
individualtimelinenode_c2805b46-f963-491a-b825-766208e247a0	4560	4560	Potentilla-Comarum type	Potentilla nivea L.	Species	Potentilla nivea L.	Sibbaldia procumbens L.;Comarum palustre L.;Potentilla hyparctica Malte;Potentilla nivea L.;Potentilla hookeriana Lehm.	pollen	percentage	0		
individualtimelinenode_c2805b46-f963-491a-b825-766208e247a0	4560	4560	Potentilla-Comarum type	Potentilla hookeriana Lehm.	Species	Potentilla hookeriana Lehm.	Sibbaldia procumbens L.;Comarum palustre L.;Potentilla hyparctica Malte;Potentilla nivea L.;Potentilla hookeriana Lehm.	pollen	percentage	0		
individualtimelinenode_c2805b46-f963-491a-b825-766208e247a0	4560	4560	Ranunculus sp.	Ranunculus	Genus	Life > Plantae > Angiosperms > Ranunculales > Ranunculaceae > Ranunculus	Ranunculus	pollen	percentage	0		
individualtimelinenode_c2805b46-f963-491a-b825-766208e247a0	4560	4560	Rumex acetosella	Rumex acetosella L.	Species	Life > Plantae > Angiosperms > Caryophyllales > Polygonaceae > Rumex > Rumex acetosella L.	Rumex acetosella L.	pollen	percentage	0		
individualtimelinenode_c2805b46-f963-491a-b825-766208e247a0	4560	4560	Saxifraga oppositifolia type	Saxifraga paniculata Mill.	Species	Saxifraga paniculata Mill.	Saxifraga paniculata Mill.;Saxifraga aizoides L.;Saxifraga tricuspidata Rottb.;Saxifraga oppositifolia L.	pollen	percentage	0		
individualtimelinenode_c2805b46-f963-491a-b825-766208e247a0	4560	4560	Saxifraga oppositifolia type	Saxifraga aizoides L.	Species	Saxifraga aizoides L.	Saxifraga paniculata Mill.;Saxifraga aizoides L.;Saxifraga tricuspidata Rottb.;Saxifraga oppositifolia L.	pollen	percentage	0		
individualtimelinenode_c2805b46-f963-491a-b825-766208e247a0	4560	4560	Saxifraga oppositifolia type	Saxifraga tricuspidata Rottb.	Species	Saxifraga tricuspidata Rottb.	Saxifraga paniculata Mill.;Saxifraga aizoides L.;Saxifraga tricuspidata Rottb.;Saxifraga oppositifolia L.	pollen	percentage	0		
individualtimelinenode_c2805b46-f963-491a-b825-766208e247a0	4560	4560	Saxifraga oppositifolia type	Saxifraga oppositifolia L.	Species	Life > Plantae > Angiosperms > Saxifragales > Saxifragaceae > Saxifraga > Saxifraga oppositifolia L.	Saxifraga paniculata Mill.;Saxifraga aizoides L.;Saxifraga tricuspidata Rottb.;Saxifraga oppositifolia L.	pollen	percentage	0		
individualtimelinenode_c2805b46-f963-491a-b825-766208e247a0	4560	4560	Thalictrum alpinum	Thalictrum alpinum L.	Species	Life > Plantae > Angiosperms > Ranunculales > Ranunculaceae > Thalictrum > Thalictrum alpinum L.	Thalictrum alpinum L.	pollen	percentage	0		
individualtimelinenode_c2805b46-f963-491a-b825-766208e247a0	4560	4560	Tofieldia sp.	Tofieldia	Genus	Life > Plantae > Angiosperms > Alismatales > Tofieldiaceae > Tofieldia	Tofieldia	pollen	percentage	0		
individualtimelinenode_c2805b46-f963-491a-b825-766208e247a0	4844	4844	Alnus sp.	Alnus	Genus	Life > Plantae > Angiosperms > Fagales > Betulaceae > Alnus	Alnus	pollen	percentage	0.6383		
individualtimelinenode_c2805b46-f963-491a-b825-766208e247a0	4844	4844	Artemisia sp.	Artemisia	Genus	Life > Plantae > Angiosperms > Asterales > Asteraceae > Asteroideae > Anthemideae > Artemisia	Artemisia	pollen	percentage	0.55556		
individualtimelinenode_c2805b46-f963-491a-b825-766208e247a0	4844	4844	Betula sp.	Betula	Genus	Life > Plantae > Angiosperms > Fagales > Betulaceae > Betula	Betula	pollen	percentage	47.5		
individualtimelinenode_c2805b46-f963-491a-b825-766208e247a0	4844	4844	Botrychium sp.	Botrychium	Genus	Life > Plantae > Polypodiophyta > Polypodiopsida > Ophioglossales > Ophioglossaceae > Botrychioideae > Botrychium	Botrychium	pollen	percentage	0		
individualtimelinenode_c2805b46-f963-491a-b825-766208e247a0	4844	4844	Campanula sp.	Campanula	Genus	Life > Plantae > Angiosperms > Asterales > Campanulaceae > Campanula	Campanula	pollen	percentage	0		
individualtimelinenode_c2805b46-f963-491a-b825-766208e247a0	4844	4844	Cerastium-Stellaria type	Stellaria longipes Goldie	Species	Stellaria longipes Goldie	Stellaria longipes Goldie;Cerastium fontanum Baumg.;Cerastium alpinum L.	pollen	percentage	0		
individualtimelinenode_c2805b46-f963-491a-b825-766208e247a0	4844	4844	Cerastium-Stellaria type	Cerastium fontanum Baumg.	Species	Cerastium fontanum Baumg.	Stellaria longipes Goldie;Cerastium fontanum Baumg.;Cerastium alpinum L.	pollen	percentage	0		
individualtimelinenode_c2805b46-f963-491a-b825-766208e247a0	4844	4844	Cerastium-Stellaria type	Cerastium alpinum L.	Species	Cerastium alpinum L.	Stellaria longipes Goldie;Cerastium fontanum Baumg.;Cerastium alpinum L.	pollen	percentage	0		
individualtimelinenode_c2805b46-f963-491a-b825-766208e247a0	4844	4844	Dryas type	Dryas	Genus	Life > Plantae > Angiosperms > Rosales > Rosaceae > Dryas	Dryas	pollen	percentage	0		
individualtimelinenode_c2805b46-f963-491a-b825-766208e247a0	4844	4844	Dryopteris type	Polypodiaceae	Family	Life > Plantae > Polypodiophyta > Polypodiopsida > Polypodiales > Polypodiaceae	Polypodiaceae	pollen	percentage	0		
individualtimelinenode_c2805b46-f963-491a-b825-766208e247a0	4844	4844	Euphrasia type	Rhinanthus	Genus	Life > Plantae > Angiosperms > Lamiales > Orobanchaceae > Rhinanthus	Rhinanthus;Euphrasia;Bartsia	pollen	percentage	0		
individualtimelinenode_c2805b46-f963-491a-b825-766208e247a0	4844	4844	Euphrasia type	Euphrasia	Genus	Euphrasia	Rhinanthus;Euphrasia;Bartsia	pollen	percentage	0		
individualtimelinenode_c2805b46-f963-491a-b825-766208e247a0	4844	4844	Euphrasia type	Bartsia	Genus	Bartsia	Rhinanthus;Euphrasia;Bartsia	pollen	percentage	0		
individualtimelinenode_c2805b46-f963-491a-b825-766208e247a0	4844	4844	Galium sp.	Galium	Genus	Life > Plantae > Angiosperms > Gentianales > Rubiaceae > Galium	Galium	pollen	percentage	0		
individualtimelinenode_c2805b46-f963-491a-b825-766208e247a0	4844	4844	Gymnocarpium dryopteris	Gymnocarpium dryopteris (L.) Newman	Species	Gymnocarpium dryopteris (L.) Newman	Gymnocarpium dryopteris (L.) Newman	pollen	percentage	1.11111		
individualtimelinenode_c2805b46-f963-491a-b825-766208e247a0	4844	4844	Juniperus communis	Juniperus communis L.	Species	Life > Plantae > Pinophyta > Pinopsida > Cupressales > Cupressaceae > Juniperus > Juniperus communis L.	Juniperus communis L.	pollen	percentage	14.54545		
individualtimelinenode_c2805b46-f963-491a-b825-766208e247a0	4844	4844	Luzula-Juncus	Juncus	Genus	Life > Plantae > Angiosperms > Poales > Juncaceae > Juncus	Juncus;Luzula	pollen	percentage	0		
individualtimelinenode_c2805b46-f963-491a-b825-766208e247a0	4844	4844	Luzula-Juncus	Luzula	Genus	Life > Plantae > Angiosperms > Poales > Juncaceae > Luzula	Juncus;Luzula	pollen	percentage	0		
individualtimelinenode_c2805b46-f963-491a-b825-766208e247a0	4844	4844	Lycopodium dubium	Lycopodium clavatum L.	Species	Life > Plantae > Lycopodiophyta > Lycopodiopsida > Lycopodiales > Lycopodiaceae > Lycopodioideae > Lycopodium > Lycopodium clavatum L.	Lycopodium clavatum L.	pollen	percentage	8.75		
individualtimelinenode_c2805b46-f963-491a-b825-766208e247a0	4844	4844	Potentilla-Comarum type	Sibbaldia procumbens L.	Species	Sibbaldia procumbens L.	Sibbaldia procumbens L.;Comarum palustre L.;Potentilla hyparctica Malte;Potentilla nivea L.;Potentilla hookeriana Lehm.	pollen	percentage	0		
individualtimelinenode_c2805b46-f963-491a-b825-766208e247a0	4844	4844	Potentilla-Comarum type	Comarum palustre L.	Species	Life > Plantae > Angiosperms > Rosales > Rosaceae > Comarum > Comarum palustre L.	Sibbaldia procumbens L.;Comarum palustre L.;Potentilla hyparctica Malte;Potentilla nivea L.;Potentilla hookeriana Lehm.	pollen	percentage	0		
individualtimelinenode_c2805b46-f963-491a-b825-766208e247a0	4844	4844	Potentilla-Comarum type	Potentilla hyparctica Malte	Species	Potentilla hyparctica Malte	Sibbaldia procumbens L.;Comarum palustre L.;Potentilla hyparctica Malte;Potentilla nivea L.;Potentilla hookeriana Lehm.	pollen	percentage	0		
individualtimelinenode_c2805b46-f963-491a-b825-766208e247a0	4844	4844	Potentilla-Comarum type	Potentilla nivea L.	Species	Potentilla nivea L.	Sibbaldia procumbens L.;Comarum palustre L.;Potentilla hyparctica Malte;Potentilla nivea L.;Potentilla hookeriana Lehm.	pollen	percentage	0		
individualtimelinenode_c2805b46-f963-491a-b825-766208e247a0	4844	4844	Potentilla-Comarum type	Potentilla hookeriana Lehm.	Species	Potentilla hookeriana Lehm.	Sibbaldia procumbens L.;Comarum palustre L.;Potentilla hyparctica Malte;Potentilla nivea L.;Potentilla hookeriana Lehm.	pollen	percentage	0		
individualtimelinenode_c2805b46-f963-491a-b825-766208e247a0	4844	4844	Ranunculus sp.	Ranunculus	Genus	Life > Plantae > Angiosperms > Ranunculales > Ranunculaceae > Ranunculus	Ranunculus	pollen	percentage	0		
individualtimelinenode_c2805b46-f963-491a-b825-766208e247a0	4844	4844	Rumex acetosella	Rumex acetosella L.	Species	Life > Plantae > Angiosperms > Caryophyllales > Polygonaceae > Rumex > Rumex acetosella L.	Rumex acetosella L.	pollen	percentage	1.25		
individualtimelinenode_c2805b46-f963-491a-b825-766208e247a0	4844	4844	Saxifraga oppositifolia type	Saxifraga paniculata Mill.	Species	Saxifraga paniculata Mill.	Saxifraga paniculata Mill.;Saxifraga aizoides L.;Saxifraga tricuspidata Rottb.;Saxifraga oppositifolia L.	pollen	percentage	0		
individualtimelinenode_c2805b46-f963-491a-b825-766208e247a0	4844	4844	Saxifraga oppositifolia type	Saxifraga aizoides L.	Species	Saxifraga aizoides L.	Saxifraga paniculata Mill.;Saxifraga aizoides L.;Saxifraga tricuspidata Rottb.;Saxifraga oppositifolia L.	pollen	percentage	0		
individualtimelinenode_c2805b46-f963-491a-b825-766208e247a0	4844	4844	Saxifraga oppositifolia type	Saxifraga tricuspidata Rottb.	Species	Saxifraga tricuspidata Rottb.	Saxifraga paniculata Mill.;Saxifraga aizoides L.;Saxifraga tricuspidata Rottb.;Saxifraga oppositifolia L.	pollen	percentage	0		
individualtimelinenode_c2805b46-f963-491a-b825-766208e247a0	4844	4844	Saxifraga oppositifolia type	Saxifraga oppositifolia L.	Species	Life > Plantae > Angiosperms > Saxifragales > Saxifragaceae > Saxifraga > Saxifraga oppositifolia L.	Saxifraga paniculata Mill.;Saxifraga aizoides L.;Saxifraga tricuspidata Rottb.;Saxifraga oppositifolia L.	pollen	percentage	0		
individualtimelinenode_c2805b46-f963-491a-b825-766208e247a0	4844	4844	Thalictrum alpinum	Thalictrum alpinum L.	Species	Life > Plantae > Angiosperms > Ranunculales > Ranunculaceae > Thalictrum > Thalictrum alpinum L.	Thalictrum alpinum L.	pollen	percentage	0		
individualtimelinenode_c2805b46-f963-491a-b825-766208e247a0	4844	4844	Tofieldia sp.	Tofieldia	Genus	Life > Plantae > Angiosperms > Alismatales > Tofieldiaceae > Tofieldia	Tofieldia	pollen	percentage	0		
individualtimelinenode_c2805b46-f963-491a-b825-766208e247a0	5103	5103	Alnus sp.	Alnus	Genus	Life > Plantae > Angiosperms > Fagales > Betulaceae > Alnus	Alnus	pollen	percentage	1.2766		
individualtimelinenode_c2805b46-f963-491a-b825-766208e247a0	5103	5103	Artemisia sp.	Artemisia	Genus	Life > Plantae > Angiosperms > Asterales > Asteraceae > Asteroideae > Anthemideae > Artemisia	Artemisia	pollen	percentage	0		
individualtimelinenode_c2805b46-f963-491a-b825-766208e247a0	5103	5103	Betula sp.	Betula	Genus	Life > Plantae > Angiosperms > Fagales > Betulaceae > Betula	Betula	pollen	percentage	47.5		
individualtimelinenode_c2805b46-f963-491a-b825-766208e247a0	5103	5103	Botrychium sp.	Botrychium	Genus	Life > Plantae > Polypodiophyta > Polypodiopsida > Ophioglossales > Ophioglossaceae > Botrychioideae > Botrychium	Botrychium	pollen	percentage	0		
individualtimelinenode_c2805b46-f963-491a-b825-766208e247a0	5103	5103	Campanula sp.	Campanula	Genus	Life > Plantae > Angiosperms > Asterales > Campanulaceae > Campanula	Campanula	pollen	percentage	0		
individualtimelinenode_c2805b46-f963-491a-b825-766208e247a0	5103	5103	Cerastium-Stellaria type	Stellaria longipes Goldie	Species	Stellaria longipes Goldie	Stellaria longipes Goldie;Cerastium fontanum Baumg.;Cerastium alpinum L.	pollen	percentage	0		
individualtimelinenode_c2805b46-f963-491a-b825-766208e247a0	5103	5103	Cerastium-Stellaria type	Cerastium fontanum Baumg.	Species	Cerastium fontanum Baumg.	Stellaria longipes Goldie;Cerastium fontanum Baumg.;Cerastium alpinum L.	pollen	percentage	0		
individualtimelinenode_c2805b46-f963-491a-b825-766208e247a0	5103	5103	Cerastium-Stellaria type	Cerastium alpinum L.	Species	Cerastium alpinum L.	Stellaria longipes Goldie;Cerastium fontanum Baumg.;Cerastium alpinum L.	pollen	percentage	0		
individualtimelinenode_c2805b46-f963-491a-b825-766208e247a0	5103	5103	Dryas type	Dryas	Genus	Life > Plantae > Angiosperms > Rosales > Rosaceae > Dryas	Dryas	pollen	percentage	0		
individualtimelinenode_c2805b46-f963-491a-b825-766208e247a0	5103	5103	Dryopteris type	Polypodiaceae	Family	Life > Plantae > Polypodiophyta > Polypodiopsida > Polypodiales > Polypodiaceae	Polypodiaceae	pollen	percentage	1.875		
individualtimelinenode_c2805b46-f963-491a-b825-766208e247a0	5103	5103	Euphrasia type	Rhinanthus	Genus	Life > Plantae > Angiosperms > Lamiales > Orobanchaceae > Rhinanthus	Rhinanthus;Euphrasia;Bartsia	pollen	percentage	0		
individualtimelinenode_c2805b46-f963-491a-b825-766208e247a0	5103	5103	Euphrasia type	Euphrasia	Genus	Euphrasia	Rhinanthus;Euphrasia;Bartsia	pollen	percentage	0		
individualtimelinenode_c2805b46-f963-491a-b825-766208e247a0	5103	5103	Euphrasia type	Bartsia	Genus	Bartsia	Rhinanthus;Euphrasia;Bartsia	pollen	percentage	0		
individualtimelinenode_c2805b46-f963-491a-b825-766208e247a0	5103	5103	Galium sp.	Galium	Genus	Life > Plantae > Angiosperms > Gentianales > Rubiaceae > Galium	Galium	pollen	percentage	0		
individualtimelinenode_c2805b46-f963-491a-b825-766208e247a0	5103	5103	Gymnocarpium dryopteris	Gymnocarpium dryopteris (L.) Newman	Species	Gymnocarpium dryopteris (L.) Newman	Gymnocarpium dryopteris (L.) Newman	pollen	percentage	2.22222		
individualtimelinenode_c2805b46-f963-491a-b825-766208e247a0	5103	5103	Juniperus communis	Juniperus communis L.	Species	Life > Plantae > Pinophyta > Pinopsida > Cupressales > Cupressaceae > Juniperus > Juniperus communis L.	Juniperus communis L.	pollen	percentage	15.75758		
individualtimelinenode_c2805b46-f963-491a-b825-766208e247a0	5103	5103	Luzula-Juncus	Juncus	Genus	Life > Plantae > Angiosperms > Poales > Juncaceae > Juncus	Juncus;Luzula	pollen	percentage	0		
individualtimelinenode_c2805b46-f963-491a-b825-766208e247a0	5103	5103	Luzula-Juncus	Luzula	Genus	Life > Plantae > Angiosperms > Poales > Juncaceae > Luzula	Juncus;Luzula	pollen	percentage	0		
individualtimelinenode_c2805b46-f963-491a-b825-766208e247a0	5103	5103	Lycopodium dubium	Lycopodium clavatum L.	Species	Life > Plantae > Lycopodiophyta > Lycopodiopsida > Lycopodiales > Lycopodiaceae > Lycopodioideae > Lycopodium > Lycopodium clavatum L.	Lycopodium clavatum L.	pollen	percentage	10.625		
individualtimelinenode_c2805b46-f963-491a-b825-766208e247a0	5103	5103	Potentilla-Comarum type	Sibbaldia procumbens L.	Species	Sibbaldia procumbens L.	Sibbaldia procumbens L.;Comarum palustre L.;Potentilla hyparctica Malte;Potentilla nivea L.;Potentilla hookeriana Lehm.	pollen	percentage	0		
individualtimelinenode_c2805b46-f963-491a-b825-766208e247a0	5103	5103	Potentilla-Comarum type	Comarum palustre L.	Species	Life > Plantae > Angiosperms > Rosales > Rosaceae > Comarum > Comarum palustre L.	Sibbaldia procumbens L.;Comarum palustre L.;Potentilla hyparctica Malte;Potentilla nivea L.;Potentilla hookeriana Lehm.	pollen	percentage	0		
individualtimelinenode_c2805b46-f963-491a-b825-766208e247a0	5103	5103	Potentilla-Comarum type	Potentilla hyparctica Malte	Species	Potentilla hyparctica Malte	Sibbaldia procumbens L.;Comarum palustre L.;Potentilla hyparctica Malte;Potentilla nivea L.;Potentilla hookeriana Lehm.	pollen	percentage	0		
individualtimelinenode_c2805b46-f963-491a-b825-766208e247a0	5103	5103	Potentilla-Comarum type	Potentilla nivea L.	Species	Potentilla nivea L.	Sibbaldia procumbens L.;Comarum palustre L.;Potentilla hyparctica Malte;Potentilla nivea L.;Potentilla hookeriana Lehm.	pollen	percentage	0		
individualtimelinenode_c2805b46-f963-491a-b825-766208e247a0	5103	5103	Potentilla-Comarum type	Potentilla hookeriana Lehm.	Species	Potentilla hookeriana Lehm.	Sibbaldia procumbens L.;Comarum palustre L.;Potentilla hyparctica Malte;Potentilla nivea L.;Potentilla hookeriana Lehm.	pollen	percentage	0		
individualtimelinenode_c2805b46-f963-491a-b825-766208e247a0	5103	5103	Ranunculus sp.	Ranunculus	Genus	Life > Plantae > Angiosperms > Ranunculales > Ranunculaceae > Ranunculus	Ranunculus	pollen	percentage	0		
individualtimelinenode_c2805b46-f963-491a-b825-766208e247a0	5103	5103	Rumex acetosella	Rumex acetosella L.	Species	Life > Plantae > Angiosperms > Caryophyllales > Polygonaceae > Rumex > Rumex acetosella L.	Rumex acetosella L.	pollen	percentage	0		
individualtimelinenode_c2805b46-f963-491a-b825-766208e247a0	5103	5103	Saxifraga oppositifolia type	Saxifraga paniculata Mill.	Species	Saxifraga paniculata Mill.	Saxifraga paniculata Mill.;Saxifraga aizoides L.;Saxifraga tricuspidata Rottb.;Saxifraga oppositifolia L.	pollen	percentage	0		
individualtimelinenode_c2805b46-f963-491a-b825-766208e247a0	5103	5103	Saxifraga oppositifolia type	Saxifraga aizoides L.	Species	Saxifraga aizoides L.	Saxifraga paniculata Mill.;Saxifraga aizoides L.;Saxifraga tricuspidata Rottb.;Saxifraga oppositifolia L.	pollen	percentage	0		
individualtimelinenode_c2805b46-f963-491a-b825-766208e247a0	5103	5103	Saxifraga oppositifolia type	Saxifraga tricuspidata Rottb.	Species	Saxifraga tricuspidata Rottb.	Saxifraga paniculata Mill.;Saxifraga aizoides L.;Saxifraga tricuspidata Rottb.;Saxifraga oppositifolia L.	pollen	percentage	0		
individualtimelinenode_c2805b46-f963-491a-b825-766208e247a0	5103	5103	Saxifraga oppositifolia type	Saxifraga oppositifolia L.	Species	Life > Plantae > Angiosperms > Saxifragales > Saxifragaceae > Saxifraga > Saxifraga oppositifolia L.	Saxifraga paniculata Mill.;Saxifraga aizoides L.;Saxifraga tricuspidata Rottb.;Saxifraga oppositifolia L.	pollen	percentage	0		
individualtimelinenode_c2805b46-f963-491a-b825-766208e247a0	5103	5103	Thalictrum alpinum	Thalictrum alpinum L.	Species	Life > Plantae > Angiosperms > Ranunculales > Ranunculaceae > Thalictrum > Thalictrum alpinum L.	Thalictrum alpinum L.	pollen	percentage	0		
individualtimelinenode_c2805b46-f963-491a-b825-766208e247a0	5103	5103	Tofieldia sp.	Tofieldia	Genus	Life > Plantae > Angiosperms > Alismatales > Tofieldiaceae > Tofieldia	Tofieldia	pollen	percentage	0		
individualtimelinenode_c2805b46-f963-491a-b825-766208e247a0	5351	5351	Alnus sp.	Alnus	Genus	Life > Plantae > Angiosperms > Fagales > Betulaceae > Alnus	Alnus	pollen	percentage	0.6383		
individualtimelinenode_c2805b46-f963-491a-b825-766208e247a0	5351	5351	Artemisia sp.	Artemisia	Genus	Life > Plantae > Angiosperms > Asterales > Asteraceae > Asteroideae > Anthemideae > Artemisia	Artemisia	pollen	percentage	0		
individualtimelinenode_c2805b46-f963-491a-b825-766208e247a0	5351	5351	Betula sp.	Betula	Genus	Life > Plantae > Angiosperms > Fagales > Betulaceae > Betula	Betula	pollen	percentage	43.75		
individualtimelinenode_c2805b46-f963-491a-b825-766208e247a0	5351	5351	Botrychium sp.	Botrychium	Genus	Life > Plantae > Polypodiophyta > Polypodiopsida > Ophioglossales > Ophioglossaceae > Botrychioideae > Botrychium	Botrychium	pollen	percentage	0		
individualtimelinenode_c2805b46-f963-491a-b825-766208e247a0	5351	5351	Campanula sp.	Campanula	Genus	Life > Plantae > Angiosperms > Asterales > Campanulaceae > Campanula	Campanula	pollen	percentage	0		
individualtimelinenode_c2805b46-f963-491a-b825-766208e247a0	5351	5351	Cerastium-Stellaria type	Stellaria longipes Goldie	Species	Stellaria longipes Goldie	Stellaria longipes Goldie;Cerastium fontanum Baumg.;Cerastium alpinum L.	pollen	percentage	0		
individualtimelinenode_c2805b46-f963-491a-b825-766208e247a0	5351	5351	Cerastium-Stellaria type	Cerastium fontanum Baumg.	Species	Cerastium fontanum Baumg.	Stellaria longipes Goldie;Cerastium fontanum Baumg.;Cerastium alpinum L.	pollen	percentage	0		
individualtimelinenode_c2805b46-f963-491a-b825-766208e247a0	5351	5351	Cerastium-Stellaria type	Cerastium alpinum L.	Species	Cerastium alpinum L.	Stellaria longipes Goldie;Cerastium fontanum Baumg.;Cerastium alpinum L.	pollen	percentage	0		
individualtimelinenode_c2805b46-f963-491a-b825-766208e247a0	5351	5351	Dryas type	Dryas	Genus	Life > Plantae > Angiosperms > Rosales > Rosaceae > Dryas	Dryas	pollen	percentage	0		
individualtimelinenode_c2805b46-f963-491a-b825-766208e247a0	5351	5351	Dryopteris type	Polypodiaceae	Family	Life > Plantae > Polypodiophyta > Polypodiopsida > Polypodiales > Polypodiaceae	Polypodiaceae	pollen	percentage	0		
individualtimelinenode_c2805b46-f963-491a-b825-766208e247a0	5351	5351	Euphrasia type	Rhinanthus	Genus	Life > Plantae > Angiosperms > Lamiales > Orobanchaceae > Rhinanthus	Rhinanthus;Euphrasia;Bartsia	pollen	percentage	1.11111		
individualtimelinenode_c2805b46-f963-491a-b825-766208e247a0	5351	5351	Euphrasia type	Euphrasia	Genus	Euphrasia	Rhinanthus;Euphrasia;Bartsia	pollen	percentage	1.11111		
individualtimelinenode_c2805b46-f963-491a-b825-766208e247a0	5351	5351	Euphrasia type	Bartsia	Genus	Bartsia	Rhinanthus;Euphrasia;Bartsia	pollen	percentage	1.11111		
individualtimelinenode_c2805b46-f963-491a-b825-766208e247a0	5351	5351	Galium sp.	Galium	Genus	Life > Plantae > Angiosperms > Gentianales > Rubiaceae > Galium	Galium	pollen	percentage	0		
individualtimelinenode_c2805b46-f963-491a-b825-766208e247a0	5351	5351	Gymnocarpium dryopteris	Gymnocarpium dryopteris (L.) Newman	Species	Gymnocarpium dryopteris (L.) Newman	Gymnocarpium dryopteris (L.) Newman	pollen	percentage	2.22222		
individualtimelinenode_c2805b46-f963-491a-b825-766208e247a0	5351	5351	Juniperus communis	Juniperus communis L.	Species	Life > Plantae > Pinophyta > Pinopsida > Cupressales > Cupressaceae > Juniperus > Juniperus communis L.	Juniperus communis L.	pollen	percentage	16.9697		
individualtimelinenode_c2805b46-f963-491a-b825-766208e247a0	5351	5351	Luzula-Juncus	Juncus	Genus	Life > Plantae > Angiosperms > Poales > Juncaceae > Juncus	Juncus;Luzula	pollen	percentage	0		
individualtimelinenode_c2805b46-f963-491a-b825-766208e247a0	5351	5351	Luzula-Juncus	Luzula	Genus	Life > Plantae > Angiosperms > Poales > Juncaceae > Luzula	Juncus;Luzula	pollen	percentage	0		
individualtimelinenode_c2805b46-f963-491a-b825-766208e247a0	5351	5351	Lycopodium dubium	Lycopodium clavatum L.	Species	Life > Plantae > Lycopodiophyta > Lycopodiopsida > Lycopodiales > Lycopodiaceae > Lycopodioideae > Lycopodium > Lycopodium clavatum L.	Lycopodium clavatum L.	pollen	percentage	6.875		
individualtimelinenode_c2805b46-f963-491a-b825-766208e247a0	5351	5351	Potentilla-Comarum type	Sibbaldia procumbens L.	Species	Sibbaldia procumbens L.	Sibbaldia procumbens L.;Comarum palustre L.;Potentilla hyparctica Malte;Potentilla nivea L.;Potentilla hookeriana Lehm.	pollen	percentage	0		
individualtimelinenode_c2805b46-f963-491a-b825-766208e247a0	5351	5351	Potentilla-Comarum type	Comarum palustre L.	Species	Life > Plantae > Angiosperms > Rosales > Rosaceae > Comarum > Comarum palustre L.	Sibbaldia procumbens L.;Comarum palustre L.;Potentilla hyparctica Malte;Potentilla nivea L.;Potentilla hookeriana Lehm.	pollen	percentage	0		
individualtimelinenode_c2805b46-f963-491a-b825-766208e247a0	5351	5351	Potentilla-Comarum type	Potentilla hyparctica Malte	Species	Potentilla hyparctica Malte	Sibbaldia procumbens L.;Comarum palustre L.;Potentilla hyparctica Malte;Potentilla nivea L.;Potentilla hookeriana Lehm.	pollen	percentage	0		
individualtimelinenode_c2805b46-f963-491a-b825-766208e247a0	5351	5351	Potentilla-Comarum type	Potentilla nivea L.	Species	Potentilla nivea L.	Sibbaldia procumbens L.;Comarum palustre L.;Potentilla hyparctica Malte;Potentilla nivea L.;Potentilla hookeriana Lehm.	pollen	percentage	0		
individualtimelinenode_c2805b46-f963-491a-b825-766208e247a0	5351	5351	Potentilla-Comarum type	Potentilla hookeriana Lehm.	Species	Potentilla hookeriana Lehm.	Sibbaldia procumbens L.;Comarum palustre L.;Potentilla hyparctica Malte;Potentilla nivea L.;Potentilla hookeriana Lehm.	pollen	percentage	0		
individualtimelinenode_c2805b46-f963-491a-b825-766208e247a0	5351	5351	Ranunculus sp.	Ranunculus	Genus	Life > Plantae > Angiosperms > Ranunculales > Ranunculaceae > Ranunculus	Ranunculus	pollen	percentage	0		
individualtimelinenode_c2805b46-f963-491a-b825-766208e247a0	5351	5351	Rumex acetosella	Rumex acetosella L.	Species	Life > Plantae > Angiosperms > Caryophyllales > Polygonaceae > Rumex > Rumex acetosella L.	Rumex acetosella L.	pollen	percentage	0.625		
individualtimelinenode_c2805b46-f963-491a-b825-766208e247a0	5351	5351	Saxifraga oppositifolia type	Saxifraga paniculata Mill.	Species	Saxifraga paniculata Mill.	Saxifraga paniculata Mill.;Saxifraga aizoides L.;Saxifraga tricuspidata Rottb.;Saxifraga oppositifolia L.	pollen	percentage	0		
individualtimelinenode_c2805b46-f963-491a-b825-766208e247a0	5351	5351	Saxifraga oppositifolia type	Saxifraga aizoides L.	Species	Saxifraga aizoides L.	Saxifraga paniculata Mill.;Saxifraga aizoides L.;Saxifraga tricuspidata Rottb.;Saxifraga oppositifolia L.	pollen	percentage	0		
individualtimelinenode_c2805b46-f963-491a-b825-766208e247a0	5351	5351	Saxifraga oppositifolia type	Saxifraga tricuspidata Rottb.	Species	Saxifraga tricuspidata Rottb.	Saxifraga paniculata Mill.;Saxifraga aizoides L.;Saxifraga tricuspidata Rottb.;Saxifraga oppositifolia L.	pollen	percentage	0		
individualtimelinenode_c2805b46-f963-491a-b825-766208e247a0	5351	5351	Saxifraga oppositifolia type	Saxifraga oppositifolia L.	Species	Life > Plantae > Angiosperms > Saxifragales > Saxifragaceae > Saxifraga > Saxifraga oppositifolia L.	Saxifraga paniculata Mill.;Saxifraga aizoides L.;Saxifraga tricuspidata Rottb.;Saxifraga oppositifolia L.	pollen	percentage	0		
individualtimelinenode_c2805b46-f963-491a-b825-766208e247a0	5351	5351	Thalictrum alpinum	Thalictrum alpinum L.	Species	Life > Plantae > Angiosperms > Ranunculales > Ranunculaceae > Thalictrum > Thalictrum alpinum L.	Thalictrum alpinum L.	pollen	percentage	0		
individualtimelinenode_c2805b46-f963-491a-b825-766208e247a0	5351	5351	Tofieldia sp.	Tofieldia	Genus	Life > Plantae > Angiosperms > Alismatales > Tofieldiaceae > Tofieldia	Tofieldia	pollen	percentage	0		
individualtimelinenode_c2805b46-f963-491a-b825-766208e247a0	5517	5517	Alnus sp.	Alnus	Genus	Life > Plantae > Angiosperms > Fagales > Betulaceae > Alnus	Alnus	pollen	percentage	0.6383		
individualtimelinenode_c2805b46-f963-491a-b825-766208e247a0	5517	5517	Artemisia sp.	Artemisia	Genus	Life > Plantae > Angiosperms > Asterales > Asteraceae > Asteroideae > Anthemideae > Artemisia	Artemisia	pollen	percentage	0		
individualtimelinenode_c2805b46-f963-491a-b825-766208e247a0	5517	5517	Betula sp.	Betula	Genus	Life > Plantae > Angiosperms > Fagales > Betulaceae > Betula	Betula	pollen	percentage	41.25		
individualtimelinenode_c2805b46-f963-491a-b825-766208e247a0	5517	5517	Botrychium sp.	Botrychium	Genus	Life > Plantae > Polypodiophyta > Polypodiopsida > Ophioglossales > Ophioglossaceae > Botrychioideae > Botrychium	Botrychium	pollen	percentage	1.11111		
individualtimelinenode_c2805b46-f963-491a-b825-766208e247a0	5517	5517	Campanula sp.	Campanula	Genus	Life > Plantae > Angiosperms > Asterales > Campanulaceae > Campanula	Campanula	pollen	percentage	0		
individualtimelinenode_c2805b46-f963-491a-b825-766208e247a0	5517	5517	Cerastium-Stellaria type	Stellaria longipes Goldie	Species	Stellaria longipes Goldie	Stellaria longipes Goldie;Cerastium fontanum Baumg.;Cerastium alpinum L.	pollen	percentage	0		
individualtimelinenode_c2805b46-f963-491a-b825-766208e247a0	5517	5517	Cerastium-Stellaria type	Cerastium fontanum Baumg.	Species	Cerastium fontanum Baumg.	Stellaria longipes Goldie;Cerastium fontanum Baumg.;Cerastium alpinum L.	pollen	percentage	0		
individualtimelinenode_c2805b46-f963-491a-b825-766208e247a0	5517	5517	Cerastium-Stellaria type	Cerastium alpinum L.	Species	Cerastium alpinum L.	Stellaria longipes Goldie;Cerastium fontanum Baumg.;Cerastium alpinum L.	pollen	percentage	0		
individualtimelinenode_c2805b46-f963-491a-b825-766208e247a0	5517	5517	Dryas type	Dryas	Genus	Life > Plantae > Angiosperms > Rosales > Rosaceae > Dryas	Dryas	pollen	percentage	0		
individualtimelinenode_c2805b46-f963-491a-b825-766208e247a0	5517	5517	Dryopteris type	Polypodiaceae	Family	Life > Plantae > Polypodiophyta > Polypodiopsida > Polypodiales > Polypodiaceae	Polypodiaceae	pollen	percentage	1.25		
individualtimelinenode_c2805b46-f963-491a-b825-766208e247a0	5517	5517	Euphrasia type	Rhinanthus	Genus	Life > Plantae > Angiosperms > Lamiales > Orobanchaceae > Rhinanthus	Rhinanthus;Euphrasia;Bartsia	pollen	percentage	0		
individualtimelinenode_c2805b46-f963-491a-b825-766208e247a0	5517	5517	Euphrasia type	Euphrasia	Genus	Euphrasia	Rhinanthus;Euphrasia;Bartsia	pollen	percentage	0		
individualtimelinenode_c2805b46-f963-491a-b825-766208e247a0	5517	5517	Euphrasia type	Bartsia	Genus	Bartsia	Rhinanthus;Euphrasia;Bartsia	pollen	percentage	0		
individualtimelinenode_c2805b46-f963-491a-b825-766208e247a0	5517	5517	Galium sp.	Galium	Genus	Life > Plantae > Angiosperms > Gentianales > Rubiaceae > Galium	Galium	pollen	percentage	0		
individualtimelinenode_c2805b46-f963-491a-b825-766208e247a0	5517	5517	Gymnocarpium dryopteris	Gymnocarpium dryopteris (L.) Newman	Species	Gymnocarpium dryopteris (L.) Newman	Gymnocarpium dryopteris (L.) Newman	pollen	percentage	2.22222		
individualtimelinenode_c2805b46-f963-491a-b825-766208e247a0	5517	5517	Juniperus communis	Juniperus communis L.	Species	Life > Plantae > Pinophyta > Pinopsida > Cupressales > Cupressaceae > Juniperus > Juniperus communis L.	Juniperus communis L.	pollen	percentage	16.9697		
individualtimelinenode_c2805b46-f963-491a-b825-766208e247a0	5517	5517	Luzula-Juncus	Juncus	Genus	Life > Plantae > Angiosperms > Poales > Juncaceae > Juncus	Juncus;Luzula	pollen	percentage	0		
individualtimelinenode_c2805b46-f963-491a-b825-766208e247a0	5517	5517	Luzula-Juncus	Luzula	Genus	Life > Plantae > Angiosperms > Poales > Juncaceae > Luzula	Juncus;Luzula	pollen	percentage	0		
individualtimelinenode_c2805b46-f963-491a-b825-766208e247a0	5517	5517	Lycopodium dubium	Lycopodium clavatum L.	Species	Life > Plantae > Lycopodiophyta > Lycopodiopsida > Lycopodiales > Lycopodiaceae > Lycopodioideae > Lycopodium > Lycopodium clavatum L.	Lycopodium clavatum L.	pollen	percentage	7.5		
individualtimelinenode_c2805b46-f963-491a-b825-766208e247a0	5517	5517	Potentilla-Comarum type	Sibbaldia procumbens L.	Species	Sibbaldia procumbens L.	Sibbaldia procumbens L.;Comarum palustre L.;Potentilla hyparctica Malte;Potentilla nivea L.;Potentilla hookeriana Lehm.	pollen	percentage	0		
individualtimelinenode_c2805b46-f963-491a-b825-766208e247a0	5517	5517	Potentilla-Comarum type	Comarum palustre L.	Species	Life > Plantae > Angiosperms > Rosales > Rosaceae > Comarum > Comarum palustre L.	Sibbaldia procumbens L.;Comarum palustre L.;Potentilla hyparctica Malte;Potentilla nivea L.;Potentilla hookeriana Lehm.	pollen	percentage	0		
individualtimelinenode_c2805b46-f963-491a-b825-766208e247a0	5517	5517	Potentilla-Comarum type	Potentilla hyparctica Malte	Species	Potentilla hyparctica Malte	Sibbaldia procumbens L.;Comarum palustre L.;Potentilla hyparctica Malte;Potentilla nivea L.;Potentilla hookeriana Lehm.	pollen	percentage	0		
individualtimelinenode_c2805b46-f963-491a-b825-766208e247a0	5517	5517	Potentilla-Comarum type	Potentilla nivea L.	Species	Potentilla nivea L.	Sibbaldia procumbens L.;Comarum palustre L.;Potentilla hyparctica Malte;Potentilla nivea L.;Potentilla hookeriana Lehm.	pollen	percentage	0		
individualtimelinenode_c2805b46-f963-491a-b825-766208e247a0	5517	5517	Potentilla-Comarum type	Potentilla hookeriana Lehm.	Species	Potentilla hookeriana Lehm.	Sibbaldia procumbens L.;Comarum palustre L.;Potentilla hyparctica Malte;Potentilla nivea L.;Potentilla hookeriana Lehm.	pollen	percentage	0		
individualtimelinenode_c2805b46-f963-491a-b825-766208e247a0	5517	5517	Ranunculus sp.	Ranunculus	Genus	Life > Plantae > Angiosperms > Ranunculales > Ranunculaceae > Ranunculus	Ranunculus	pollen	percentage	0		
individualtimelinenode_c2805b46-f963-491a-b825-766208e247a0	5517	5517	Rumex acetosella	Rumex acetosella L.	Species	Life > Plantae > Angiosperms > Caryophyllales > Polygonaceae > Rumex > Rumex acetosella L.	Rumex acetosella L.	pollen	percentage	1.875		
individualtimelinenode_c2805b46-f963-491a-b825-766208e247a0	5517	5517	Saxifraga oppositifolia type	Saxifraga paniculata Mill.	Species	Saxifraga paniculata Mill.	Saxifraga paniculata Mill.;Saxifraga aizoides L.;Saxifraga tricuspidata Rottb.;Saxifraga oppositifolia L.	pollen	percentage	0		
individualtimelinenode_c2805b46-f963-491a-b825-766208e247a0	5517	5517	Saxifraga oppositifolia type	Saxifraga aizoides L.	Species	Saxifraga aizoides L.	Saxifraga paniculata Mill.;Saxifraga aizoides L.;Saxifraga tricuspidata Rottb.;Saxifraga oppositifolia L.	pollen	percentage	0		
individualtimelinenode_c2805b46-f963-491a-b825-766208e247a0	5517	5517	Saxifraga oppositifolia type	Saxifraga tricuspidata Rottb.	Species	Saxifraga tricuspidata Rottb.	Saxifraga paniculata Mill.;Saxifraga aizoides L.;Saxifraga tricuspidata Rottb.;Saxifraga oppositifolia L.	pollen	percentage	0		
individualtimelinenode_c2805b46-f963-491a-b825-766208e247a0	5517	5517	Saxifraga oppositifolia type	Saxifraga oppositifolia L.	Species	Life > Plantae > Angiosperms > Saxifragales > Saxifragaceae > Saxifraga > Saxifraga oppositifolia L.	Saxifraga paniculata Mill.;Saxifraga aizoides L.;Saxifraga tricuspidata Rottb.;Saxifraga oppositifolia L.	pollen	percentage	0		
individualtimelinenode_c2805b46-f963-491a-b825-766208e247a0	5517	5517	Thalictrum alpinum	Thalictrum alpinum L.	Species	Life > Plantae > Angiosperms > Ranunculales > Ranunculaceae > Thalictrum > Thalictrum alpinum L.	Thalictrum alpinum L.	pollen	percentage	0		
individualtimelinenode_c2805b46-f963-491a-b825-766208e247a0	5517	5517	Tofieldia sp.	Tofieldia	Genus	Life > Plantae > Angiosperms > Alismatales > Tofieldiaceae > Tofieldia	Tofieldia	pollen	percentage	0		
individualtimelinenode_c2805b46-f963-491a-b825-766208e247a0	5899	5899	Alnus sp.	Alnus	Genus	Life > Plantae > Angiosperms > Fagales > Betulaceae > Alnus	Alnus	pollen	percentage	0		
individualtimelinenode_c2805b46-f963-491a-b825-766208e247a0	5899	5899	Artemisia sp.	Artemisia	Genus	Life > Plantae > Angiosperms > Asterales > Asteraceae > Asteroideae > Anthemideae > Artemisia	Artemisia	pollen	percentage	0		
individualtimelinenode_c2805b46-f963-491a-b825-766208e247a0	5899	5899	Betula sp.	Betula	Genus	Life > Plantae > Angiosperms > Fagales > Betulaceae > Betula	Betula	pollen	percentage	50.625		
individualtimelinenode_c2805b46-f963-491a-b825-766208e247a0	5899	5899	Botrychium sp.	Botrychium	Genus	Life > Plantae > Polypodiophyta > Polypodiopsida > Ophioglossales > Ophioglossaceae > Botrychioideae > Botrychium	Botrychium	pollen	percentage	0		
individualtimelinenode_c2805b46-f963-491a-b825-766208e247a0	5899	5899	Campanula sp.	Campanula	Genus	Life > Plantae > Angiosperms > Asterales > Campanulaceae > Campanula	Campanula	pollen	percentage	0		
individualtimelinenode_c2805b46-f963-491a-b825-766208e247a0	5899	5899	Cerastium-Stellaria type	Stellaria longipes Goldie	Species	Stellaria longipes Goldie	Stellaria longipes Goldie;Cerastium fontanum Baumg.;Cerastium alpinum L.	pollen	percentage	1.25		
individualtimelinenode_c2805b46-f963-491a-b825-766208e247a0	5899	5899	Cerastium-Stellaria type	Cerastium fontanum Baumg.	Species	Cerastium fontanum Baumg.	Stellaria longipes Goldie;Cerastium fontanum Baumg.;Cerastium alpinum L.	pollen	percentage	1.25		
individualtimelinenode_c2805b46-f963-491a-b825-766208e247a0	5899	5899	Cerastium-Stellaria type	Cerastium alpinum L.	Species	Cerastium alpinum L.	Stellaria longipes Goldie;Cerastium fontanum Baumg.;Cerastium alpinum L.	pollen	percentage	1.25		
individualtimelinenode_c2805b46-f963-491a-b825-766208e247a0	5899	5899	Dryas type	Dryas	Genus	Life > Plantae > Angiosperms > Rosales > Rosaceae > Dryas	Dryas	pollen	percentage	0		
individualtimelinenode_c2805b46-f963-491a-b825-766208e247a0	5899	5899	Dryopteris type	Polypodiaceae	Family	Life > Plantae > Polypodiophyta > Polypodiopsida > Polypodiales > Polypodiaceae	Polypodiaceae	pollen	percentage	2.5		
individualtimelinenode_c2805b46-f963-491a-b825-766208e247a0	5899	5899	Euphrasia type	Rhinanthus	Genus	Life > Plantae > Angiosperms > Lamiales > Orobanchaceae > Rhinanthus	Rhinanthus;Euphrasia;Bartsia	pollen	percentage	0		
individualtimelinenode_c2805b46-f963-491a-b825-766208e247a0	5899	5899	Euphrasia type	Euphrasia	Genus	Euphrasia	Rhinanthus;Euphrasia;Bartsia	pollen	percentage	0		
individualtimelinenode_c2805b46-f963-491a-b825-766208e247a0	5899	5899	Euphrasia type	Bartsia	Genus	Bartsia	Rhinanthus;Euphrasia;Bartsia	pollen	percentage	0		
individualtimelinenode_c2805b46-f963-491a-b825-766208e247a0	5899	5899	Galium sp.	Galium	Genus	Life > Plantae > Angiosperms > Gentianales > Rubiaceae > Galium	Galium	pollen	percentage	0		
individualtimelinenode_c2805b46-f963-491a-b825-766208e247a0	5899	5899	Gymnocarpium dryopteris	Gymnocarpium dryopteris (L.) Newman	Species	Gymnocarpium dryopteris (L.) Newman	Gymnocarpium dryopteris (L.) Newman	pollen	percentage	2.77778		
individualtimelinenode_c2805b46-f963-491a-b825-766208e247a0	5899	5899	Juniperus communis	Juniperus communis L.	Species	Life > Plantae > Pinophyta > Pinopsida > Cupressales > Cupressaceae > Juniperus > Juniperus communis L.	Juniperus communis L.	pollen	percentage	14.54545		
individualtimelinenode_c2805b46-f963-491a-b825-766208e247a0	5899	5899	Luzula-Juncus	Juncus	Genus	Life > Plantae > Angiosperms > Poales > Juncaceae > Juncus	Juncus;Luzula	pollen	percentage	0		
individualtimelinenode_c2805b46-f963-491a-b825-766208e247a0	5899	5899	Luzula-Juncus	Luzula	Genus	Life > Plantae > Angiosperms > Poales > Juncaceae > Luzula	Juncus;Luzula	pollen	percentage	0		
individualtimelinenode_c2805b46-f963-491a-b825-766208e247a0	5899	5899	Lycopodium dubium	Lycopodium clavatum L.	Species	Life > Plantae > Lycopodiophyta > Lycopodiopsida > Lycopodiales > Lycopodiaceae > Lycopodioideae > Lycopodium > Lycopodium clavatum L.	Lycopodium clavatum L.	pollen	percentage	1.875		
individualtimelinenode_c2805b46-f963-491a-b825-766208e247a0	5899	5899	Potentilla-Comarum type	Sibbaldia procumbens L.	Species	Sibbaldia procumbens L.	Sibbaldia procumbens L.;Comarum palustre L.;Potentilla hyparctica Malte;Potentilla nivea L.;Potentilla hookeriana Lehm.	pollen	percentage	0		
individualtimelinenode_c2805b46-f963-491a-b825-766208e247a0	5899	5899	Potentilla-Comarum type	Comarum palustre L.	Species	Life > Plantae > Angiosperms > Rosales > Rosaceae > Comarum > Comarum palustre L.	Sibbaldia procumbens L.;Comarum palustre L.;Potentilla hyparctica Malte;Potentilla nivea L.;Potentilla hookeriana Lehm.	pollen	percentage	0		
individualtimelinenode_c2805b46-f963-491a-b825-766208e247a0	5899	5899	Potentilla-Comarum type	Potentilla hyparctica Malte	Species	Potentilla hyparctica Malte	Sibbaldia procumbens L.;Comarum palustre L.;Potentilla hyparctica Malte;Potentilla nivea L.;Potentilla hookeriana Lehm.	pollen	percentage	0		
individualtimelinenode_c2805b46-f963-491a-b825-766208e247a0	5899	5899	Potentilla-Comarum type	Potentilla nivea L.	Species	Potentilla nivea L.	Sibbaldia procumbens L.;Comarum palustre L.;Potentilla hyparctica Malte;Potentilla nivea L.;Potentilla hookeriana Lehm.	pollen	percentage	0		
individualtimelinenode_c2805b46-f963-491a-b825-766208e247a0	5899	5899	Potentilla-Comarum type	Potentilla hookeriana Lehm.	Species	Potentilla hookeriana Lehm.	Sibbaldia procumbens L.;Comarum palustre L.;Potentilla hyparctica Malte;Potentilla nivea L.;Potentilla hookeriana Lehm.	pollen	percentage	0		
individualtimelinenode_c2805b46-f963-491a-b825-766208e247a0	5899	5899	Ranunculus sp.	Ranunculus	Genus	Life > Plantae > Angiosperms > Ranunculales > Ranunculaceae > Ranunculus	Ranunculus	pollen	percentage	2.94118		
individualtimelinenode_c2805b46-f963-491a-b825-766208e247a0	5899	5899	Rumex acetosella	Rumex acetosella L.	Species	Life > Plantae > Angiosperms > Caryophyllales > Polygonaceae > Rumex > Rumex acetosella L.	Rumex acetosella L.	pollen	percentage	1.25		
individualtimelinenode_c2805b46-f963-491a-b825-766208e247a0	5899	5899	Saxifraga oppositifolia type	Saxifraga paniculata Mill.	Species	Saxifraga paniculata Mill.	Saxifraga paniculata Mill.;Saxifraga aizoides L.;Saxifraga tricuspidata Rottb.;Saxifraga oppositifolia L.	pollen	percentage	0.55556		
individualtimelinenode_c2805b46-f963-491a-b825-766208e247a0	5899	5899	Saxifraga oppositifolia type	Saxifraga aizoides L.	Species	Saxifraga aizoides L.	Saxifraga paniculata Mill.;Saxifraga aizoides L.;Saxifraga tricuspidata Rottb.;Saxifraga oppositifolia L.	pollen	percentage	0.55556		
individualtimelinenode_c2805b46-f963-491a-b825-766208e247a0	5899	5899	Saxifraga oppositifolia type	Saxifraga tricuspidata Rottb.	Species	Saxifraga tricuspidata Rottb.	Saxifraga paniculata Mill.;Saxifraga aizoides L.;Saxifraga tricuspidata Rottb.;Saxifraga oppositifolia L.	pollen	percentage	0.55556		
individualtimelinenode_c2805b46-f963-491a-b825-766208e247a0	5899	5899	Saxifraga oppositifolia type	Saxifraga oppositifolia L.	Species	Life > Plantae > Angiosperms > Saxifragales > Saxifragaceae > Saxifraga > Saxifraga oppositifolia L.	Saxifraga paniculata Mill.;Saxifraga aizoides L.;Saxifraga tricuspidata Rottb.;Saxifraga oppositifolia L.	pollen	percentage	0.55556		
individualtimelinenode_c2805b46-f963-491a-b825-766208e247a0	5899	5899	Thalictrum alpinum	Thalictrum alpinum L.	Species	Life > Plantae > Angiosperms > Ranunculales > Ranunculaceae > Thalictrum > Thalictrum alpinum L.	Thalictrum alpinum L.	pollen	percentage	0.625		
individualtimelinenode_c2805b46-f963-491a-b825-766208e247a0	5899	5899	Tofieldia sp.	Tofieldia	Genus	Life > Plantae > Angiosperms > Alismatales > Tofieldiaceae > Tofieldia	Tofieldia	pollen	percentage	0		
individualtimelinenode_c2805b46-f963-491a-b825-766208e247a0	6157	6157	Alnus sp.	Alnus	Genus	Life > Plantae > Angiosperms > Fagales > Betulaceae > Alnus	Alnus	pollen	percentage	1.91489		
individualtimelinenode_c2805b46-f963-491a-b825-766208e247a0	6157	6157	Artemisia sp.	Artemisia	Genus	Life > Plantae > Angiosperms > Asterales > Asteraceae > Asteroideae > Anthemideae > Artemisia	Artemisia	pollen	percentage	0		
individualtimelinenode_c2805b46-f963-491a-b825-766208e247a0	6157	6157	Betula sp.	Betula	Genus	Life > Plantae > Angiosperms > Fagales > Betulaceae > Betula	Betula	pollen	percentage	46.875		
individualtimelinenode_c2805b46-f963-491a-b825-766208e247a0	6157	6157	Botrychium sp.	Botrychium	Genus	Life > Plantae > Polypodiophyta > Polypodiopsida > Ophioglossales > Ophioglossaceae > Botrychioideae > Botrychium	Botrychium	pollen	percentage	1.11111		
individualtimelinenode_c2805b46-f963-491a-b825-766208e247a0	6157	6157	Campanula sp.	Campanula	Genus	Life > Plantae > Angiosperms > Asterales > Campanulaceae > Campanula	Campanula	pollen	percentage	0		
individualtimelinenode_c2805b46-f963-491a-b825-766208e247a0	6157	6157	Cerastium-Stellaria type	Stellaria longipes Goldie	Species	Stellaria longipes Goldie	Stellaria longipes Goldie;Cerastium fontanum Baumg.;Cerastium alpinum L.	pollen	percentage	0		
individualtimelinenode_c2805b46-f963-491a-b825-766208e247a0	6157	6157	Cerastium-Stellaria type	Cerastium fontanum Baumg.	Species	Cerastium fontanum Baumg.	Stellaria longipes Goldie;Cerastium fontanum Baumg.;Cerastium alpinum L.	pollen	percentage	0		
individualtimelinenode_c2805b46-f963-491a-b825-766208e247a0	6157	6157	Cerastium-Stellaria type	Cerastium alpinum L.	Species	Cerastium alpinum L.	Stellaria longipes Goldie;Cerastium fontanum Baumg.;Cerastium alpinum L.	pollen	percentage	0		
individualtimelinenode_c2805b46-f963-491a-b825-766208e247a0	6157	6157	Dryas type	Dryas	Genus	Life > Plantae > Angiosperms > Rosales > Rosaceae > Dryas	Dryas	pollen	percentage	0		
individualtimelinenode_c2805b46-f963-491a-b825-766208e247a0	6157	6157	Dryopteris type	Polypodiaceae	Family	Life > Plantae > Polypodiophyta > Polypodiopsida > Polypodiales > Polypodiaceae	Polypodiaceae	pollen	percentage	0.625		
individualtimelinenode_c2805b46-f963-491a-b825-766208e247a0	6157	6157	Euphrasia type	Rhinanthus	Genus	Life > Plantae > Angiosperms > Lamiales > Orobanchaceae > Rhinanthus	Rhinanthus;Euphrasia;Bartsia	pollen	percentage	0		
individualtimelinenode_c2805b46-f963-491a-b825-766208e247a0	6157	6157	Euphrasia type	Euphrasia	Genus	Euphrasia	Rhinanthus;Euphrasia;Bartsia	pollen	percentage	0		
individualtimelinenode_c2805b46-f963-491a-b825-766208e247a0	6157	6157	Euphrasia type	Bartsia	Genus	Bartsia	Rhinanthus;Euphrasia;Bartsia	pollen	percentage	0		
individualtimelinenode_c2805b46-f963-491a-b825-766208e247a0	6157	6157	Galium sp.	Galium	Genus	Life > Plantae > Angiosperms > Gentianales > Rubiaceae > Galium	Galium	pollen	percentage	0		
individualtimelinenode_c2805b46-f963-491a-b825-766208e247a0	6157	6157	Gymnocarpium dryopteris	Gymnocarpium dryopteris (L.) Newman	Species	Gymnocarpium dryopteris (L.) Newman	Gymnocarpium dryopteris (L.) Newman	pollen	percentage	3.88889		
individualtimelinenode_c2805b46-f963-491a-b825-766208e247a0	6157	6157	Juniperus communis	Juniperus communis L.	Species	Life > Plantae > Pinophyta > Pinopsida > Cupressales > Cupressaceae > Juniperus > Juniperus communis L.	Juniperus communis L.	pollen	percentage	15.75758		
individualtimelinenode_c2805b46-f963-491a-b825-766208e247a0	6157	6157	Luzula-Juncus	Juncus	Genus	Life > Plantae > Angiosperms > Poales > Juncaceae > Juncus	Juncus;Luzula	pollen	percentage	0		
individualtimelinenode_c2805b46-f963-491a-b825-766208e247a0	6157	6157	Luzula-Juncus	Luzula	Genus	Life > Plantae > Angiosperms > Poales > Juncaceae > Luzula	Juncus;Luzula	pollen	percentage	0		
individualtimelinenode_c2805b46-f963-491a-b825-766208e247a0	6157	6157	Lycopodium dubium	Lycopodium clavatum L.	Species	Life > Plantae > Lycopodiophyta > Lycopodiopsida > Lycopodiales > Lycopodiaceae > Lycopodioideae > Lycopodium > Lycopodium clavatum L.	Lycopodium clavatum L.	pollen	percentage	5		
individualtimelinenode_c2805b46-f963-491a-b825-766208e247a0	6157	6157	Potentilla-Comarum type	Sibbaldia procumbens L.	Species	Sibbaldia procumbens L.	Sibbaldia procumbens L.;Comarum palustre L.;Potentilla hyparctica Malte;Potentilla nivea L.;Potentilla hookeriana Lehm.	pollen	percentage	0		
individualtimelinenode_c2805b46-f963-491a-b825-766208e247a0	6157	6157	Potentilla-Comarum type	Comarum palustre L.	Species	Life > Plantae > Angiosperms > Rosales > Rosaceae > Comarum > Comarum palustre L.	Sibbaldia procumbens L.;Comarum palustre L.;Potentilla hyparctica Malte;Potentilla nivea L.;Potentilla hookeriana Lehm.	pollen	percentage	0		
individualtimelinenode_c2805b46-f963-491a-b825-766208e247a0	6157	6157	Potentilla-Comarum type	Potentilla hyparctica Malte	Species	Potentilla hyparctica Malte	Sibbaldia procumbens L.;Comarum palustre L.;Potentilla hyparctica Malte;Potentilla nivea L.;Potentilla hookeriana Lehm.	pollen	percentage	0		
individualtimelinenode_c2805b46-f963-491a-b825-766208e247a0	6157	6157	Potentilla-Comarum type	Potentilla nivea L.	Species	Potentilla nivea L.	Sibbaldia procumbens L.;Comarum palustre L.;Potentilla hyparctica Malte;Potentilla nivea L.;Potentilla hookeriana Lehm.	pollen	percentage	0		
individualtimelinenode_c2805b46-f963-491a-b825-766208e247a0	6157	6157	Potentilla-Comarum type	Potentilla hookeriana Lehm.	Species	Potentilla hookeriana Lehm.	Sibbaldia procumbens L.;Comarum palustre L.;Potentilla hyparctica Malte;Potentilla nivea L.;Potentilla hookeriana Lehm.	pollen	percentage	0		
individualtimelinenode_c2805b46-f963-491a-b825-766208e247a0	6157	6157	Ranunculus sp.	Ranunculus	Genus	Life > Plantae > Angiosperms > Ranunculales > Ranunculaceae > Ranunculus	Ranunculus	pollen	percentage	0		
individualtimelinenode_c2805b46-f963-491a-b825-766208e247a0	6157	6157	Rumex acetosella	Rumex acetosella L.	Species	Life > Plantae > Angiosperms > Caryophyllales > Polygonaceae > Rumex > Rumex acetosella L.	Rumex acetosella L.	pollen	percentage	1.25		
individualtimelinenode_c2805b46-f963-491a-b825-766208e247a0	6157	6157	Saxifraga oppositifolia type	Saxifraga paniculata Mill.	Species	Saxifraga paniculata Mill.	Saxifraga paniculata Mill.;Saxifraga aizoides L.;Saxifraga tricuspidata Rottb.;Saxifraga oppositifolia L.	pollen	percentage	1.11111		
individualtimelinenode_c2805b46-f963-491a-b825-766208e247a0	6157	6157	Saxifraga oppositifolia type	Saxifraga aizoides L.	Species	Saxifraga aizoides L.	Saxifraga paniculata Mill.;Saxifraga aizoides L.;Saxifraga tricuspidata Rottb.;Saxifraga oppositifolia L.	pollen	percentage	1.11111		
individualtimelinenode_c2805b46-f963-491a-b825-766208e247a0	6157	6157	Saxifraga oppositifolia type	Saxifraga tricuspidata Rottb.	Species	Saxifraga tricuspidata Rottb.	Saxifraga paniculata Mill.;Saxifraga aizoides L.;Saxifraga tricuspidata Rottb.;Saxifraga oppositifolia L.	pollen	percentage	1.11111		
individualtimelinenode_c2805b46-f963-491a-b825-766208e247a0	6157	6157	Saxifraga oppositifolia type	Saxifraga oppositifolia L.	Species	Life > Plantae > Angiosperms > Saxifragales > Saxifragaceae > Saxifraga > Saxifraga oppositifolia L.	Saxifraga paniculata Mill.;Saxifraga aizoides L.;Saxifraga tricuspidata Rottb.;Saxifraga oppositifolia L.	pollen	percentage	1.11111		
individualtimelinenode_c2805b46-f963-491a-b825-766208e247a0	6157	6157	Thalictrum alpinum	Thalictrum alpinum L.	Species	Life > Plantae > Angiosperms > Ranunculales > Ranunculaceae > Thalictrum > Thalictrum alpinum L.	Thalictrum alpinum L.	pollen	percentage	0.625		
individualtimelinenode_c2805b46-f963-491a-b825-766208e247a0	6157	6157	Tofieldia sp.	Tofieldia	Genus	Life > Plantae > Angiosperms > Alismatales > Tofieldiaceae > Tofieldia	Tofieldia	pollen	percentage	0		
individualtimelinenode_c2805b46-f963-491a-b825-766208e247a0	6330	6330	Alnus sp.	Alnus	Genus	Life > Plantae > Angiosperms > Fagales > Betulaceae > Alnus	Alnus	pollen	percentage	1.2766		
individualtimelinenode_c2805b46-f963-491a-b825-766208e247a0	6330	6330	Artemisia sp.	Artemisia	Genus	Life > Plantae > Angiosperms > Asterales > Asteraceae > Asteroideae > Anthemideae > Artemisia	Artemisia	pollen	percentage	0		
individualtimelinenode_c2805b46-f963-491a-b825-766208e247a0	6330	6330	Betula sp.	Betula	Genus	Life > Plantae > Angiosperms > Fagales > Betulaceae > Betula	Betula	pollen	percentage	47.5		
individualtimelinenode_c2805b46-f963-491a-b825-766208e247a0	6330	6330	Botrychium sp.	Botrychium	Genus	Life > Plantae > Polypodiophyta > Polypodiopsida > Ophioglossales > Ophioglossaceae > Botrychioideae > Botrychium	Botrychium	pollen	percentage	0		
individualtimelinenode_c2805b46-f963-491a-b825-766208e247a0	6330	6330	Campanula sp.	Campanula	Genus	Life > Plantae > Angiosperms > Asterales > Campanulaceae > Campanula	Campanula	pollen	percentage	0.90909		
individualtimelinenode_c2805b46-f963-491a-b825-766208e247a0	6330	6330	Cerastium-Stellaria type	Stellaria longipes Goldie	Species	Stellaria longipes Goldie	Stellaria longipes Goldie;Cerastium fontanum Baumg.;Cerastium alpinum L.	pollen	percentage	0		
individualtimelinenode_c2805b46-f963-491a-b825-766208e247a0	6330	6330	Cerastium-Stellaria type	Cerastium fontanum Baumg.	Species	Cerastium fontanum Baumg.	Stellaria longipes Goldie;Cerastium fontanum Baumg.;Cerastium alpinum L.	pollen	percentage	0		
individualtimelinenode_c2805b46-f963-491a-b825-766208e247a0	6330	6330	Cerastium-Stellaria type	Cerastium alpinum L.	Species	Cerastium alpinum L.	Stellaria longipes Goldie;Cerastium fontanum Baumg.;Cerastium alpinum L.	pollen	percentage	0		
individualtimelinenode_c2805b46-f963-491a-b825-766208e247a0	6330	6330	Dryas type	Dryas	Genus	Life > Plantae > Angiosperms > Rosales > Rosaceae > Dryas	Dryas	pollen	percentage	0		
individualtimelinenode_c2805b46-f963-491a-b825-766208e247a0	6330	6330	Dryopteris type	Polypodiaceae	Family	Life > Plantae > Polypodiophyta > Polypodiopsida > Polypodiales > Polypodiaceae	Polypodiaceae	pollen	percentage	0.625		
individualtimelinenode_c2805b46-f963-491a-b825-766208e247a0	6330	6330	Euphrasia type	Rhinanthus	Genus	Life > Plantae > Angiosperms > Lamiales > Orobanchaceae > Rhinanthus	Rhinanthus;Euphrasia;Bartsia	pollen	percentage	0		
individualtimelinenode_c2805b46-f963-491a-b825-766208e247a0	6330	6330	Euphrasia type	Euphrasia	Genus	Euphrasia	Rhinanthus;Euphrasia;Bartsia	pollen	percentage	0		
individualtimelinenode_c2805b46-f963-491a-b825-766208e247a0	6330	6330	Euphrasia type	Bartsia	Genus	Bartsia	Rhinanthus;Euphrasia;Bartsia	pollen	percentage	0		
individualtimelinenode_c2805b46-f963-491a-b825-766208e247a0	6330	6330	Galium sp.	Galium	Genus	Life > Plantae > Angiosperms > Gentianales > Rubiaceae > Galium	Galium	pollen	percentage	0		
individualtimelinenode_c2805b46-f963-491a-b825-766208e247a0	6330	6330	Gymnocarpium dryopteris	Gymnocarpium dryopteris (L.) Newman	Species	Gymnocarpium dryopteris (L.) Newman	Gymnocarpium dryopteris (L.) Newman	pollen	percentage	3.33333		
individualtimelinenode_c2805b46-f963-491a-b825-766208e247a0	6330	6330	Juniperus communis	Juniperus communis L.	Species	Life > Plantae > Pinophyta > Pinopsida > Cupressales > Cupressaceae > Juniperus > Juniperus communis L.	Juniperus communis L.	pollen	percentage	18.18182		
individualtimelinenode_c2805b46-f963-491a-b825-766208e247a0	6330	6330	Luzula-Juncus	Juncus	Genus	Life > Plantae > Angiosperms > Poales > Juncaceae > Juncus	Juncus;Luzula	pollen	percentage	0		
individualtimelinenode_c2805b46-f963-491a-b825-766208e247a0	6330	6330	Luzula-Juncus	Luzula	Genus	Life > Plantae > Angiosperms > Poales > Juncaceae > Luzula	Juncus;Luzula	pollen	percentage	0		
individualtimelinenode_c2805b46-f963-491a-b825-766208e247a0	6330	6330	Lycopodium dubium	Lycopodium clavatum L.	Species	Life > Plantae > Lycopodiophyta > Lycopodiopsida > Lycopodiales > Lycopodiaceae > Lycopodioideae > Lycopodium > Lycopodium clavatum L.	Lycopodium clavatum L.	pollen	percentage	4.375		
individualtimelinenode_c2805b46-f963-491a-b825-766208e247a0	6330	6330	Potentilla-Comarum type	Sibbaldia procumbens L.	Species	Sibbaldia procumbens L.	Sibbaldia procumbens L.;Comarum palustre L.;Potentilla hyparctica Malte;Potentilla nivea L.;Potentilla hookeriana Lehm.	pollen	percentage	1.25		
individualtimelinenode_c2805b46-f963-491a-b825-766208e247a0	6330	6330	Potentilla-Comarum type	Comarum palustre L.	Species	Life > Plantae > Angiosperms > Rosales > Rosaceae > Comarum > Comarum palustre L.	Sibbaldia procumbens L.;Comarum palustre L.;Potentilla hyparctica Malte;Potentilla nivea L.;Potentilla hookeriana Lehm.	pollen	percentage	1.25		
individualtimelinenode_c2805b46-f963-491a-b825-766208e247a0	6330	6330	Potentilla-Comarum type	Potentilla hyparctica Malte	Species	Potentilla hyparctica Malte	Sibbaldia procumbens L.;Comarum palustre L.;Potentilla hyparctica Malte;Potentilla nivea L.;Potentilla hookeriana Lehm.	pollen	percentage	1.25		
individualtimelinenode_c2805b46-f963-491a-b825-766208e247a0	6330	6330	Potentilla-Comarum type	Potentilla nivea L.	Species	Potentilla nivea L.	Sibbaldia procumbens L.;Comarum palustre L.;Potentilla hyparctica Malte;Potentilla nivea L.;Potentilla hookeriana Lehm.	pollen	percentage	1.25		
individualtimelinenode_c2805b46-f963-491a-b825-766208e247a0	6330	6330	Potentilla-Comarum type	Potentilla hookeriana Lehm.	Species	Potentilla hookeriana Lehm.	Sibbaldia procumbens L.;Comarum palustre L.;Potentilla hyparctica Malte;Potentilla nivea L.;Potentilla hookeriana Lehm.	pollen	percentage	1.25		
individualtimelinenode_c2805b46-f963-491a-b825-766208e247a0	6330	6330	Ranunculus sp.	Ranunculus	Genus	Life > Plantae > Angiosperms > Ranunculales > Ranunculaceae > Ranunculus	Ranunculus	pollen	percentage	0.58824		
individualtimelinenode_c2805b46-f963-491a-b825-766208e247a0	6330	6330	Rumex acetosella	Rumex acetosella L.	Species	Life > Plantae > Angiosperms > Caryophyllales > Polygonaceae > Rumex > Rumex acetosella L.	Rumex acetosella L.	pollen	percentage	0		
individualtimelinenode_c2805b46-f963-491a-b825-766208e247a0	6330	6330	Saxifraga oppositifolia type	Saxifraga paniculata Mill.	Species	Saxifraga paniculata Mill.	Saxifraga paniculata Mill.;Saxifraga aizoides L.;Saxifraga tricuspidata Rottb.;Saxifraga oppositifolia L.	pollen	percentage	0.55556		
individualtimelinenode_c2805b46-f963-491a-b825-766208e247a0	6330	6330	Saxifraga oppositifolia type	Saxifraga aizoides L.	Species	Saxifraga aizoides L.	Saxifraga paniculata Mill.;Saxifraga aizoides L.;Saxifraga tricuspidata Rottb.;Saxifraga oppositifolia L.	pollen	percentage	0.55556		
individualtimelinenode_c2805b46-f963-491a-b825-766208e247a0	6330	6330	Saxifraga oppositifolia type	Saxifraga tricuspidata Rottb.	Species	Saxifraga tricuspidata Rottb.	Saxifraga paniculata Mill.;Saxifraga aizoides L.;Saxifraga tricuspidata Rottb.;Saxifraga oppositifolia L.	pollen	percentage	0.55556		
individualtimelinenode_c2805b46-f963-491a-b825-766208e247a0	6330	6330	Saxifraga oppositifolia type	Saxifraga oppositifolia L.	Species	Life > Plantae > Angiosperms > Saxifragales > Saxifragaceae > Saxifraga > Saxifraga oppositifolia L.	Saxifraga paniculata Mill.;Saxifraga aizoides L.;Saxifraga tricuspidata Rottb.;Saxifraga oppositifolia L.	pollen	percentage	0.55556		
individualtimelinenode_c2805b46-f963-491a-b825-766208e247a0	6330	6330	Thalictrum alpinum	Thalictrum alpinum L.	Species	Life > Plantae > Angiosperms > Ranunculales > Ranunculaceae > Thalictrum > Thalictrum alpinum L.	Thalictrum alpinum L.	pollen	percentage	0.625		
individualtimelinenode_c2805b46-f963-491a-b825-766208e247a0	6330	6330	Tofieldia sp.	Tofieldia	Genus	Life > Plantae > Angiosperms > Alismatales > Tofieldiaceae > Tofieldia	Tofieldia	pollen	percentage	0		
individualtimelinenode_c2805b46-f963-491a-b825-766208e247a0	6551	6551	Alnus sp.	Alnus	Genus	Life > Plantae > Angiosperms > Fagales > Betulaceae > Alnus	Alnus	pollen	percentage	1.91489		
individualtimelinenode_c2805b46-f963-491a-b825-766208e247a0	6551	6551	Artemisia sp.	Artemisia	Genus	Life > Plantae > Angiosperms > Asterales > Asteraceae > Asteroideae > Anthemideae > Artemisia	Artemisia	pollen	percentage	0		
individualtimelinenode_c2805b46-f963-491a-b825-766208e247a0	6551	6551	Betula sp.	Betula	Genus	Life > Plantae > Angiosperms > Fagales > Betulaceae > Betula	Betula	pollen	percentage	45.625		
individualtimelinenode_c2805b46-f963-491a-b825-766208e247a0	6551	6551	Botrychium sp.	Botrychium	Genus	Life > Plantae > Polypodiophyta > Polypodiopsida > Ophioglossales > Ophioglossaceae > Botrychioideae > Botrychium	Botrychium	pollen	percentage	0		
individualtimelinenode_c2805b46-f963-491a-b825-766208e247a0	6551	6551	Campanula sp.	Campanula	Genus	Life > Plantae > Angiosperms > Asterales > Campanulaceae > Campanula	Campanula	pollen	percentage	1.36364		
individualtimelinenode_c2805b46-f963-491a-b825-766208e247a0	6551	6551	Cerastium-Stellaria type	Stellaria longipes Goldie	Species	Stellaria longipes Goldie	Stellaria longipes Goldie;Cerastium fontanum Baumg.;Cerastium alpinum L.	pollen	percentage	0		
individualtimelinenode_c2805b46-f963-491a-b825-766208e247a0	6551	6551	Cerastium-Stellaria type	Cerastium fontanum Baumg.	Species	Cerastium fontanum Baumg.	Stellaria longipes Goldie;Cerastium fontanum Baumg.;Cerastium alpinum L.	pollen	percentage	0		
individualtimelinenode_c2805b46-f963-491a-b825-766208e247a0	6551	6551	Cerastium-Stellaria type	Cerastium alpinum L.	Species	Cerastium alpinum L.	Stellaria longipes Goldie;Cerastium fontanum Baumg.;Cerastium alpinum L.	pollen	percentage	0		
individualtimelinenode_c2805b46-f963-491a-b825-766208e247a0	6551	6551	Dryas type	Dryas	Genus	Life > Plantae > Angiosperms > Rosales > Rosaceae > Dryas	Dryas	pollen	percentage	1.11111		
individualtimelinenode_c2805b46-f963-491a-b825-766208e247a0	6551	6551	Dryopteris type	Polypodiaceae	Family	Life > Plantae > Polypodiophyta > Polypodiopsida > Polypodiales > Polypodiaceae	Polypodiaceae	pollen	percentage	1.25		
individualtimelinenode_c2805b46-f963-491a-b825-766208e247a0	6551	6551	Euphrasia type	Rhinanthus	Genus	Life > Plantae > Angiosperms > Lamiales > Orobanchaceae > Rhinanthus	Rhinanthus;Euphrasia;Bartsia	pollen	percentage	0		
individualtimelinenode_c2805b46-f963-491a-b825-766208e247a0	6551	6551	Euphrasia type	Euphrasia	Genus	Euphrasia	Rhinanthus;Euphrasia;Bartsia	pollen	percentage	0		
individualtimelinenode_c2805b46-f963-491a-b825-766208e247a0	6551	6551	Euphrasia type	Bartsia	Genus	Bartsia	Rhinanthus;Euphrasia;Bartsia	pollen	percentage	0		
individualtimelinenode_c2805b46-f963-491a-b825-766208e247a0	6551	6551	Galium sp.	Galium	Genus	Life > Plantae > Angiosperms > Gentianales > Rubiaceae > Galium	Galium	pollen	percentage	0		
individualtimelinenode_c2805b46-f963-491a-b825-766208e247a0	6551	6551	Gymnocarpium dryopteris	Gymnocarpium dryopteris (L.) Newman	Species	Gymnocarpium dryopteris (L.) Newman	Gymnocarpium dryopteris (L.) Newman	pollen	percentage	1.66667		
individualtimelinenode_c2805b46-f963-491a-b825-766208e247a0	6551	6551	Juniperus communis	Juniperus communis L.	Species	Life > Plantae > Pinophyta > Pinopsida > Cupressales > Cupressaceae > Juniperus > Juniperus communis L.	Juniperus communis L.	pollen	percentage	20		
individualtimelinenode_c2805b46-f963-491a-b825-766208e247a0	6551	6551	Luzula-Juncus	Juncus	Genus	Life > Plantae > Angiosperms > Poales > Juncaceae > Juncus	Juncus;Luzula	pollen	percentage	0		
individualtimelinenode_c2805b46-f963-491a-b825-766208e247a0	6551	6551	Luzula-Juncus	Luzula	Genus	Life > Plantae > Angiosperms > Poales > Juncaceae > Luzula	Juncus;Luzula	pollen	percentage	0		
individualtimelinenode_c2805b46-f963-491a-b825-766208e247a0	6551	6551	Lycopodium dubium	Lycopodium clavatum L.	Species	Life > Plantae > Lycopodiophyta > Lycopodiopsida > Lycopodiales > Lycopodiaceae > Lycopodioideae > Lycopodium > Lycopodium clavatum L.	Lycopodium clavatum L.	pollen	percentage	3.125		
individualtimelinenode_c2805b46-f963-491a-b825-766208e247a0	6551	6551	Potentilla-Comarum type	Sibbaldia procumbens L.	Species	Sibbaldia procumbens L.	Sibbaldia procumbens L.;Comarum palustre L.;Potentilla hyparctica Malte;Potentilla nivea L.;Potentilla hookeriana Lehm.	pollen	percentage	0		
individualtimelinenode_c2805b46-f963-491a-b825-766208e247a0	6551	6551	Potentilla-Comarum type	Comarum palustre L.	Species	Life > Plantae > Angiosperms > Rosales > Rosaceae > Comarum > Comarum palustre L.	Sibbaldia procumbens L.;Comarum palustre L.;Potentilla hyparctica Malte;Potentilla nivea L.;Potentilla hookeriana Lehm.	pollen	percentage	0		
individualtimelinenode_c2805b46-f963-491a-b825-766208e247a0	6551	6551	Potentilla-Comarum type	Potentilla hyparctica Malte	Species	Potentilla hyparctica Malte	Sibbaldia procumbens L.;Comarum palustre L.;Potentilla hyparctica Malte;Potentilla nivea L.;Potentilla hookeriana Lehm.	pollen	percentage	0		
individualtimelinenode_c2805b46-f963-491a-b825-766208e247a0	6551	6551	Potentilla-Comarum type	Potentilla nivea L.	Species	Potentilla nivea L.	Sibbaldia procumbens L.;Comarum palustre L.;Potentilla hyparctica Malte;Potentilla nivea L.;Potentilla hookeriana Lehm.	pollen	percentage	0		
individualtimelinenode_c2805b46-f963-491a-b825-766208e247a0	6551	6551	Potentilla-Comarum type	Potentilla hookeriana Lehm.	Species	Potentilla hookeriana Lehm.	Sibbaldia procumbens L.;Comarum palustre L.;Potentilla hyparctica Malte;Potentilla nivea L.;Potentilla hookeriana Lehm.	pollen	percentage	0		
individualtimelinenode_c2805b46-f963-491a-b825-766208e247a0	6551	6551	Ranunculus sp.	Ranunculus	Genus	Life > Plantae > Angiosperms > Ranunculales > Ranunculaceae > Ranunculus	Ranunculus	pollen	percentage	0		
individualtimelinenode_c2805b46-f963-491a-b825-766208e247a0	6551	6551	Rumex acetosella	Rumex acetosella L.	Species	Life > Plantae > Angiosperms > Caryophyllales > Polygonaceae > Rumex > Rumex acetosella L.	Rumex acetosella L.	pollen	percentage	1.25		
individualtimelinenode_c2805b46-f963-491a-b825-766208e247a0	6551	6551	Saxifraga oppositifolia type	Saxifraga paniculata Mill.	Species	Saxifraga paniculata Mill.	Saxifraga paniculata Mill.;Saxifraga aizoides L.;Saxifraga tricuspidata Rottb.;Saxifraga oppositifolia L.	pollen	percentage	0.55556		
individualtimelinenode_c2805b46-f963-491a-b825-766208e247a0	6551	6551	Saxifraga oppositifolia type	Saxifraga aizoides L.	Species	Saxifraga aizoides L.	Saxifraga paniculata Mill.;Saxifraga aizoides L.;Saxifraga tricuspidata Rottb.;Saxifraga oppositifolia L.	pollen	percentage	0.55556		
individualtimelinenode_c2805b46-f963-491a-b825-766208e247a0	6551	6551	Saxifraga oppositifolia type	Saxifraga tricuspidata Rottb.	Species	Saxifraga tricuspidata Rottb.	Saxifraga paniculata Mill.;Saxifraga aizoides L.;Saxifraga tricuspidata Rottb.;Saxifraga oppositifolia L.	pollen	percentage	0.55556		
individualtimelinenode_c2805b46-f963-491a-b825-766208e247a0	6551	6551	Saxifraga oppositifolia type	Saxifraga oppositifolia L.	Species	Life > Plantae > Angiosperms > Saxifragales > Saxifragaceae > Saxifraga > Saxifraga oppositifolia L.	Saxifraga paniculata Mill.;Saxifraga aizoides L.;Saxifraga tricuspidata Rottb.;Saxifraga oppositifolia L.	pollen	percentage	0.55556		
individualtimelinenode_c2805b46-f963-491a-b825-766208e247a0	6551	6551	Thalictrum alpinum	Thalictrum alpinum L.	Species	Life > Plantae > Angiosperms > Ranunculales > Ranunculaceae > Thalictrum > Thalictrum alpinum L.	Thalictrum alpinum L.	pollen	percentage	0		
individualtimelinenode_c2805b46-f963-491a-b825-766208e247a0	6551	6551	Tofieldia sp.	Tofieldia	Genus	Life > Plantae > Angiosperms > Alismatales > Tofieldiaceae > Tofieldia	Tofieldia	pollen	percentage	0		
individualtimelinenode_c2805b46-f963-491a-b825-766208e247a0	6821	6821	Alnus sp.	Alnus	Genus	Life > Plantae > Angiosperms > Fagales > Betulaceae > Alnus	Alnus	pollen	percentage	1.2766		
individualtimelinenode_c2805b46-f963-491a-b825-766208e247a0	6821	6821	Artemisia sp.	Artemisia	Genus	Life > Plantae > Angiosperms > Asterales > Asteraceae > Asteroideae > Anthemideae > Artemisia	Artemisia	pollen	percentage	0		
individualtimelinenode_c2805b46-f963-491a-b825-766208e247a0	6821	6821	Betula sp.	Betula	Genus	Life > Plantae > Angiosperms > Fagales > Betulaceae > Betula	Betula	pollen	percentage	38.75		
individualtimelinenode_c2805b46-f963-491a-b825-766208e247a0	6821	6821	Botrychium sp.	Botrychium	Genus	Life > Plantae > Polypodiophyta > Polypodiopsida > Ophioglossales > Ophioglossaceae > Botrychioideae > Botrychium	Botrychium	pollen	percentage	0		
individualtimelinenode_c2805b46-f963-491a-b825-766208e247a0	6821	6821	Campanula sp.	Campanula	Genus	Life > Plantae > Angiosperms > Asterales > Campanulaceae > Campanula	Campanula	pollen	percentage	0		
individualtimelinenode_c2805b46-f963-491a-b825-766208e247a0	6821	6821	Cerastium-Stellaria type	Stellaria longipes Goldie	Species	Stellaria longipes Goldie	Stellaria longipes Goldie;Cerastium fontanum Baumg.;Cerastium alpinum L.	pollen	percentage	0		
individualtimelinenode_c2805b46-f963-491a-b825-766208e247a0	6821	6821	Cerastium-Stellaria type	Cerastium fontanum Baumg.	Species	Cerastium fontanum Baumg.	Stellaria longipes Goldie;Cerastium fontanum Baumg.;Cerastium alpinum L.	pollen	percentage	0		
individualtimelinenode_c2805b46-f963-491a-b825-766208e247a0	6821	6821	Cerastium-Stellaria type	Cerastium alpinum L.	Species	Cerastium alpinum L.	Stellaria longipes Goldie;Cerastium fontanum Baumg.;Cerastium alpinum L.	pollen	percentage	0		
individualtimelinenode_c2805b46-f963-491a-b825-766208e247a0	6821	6821	Dryas type	Dryas	Genus	Life > Plantae > Angiosperms > Rosales > Rosaceae > Dryas	Dryas	pollen	percentage	0		
individualtimelinenode_c2805b46-f963-491a-b825-766208e247a0	6821	6821	Dryopteris type	Polypodiaceae	Family	Life > Plantae > Polypodiophyta > Polypodiopsida > Polypodiales > Polypodiaceae	Polypodiaceae	pollen	percentage	1.25		
individualtimelinenode_c2805b46-f963-491a-b825-766208e247a0	6821	6821	Euphrasia type	Rhinanthus	Genus	Life > Plantae > Angiosperms > Lamiales > Orobanchaceae > Rhinanthus	Rhinanthus;Euphrasia;Bartsia	pollen	percentage	0		
individualtimelinenode_c2805b46-f963-491a-b825-766208e247a0	6821	6821	Euphrasia type	Euphrasia	Genus	Euphrasia	Rhinanthus;Euphrasia;Bartsia	pollen	percentage	0		
individualtimelinenode_c2805b46-f963-491a-b825-766208e247a0	6821	6821	Euphrasia type	Bartsia	Genus	Bartsia	Rhinanthus;Euphrasia;Bartsia	pollen	percentage	0		
individualtimelinenode_c2805b46-f963-491a-b825-766208e247a0	6821	6821	Galium sp.	Galium	Genus	Life > Plantae > Angiosperms > Gentianales > Rubiaceae > Galium	Galium	pollen	percentage	0		
individualtimelinenode_c2805b46-f963-491a-b825-766208e247a0	6821	6821	Gymnocarpium dryopteris	Gymnocarpium dryopteris (L.) Newman	Species	Gymnocarpium dryopteris (L.) Newman	Gymnocarpium dryopteris (L.) Newman	pollen	percentage	3.33333		
individualtimelinenode_c2805b46-f963-491a-b825-766208e247a0	6821	6821	Juniperus communis	Juniperus communis L.	Species	Life > Plantae > Pinophyta > Pinopsida > Cupressales > Cupressaceae > Juniperus > Juniperus communis L.	Juniperus communis L.	pollen	percentage	18.78788		
individualtimelinenode_c2805b46-f963-491a-b825-766208e247a0	6821	6821	Luzula-Juncus	Juncus	Genus	Life > Plantae > Angiosperms > Poales > Juncaceae > Juncus	Juncus;Luzula	pollen	percentage	0		
individualtimelinenode_c2805b46-f963-491a-b825-766208e247a0	6821	6821	Luzula-Juncus	Luzula	Genus	Life > Plantae > Angiosperms > Poales > Juncaceae > Luzula	Juncus;Luzula	pollen	percentage	0		
individualtimelinenode_c2805b46-f963-491a-b825-766208e247a0	6821	6821	Lycopodium dubium	Lycopodium clavatum L.	Species	Life > Plantae > Lycopodiophyta > Lycopodiopsida > Lycopodiales > Lycopodiaceae > Lycopodioideae > Lycopodium > Lycopodium clavatum L.	Lycopodium clavatum L.	pollen	percentage	2.5		
individualtimelinenode_c2805b46-f963-491a-b825-766208e247a0	6821	6821	Potentilla-Comarum type	Sibbaldia procumbens L.	Species	Sibbaldia procumbens L.	Sibbaldia procumbens L.;Comarum palustre L.;Potentilla hyparctica Malte;Potentilla nivea L.;Potentilla hookeriana Lehm.	pollen	percentage	1.25		
individualtimelinenode_c2805b46-f963-491a-b825-766208e247a0	6821	6821	Potentilla-Comarum type	Comarum palustre L.	Species	Life > Plantae > Angiosperms > Rosales > Rosaceae > Comarum > Comarum palustre L.	Sibbaldia procumbens L.;Comarum palustre L.;Potentilla hyparctica Malte;Potentilla nivea L.;Potentilla hookeriana Lehm.	pollen	percentage	1.25		
individualtimelinenode_c2805b46-f963-491a-b825-766208e247a0	6821	6821	Potentilla-Comarum type	Potentilla hyparctica Malte	Species	Potentilla hyparctica Malte	Sibbaldia procumbens L.;Comarum palustre L.;Potentilla hyparctica Malte;Potentilla nivea L.;Potentilla hookeriana Lehm.	pollen	percentage	1.25		
individualtimelinenode_c2805b46-f963-491a-b825-766208e247a0	6821	6821	Potentilla-Comarum type	Potentilla nivea L.	Species	Potentilla nivea L.	Sibbaldia procumbens L.;Comarum palustre L.;Potentilla hyparctica Malte;Potentilla nivea L.;Potentilla hookeriana Lehm.	pollen	percentage	1.25		
individualtimelinenode_c2805b46-f963-491a-b825-766208e247a0	6821	6821	Potentilla-Comarum type	Potentilla hookeriana Lehm.	Species	Potentilla hookeriana Lehm.	Sibbaldia procumbens L.;Comarum palustre L.;Potentilla hyparctica Malte;Potentilla nivea L.;Potentilla hookeriana Lehm.	pollen	percentage	1.25		
individualtimelinenode_c2805b46-f963-491a-b825-766208e247a0	6821	6821	Ranunculus sp.	Ranunculus	Genus	Life > Plantae > Angiosperms > Ranunculales > Ranunculaceae > Ranunculus	Ranunculus	pollen	percentage	0		
individualtimelinenode_c2805b46-f963-491a-b825-766208e247a0	6821	6821	Rumex acetosella	Rumex acetosella L.	Species	Life > Plantae > Angiosperms > Caryophyllales > Polygonaceae > Rumex > Rumex acetosella L.	Rumex acetosella L.	pollen	percentage	0		
individualtimelinenode_c2805b46-f963-491a-b825-766208e247a0	6821	6821	Saxifraga oppositifolia type	Saxifraga paniculata Mill.	Species	Saxifraga paniculata Mill.	Saxifraga paniculata Mill.;Saxifraga aizoides L.;Saxifraga tricuspidata Rottb.;Saxifraga oppositifolia L.	pollen	percentage	0		
individualtimelinenode_c2805b46-f963-491a-b825-766208e247a0	6821	6821	Saxifraga oppositifolia type	Saxifraga aizoides L.	Species	Saxifraga aizoides L.	Saxifraga paniculata Mill.;Saxifraga aizoides L.;Saxifraga tricuspidata Rottb.;Saxifraga oppositifolia L.	pollen	percentage	0		
individualtimelinenode_c2805b46-f963-491a-b825-766208e247a0	6821	6821	Saxifraga oppositifolia type	Saxifraga tricuspidata Rottb.	Species	Saxifraga tricuspidata Rottb.	Saxifraga paniculata Mill.;Saxifraga aizoides L.;Saxifraga tricuspidata Rottb.;Saxifraga oppositifolia L.	pollen	percentage	0		
individualtimelinenode_c2805b46-f963-491a-b825-766208e247a0	6821	6821	Saxifraga oppositifolia type	Saxifraga oppositifolia L.	Species	Life > Plantae > Angiosperms > Saxifragales > Saxifragaceae > Saxifraga > Saxifraga oppositifolia L.	Saxifraga paniculata Mill.;Saxifraga aizoides L.;Saxifraga tricuspidata Rottb.;Saxifraga oppositifolia L.	pollen	percentage	0		
individualtimelinenode_c2805b46-f963-491a-b825-766208e247a0	6821	6821	Thalictrum alpinum	Thalictrum alpinum L.	Species	Life > Plantae > Angiosperms > Ranunculales > Ranunculaceae > Thalictrum > Thalictrum alpinum L.	Thalictrum alpinum L.	pollen	percentage	0.625		
individualtimelinenode_c2805b46-f963-491a-b825-766208e247a0	6821	6821	Tofieldia sp.	Tofieldia	Genus	Life > Plantae > Angiosperms > Alismatales > Tofieldiaceae > Tofieldia	Tofieldia	pollen	percentage	0		
individualtimelinenode_c2805b46-f963-491a-b825-766208e247a0	7018	7018	Alnus sp.	Alnus	Genus	Life > Plantae > Angiosperms > Fagales > Betulaceae > Alnus	Alnus	pollen	percentage	1.91489		
individualtimelinenode_c2805b46-f963-491a-b825-766208e247a0	7018	7018	Artemisia sp.	Artemisia	Genus	Life > Plantae > Angiosperms > Asterales > Asteraceae > Asteroideae > Anthemideae > Artemisia	Artemisia	pollen	percentage	0		
individualtimelinenode_c2805b46-f963-491a-b825-766208e247a0	7018	7018	Betula sp.	Betula	Genus	Life > Plantae > Angiosperms > Fagales > Betulaceae > Betula	Betula	pollen	percentage	44.375		
individualtimelinenode_c2805b46-f963-491a-b825-766208e247a0	7018	7018	Botrychium sp.	Botrychium	Genus	Life > Plantae > Polypodiophyta > Polypodiopsida > Ophioglossales > Ophioglossaceae > Botrychioideae > Botrychium	Botrychium	pollen	percentage	0		
individualtimelinenode_c2805b46-f963-491a-b825-766208e247a0	7018	7018	Campanula sp.	Campanula	Genus	Life > Plantae > Angiosperms > Asterales > Campanulaceae > Campanula	Campanula	pollen	percentage	0		
individualtimelinenode_c2805b46-f963-491a-b825-766208e247a0	7018	7018	Cerastium-Stellaria type	Stellaria longipes Goldie	Species	Stellaria longipes Goldie	Stellaria longipes Goldie;Cerastium fontanum Baumg.;Cerastium alpinum L.	pollen	percentage	0		
individualtimelinenode_c2805b46-f963-491a-b825-766208e247a0	7018	7018	Cerastium-Stellaria type	Cerastium fontanum Baumg.	Species	Cerastium fontanum Baumg.	Stellaria longipes Goldie;Cerastium fontanum Baumg.;Cerastium alpinum L.	pollen	percentage	0		
individualtimelinenode_c2805b46-f963-491a-b825-766208e247a0	7018	7018	Cerastium-Stellaria type	Cerastium alpinum L.	Species	Cerastium alpinum L.	Stellaria longipes Goldie;Cerastium fontanum Baumg.;Cerastium alpinum L.	pollen	percentage	0		
individualtimelinenode_c2805b46-f963-491a-b825-766208e247a0	7018	7018	Dryas type	Dryas	Genus	Life > Plantae > Angiosperms > Rosales > Rosaceae > Dryas	Dryas	pollen	percentage	1.11111		
individualtimelinenode_c2805b46-f963-491a-b825-766208e247a0	7018	7018	Dryopteris type	Polypodiaceae	Family	Life > Plantae > Polypodiophyta > Polypodiopsida > Polypodiales > Polypodiaceae	Polypodiaceae	pollen	percentage	1.25		
individualtimelinenode_c2805b46-f963-491a-b825-766208e247a0	7018	7018	Euphrasia type	Rhinanthus	Genus	Life > Plantae > Angiosperms > Lamiales > Orobanchaceae > Rhinanthus	Rhinanthus;Euphrasia;Bartsia	pollen	percentage	0		
individualtimelinenode_c2805b46-f963-491a-b825-766208e247a0	7018	7018	Euphrasia type	Euphrasia	Genus	Euphrasia	Rhinanthus;Euphrasia;Bartsia	pollen	percentage	0		
individualtimelinenode_c2805b46-f963-491a-b825-766208e247a0	7018	7018	Euphrasia type	Bartsia	Genus	Bartsia	Rhinanthus;Euphrasia;Bartsia	pollen	percentage	0		
individualtimelinenode_c2805b46-f963-491a-b825-766208e247a0	7018	7018	Galium sp.	Galium	Genus	Life > Plantae > Angiosperms > Gentianales > Rubiaceae > Galium	Galium	pollen	percentage	0		
individualtimelinenode_c2805b46-f963-491a-b825-766208e247a0	7018	7018	Gymnocarpium dryopteris	Gymnocarpium dryopteris (L.) Newman	Species	Gymnocarpium dryopteris (L.) Newman	Gymnocarpium dryopteris (L.) Newman	pollen	percentage	1.66667		
individualtimelinenode_c2805b46-f963-491a-b825-766208e247a0	7018	7018	Juniperus communis	Juniperus communis L.	Species	Life > Plantae > Pinophyta > Pinopsida > Cupressales > Cupressaceae > Juniperus > Juniperus communis L.	Juniperus communis L.	pollen	percentage	10.30303		
individualtimelinenode_c2805b46-f963-491a-b825-766208e247a0	7018	7018	Luzula-Juncus	Juncus	Genus	Life > Plantae > Angiosperms > Poales > Juncaceae > Juncus	Juncus;Luzula	pollen	percentage	0		
individualtimelinenode_c2805b46-f963-491a-b825-766208e247a0	7018	7018	Luzula-Juncus	Luzula	Genus	Life > Plantae > Angiosperms > Poales > Juncaceae > Luzula	Juncus;Luzula	pollen	percentage	0		
individualtimelinenode_c2805b46-f963-491a-b825-766208e247a0	7018	7018	Lycopodium dubium	Lycopodium clavatum L.	Species	Life > Plantae > Lycopodiophyta > Lycopodiopsida > Lycopodiales > Lycopodiaceae > Lycopodioideae > Lycopodium > Lycopodium clavatum L.	Lycopodium clavatum L.	pollen	percentage	1.875		
individualtimelinenode_c2805b46-f963-491a-b825-766208e247a0	7018	7018	Potentilla-Comarum type	Sibbaldia procumbens L.	Species	Sibbaldia procumbens L.	Sibbaldia procumbens L.;Comarum palustre L.;Potentilla hyparctica Malte;Potentilla nivea L.;Potentilla hookeriana Lehm.	pollen	percentage	0		
individualtimelinenode_c2805b46-f963-491a-b825-766208e247a0	7018	7018	Potentilla-Comarum type	Comarum palustre L.	Species	Life > Plantae > Angiosperms > Rosales > Rosaceae > Comarum > Comarum palustre L.	Sibbaldia procumbens L.;Comarum palustre L.;Potentilla hyparctica Malte;Potentilla nivea L.;Potentilla hookeriana Lehm.	pollen	percentage	0		
individualtimelinenode_c2805b46-f963-491a-b825-766208e247a0	7018	7018	Potentilla-Comarum type	Potentilla hyparctica Malte	Species	Potentilla hyparctica Malte	Sibbaldia procumbens L.;Comarum palustre L.;Potentilla hyparctica Malte;Potentilla nivea L.;Potentilla hookeriana Lehm.	pollen	percentage	0		
individualtimelinenode_c2805b46-f963-491a-b825-766208e247a0	7018	7018	Potentilla-Comarum type	Potentilla nivea L.	Species	Potentilla nivea L.	Sibbaldia procumbens L.;Comarum palustre L.;Potentilla hyparctica Malte;Potentilla nivea L.;Potentilla hookeriana Lehm.	pollen	percentage	0		
individualtimelinenode_c2805b46-f963-491a-b825-766208e247a0	7018	7018	Potentilla-Comarum type	Potentilla hookeriana Lehm.	Species	Potentilla hookeriana Lehm.	Sibbaldia procumbens L.;Comarum palustre L.;Potentilla hyparctica Malte;Potentilla nivea L.;Potentilla hookeriana Lehm.	pollen	percentage	0		
individualtimelinenode_c2805b46-f963-491a-b825-766208e247a0	7018	7018	Ranunculus sp.	Ranunculus	Genus	Life > Plantae > Angiosperms > Ranunculales > Ranunculaceae > Ranunculus	Ranunculus	pollen	percentage	0		
individualtimelinenode_c2805b46-f963-491a-b825-766208e247a0	7018	7018	Rumex acetosella	Rumex acetosella L.	Species	Life > Plantae > Angiosperms > Caryophyllales > Polygonaceae > Rumex > Rumex acetosella L.	Rumex acetosella L.	pollen	percentage	0		
individualtimelinenode_c2805b46-f963-491a-b825-766208e247a0	7018	7018	Saxifraga oppositifolia type	Saxifraga paniculata Mill.	Species	Saxifraga paniculata Mill.	Saxifraga paniculata Mill.;Saxifraga aizoides L.;Saxifraga tricuspidata Rottb.;Saxifraga oppositifolia L.	pollen	percentage	0		
individualtimelinenode_c2805b46-f963-491a-b825-766208e247a0	7018	7018	Saxifraga oppositifolia type	Saxifraga aizoides L.	Species	Saxifraga aizoides L.	Saxifraga paniculata Mill.;Saxifraga aizoides L.;Saxifraga tricuspidata Rottb.;Saxifraga oppositifolia L.	pollen	percentage	0		
individualtimelinenode_c2805b46-f963-491a-b825-766208e247a0	7018	7018	Saxifraga oppositifolia type	Saxifraga tricuspidata Rottb.	Species	Saxifraga tricuspidata Rottb.	Saxifraga paniculata Mill.;Saxifraga aizoides L.;Saxifraga tricuspidata Rottb.;Saxifraga oppositifolia L.	pollen	percentage	0		
individualtimelinenode_c2805b46-f963-491a-b825-766208e247a0	7018	7018	Saxifraga oppositifolia type	Saxifraga oppositifolia L.	Species	Life > Plantae > Angiosperms > Saxifragales > Saxifragaceae > Saxifraga > Saxifraga oppositifolia L.	Saxifraga paniculata Mill.;Saxifraga aizoides L.;Saxifraga tricuspidata Rottb.;Saxifraga oppositifolia L.	pollen	percentage	0		
individualtimelinenode_c2805b46-f963-491a-b825-766208e247a0	7018	7018	Thalictrum alpinum	Thalictrum alpinum L.	Species	Life > Plantae > Angiosperms > Ranunculales > Ranunculaceae > Thalictrum > Thalictrum alpinum L.	Thalictrum alpinum L.	pollen	percentage	0.625		
individualtimelinenode_c2805b46-f963-491a-b825-766208e247a0	7018	7018	Tofieldia sp.	Tofieldia	Genus	Life > Plantae > Angiosperms > Alismatales > Tofieldiaceae > Tofieldia	Tofieldia	pollen	percentage	0		
individualtimelinenode_c2805b46-f963-491a-b825-766208e247a0	7349	7349	Alnus sp.	Alnus	Genus	Life > Plantae > Angiosperms > Fagales > Betulaceae > Alnus	Alnus	pollen	percentage	2.55319		
individualtimelinenode_c2805b46-f963-491a-b825-766208e247a0	7349	7349	Artemisia sp.	Artemisia	Genus	Life > Plantae > Angiosperms > Asterales > Asteraceae > Asteroideae > Anthemideae > Artemisia	Artemisia	pollen	percentage	0.55556		
individualtimelinenode_c2805b46-f963-491a-b825-766208e247a0	7349	7349	Betula sp.	Betula	Genus	Life > Plantae > Angiosperms > Fagales > Betulaceae > Betula	Betula	pollen	percentage	17.5		
individualtimelinenode_c2805b46-f963-491a-b825-766208e247a0	7349	7349	Botrychium sp.	Botrychium	Genus	Life > Plantae > Polypodiophyta > Polypodiopsida > Ophioglossales > Ophioglossaceae > Botrychioideae > Botrychium	Botrychium	pollen	percentage	0		
individualtimelinenode_c2805b46-f963-491a-b825-766208e247a0	7349	7349	Campanula sp.	Campanula	Genus	Life > Plantae > Angiosperms > Asterales > Campanulaceae > Campanula	Campanula	pollen	percentage	0		
individualtimelinenode_c2805b46-f963-491a-b825-766208e247a0	7349	7349	Cerastium-Stellaria type	Stellaria longipes Goldie	Species	Stellaria longipes Goldie	Stellaria longipes Goldie;Cerastium fontanum Baumg.;Cerastium alpinum L.	pollen	percentage	0		
individualtimelinenode_c2805b46-f963-491a-b825-766208e247a0	7349	7349	Cerastium-Stellaria type	Cerastium fontanum Baumg.	Species	Cerastium fontanum Baumg.	Stellaria longipes Goldie;Cerastium fontanum Baumg.;Cerastium alpinum L.	pollen	percentage	0		
individualtimelinenode_c2805b46-f963-491a-b825-766208e247a0	7349	7349	Cerastium-Stellaria type	Cerastium alpinum L.	Species	Cerastium alpinum L.	Stellaria longipes Goldie;Cerastium fontanum Baumg.;Cerastium alpinum L.	pollen	percentage	0		
individualtimelinenode_c2805b46-f963-491a-b825-766208e247a0	7349	7349	Dryas type	Dryas	Genus	Life > Plantae > Angiosperms > Rosales > Rosaceae > Dryas	Dryas	pollen	percentage	0		
individualtimelinenode_c2805b46-f963-491a-b825-766208e247a0	7349	7349	Dryopteris type	Polypodiaceae	Family	Life > Plantae > Polypodiophyta > Polypodiopsida > Polypodiales > Polypodiaceae	Polypodiaceae	pollen	percentage	3.75		
individualtimelinenode_c2805b46-f963-491a-b825-766208e247a0	7349	7349	Euphrasia type	Rhinanthus	Genus	Life > Plantae > Angiosperms > Lamiales > Orobanchaceae > Rhinanthus	Rhinanthus;Euphrasia;Bartsia	pollen	percentage	0		
individualtimelinenode_c2805b46-f963-491a-b825-766208e247a0	7349	7349	Euphrasia type	Euphrasia	Genus	Euphrasia	Rhinanthus;Euphrasia;Bartsia	pollen	percentage	0		
individualtimelinenode_c2805b46-f963-491a-b825-766208e247a0	7349	7349	Euphrasia type	Bartsia	Genus	Bartsia	Rhinanthus;Euphrasia;Bartsia	pollen	percentage	0		
individualtimelinenode_c2805b46-f963-491a-b825-766208e247a0	7349	7349	Galium sp.	Galium	Genus	Life > Plantae > Angiosperms > Gentianales > Rubiaceae > Galium	Galium	pollen	percentage	0		
individualtimelinenode_c2805b46-f963-491a-b825-766208e247a0	7349	7349	Gymnocarpium dryopteris	Gymnocarpium dryopteris (L.) Newman	Species	Gymnocarpium dryopteris (L.) Newman	Gymnocarpium dryopteris (L.) Newman	pollen	percentage	0.55556		
individualtimelinenode_c2805b46-f963-491a-b825-766208e247a0	7349	7349	Juniperus communis	Juniperus communis L.	Species	Life > Plantae > Pinophyta > Pinopsida > Cupressales > Cupressaceae > Juniperus > Juniperus communis L.	Juniperus communis L.	pollen	percentage	1.81818		
individualtimelinenode_c2805b46-f963-491a-b825-766208e247a0	7349	7349	Luzula-Juncus	Juncus	Genus	Life > Plantae > Angiosperms > Poales > Juncaceae > Juncus	Juncus;Luzula	pollen	percentage	0		
individualtimelinenode_c2805b46-f963-491a-b825-766208e247a0	7349	7349	Luzula-Juncus	Luzula	Genus	Life > Plantae > Angiosperms > Poales > Juncaceae > Luzula	Juncus;Luzula	pollen	percentage	0		
individualtimelinenode_c2805b46-f963-491a-b825-766208e247a0	7349	7349	Lycopodium dubium	Lycopodium clavatum L.	Species	Life > Plantae > Lycopodiophyta > Lycopodiopsida > Lycopodiales > Lycopodiaceae > Lycopodioideae > Lycopodium > Lycopodium clavatum L.	Lycopodium clavatum L.	pollen	percentage	3.125		
individualtimelinenode_c2805b46-f963-491a-b825-766208e247a0	7349	7349	Potentilla-Comarum type	Sibbaldia procumbens L.	Species	Sibbaldia procumbens L.	Sibbaldia procumbens L.;Comarum palustre L.;Potentilla hyparctica Malte;Potentilla nivea L.;Potentilla hookeriana Lehm.	pollen	percentage	0		
individualtimelinenode_c2805b46-f963-491a-b825-766208e247a0	7349	7349	Potentilla-Comarum type	Comarum palustre L.	Species	Life > Plantae > Angiosperms > Rosales > Rosaceae > Comarum > Comarum palustre L.	Sibbaldia procumbens L.;Comarum palustre L.;Potentilla hyparctica Malte;Potentilla nivea L.;Potentilla hookeriana Lehm.	pollen	percentage	0		
individualtimelinenode_c2805b46-f963-491a-b825-766208e247a0	7349	7349	Potentilla-Comarum type	Potentilla hyparctica Malte	Species	Potentilla hyparctica Malte	Sibbaldia procumbens L.;Comarum palustre L.;Potentilla hyparctica Malte;Potentilla nivea L.;Potentilla hookeriana Lehm.	pollen	percentage	0		
individualtimelinenode_c2805b46-f963-491a-b825-766208e247a0	7349	7349	Potentilla-Comarum type	Potentilla nivea L.	Species	Potentilla nivea L.	Sibbaldia procumbens L.;Comarum palustre L.;Potentilla hyparctica Malte;Potentilla nivea L.;Potentilla hookeriana Lehm.	pollen	percentage	0		
individualtimelinenode_c2805b46-f963-491a-b825-766208e247a0	7349	7349	Potentilla-Comarum type	Potentilla hookeriana Lehm.	Species	Potentilla hookeriana Lehm.	Sibbaldia procumbens L.;Comarum palustre L.;Potentilla hyparctica Malte;Potentilla nivea L.;Potentilla hookeriana Lehm.	pollen	percentage	0		
individualtimelinenode_c2805b46-f963-491a-b825-766208e247a0	7349	7349	Ranunculus sp.	Ranunculus	Genus	Life > Plantae > Angiosperms > Ranunculales > Ranunculaceae > Ranunculus	Ranunculus	pollen	percentage	2.35294		
individualtimelinenode_c2805b46-f963-491a-b825-766208e247a0	7349	7349	Rumex acetosella	Rumex acetosella L.	Species	Life > Plantae > Angiosperms > Caryophyllales > Polygonaceae > Rumex > Rumex acetosella L.	Rumex acetosella L.	pollen	percentage	0		
individualtimelinenode_c2805b46-f963-491a-b825-766208e247a0	7349	7349	Saxifraga oppositifolia type	Saxifraga paniculata Mill.	Species	Saxifraga paniculata Mill.	Saxifraga paniculata Mill.;Saxifraga aizoides L.;Saxifraga tricuspidata Rottb.;Saxifraga oppositifolia L.	pollen	percentage	1.11111		
individualtimelinenode_c2805b46-f963-491a-b825-766208e247a0	7349	7349	Saxifraga oppositifolia type	Saxifraga aizoides L.	Species	Saxifraga aizoides L.	Saxifraga paniculata Mill.;Saxifraga aizoides L.;Saxifraga tricuspidata Rottb.;Saxifraga oppositifolia L.	pollen	percentage	1.11111		
individualtimelinenode_c2805b46-f963-491a-b825-766208e247a0	7349	7349	Saxifraga oppositifolia type	Saxifraga tricuspidata Rottb.	Species	Saxifraga tricuspidata Rottb.	Saxifraga paniculata Mill.;Saxifraga aizoides L.;Saxifraga tricuspidata Rottb.;Saxifraga oppositifolia L.	pollen	percentage	1.11111		
individualtimelinenode_c2805b46-f963-491a-b825-766208e247a0	7349	7349	Saxifraga oppositifolia type	Saxifraga oppositifolia L.	Species	Life > Plantae > Angiosperms > Saxifragales > Saxifragaceae > Saxifraga > Saxifraga oppositifolia L.	Saxifraga paniculata Mill.;Saxifraga aizoides L.;Saxifraga tricuspidata Rottb.;Saxifraga oppositifolia L.	pollen	percentage	1.11111		
individualtimelinenode_c2805b46-f963-491a-b825-766208e247a0	7349	7349	Thalictrum alpinum	Thalictrum alpinum L.	Species	Life > Plantae > Angiosperms > Ranunculales > Ranunculaceae > Thalictrum > Thalictrum alpinum L.	Thalictrum alpinum L.	pollen	percentage	6.25		
individualtimelinenode_c2805b46-f963-491a-b825-766208e247a0	7349	7349	Tofieldia sp.	Tofieldia	Genus	Life > Plantae > Angiosperms > Alismatales > Tofieldiaceae > Tofieldia	Tofieldia	pollen	percentage	1.25		
individualtimelinenode_c2805b46-f963-491a-b825-766208e247a0	8010	8010	Alnus sp.	Alnus	Genus	Life > Plantae > Angiosperms > Fagales > Betulaceae > Alnus	Alnus	pollen	percentage	3.19149		
individualtimelinenode_c2805b46-f963-491a-b825-766208e247a0	8010	8010	Artemisia sp.	Artemisia	Genus	Life > Plantae > Angiosperms > Asterales > Asteraceae > Asteroideae > Anthemideae > Artemisia	Artemisia	pollen	percentage	0		
individualtimelinenode_c2805b46-f963-491a-b825-766208e247a0	8010	8010	Betula sp.	Betula	Genus	Life > Plantae > Angiosperms > Fagales > Betulaceae > Betula	Betula	pollen	percentage	0		
individualtimelinenode_c2805b46-f963-491a-b825-766208e247a0	8010	8010	Botrychium sp.	Botrychium	Genus	Life > Plantae > Polypodiophyta > Polypodiopsida > Ophioglossales > Ophioglossaceae > Botrychioideae > Botrychium	Botrychium	pollen	percentage	0		
individualtimelinenode_c2805b46-f963-491a-b825-766208e247a0	8010	8010	Campanula sp.	Campanula	Genus	Life > Plantae > Angiosperms > Asterales > Campanulaceae > Campanula	Campanula	pollen	percentage	0		
individualtimelinenode_c2805b46-f963-491a-b825-766208e247a0	8010	8010	Cerastium-Stellaria type	Stellaria longipes Goldie	Species	Stellaria longipes Goldie	Stellaria longipes Goldie;Cerastium fontanum Baumg.;Cerastium alpinum L.	pollen	percentage	0		
individualtimelinenode_c2805b46-f963-491a-b825-766208e247a0	8010	8010	Cerastium-Stellaria type	Cerastium fontanum Baumg.	Species	Cerastium fontanum Baumg.	Stellaria longipes Goldie;Cerastium fontanum Baumg.;Cerastium alpinum L.	pollen	percentage	0		
individualtimelinenode_c2805b46-f963-491a-b825-766208e247a0	8010	8010	Cerastium-Stellaria type	Cerastium alpinum L.	Species	Cerastium alpinum L.	Stellaria longipes Goldie;Cerastium fontanum Baumg.;Cerastium alpinum L.	pollen	percentage	0		
individualtimelinenode_c2805b46-f963-491a-b825-766208e247a0	8010	8010	Dryas type	Dryas	Genus	Life > Plantae > Angiosperms > Rosales > Rosaceae > Dryas	Dryas	pollen	percentage	0		
individualtimelinenode_c2805b46-f963-491a-b825-766208e247a0	8010	8010	Dryopteris type	Polypodiaceae	Family	Life > Plantae > Polypodiophyta > Polypodiopsida > Polypodiales > Polypodiaceae	Polypodiaceae	pollen	percentage	2.5		
individualtimelinenode_c2805b46-f963-491a-b825-766208e247a0	8010	8010	Euphrasia type	Rhinanthus	Genus	Life > Plantae > Angiosperms > Lamiales > Orobanchaceae > Rhinanthus	Rhinanthus;Euphrasia;Bartsia	pollen	percentage	0.55556		
individualtimelinenode_c2805b46-f963-491a-b825-766208e247a0	8010	8010	Euphrasia type	Euphrasia	Genus	Euphrasia	Rhinanthus;Euphrasia;Bartsia	pollen	percentage	0.55556		
individualtimelinenode_c2805b46-f963-491a-b825-766208e247a0	8010	8010	Euphrasia type	Bartsia	Genus	Bartsia	Rhinanthus;Euphrasia;Bartsia	pollen	percentage	0.55556		
individualtimelinenode_c2805b46-f963-491a-b825-766208e247a0	8010	8010	Galium sp.	Galium	Genus	Life > Plantae > Angiosperms > Gentianales > Rubiaceae > Galium	Galium	pollen	percentage	0		
individualtimelinenode_c2805b46-f963-491a-b825-766208e247a0	8010	8010	Gymnocarpium dryopteris	Gymnocarpium dryopteris (L.) Newman	Species	Gymnocarpium dryopteris (L.) Newman	Gymnocarpium dryopteris (L.) Newman	pollen	percentage	0.55556		
individualtimelinenode_c2805b46-f963-491a-b825-766208e247a0	8010	8010	Juniperus communis	Juniperus communis L.	Species	Life > Plantae > Pinophyta > Pinopsida > Cupressales > Cupressaceae > Juniperus > Juniperus communis L.	Juniperus communis L.	pollen	percentage	0		
individualtimelinenode_c2805b46-f963-491a-b825-766208e247a0	8010	8010	Luzula-Juncus	Juncus	Genus	Life > Plantae > Angiosperms > Poales > Juncaceae > Juncus	Juncus;Luzula	pollen	percentage	0		
individualtimelinenode_c2805b46-f963-491a-b825-766208e247a0	8010	8010	Luzula-Juncus	Luzula	Genus	Life > Plantae > Angiosperms > Poales > Juncaceae > Luzula	Juncus;Luzula	pollen	percentage	0		
individualtimelinenode_c2805b46-f963-491a-b825-766208e247a0	8010	8010	Lycopodium dubium	Lycopodium clavatum L.	Species	Life > Plantae > Lycopodiophyta > Lycopodiopsida > Lycopodiales > Lycopodiaceae > Lycopodioideae > Lycopodium > Lycopodium clavatum L.	Lycopodium clavatum L.	pollen	percentage	1.875		
individualtimelinenode_c2805b46-f963-491a-b825-766208e247a0	8010	8010	Potentilla-Comarum type	Sibbaldia procumbens L.	Species	Sibbaldia procumbens L.	Sibbaldia procumbens L.;Comarum palustre L.;Potentilla hyparctica Malte;Potentilla nivea L.;Potentilla hookeriana Lehm.	pollen	percentage	0		
individualtimelinenode_c2805b46-f963-491a-b825-766208e247a0	8010	8010	Potentilla-Comarum type	Comarum palustre L.	Species	Life > Plantae > Angiosperms > Rosales > Rosaceae > Comarum > Comarum palustre L.	Sibbaldia procumbens L.;Comarum palustre L.;Potentilla hyparctica Malte;Potentilla nivea L.;Potentilla hookeriana Lehm.	pollen	percentage	0		
individualtimelinenode_c2805b46-f963-491a-b825-766208e247a0	8010	8010	Potentilla-Comarum type	Potentilla hyparctica Malte	Species	Potentilla hyparctica Malte	Sibbaldia procumbens L.;Comarum palustre L.;Potentilla hyparctica Malte;Potentilla nivea L.;Potentilla hookeriana Lehm.	pollen	percentage	0		
individualtimelinenode_c2805b46-f963-491a-b825-766208e247a0	8010	8010	Potentilla-Comarum type	Potentilla nivea L.	Species	Potentilla nivea L.	Sibbaldia procumbens L.;Comarum palustre L.;Potentilla hyparctica Malte;Potentilla nivea L.;Potentilla hookeriana Lehm.	pollen	percentage	0		
individualtimelinenode_c2805b46-f963-491a-b825-766208e247a0	8010	8010	Potentilla-Comarum type	Potentilla hookeriana Lehm.	Species	Potentilla hookeriana Lehm.	Sibbaldia procumbens L.;Comarum palustre L.;Potentilla hyparctica Malte;Potentilla nivea L.;Potentilla hookeriana Lehm.	pollen	percentage	0		
individualtimelinenode_c2805b46-f963-491a-b825-766208e247a0	8010	8010	Ranunculus sp.	Ranunculus	Genus	Life > Plantae > Angiosperms > Ranunculales > Ranunculaceae > Ranunculus	Ranunculus	pollen	percentage	0		
individualtimelinenode_c2805b46-f963-491a-b825-766208e247a0	8010	8010	Rumex acetosella	Rumex acetosella L.	Species	Life > Plantae > Angiosperms > Caryophyllales > Polygonaceae > Rumex > Rumex acetosella L.	Rumex acetosella L.	pollen	percentage	0		
individualtimelinenode_c2805b46-f963-491a-b825-766208e247a0	8010	8010	Saxifraga oppositifolia type	Saxifraga paniculata Mill.	Species	Saxifraga paniculata Mill.	Saxifraga paniculata Mill.;Saxifraga aizoides L.;Saxifraga tricuspidata Rottb.;Saxifraga oppositifolia L.	pollen	percentage	0.55556		
individualtimelinenode_c2805b46-f963-491a-b825-766208e247a0	8010	8010	Saxifraga oppositifolia type	Saxifraga aizoides L.	Species	Saxifraga aizoides L.	Saxifraga paniculata Mill.;Saxifraga aizoides L.;Saxifraga tricuspidata Rottb.;Saxifraga oppositifolia L.	pollen	percentage	0.55556		
individualtimelinenode_c2805b46-f963-491a-b825-766208e247a0	8010	8010	Saxifraga oppositifolia type	Saxifraga tricuspidata Rottb.	Species	Saxifraga tricuspidata Rottb.	Saxifraga paniculata Mill.;Saxifraga aizoides L.;Saxifraga tricuspidata Rottb.;Saxifraga oppositifolia L.	pollen	percentage	0.55556		
individualtimelinenode_c2805b46-f963-491a-b825-766208e247a0	8010	8010	Saxifraga oppositifolia type	Saxifraga oppositifolia L.	Species	Life > Plantae > Angiosperms > Saxifragales > Saxifragaceae > Saxifraga > Saxifraga oppositifolia L.	Saxifraga paniculata Mill.;Saxifraga aizoides L.;Saxifraga tricuspidata Rottb.;Saxifraga oppositifolia L.	pollen	percentage	0.55556		
individualtimelinenode_c2805b46-f963-491a-b825-766208e247a0	8010	8010	Thalictrum alpinum	Thalictrum alpinum L.	Species	Life > Plantae > Angiosperms > Ranunculales > Ranunculaceae > Thalictrum > Thalictrum alpinum L.	Thalictrum alpinum L.	pollen	percentage	6.875		
individualtimelinenode_c2805b46-f963-491a-b825-766208e247a0	8010	8010	Tofieldia sp.	Tofieldia	Genus	Life > Plantae > Angiosperms > Alismatales > Tofieldiaceae > Tofieldia	Tofieldia	pollen	percentage	0		
individualtimelinenode_c2805b46-f963-491a-b825-766208e247a0	8215	8215	Alnus sp.	Alnus	Genus	Life > Plantae > Angiosperms > Fagales > Betulaceae > Alnus	Alnus	pollen	percentage	1.91489		
individualtimelinenode_c2805b46-f963-491a-b825-766208e247a0	8215	8215	Artemisia sp.	Artemisia	Genus	Life > Plantae > Angiosperms > Asterales > Asteraceae > Asteroideae > Anthemideae > Artemisia	Artemisia	pollen	percentage	0		
individualtimelinenode_c2805b46-f963-491a-b825-766208e247a0	8215	8215	Betula sp.	Betula	Genus	Life > Plantae > Angiosperms > Fagales > Betulaceae > Betula	Betula	pollen	percentage	0		
individualtimelinenode_c2805b46-f963-491a-b825-766208e247a0	8215	8215	Botrychium sp.	Botrychium	Genus	Life > Plantae > Polypodiophyta > Polypodiopsida > Ophioglossales > Ophioglossaceae > Botrychioideae > Botrychium	Botrychium	pollen	percentage	0		
individualtimelinenode_c2805b46-f963-491a-b825-766208e247a0	8215	8215	Campanula sp.	Campanula	Genus	Life > Plantae > Angiosperms > Asterales > Campanulaceae > Campanula	Campanula	pollen	percentage	0		
individualtimelinenode_c2805b46-f963-491a-b825-766208e247a0	8215	8215	Cerastium-Stellaria type	Stellaria longipes Goldie	Species	Stellaria longipes Goldie	Stellaria longipes Goldie;Cerastium fontanum Baumg.;Cerastium alpinum L.	pollen	percentage	0		
individualtimelinenode_c2805b46-f963-491a-b825-766208e247a0	8215	8215	Cerastium-Stellaria type	Cerastium fontanum Baumg.	Species	Cerastium fontanum Baumg.	Stellaria longipes Goldie;Cerastium fontanum Baumg.;Cerastium alpinum L.	pollen	percentage	0		
individualtimelinenode_c2805b46-f963-491a-b825-766208e247a0	8215	8215	Cerastium-Stellaria type	Cerastium alpinum L.	Species	Cerastium alpinum L.	Stellaria longipes Goldie;Cerastium fontanum Baumg.;Cerastium alpinum L.	pollen	percentage	0		
individualtimelinenode_c2805b46-f963-491a-b825-766208e247a0	8215	8215	Dryas type	Dryas	Genus	Life > Plantae > Angiosperms > Rosales > Rosaceae > Dryas	Dryas	pollen	percentage	0		
individualtimelinenode_c2805b46-f963-491a-b825-766208e247a0	8215	8215	Dryopteris type	Polypodiaceae	Family	Life > Plantae > Polypodiophyta > Polypodiopsida > Polypodiales > Polypodiaceae	Polypodiaceae	pollen	percentage	6.875		
individualtimelinenode_c2805b46-f963-491a-b825-766208e247a0	8215	8215	Euphrasia type	Rhinanthus	Genus	Life > Plantae > Angiosperms > Lamiales > Orobanchaceae > Rhinanthus	Rhinanthus;Euphrasia;Bartsia	pollen	percentage	0		
individualtimelinenode_c2805b46-f963-491a-b825-766208e247a0	8215	8215	Euphrasia type	Euphrasia	Genus	Euphrasia	Rhinanthus;Euphrasia;Bartsia	pollen	percentage	0		
individualtimelinenode_c2805b46-f963-491a-b825-766208e247a0	8215	8215	Euphrasia type	Bartsia	Genus	Bartsia	Rhinanthus;Euphrasia;Bartsia	pollen	percentage	0		
individualtimelinenode_c2805b46-f963-491a-b825-766208e247a0	8215	8215	Galium sp.	Galium	Genus	Life > Plantae > Angiosperms > Gentianales > Rubiaceae > Galium	Galium	pollen	percentage	0		
individualtimelinenode_c2805b46-f963-491a-b825-766208e247a0	8215	8215	Gymnocarpium dryopteris	Gymnocarpium dryopteris (L.) Newman	Species	Gymnocarpium dryopteris (L.) Newman	Gymnocarpium dryopteris (L.) Newman	pollen	percentage	0		
individualtimelinenode_c2805b46-f963-491a-b825-766208e247a0	8215	8215	Juniperus communis	Juniperus communis L.	Species	Life > Plantae > Pinophyta > Pinopsida > Cupressales > Cupressaceae > Juniperus > Juniperus communis L.	Juniperus communis L.	pollen	percentage	0		
individualtimelinenode_c2805b46-f963-491a-b825-766208e247a0	8215	8215	Luzula-Juncus	Juncus	Genus	Life > Plantae > Angiosperms > Poales > Juncaceae > Juncus	Juncus;Luzula	pollen	percentage	0		
individualtimelinenode_c2805b46-f963-491a-b825-766208e247a0	8215	8215	Luzula-Juncus	Luzula	Genus	Life > Plantae > Angiosperms > Poales > Juncaceae > Luzula	Juncus;Luzula	pollen	percentage	0		
individualtimelinenode_c2805b46-f963-491a-b825-766208e247a0	8215	8215	Lycopodium dubium	Lycopodium clavatum L.	Species	Life > Plantae > Lycopodiophyta > Lycopodiopsida > Lycopodiales > Lycopodiaceae > Lycopodioideae > Lycopodium > Lycopodium clavatum L.	Lycopodium clavatum L.	pollen	percentage	0.625		
individualtimelinenode_c2805b46-f963-491a-b825-766208e247a0	8215	8215	Potentilla-Comarum type	Sibbaldia procumbens L.	Species	Sibbaldia procumbens L.	Sibbaldia procumbens L.;Comarum palustre L.;Potentilla hyparctica Malte;Potentilla nivea L.;Potentilla hookeriana Lehm.	pollen	percentage	3.75		
individualtimelinenode_c2805b46-f963-491a-b825-766208e247a0	8215	8215	Potentilla-Comarum type	Comarum palustre L.	Species	Life > Plantae > Angiosperms > Rosales > Rosaceae > Comarum > Comarum palustre L.	Sibbaldia procumbens L.;Comarum palustre L.;Potentilla hyparctica Malte;Potentilla nivea L.;Potentilla hookeriana Lehm.	pollen	percentage	3.75		
individualtimelinenode_c2805b46-f963-491a-b825-766208e247a0	8215	8215	Potentilla-Comarum type	Potentilla hyparctica Malte	Species	Potentilla hyparctica Malte	Sibbaldia procumbens L.;Comarum palustre L.;Potentilla hyparctica Malte;Potentilla nivea L.;Potentilla hookeriana Lehm.	pollen	percentage	3.75		
individualtimelinenode_c2805b46-f963-491a-b825-766208e247a0	8215	8215	Potentilla-Comarum type	Potentilla nivea L.	Species	Potentilla nivea L.	Sibbaldia procumbens L.;Comarum palustre L.;Potentilla hyparctica Malte;Potentilla nivea L.;Potentilla hookeriana Lehm.	pollen	percentage	3.75		
individualtimelinenode_c2805b46-f963-491a-b825-766208e247a0	8215	8215	Potentilla-Comarum type	Potentilla hookeriana Lehm.	Species	Potentilla hookeriana Lehm.	Sibbaldia procumbens L.;Comarum palustre L.;Potentilla hyparctica Malte;Potentilla nivea L.;Potentilla hookeriana Lehm.	pollen	percentage	3.75		
individualtimelinenode_c2805b46-f963-491a-b825-766208e247a0	8215	8215	Ranunculus sp.	Ranunculus	Genus	Life > Plantae > Angiosperms > Ranunculales > Ranunculaceae > Ranunculus	Ranunculus	pollen	percentage	0		
individualtimelinenode_c2805b46-f963-491a-b825-766208e247a0	8215	8215	Rumex acetosella	Rumex acetosella L.	Species	Life > Plantae > Angiosperms > Caryophyllales > Polygonaceae > Rumex > Rumex acetosella L.	Rumex acetosella L.	pollen	percentage	0		
individualtimelinenode_c2805b46-f963-491a-b825-766208e247a0	8215	8215	Saxifraga oppositifolia type	Saxifraga paniculata Mill.	Species	Saxifraga paniculata Mill.	Saxifraga paniculata Mill.;Saxifraga aizoides L.;Saxifraga tricuspidata Rottb.;Saxifraga oppositifolia L.	pollen	percentage	0		
individualtimelinenode_c2805b46-f963-491a-b825-766208e247a0	8215	8215	Saxifraga oppositifolia type	Saxifraga aizoides L.	Species	Saxifraga aizoides L.	Saxifraga paniculata Mill.;Saxifraga aizoides L.;Saxifraga tricuspidata Rottb.;Saxifraga oppositifolia L.	pollen	percentage	0		
individualtimelinenode_c2805b46-f963-491a-b825-766208e247a0	8215	8215	Saxifraga oppositifolia type	Saxifraga tricuspidata Rottb.	Species	Saxifraga tricuspidata Rottb.	Saxifraga paniculata Mill.;Saxifraga aizoides L.;Saxifraga tricuspidata Rottb.;Saxifraga oppositifolia L.	pollen	percentage	0		
individualtimelinenode_c2805b46-f963-491a-b825-766208e247a0	8215	8215	Saxifraga oppositifolia type	Saxifraga oppositifolia L.	Species	Life > Plantae > Angiosperms > Saxifragales > Saxifragaceae > Saxifraga > Saxifraga oppositifolia L.	Saxifraga paniculata Mill.;Saxifraga aizoides L.;Saxifraga tricuspidata Rottb.;Saxifraga oppositifolia L.	pollen	percentage	0		
individualtimelinenode_c2805b46-f963-491a-b825-766208e247a0	8215	8215	Thalictrum alpinum	Thalictrum alpinum L.	Species	Life > Plantae > Angiosperms > Ranunculales > Ranunculaceae > Thalictrum > Thalictrum alpinum L.	Thalictrum alpinum L.	pollen	percentage	3.125		
individualtimelinenode_c2805b46-f963-491a-b825-766208e247a0	8215	8215	Tofieldia sp.	Tofieldia	Genus	Life > Plantae > Angiosperms > Alismatales > Tofieldiaceae > Tofieldia	Tofieldia	pollen	percentage	1.25		
individualtimelinenode_c2805b46-f963-491a-b825-766208e247a0	8683	8683	Alnus sp.	Alnus	Genus	Life > Plantae > Angiosperms > Fagales > Betulaceae > Alnus	Alnus	pollen	percentage	1.2766		
individualtimelinenode_c2805b46-f963-491a-b825-766208e247a0	8683	8683	Artemisia sp.	Artemisia	Genus	Life > Plantae > Angiosperms > Asterales > Asteraceae > Asteroideae > Anthemideae > Artemisia	Artemisia	pollen	percentage	0		
individualtimelinenode_c2805b46-f963-491a-b825-766208e247a0	8683	8683	Betula sp.	Betula	Genus	Life > Plantae > Angiosperms > Fagales > Betulaceae > Betula	Betula	pollen	percentage	0.625		
individualtimelinenode_c2805b46-f963-491a-b825-766208e247a0	8683	8683	Botrychium sp.	Botrychium	Genus	Life > Plantae > Polypodiophyta > Polypodiopsida > Ophioglossales > Ophioglossaceae > Botrychioideae > Botrychium	Botrychium	pollen	percentage	1.11111		
individualtimelinenode_c2805b46-f963-491a-b825-766208e247a0	8683	8683	Campanula sp.	Campanula	Genus	Life > Plantae > Angiosperms > Asterales > Campanulaceae > Campanula	Campanula	pollen	percentage	0		
individualtimelinenode_c2805b46-f963-491a-b825-766208e247a0	8683	8683	Cerastium-Stellaria type	Stellaria longipes Goldie	Species	Stellaria longipes Goldie	Stellaria longipes Goldie;Cerastium fontanum Baumg.;Cerastium alpinum L.	pollen	percentage	0		
individualtimelinenode_c2805b46-f963-491a-b825-766208e247a0	8683	8683	Cerastium-Stellaria type	Cerastium fontanum Baumg.	Species	Cerastium fontanum Baumg.	Stellaria longipes Goldie;Cerastium fontanum Baumg.;Cerastium alpinum L.	pollen	percentage	0		
individualtimelinenode_c2805b46-f963-491a-b825-766208e247a0	8683	8683	Cerastium-Stellaria type	Cerastium alpinum L.	Species	Cerastium alpinum L.	Stellaria longipes Goldie;Cerastium fontanum Baumg.;Cerastium alpinum L.	pollen	percentage	0		
individualtimelinenode_c2805b46-f963-491a-b825-766208e247a0	8683	8683	Dryas type	Dryas	Genus	Life > Plantae > Angiosperms > Rosales > Rosaceae > Dryas	Dryas	pollen	percentage	0		
individualtimelinenode_c2805b46-f963-491a-b825-766208e247a0	8683	8683	Dryopteris type	Polypodiaceae	Family	Life > Plantae > Polypodiophyta > Polypodiopsida > Polypodiales > Polypodiaceae	Polypodiaceae	pollen	percentage	11.25		
individualtimelinenode_c2805b46-f963-491a-b825-766208e247a0	8683	8683	Euphrasia type	Rhinanthus	Genus	Life > Plantae > Angiosperms > Lamiales > Orobanchaceae > Rhinanthus	Rhinanthus;Euphrasia;Bartsia	pollen	percentage	0		
individualtimelinenode_c2805b46-f963-491a-b825-766208e247a0	8683	8683	Euphrasia type	Euphrasia	Genus	Euphrasia	Rhinanthus;Euphrasia;Bartsia	pollen	percentage	0		
individualtimelinenode_c2805b46-f963-491a-b825-766208e247a0	8683	8683	Euphrasia type	Bartsia	Genus	Bartsia	Rhinanthus;Euphrasia;Bartsia	pollen	percentage	0		
individualtimelinenode_c2805b46-f963-491a-b825-766208e247a0	8683	8683	Galium sp.	Galium	Genus	Life > Plantae > Angiosperms > Gentianales > Rubiaceae > Galium	Galium	pollen	percentage	0.71429		
individualtimelinenode_c2805b46-f963-491a-b825-766208e247a0	8683	8683	Gymnocarpium dryopteris	Gymnocarpium dryopteris (L.) Newman	Species	Gymnocarpium dryopteris (L.) Newman	Gymnocarpium dryopteris (L.) Newman	pollen	percentage	0.55556		
individualtimelinenode_c2805b46-f963-491a-b825-766208e247a0	8683	8683	Juniperus communis	Juniperus communis L.	Species	Life > Plantae > Pinophyta > Pinopsida > Cupressales > Cupressaceae > Juniperus > Juniperus communis L.	Juniperus communis L.	pollen	percentage	0		
individualtimelinenode_c2805b46-f963-491a-b825-766208e247a0	8683	8683	Luzula-Juncus	Juncus	Genus	Life > Plantae > Angiosperms > Poales > Juncaceae > Juncus	Juncus;Luzula	pollen	percentage	0		
individualtimelinenode_c2805b46-f963-491a-b825-766208e247a0	8683	8683	Luzula-Juncus	Luzula	Genus	Life > Plantae > Angiosperms > Poales > Juncaceae > Luzula	Juncus;Luzula	pollen	percentage	0		
individualtimelinenode_c2805b46-f963-491a-b825-766208e247a0	8683	8683	Lycopodium dubium	Lycopodium clavatum L.	Species	Life > Plantae > Lycopodiophyta > Lycopodiopsida > Lycopodiales > Lycopodiaceae > Lycopodioideae > Lycopodium > Lycopodium clavatum L.	Lycopodium clavatum L.	pollen	percentage	0		
individualtimelinenode_c2805b46-f963-491a-b825-766208e247a0	8683	8683	Potentilla-Comarum type	Sibbaldia procumbens L.	Species	Sibbaldia procumbens L.	Sibbaldia procumbens L.;Comarum palustre L.;Potentilla hyparctica Malte;Potentilla nivea L.;Potentilla hookeriana Lehm.	pollen	percentage	0		
individualtimelinenode_c2805b46-f963-491a-b825-766208e247a0	8683	8683	Potentilla-Comarum type	Comarum palustre L.	Species	Life > Plantae > Angiosperms > Rosales > Rosaceae > Comarum > Comarum palustre L.	Sibbaldia procumbens L.;Comarum palustre L.;Potentilla hyparctica Malte;Potentilla nivea L.;Potentilla hookeriana Lehm.	pollen	percentage	0		
individualtimelinenode_c2805b46-f963-491a-b825-766208e247a0	8683	8683	Potentilla-Comarum type	Potentilla hyparctica Malte	Species	Potentilla hyparctica Malte	Sibbaldia procumbens L.;Comarum palustre L.;Potentilla hyparctica Malte;Potentilla nivea L.;Potentilla hookeriana Lehm.	pollen	percentage	0		
individualtimelinenode_c2805b46-f963-491a-b825-766208e247a0	8683	8683	Potentilla-Comarum type	Potentilla nivea L.	Species	Potentilla nivea L.	Sibbaldia procumbens L.;Comarum palustre L.;Potentilla hyparctica Malte;Potentilla nivea L.;Potentilla hookeriana Lehm.	pollen	percentage	0		
individualtimelinenode_c2805b46-f963-491a-b825-766208e247a0	8683	8683	Potentilla-Comarum type	Potentilla hookeriana Lehm.	Species	Potentilla hookeriana Lehm.	Sibbaldia procumbens L.;Comarum palustre L.;Potentilla hyparctica Malte;Potentilla nivea L.;Potentilla hookeriana Lehm.	pollen	percentage	0		
individualtimelinenode_c2805b46-f963-491a-b825-766208e247a0	8683	8683	Ranunculus sp.	Ranunculus	Genus	Life > Plantae > Angiosperms > Ranunculales > Ranunculaceae > Ranunculus	Ranunculus	pollen	percentage	1.76471		
individualtimelinenode_c2805b46-f963-491a-b825-766208e247a0	8683	8683	Rumex acetosella	Rumex acetosella L.	Species	Life > Plantae > Angiosperms > Caryophyllales > Polygonaceae > Rumex > Rumex acetosella L.	Rumex acetosella L.	pollen	percentage	0		
individualtimelinenode_c2805b46-f963-491a-b825-766208e247a0	8683	8683	Saxifraga oppositifolia type	Saxifraga paniculata Mill.	Species	Saxifraga paniculata Mill.	Saxifraga paniculata Mill.;Saxifraga aizoides L.;Saxifraga tricuspidata Rottb.;Saxifraga oppositifolia L.	pollen	percentage	1.11111		
individualtimelinenode_c2805b46-f963-491a-b825-766208e247a0	8683	8683	Saxifraga oppositifolia type	Saxifraga aizoides L.	Species	Saxifraga aizoides L.	Saxifraga paniculata Mill.;Saxifraga aizoides L.;Saxifraga tricuspidata Rottb.;Saxifraga oppositifolia L.	pollen	percentage	1.11111		
individualtimelinenode_c2805b46-f963-491a-b825-766208e247a0	8683	8683	Saxifraga oppositifolia type	Saxifraga tricuspidata Rottb.	Species	Saxifraga tricuspidata Rottb.	Saxifraga paniculata Mill.;Saxifraga aizoides L.;Saxifraga tricuspidata Rottb.;Saxifraga oppositifolia L.	pollen	percentage	1.11111		
individualtimelinenode_c2805b46-f963-491a-b825-766208e247a0	8683	8683	Saxifraga oppositifolia type	Saxifraga oppositifolia L.	Species	Life > Plantae > Angiosperms > Saxifragales > Saxifragaceae > Saxifraga > Saxifraga oppositifolia L.	Saxifraga paniculata Mill.;Saxifraga aizoides L.;Saxifraga tricuspidata Rottb.;Saxifraga oppositifolia L.	pollen	percentage	1.11111		
individualtimelinenode_c2805b46-f963-491a-b825-766208e247a0	8683	8683	Thalictrum alpinum	Thalictrum alpinum L.	Species	Life > Plantae > Angiosperms > Ranunculales > Ranunculaceae > Thalictrum > Thalictrum alpinum L.	Thalictrum alpinum L.	pollen	percentage	0.625		
individualtimelinenode_c2805b46-f963-491a-b825-766208e247a0	8683	8683	Tofieldia sp.	Tofieldia	Genus	Life > Plantae > Angiosperms > Alismatales > Tofieldiaceae > Tofieldia	Tofieldia	pollen	percentage	0		
individualtimelinenode_c2805b46-f963-491a-b825-766208e247a0	8896	8896	Alnus sp.	Alnus	Genus	Life > Plantae > Angiosperms > Fagales > Betulaceae > Alnus	Alnus	pollen	percentage	0.6383		
individualtimelinenode_c2805b46-f963-491a-b825-766208e247a0	8896	8896	Artemisia sp.	Artemisia	Genus	Life > Plantae > Angiosperms > Asterales > Asteraceae > Asteroideae > Anthemideae > Artemisia	Artemisia	pollen	percentage	0		
individualtimelinenode_c2805b46-f963-491a-b825-766208e247a0	8896	8896	Betula sp.	Betula	Genus	Life > Plantae > Angiosperms > Fagales > Betulaceae > Betula	Betula	pollen	percentage	0		
individualtimelinenode_c2805b46-f963-491a-b825-766208e247a0	8896	8896	Botrychium sp.	Botrychium	Genus	Life > Plantae > Polypodiophyta > Polypodiopsida > Ophioglossales > Ophioglossaceae > Botrychioideae > Botrychium	Botrychium	pollen	percentage	0		
individualtimelinenode_c2805b46-f963-491a-b825-766208e247a0	8896	8896	Campanula sp.	Campanula	Genus	Life > Plantae > Angiosperms > Asterales > Campanulaceae > Campanula	Campanula	pollen	percentage	0		
individualtimelinenode_c2805b46-f963-491a-b825-766208e247a0	8896	8896	Cerastium-Stellaria type	Stellaria longipes Goldie	Species	Stellaria longipes Goldie	Stellaria longipes Goldie;Cerastium fontanum Baumg.;Cerastium alpinum L.	pollen	percentage	0		
individualtimelinenode_c2805b46-f963-491a-b825-766208e247a0	8896	8896	Cerastium-Stellaria type	Cerastium fontanum Baumg.	Species	Cerastium fontanum Baumg.	Stellaria longipes Goldie;Cerastium fontanum Baumg.;Cerastium alpinum L.	pollen	percentage	0		
individualtimelinenode_c2805b46-f963-491a-b825-766208e247a0	8896	8896	Cerastium-Stellaria type	Cerastium alpinum L.	Species	Cerastium alpinum L.	Stellaria longipes Goldie;Cerastium fontanum Baumg.;Cerastium alpinum L.	pollen	percentage	0		
individualtimelinenode_c2805b46-f963-491a-b825-766208e247a0	8896	8896	Dryas type	Dryas	Genus	Life > Plantae > Angiosperms > Rosales > Rosaceae > Dryas	Dryas	pollen	percentage	0		
individualtimelinenode_c2805b46-f963-491a-b825-766208e247a0	8896	8896	Dryopteris type	Polypodiaceae	Family	Life > Plantae > Polypodiophyta > Polypodiopsida > Polypodiales > Polypodiaceae	Polypodiaceae	pollen	percentage	11.875		
individualtimelinenode_c2805b46-f963-491a-b825-766208e247a0	8896	8896	Euphrasia type	Rhinanthus	Genus	Life > Plantae > Angiosperms > Lamiales > Orobanchaceae > Rhinanthus	Rhinanthus;Euphrasia;Bartsia	pollen	percentage	0		
individualtimelinenode_c2805b46-f963-491a-b825-766208e247a0	8896	8896	Euphrasia type	Euphrasia	Genus	Euphrasia	Rhinanthus;Euphrasia;Bartsia	pollen	percentage	0		
individualtimelinenode_c2805b46-f963-491a-b825-766208e247a0	8896	8896	Euphrasia type	Bartsia	Genus	Bartsia	Rhinanthus;Euphrasia;Bartsia	pollen	percentage	0		
individualtimelinenode_c2805b46-f963-491a-b825-766208e247a0	8896	8896	Galium sp.	Galium	Genus	Life > Plantae > Angiosperms > Gentianales > Rubiaceae > Galium	Galium	pollen	percentage	0		
individualtimelinenode_c2805b46-f963-491a-b825-766208e247a0	8896	8896	Gymnocarpium dryopteris	Gymnocarpium dryopteris (L.) Newman	Species	Gymnocarpium dryopteris (L.) Newman	Gymnocarpium dryopteris (L.) Newman	pollen	percentage	2.22222		
individualtimelinenode_c2805b46-f963-491a-b825-766208e247a0	8896	8896	Juniperus communis	Juniperus communis L.	Species	Life > Plantae > Pinophyta > Pinopsida > Cupressales > Cupressaceae > Juniperus > Juniperus communis L.	Juniperus communis L.	pollen	percentage	0		
individualtimelinenode_c2805b46-f963-491a-b825-766208e247a0	8896	8896	Luzula-Juncus	Juncus	Genus	Life > Plantae > Angiosperms > Poales > Juncaceae > Juncus	Juncus;Luzula	pollen	percentage	0		
individualtimelinenode_c2805b46-f963-491a-b825-766208e247a0	8896	8896	Luzula-Juncus	Luzula	Genus	Life > Plantae > Angiosperms > Poales > Juncaceae > Luzula	Juncus;Luzula	pollen	percentage	0		
individualtimelinenode_c2805b46-f963-491a-b825-766208e247a0	8896	8896	Lycopodium dubium	Lycopodium clavatum L.	Species	Life > Plantae > Lycopodiophyta > Lycopodiopsida > Lycopodiales > Lycopodiaceae > Lycopodioideae > Lycopodium > Lycopodium clavatum L.	Lycopodium clavatum L.	pollen	percentage	0		
individualtimelinenode_c2805b46-f963-491a-b825-766208e247a0	8896	8896	Potentilla-Comarum type	Sibbaldia procumbens L.	Species	Sibbaldia procumbens L.	Sibbaldia procumbens L.;Comarum palustre L.;Potentilla hyparctica Malte;Potentilla nivea L.;Potentilla hookeriana Lehm.	pollen	percentage	0.625		
individualtimelinenode_c2805b46-f963-491a-b825-766208e247a0	8896	8896	Potentilla-Comarum type	Comarum palustre L.	Species	Life > Plantae > Angiosperms > Rosales > Rosaceae > Comarum > Comarum palustre L.	Sibbaldia procumbens L.;Comarum palustre L.;Potentilla hyparctica Malte;Potentilla nivea L.;Potentilla hookeriana Lehm.	pollen	percentage	0.625		
individualtimelinenode_c2805b46-f963-491a-b825-766208e247a0	8896	8896	Potentilla-Comarum type	Potentilla hyparctica Malte	Species	Potentilla hyparctica Malte	Sibbaldia procumbens L.;Comarum palustre L.;Potentilla hyparctica Malte;Potentilla nivea L.;Potentilla hookeriana Lehm.	pollen	percentage	0.625		
individualtimelinenode_c2805b46-f963-491a-b825-766208e247a0	8896	8896	Potentilla-Comarum type	Potentilla nivea L.	Species	Potentilla nivea L.	Sibbaldia procumbens L.;Comarum palustre L.;Potentilla hyparctica Malte;Potentilla nivea L.;Potentilla hookeriana Lehm.	pollen	percentage	0.625		
individualtimelinenode_c2805b46-f963-491a-b825-766208e247a0	8896	8896	Potentilla-Comarum type	Potentilla hookeriana Lehm.	Species	Potentilla hookeriana Lehm.	Sibbaldia procumbens L.;Comarum palustre L.;Potentilla hyparctica Malte;Potentilla nivea L.;Potentilla hookeriana Lehm.	pollen	percentage	0.625		
individualtimelinenode_c2805b46-f963-491a-b825-766208e247a0	8896	8896	Ranunculus sp.	Ranunculus	Genus	Life > Plantae > Angiosperms > Ranunculales > Ranunculaceae > Ranunculus	Ranunculus	pollen	percentage	0		
individualtimelinenode_c2805b46-f963-491a-b825-766208e247a0	8896	8896	Rumex acetosella	Rumex acetosella L.	Species	Life > Plantae > Angiosperms > Caryophyllales > Polygonaceae > Rumex > Rumex acetosella L.	Rumex acetosella L.	pollen	percentage	0		
individualtimelinenode_c2805b46-f963-491a-b825-766208e247a0	8896	8896	Saxifraga oppositifolia type	Saxifraga paniculata Mill.	Species	Saxifraga paniculata Mill.	Saxifraga paniculata Mill.;Saxifraga aizoides L.;Saxifraga tricuspidata Rottb.;Saxifraga oppositifolia L.	pollen	percentage	2.77778		
individualtimelinenode_c2805b46-f963-491a-b825-766208e247a0	8896	8896	Saxifraga oppositifolia type	Saxifraga aizoides L.	Species	Saxifraga aizoides L.	Saxifraga paniculata Mill.;Saxifraga aizoides L.;Saxifraga tricuspidata Rottb.;Saxifraga oppositifolia L.	pollen	percentage	2.77778		
individualtimelinenode_c2805b46-f963-491a-b825-766208e247a0	8896	8896	Saxifraga oppositifolia type	Saxifraga tricuspidata Rottb.	Species	Saxifraga tricuspidata Rottb.	Saxifraga paniculata Mill.;Saxifraga aizoides L.;Saxifraga tricuspidata Rottb.;Saxifraga oppositifolia L.	pollen	percentage	2.77778		
individualtimelinenode_c2805b46-f963-491a-b825-766208e247a0	8896	8896	Saxifraga oppositifolia type	Saxifraga oppositifolia L.	Species	Life > Plantae > Angiosperms > Saxifragales > Saxifragaceae > Saxifraga > Saxifraga oppositifolia L.	Saxifraga paniculata Mill.;Saxifraga aizoides L.;Saxifraga tricuspidata Rottb.;Saxifraga oppositifolia L.	pollen	percentage	2.77778		
individualtimelinenode_c2805b46-f963-491a-b825-766208e247a0	8896	8896	Thalictrum alpinum	Thalictrum alpinum L.	Species	Life > Plantae > Angiosperms > Ranunculales > Ranunculaceae > Thalictrum > Thalictrum alpinum L.	Thalictrum alpinum L.	pollen	percentage	0		
individualtimelinenode_c2805b46-f963-491a-b825-766208e247a0	8896	8896	Tofieldia sp.	Tofieldia	Genus	Life > Plantae > Angiosperms > Alismatales > Tofieldiaceae > Tofieldia	Tofieldia	pollen	percentage	0		
individualtimelinenode_c2805b46-f963-491a-b825-766208e247a0	9181	9181	Alnus sp.	Alnus	Genus	Life > Plantae > Angiosperms > Fagales > Betulaceae > Alnus	Alnus	pollen	percentage	0		
individualtimelinenode_c2805b46-f963-491a-b825-766208e247a0	9181	9181	Artemisia sp.	Artemisia	Genus	Life > Plantae > Angiosperms > Asterales > Asteraceae > Asteroideae > Anthemideae > Artemisia	Artemisia	pollen	percentage	0		
individualtimelinenode_c2805b46-f963-491a-b825-766208e247a0	9181	9181	Betula sp.	Betula	Genus	Life > Plantae > Angiosperms > Fagales > Betulaceae > Betula	Betula	pollen	percentage	2.5		
individualtimelinenode_c2805b46-f963-491a-b825-766208e247a0	9181	9181	Botrychium sp.	Botrychium	Genus	Life > Plantae > Polypodiophyta > Polypodiopsida > Ophioglossales > Ophioglossaceae > Botrychioideae > Botrychium	Botrychium	pollen	percentage	1.11111		
individualtimelinenode_c2805b46-f963-491a-b825-766208e247a0	9181	9181	Campanula sp.	Campanula	Genus	Life > Plantae > Angiosperms > Asterales > Campanulaceae > Campanula	Campanula	pollen	percentage	0		
individualtimelinenode_c2805b46-f963-491a-b825-766208e247a0	9181	9181	Cerastium-Stellaria type	Stellaria longipes Goldie	Species	Stellaria longipes Goldie	Stellaria longipes Goldie;Cerastium fontanum Baumg.;Cerastium alpinum L.	pollen	percentage	0.625		
individualtimelinenode_c2805b46-f963-491a-b825-766208e247a0	9181	9181	Cerastium-Stellaria type	Cerastium fontanum Baumg.	Species	Cerastium fontanum Baumg.	Stellaria longipes Goldie;Cerastium fontanum Baumg.;Cerastium alpinum L.	pollen	percentage	0.625		
individualtimelinenode_c2805b46-f963-491a-b825-766208e247a0	9181	9181	Cerastium-Stellaria type	Cerastium alpinum L.	Species	Cerastium alpinum L.	Stellaria longipes Goldie;Cerastium fontanum Baumg.;Cerastium alpinum L.	pollen	percentage	0.625		
individualtimelinenode_c2805b46-f963-491a-b825-766208e247a0	9181	9181	Dryas type	Dryas	Genus	Life > Plantae > Angiosperms > Rosales > Rosaceae > Dryas	Dryas	pollen	percentage	0		
individualtimelinenode_c2805b46-f963-491a-b825-766208e247a0	9181	9181	Dryopteris type	Polypodiaceae	Family	Life > Plantae > Polypodiophyta > Polypodiopsida > Polypodiales > Polypodiaceae	Polypodiaceae	pollen	percentage	4.375		
individualtimelinenode_c2805b46-f963-491a-b825-766208e247a0	9181	9181	Euphrasia type	Rhinanthus	Genus	Life > Plantae > Angiosperms > Lamiales > Orobanchaceae > Rhinanthus	Rhinanthus;Euphrasia;Bartsia	pollen	percentage	0		
individualtimelinenode_c2805b46-f963-491a-b825-766208e247a0	9181	9181	Euphrasia type	Euphrasia	Genus	Euphrasia	Rhinanthus;Euphrasia;Bartsia	pollen	percentage	0		
individualtimelinenode_c2805b46-f963-491a-b825-766208e247a0	9181	9181	Euphrasia type	Bartsia	Genus	Bartsia	Rhinanthus;Euphrasia;Bartsia	pollen	percentage	0		
individualtimelinenode_c2805b46-f963-491a-b825-766208e247a0	9181	9181	Galium sp.	Galium	Genus	Life > Plantae > Angiosperms > Gentianales > Rubiaceae > Galium	Galium	pollen	percentage	0.71429		
individualtimelinenode_c2805b46-f963-491a-b825-766208e247a0	9181	9181	Gymnocarpium dryopteris	Gymnocarpium dryopteris (L.) Newman	Species	Gymnocarpium dryopteris (L.) Newman	Gymnocarpium dryopteris (L.) Newman	pollen	percentage	0		
individualtimelinenode_c2805b46-f963-491a-b825-766208e247a0	9181	9181	Juniperus communis	Juniperus communis L.	Species	Life > Plantae > Pinophyta > Pinopsida > Cupressales > Cupressaceae > Juniperus > Juniperus communis L.	Juniperus communis L.	pollen	percentage	1.81818		
individualtimelinenode_c2805b46-f963-491a-b825-766208e247a0	9181	9181	Luzula-Juncus	Juncus	Genus	Life > Plantae > Angiosperms > Poales > Juncaceae > Juncus	Juncus;Luzula	pollen	percentage	0		
individualtimelinenode_c2805b46-f963-491a-b825-766208e247a0	9181	9181	Luzula-Juncus	Luzula	Genus	Life > Plantae > Angiosperms > Poales > Juncaceae > Luzula	Juncus;Luzula	pollen	percentage	0		
individualtimelinenode_c2805b46-f963-491a-b825-766208e247a0	9181	9181	Lycopodium dubium	Lycopodium clavatum L.	Species	Life > Plantae > Lycopodiophyta > Lycopodiopsida > Lycopodiales > Lycopodiaceae > Lycopodioideae > Lycopodium > Lycopodium clavatum L.	Lycopodium clavatum L.	pollen	percentage	3.125		
individualtimelinenode_c2805b46-f963-491a-b825-766208e247a0	9181	9181	Potentilla-Comarum type	Sibbaldia procumbens L.	Species	Sibbaldia procumbens L.	Sibbaldia procumbens L.;Comarum palustre L.;Potentilla hyparctica Malte;Potentilla nivea L.;Potentilla hookeriana Lehm.	pollen	percentage	0		
individualtimelinenode_c2805b46-f963-491a-b825-766208e247a0	9181	9181	Potentilla-Comarum type	Comarum palustre L.	Species	Life > Plantae > Angiosperms > Rosales > Rosaceae > Comarum > Comarum palustre L.	Sibbaldia procumbens L.;Comarum palustre L.;Potentilla hyparctica Malte;Potentilla nivea L.;Potentilla hookeriana Lehm.	pollen	percentage	0		
individualtimelinenode_c2805b46-f963-491a-b825-766208e247a0	9181	9181	Potentilla-Comarum type	Potentilla hyparctica Malte	Species	Potentilla hyparctica Malte	Sibbaldia procumbens L.;Comarum palustre L.;Potentilla hyparctica Malte;Potentilla nivea L.;Potentilla hookeriana Lehm.	pollen	percentage	0		
individualtimelinenode_c2805b46-f963-491a-b825-766208e247a0	9181	9181	Potentilla-Comarum type	Potentilla nivea L.	Species	Potentilla nivea L.	Sibbaldia procumbens L.;Comarum palustre L.;Potentilla hyparctica Malte;Potentilla nivea L.;Potentilla hookeriana Lehm.	pollen	percentage	0		
individualtimelinenode_c2805b46-f963-491a-b825-766208e247a0	9181	9181	Potentilla-Comarum type	Potentilla hookeriana Lehm.	Species	Potentilla hookeriana Lehm.	Sibbaldia procumbens L.;Comarum palustre L.;Potentilla hyparctica Malte;Potentilla nivea L.;Potentilla hookeriana Lehm.	pollen	percentage	0		
individualtimelinenode_c2805b46-f963-491a-b825-766208e247a0	9181	9181	Ranunculus sp.	Ranunculus	Genus	Life > Plantae > Angiosperms > Ranunculales > Ranunculaceae > Ranunculus	Ranunculus	pollen	percentage	4.11765		
individualtimelinenode_c2805b46-f963-491a-b825-766208e247a0	9181	9181	Rumex acetosella	Rumex acetosella L.	Species	Life > Plantae > Angiosperms > Caryophyllales > Polygonaceae > Rumex > Rumex acetosella L.	Rumex acetosella L.	pollen	percentage	0		
individualtimelinenode_c2805b46-f963-491a-b825-766208e247a0	9181	9181	Saxifraga oppositifolia type	Saxifraga paniculata Mill.	Species	Saxifraga paniculata Mill.	Saxifraga paniculata Mill.;Saxifraga aizoides L.;Saxifraga tricuspidata Rottb.;Saxifraga oppositifolia L.	pollen	percentage	0		
individualtimelinenode_c2805b46-f963-491a-b825-766208e247a0	9181	9181	Saxifraga oppositifolia type	Saxifraga aizoides L.	Species	Saxifraga aizoides L.	Saxifraga paniculata Mill.;Saxifraga aizoides L.;Saxifraga tricuspidata Rottb.;Saxifraga oppositifolia L.	pollen	percentage	0		
individualtimelinenode_c2805b46-f963-491a-b825-766208e247a0	9181	9181	Saxifraga oppositifolia type	Saxifraga tricuspidata Rottb.	Species	Saxifraga tricuspidata Rottb.	Saxifraga paniculata Mill.;Saxifraga aizoides L.;Saxifraga tricuspidata Rottb.;Saxifraga oppositifolia L.	pollen	percentage	0		
individualtimelinenode_c2805b46-f963-491a-b825-766208e247a0	9181	9181	Saxifraga oppositifolia type	Saxifraga oppositifolia L.	Species	Life > Plantae > Angiosperms > Saxifragales > Saxifragaceae > Saxifraga > Saxifraga oppositifolia L.	Saxifraga paniculata Mill.;Saxifraga aizoides L.;Saxifraga tricuspidata Rottb.;Saxifraga oppositifolia L.	pollen	percentage	0		
individualtimelinenode_c2805b46-f963-491a-b825-766208e247a0	9181	9181	Thalictrum alpinum	Thalictrum alpinum L.	Species	Life > Plantae > Angiosperms > Ranunculales > Ranunculaceae > Thalictrum > Thalictrum alpinum L.	Thalictrum alpinum L.	pollen	percentage	0		
individualtimelinenode_c2805b46-f963-491a-b825-766208e247a0	9181	9181	Tofieldia sp.	Tofieldia	Genus	Life > Plantae > Angiosperms > Alismatales > Tofieldiaceae > Tofieldia	Tofieldia	pollen	percentage	0		
individualtimelinenode_c2805b46-f963-491a-b825-766208e247a0	9501	9501	Alnus sp.	Alnus	Genus	Life > Plantae > Angiosperms > Fagales > Betulaceae > Alnus	Alnus	pollen	percentage	0		
individualtimelinenode_c2805b46-f963-491a-b825-766208e247a0	9501	9501	Artemisia sp.	Artemisia	Genus	Life > Plantae > Angiosperms > Asterales > Asteraceae > Asteroideae > Anthemideae > Artemisia	Artemisia	pollen	percentage	0		
individualtimelinenode_c2805b46-f963-491a-b825-766208e247a0	9501	9501	Betula sp.	Betula	Genus	Life > Plantae > Angiosperms > Fagales > Betulaceae > Betula	Betula	pollen	percentage	0		
individualtimelinenode_c2805b46-f963-491a-b825-766208e247a0	9501	9501	Botrychium sp.	Botrychium	Genus	Life > Plantae > Polypodiophyta > Polypodiopsida > Ophioglossales > Ophioglossaceae > Botrychioideae > Botrychium	Botrychium	pollen	percentage	0		
individualtimelinenode_c2805b46-f963-491a-b825-766208e247a0	9501	9501	Campanula sp.	Campanula	Genus	Life > Plantae > Angiosperms > Asterales > Campanulaceae > Campanula	Campanula	pollen	percentage	0		
individualtimelinenode_c2805b46-f963-491a-b825-766208e247a0	9501	9501	Cerastium-Stellaria type	Stellaria longipes Goldie	Species	Stellaria longipes Goldie	Stellaria longipes Goldie;Cerastium fontanum Baumg.;Cerastium alpinum L.	pollen	percentage	0		
individualtimelinenode_c2805b46-f963-491a-b825-766208e247a0	9501	9501	Cerastium-Stellaria type	Cerastium fontanum Baumg.	Species	Cerastium fontanum Baumg.	Stellaria longipes Goldie;Cerastium fontanum Baumg.;Cerastium alpinum L.	pollen	percentage	0		
individualtimelinenode_c2805b46-f963-491a-b825-766208e247a0	9501	9501	Cerastium-Stellaria type	Cerastium alpinum L.	Species	Cerastium alpinum L.	Stellaria longipes Goldie;Cerastium fontanum Baumg.;Cerastium alpinum L.	pollen	percentage	0		
individualtimelinenode_c2805b46-f963-491a-b825-766208e247a0	9501	9501	Dryas type	Dryas	Genus	Life > Plantae > Angiosperms > Rosales > Rosaceae > Dryas	Dryas	pollen	percentage	0		
individualtimelinenode_c2805b46-f963-491a-b825-766208e247a0	9501	9501	Dryopteris type	Polypodiaceae	Family	Life > Plantae > Polypodiophyta > Polypodiopsida > Polypodiales > Polypodiaceae	Polypodiaceae	pollen	percentage	0		
individualtimelinenode_c2805b46-f963-491a-b825-766208e247a0	9501	9501	Euphrasia type	Rhinanthus	Genus	Life > Plantae > Angiosperms > Lamiales > Orobanchaceae > Rhinanthus	Rhinanthus;Euphrasia;Bartsia	pollen	percentage	0		
individualtimelinenode_c2805b46-f963-491a-b825-766208e247a0	9501	9501	Euphrasia type	Euphrasia	Genus	Euphrasia	Rhinanthus;Euphrasia;Bartsia	pollen	percentage	0		
individualtimelinenode_c2805b46-f963-491a-b825-766208e247a0	9501	9501	Euphrasia type	Bartsia	Genus	Bartsia	Rhinanthus;Euphrasia;Bartsia	pollen	percentage	0		
individualtimelinenode_c2805b46-f963-491a-b825-766208e247a0	9501	9501	Galium sp.	Galium	Genus	Life > Plantae > Angiosperms > Gentianales > Rubiaceae > Galium	Galium	pollen	percentage	0		
individualtimelinenode_c2805b46-f963-491a-b825-766208e247a0	9501	9501	Gymnocarpium dryopteris	Gymnocarpium dryopteris (L.) Newman	Species	Gymnocarpium dryopteris (L.) Newman	Gymnocarpium dryopteris (L.) Newman	pollen	percentage	0		
individualtimelinenode_c2805b46-f963-491a-b825-766208e247a0	9501	9501	Juniperus communis	Juniperus communis L.	Species	Life > Plantae > Pinophyta > Pinopsida > Cupressales > Cupressaceae > Juniperus > Juniperus communis L.	Juniperus communis L.	pollen	percentage	0		
individualtimelinenode_c2805b46-f963-491a-b825-766208e247a0	9501	9501	Luzula-Juncus	Juncus	Genus	Life > Plantae > Angiosperms > Poales > Juncaceae > Juncus	Juncus;Luzula	pollen	percentage	0		
individualtimelinenode_c2805b46-f963-491a-b825-766208e247a0	9501	9501	Luzula-Juncus	Luzula	Genus	Life > Plantae > Angiosperms > Poales > Juncaceae > Luzula	Juncus;Luzula	pollen	percentage	0		
individualtimelinenode_c2805b46-f963-491a-b825-766208e247a0	9501	9501	Lycopodium dubium	Lycopodium clavatum L.	Species	Life > Plantae > Lycopodiophyta > Lycopodiopsida > Lycopodiales > Lycopodiaceae > Lycopodioideae > Lycopodium > Lycopodium clavatum L.	Lycopodium clavatum L.	pollen	percentage	0		
individualtimelinenode_c2805b46-f963-491a-b825-766208e247a0	9501	9501	Potentilla-Comarum type	Sibbaldia procumbens L.	Species	Sibbaldia procumbens L.	Sibbaldia procumbens L.;Comarum palustre L.;Potentilla hyparctica Malte;Potentilla nivea L.;Potentilla hookeriana Lehm.	pollen	percentage	0		
individualtimelinenode_c2805b46-f963-491a-b825-766208e247a0	9501	9501	Potentilla-Comarum type	Comarum palustre L.	Species	Life > Plantae > Angiosperms > Rosales > Rosaceae > Comarum > Comarum palustre L.	Sibbaldia procumbens L.;Comarum palustre L.;Potentilla hyparctica Malte;Potentilla nivea L.;Potentilla hookeriana Lehm.	pollen	percentage	0		
individualtimelinenode_c2805b46-f963-491a-b825-766208e247a0	9501	9501	Potentilla-Comarum type	Potentilla hyparctica Malte	Species	Potentilla hyparctica Malte	Sibbaldia procumbens L.;Comarum palustre L.;Potentilla hyparctica Malte;Potentilla nivea L.;Potentilla hookeriana Lehm.	pollen	percentage	0		
individualtimelinenode_c2805b46-f963-491a-b825-766208e247a0	9501	9501	Potentilla-Comarum type	Potentilla nivea L.	Species	Potentilla nivea L.	Sibbaldia procumbens L.;Comarum palustre L.;Potentilla hyparctica Malte;Potentilla nivea L.;Potentilla hookeriana Lehm.	pollen	percentage	0		
individualtimelinenode_c2805b46-f963-491a-b825-766208e247a0	9501	9501	Potentilla-Comarum type	Potentilla hookeriana Lehm.	Species	Potentilla hookeriana Lehm.	Sibbaldia procumbens L.;Comarum palustre L.;Potentilla hyparctica Malte;Potentilla nivea L.;Potentilla hookeriana Lehm.	pollen	percentage	0		
individualtimelinenode_c2805b46-f963-491a-b825-766208e247a0	9501	9501	Ranunculus sp.	Ranunculus	Genus	Life > Plantae > Angiosperms > Ranunculales > Ranunculaceae > Ranunculus	Ranunculus	pollen	percentage	14.11765		
individualtimelinenode_c2805b46-f963-491a-b825-766208e247a0	9501	9501	Rumex acetosella	Rumex acetosella L.	Species	Life > Plantae > Angiosperms > Caryophyllales > Polygonaceae > Rumex > Rumex acetosella L.	Rumex acetosella L.	pollen	percentage	0		
individualtimelinenode_c2805b46-f963-491a-b825-766208e247a0	9501	9501	Saxifraga oppositifolia type	Saxifraga paniculata Mill.	Species	Saxifraga paniculata Mill.	Saxifraga paniculata Mill.;Saxifraga aizoides L.;Saxifraga tricuspidata Rottb.;Saxifraga oppositifolia L.	pollen	percentage	0		
individualtimelinenode_c2805b46-f963-491a-b825-766208e247a0	9501	9501	Saxifraga oppositifolia type	Saxifraga aizoides L.	Species	Saxifraga aizoides L.	Saxifraga paniculata Mill.;Saxifraga aizoides L.;Saxifraga tricuspidata Rottb.;Saxifraga oppositifolia L.	pollen	percentage	0		
individualtimelinenode_c2805b46-f963-491a-b825-766208e247a0	9501	9501	Saxifraga oppositifolia type	Saxifraga tricuspidata Rottb.	Species	Saxifraga tricuspidata Rottb.	Saxifraga paniculata Mill.;Saxifraga aizoides L.;Saxifraga tricuspidata Rottb.;Saxifraga oppositifolia L.	pollen	percentage	0		
individualtimelinenode_c2805b46-f963-491a-b825-766208e247a0	9501	9501	Saxifraga oppositifolia type	Saxifraga oppositifolia L.	Species	Life > Plantae > Angiosperms > Saxifragales > Saxifragaceae > Saxifraga > Saxifraga oppositifolia L.	Saxifraga paniculata Mill.;Saxifraga aizoides L.;Saxifraga tricuspidata Rottb.;Saxifraga oppositifolia L.	pollen	percentage	0		
individualtimelinenode_c2805b46-f963-491a-b825-766208e247a0	9501	9501	Thalictrum alpinum	Thalictrum alpinum L.	Species	Life > Plantae > Angiosperms > Ranunculales > Ranunculaceae > Thalictrum > Thalictrum alpinum L.	Thalictrum alpinum L.	pollen	percentage	0		
individualtimelinenode_c2805b46-f963-491a-b825-766208e247a0	9501	9501	Tofieldia sp.	Tofieldia	Genus	Life > Plantae > Angiosperms > Alismatales > Tofieldiaceae > Tofieldia	Tofieldia	pollen	percentage	0		
individualtimelinenode_c2805b46-f963-491a-b825-766208e247a0	9778	9778	Alnus sp.	Alnus	Genus	Life > Plantae > Angiosperms > Fagales > Betulaceae > Alnus	Alnus	pollen	percentage	0		
individualtimelinenode_c2805b46-f963-491a-b825-766208e247a0	9778	9778	Artemisia sp.	Artemisia	Genus	Life > Plantae > Angiosperms > Asterales > Asteraceae > Asteroideae > Anthemideae > Artemisia	Artemisia	pollen	percentage	0		
individualtimelinenode_c2805b46-f963-491a-b825-766208e247a0	9778	9778	Betula sp.	Betula	Genus	Life > Plantae > Angiosperms > Fagales > Betulaceae > Betula	Betula	pollen	percentage	0		
individualtimelinenode_c2805b46-f963-491a-b825-766208e247a0	9778	9778	Botrychium sp.	Botrychium	Genus	Life > Plantae > Polypodiophyta > Polypodiopsida > Ophioglossales > Ophioglossaceae > Botrychioideae > Botrychium	Botrychium	pollen	percentage	0		
individualtimelinenode_c2805b46-f963-491a-b825-766208e247a0	9778	9778	Campanula sp.	Campanula	Genus	Life > Plantae > Angiosperms > Asterales > Campanulaceae > Campanula	Campanula	pollen	percentage	0		
individualtimelinenode_c2805b46-f963-491a-b825-766208e247a0	9778	9778	Cerastium-Stellaria type	Stellaria longipes Goldie	Species	Stellaria longipes Goldie	Stellaria longipes Goldie;Cerastium fontanum Baumg.;Cerastium alpinum L.	pollen	percentage	0		
individualtimelinenode_c2805b46-f963-491a-b825-766208e247a0	9778	9778	Cerastium-Stellaria type	Cerastium fontanum Baumg.	Species	Cerastium fontanum Baumg.	Stellaria longipes Goldie;Cerastium fontanum Baumg.;Cerastium alpinum L.	pollen	percentage	0		
individualtimelinenode_c2805b46-f963-491a-b825-766208e247a0	9778	9778	Cerastium-Stellaria type	Cerastium alpinum L.	Species	Cerastium alpinum L.	Stellaria longipes Goldie;Cerastium fontanum Baumg.;Cerastium alpinum L.	pollen	percentage	0		
individualtimelinenode_c2805b46-f963-491a-b825-766208e247a0	9778	9778	Dryas type	Dryas	Genus	Life > Plantae > Angiosperms > Rosales > Rosaceae > Dryas	Dryas	pollen	percentage	0		
individualtimelinenode_c2805b46-f963-491a-b825-766208e247a0	9778	9778	Dryopteris type	Polypodiaceae	Family	Life > Plantae > Polypodiophyta > Polypodiopsida > Polypodiales > Polypodiaceae	Polypodiaceae	pollen	percentage	3.125		
individualtimelinenode_c2805b46-f963-491a-b825-766208e247a0	9778	9778	Euphrasia type	Rhinanthus	Genus	Life > Plantae > Angiosperms > Lamiales > Orobanchaceae > Rhinanthus	Rhinanthus;Euphrasia;Bartsia	pollen	percentage	0		
individualtimelinenode_c2805b46-f963-491a-b825-766208e247a0	9778	9778	Euphrasia type	Euphrasia	Genus	Euphrasia	Rhinanthus;Euphrasia;Bartsia	pollen	percentage	0		
individualtimelinenode_c2805b46-f963-491a-b825-766208e247a0	9778	9778	Euphrasia type	Bartsia	Genus	Bartsia	Rhinanthus;Euphrasia;Bartsia	pollen	percentage	0		
individualtimelinenode_c2805b46-f963-491a-b825-766208e247a0	9778	9778	Galium sp.	Galium	Genus	Life > Plantae > Angiosperms > Gentianales > Rubiaceae > Galium	Galium	pollen	percentage	0		
individualtimelinenode_c2805b46-f963-491a-b825-766208e247a0	9778	9778	Gymnocarpium dryopteris	Gymnocarpium dryopteris (L.) Newman	Species	Gymnocarpium dryopteris (L.) Newman	Gymnocarpium dryopteris (L.) Newman	pollen	percentage	0		
individualtimelinenode_c2805b46-f963-491a-b825-766208e247a0	9778	9778	Juniperus communis	Juniperus communis L.	Species	Life > Plantae > Pinophyta > Pinopsida > Cupressales > Cupressaceae > Juniperus > Juniperus communis L.	Juniperus communis L.	pollen	percentage	0		
individualtimelinenode_c2805b46-f963-491a-b825-766208e247a0	9778	9778	Luzula-Juncus	Juncus	Genus	Life > Plantae > Angiosperms > Poales > Juncaceae > Juncus	Juncus;Luzula	pollen	percentage	0		
individualtimelinenode_c2805b46-f963-491a-b825-766208e247a0	9778	9778	Luzula-Juncus	Luzula	Genus	Life > Plantae > Angiosperms > Poales > Juncaceae > Luzula	Juncus;Luzula	pollen	percentage	0		
individualtimelinenode_c2805b46-f963-491a-b825-766208e247a0	9778	9778	Lycopodium dubium	Lycopodium clavatum L.	Species	Life > Plantae > Lycopodiophyta > Lycopodiopsida > Lycopodiales > Lycopodiaceae > Lycopodioideae > Lycopodium > Lycopodium clavatum L.	Lycopodium clavatum L.	pollen	percentage	0		
individualtimelinenode_c2805b46-f963-491a-b825-766208e247a0	9778	9778	Potentilla-Comarum type	Sibbaldia procumbens L.	Species	Sibbaldia procumbens L.	Sibbaldia procumbens L.;Comarum palustre L.;Potentilla hyparctica Malte;Potentilla nivea L.;Potentilla hookeriana Lehm.	pollen	percentage	0		
individualtimelinenode_c2805b46-f963-491a-b825-766208e247a0	9778	9778	Potentilla-Comarum type	Comarum palustre L.	Species	Life > Plantae > Angiosperms > Rosales > Rosaceae > Comarum > Comarum palustre L.	Sibbaldia procumbens L.;Comarum palustre L.;Potentilla hyparctica Malte;Potentilla nivea L.;Potentilla hookeriana Lehm.	pollen	percentage	0		
individualtimelinenode_c2805b46-f963-491a-b825-766208e247a0	9778	9778	Potentilla-Comarum type	Potentilla hyparctica Malte	Species	Potentilla hyparctica Malte	Sibbaldia procumbens L.;Comarum palustre L.;Potentilla hyparctica Malte;Potentilla nivea L.;Potentilla hookeriana Lehm.	pollen	percentage	0		
individualtimelinenode_c2805b46-f963-491a-b825-766208e247a0	9778	9778	Potentilla-Comarum type	Potentilla nivea L.	Species	Potentilla nivea L.	Sibbaldia procumbens L.;Comarum palustre L.;Potentilla hyparctica Malte;Potentilla nivea L.;Potentilla hookeriana Lehm.	pollen	percentage	0		
individualtimelinenode_c2805b46-f963-491a-b825-766208e247a0	9778	9778	Potentilla-Comarum type	Potentilla hookeriana Lehm.	Species	Potentilla hookeriana Lehm.	Sibbaldia procumbens L.;Comarum palustre L.;Potentilla hyparctica Malte;Potentilla nivea L.;Potentilla hookeriana Lehm.	pollen	percentage	0		
individualtimelinenode_c2805b46-f963-491a-b825-766208e247a0	9778	9778	Ranunculus sp.	Ranunculus	Genus	Life > Plantae > Angiosperms > Ranunculales > Ranunculaceae > Ranunculus	Ranunculus	pollen	percentage	5.88235		
individualtimelinenode_c2805b46-f963-491a-b825-766208e247a0	9778	9778	Rumex acetosella	Rumex acetosella L.	Species	Life > Plantae > Angiosperms > Caryophyllales > Polygonaceae > Rumex > Rumex acetosella L.	Rumex acetosella L.	pollen	percentage	0		
individualtimelinenode_c2805b46-f963-491a-b825-766208e247a0	9778	9778	Saxifraga oppositifolia type	Saxifraga paniculata Mill.	Species	Saxifraga paniculata Mill.	Saxifraga paniculata Mill.;Saxifraga aizoides L.;Saxifraga tricuspidata Rottb.;Saxifraga oppositifolia L.	pollen	percentage	0		
individualtimelinenode_c2805b46-f963-491a-b825-766208e247a0	9778	9778	Saxifraga oppositifolia type	Saxifraga aizoides L.	Species	Saxifraga aizoides L.	Saxifraga paniculata Mill.;Saxifraga aizoides L.;Saxifraga tricuspidata Rottb.;Saxifraga oppositifolia L.	pollen	percentage	0		
individualtimelinenode_c2805b46-f963-491a-b825-766208e247a0	9778	9778	Saxifraga oppositifolia type	Saxifraga tricuspidata Rottb.	Species	Saxifraga tricuspidata Rottb.	Saxifraga paniculata Mill.;Saxifraga aizoides L.;Saxifraga tricuspidata Rottb.;Saxifraga oppositifolia L.	pollen	percentage	0		
individualtimelinenode_c2805b46-f963-491a-b825-766208e247a0	9778	9778	Saxifraga oppositifolia type	Saxifraga oppositifolia L.	Species	Life > Plantae > Angiosperms > Saxifragales > Saxifragaceae > Saxifraga > Saxifraga oppositifolia L.	Saxifraga paniculata Mill.;Saxifraga aizoides L.;Saxifraga tricuspidata Rottb.;Saxifraga oppositifolia L.	pollen	percentage	0		
individualtimelinenode_c2805b46-f963-491a-b825-766208e247a0	9778	9778	Thalictrum alpinum	Thalictrum alpinum L.	Species	Life > Plantae > Angiosperms > Ranunculales > Ranunculaceae > Thalictrum > Thalictrum alpinum L.	Thalictrum alpinum L.	pollen	percentage	0		
individualtimelinenode_c2805b46-f963-491a-b825-766208e247a0	9778	9778	Tofieldia sp.	Tofieldia	Genus	Life > Plantae > Angiosperms > Alismatales > Tofieldiaceae > Tofieldia	Tofieldia	pollen	percentage	0		
individualtimelinenode_c2805b46-f963-491a-b825-766208e247a0	10032	10032	Alnus sp.	Alnus	Genus	Life > Plantae > Angiosperms > Fagales > Betulaceae > Alnus	Alnus	pollen	percentage	0		
individualtimelinenode_c2805b46-f963-491a-b825-766208e247a0	10032	10032	Artemisia sp.	Artemisia	Genus	Life > Plantae > Angiosperms > Asterales > Asteraceae > Asteroideae > Anthemideae > Artemisia	Artemisia	pollen	percentage	0		
individualtimelinenode_c2805b46-f963-491a-b825-766208e247a0	10032	10032	Betula sp.	Betula	Genus	Life > Plantae > Angiosperms > Fagales > Betulaceae > Betula	Betula	pollen	percentage	0.625		
individualtimelinenode_c2805b46-f963-491a-b825-766208e247a0	10032	10032	Botrychium sp.	Botrychium	Genus	Life > Plantae > Polypodiophyta > Polypodiopsida > Ophioglossales > Ophioglossaceae > Botrychioideae > Botrychium	Botrychium	pollen	percentage	0		
individualtimelinenode_c2805b46-f963-491a-b825-766208e247a0	10032	10032	Campanula sp.	Campanula	Genus	Life > Plantae > Angiosperms > Asterales > Campanulaceae > Campanula	Campanula	pollen	percentage	0		
individualtimelinenode_c2805b46-f963-491a-b825-766208e247a0	10032	10032	Cerastium-Stellaria type	Stellaria longipes Goldie	Species	Stellaria longipes Goldie	Stellaria longipes Goldie;Cerastium fontanum Baumg.;Cerastium alpinum L.	pollen	percentage	1.25		
individualtimelinenode_c2805b46-f963-491a-b825-766208e247a0	10032	10032	Cerastium-Stellaria type	Cerastium fontanum Baumg.	Species	Cerastium fontanum Baumg.	Stellaria longipes Goldie;Cerastium fontanum Baumg.;Cerastium alpinum L.	pollen	percentage	1.25		
individualtimelinenode_c2805b46-f963-491a-b825-766208e247a0	10032	10032	Cerastium-Stellaria type	Cerastium alpinum L.	Species	Cerastium alpinum L.	Stellaria longipes Goldie;Cerastium fontanum Baumg.;Cerastium alpinum L.	pollen	percentage	1.25		
individualtimelinenode_c2805b46-f963-491a-b825-766208e247a0	10032	10032	Dryas type	Dryas	Genus	Life > Plantae > Angiosperms > Rosales > Rosaceae > Dryas	Dryas	pollen	percentage	0		
individualtimelinenode_c2805b46-f963-491a-b825-766208e247a0	10032	10032	Dryopteris type	Polypodiaceae	Family	Life > Plantae > Polypodiophyta > Polypodiopsida > Polypodiales > Polypodiaceae	Polypodiaceae	pollen	percentage	0		
individualtimelinenode_c2805b46-f963-491a-b825-766208e247a0	10032	10032	Euphrasia type	Rhinanthus	Genus	Life > Plantae > Angiosperms > Lamiales > Orobanchaceae > Rhinanthus	Rhinanthus;Euphrasia;Bartsia	pollen	percentage	0		
individualtimelinenode_c2805b46-f963-491a-b825-766208e247a0	10032	10032	Euphrasia type	Euphrasia	Genus	Euphrasia	Rhinanthus;Euphrasia;Bartsia	pollen	percentage	0		
individualtimelinenode_c2805b46-f963-491a-b825-766208e247a0	10032	10032	Euphrasia type	Bartsia	Genus	Bartsia	Rhinanthus;Euphrasia;Bartsia	pollen	percentage	0		
individualtimelinenode_c2805b46-f963-491a-b825-766208e247a0	10032	10032	Galium sp.	Galium	Genus	Life > Plantae > Angiosperms > Gentianales > Rubiaceae > Galium	Galium	pollen	percentage	0		
individualtimelinenode_c2805b46-f963-491a-b825-766208e247a0	10032	10032	Gymnocarpium dryopteris	Gymnocarpium dryopteris (L.) Newman	Species	Gymnocarpium dryopteris (L.) Newman	Gymnocarpium dryopteris (L.) Newman	pollen	percentage	0		
individualtimelinenode_c2805b46-f963-491a-b825-766208e247a0	10032	10032	Juniperus communis	Juniperus communis L.	Species	Life > Plantae > Pinophyta > Pinopsida > Cupressales > Cupressaceae > Juniperus > Juniperus communis L.	Juniperus communis L.	pollen	percentage	0		
individualtimelinenode_c2805b46-f963-491a-b825-766208e247a0	10032	10032	Luzula-Juncus	Juncus	Genus	Life > Plantae > Angiosperms > Poales > Juncaceae > Juncus	Juncus;Luzula	pollen	percentage	0		
individualtimelinenode_c2805b46-f963-491a-b825-766208e247a0	10032	10032	Luzula-Juncus	Luzula	Genus	Life > Plantae > Angiosperms > Poales > Juncaceae > Luzula	Juncus;Luzula	pollen	percentage	0		
individualtimelinenode_c2805b46-f963-491a-b825-766208e247a0	10032	10032	Lycopodium dubium	Lycopodium clavatum L.	Species	Life > Plantae > Lycopodiophyta > Lycopodiopsida > Lycopodiales > Lycopodiaceae > Lycopodioideae > Lycopodium > Lycopodium clavatum L.	Lycopodium clavatum L.	pollen	percentage	0		
individualtimelinenode_c2805b46-f963-491a-b825-766208e247a0	10032	10032	Potentilla-Comarum type	Sibbaldia procumbens L.	Species	Sibbaldia procumbens L.	Sibbaldia procumbens L.;Comarum palustre L.;Potentilla hyparctica Malte;Potentilla nivea L.;Potentilla hookeriana Lehm.	pollen	percentage	1.875		
individualtimelinenode_c2805b46-f963-491a-b825-766208e247a0	10032	10032	Potentilla-Comarum type	Comarum palustre L.	Species	Life > Plantae > Angiosperms > Rosales > Rosaceae > Comarum > Comarum palustre L.	Sibbaldia procumbens L.;Comarum palustre L.;Potentilla hyparctica Malte;Potentilla nivea L.;Potentilla hookeriana Lehm.	pollen	percentage	1.875		
individualtimelinenode_c2805b46-f963-491a-b825-766208e247a0	10032	10032	Potentilla-Comarum type	Potentilla hyparctica Malte	Species	Potentilla hyparctica Malte	Sibbaldia procumbens L.;Comarum palustre L.;Potentilla hyparctica Malte;Potentilla nivea L.;Potentilla hookeriana Lehm.	pollen	percentage	1.875		
individualtimelinenode_c2805b46-f963-491a-b825-766208e247a0	10032	10032	Potentilla-Comarum type	Potentilla nivea L.	Species	Potentilla nivea L.	Sibbaldia procumbens L.;Comarum palustre L.;Potentilla hyparctica Malte;Potentilla nivea L.;Potentilla hookeriana Lehm.	pollen	percentage	1.875		
individualtimelinenode_c2805b46-f963-491a-b825-766208e247a0	10032	10032	Potentilla-Comarum type	Potentilla hookeriana Lehm.	Species	Potentilla hookeriana Lehm.	Sibbaldia procumbens L.;Comarum palustre L.;Potentilla hyparctica Malte;Potentilla nivea L.;Potentilla hookeriana Lehm.	pollen	percentage	1.875		
individualtimelinenode_c2805b46-f963-491a-b825-766208e247a0	10032	10032	Ranunculus sp.	Ranunculus	Genus	Life > Plantae > Angiosperms > Ranunculales > Ranunculaceae > Ranunculus	Ranunculus	pollen	percentage	1.17647		
individualtimelinenode_c2805b46-f963-491a-b825-766208e247a0	10032	10032	Rumex acetosella	Rumex acetosella L.	Species	Life > Plantae > Angiosperms > Caryophyllales > Polygonaceae > Rumex > Rumex acetosella L.	Rumex acetosella L.	pollen	percentage	0		
individualtimelinenode_c2805b46-f963-491a-b825-766208e247a0	10032	10032	Saxifraga oppositifolia type	Saxifraga paniculata Mill.	Species	Saxifraga paniculata Mill.	Saxifraga paniculata Mill.;Saxifraga aizoides L.;Saxifraga tricuspidata Rottb.;Saxifraga oppositifolia L.	pollen	percentage	0		
individualtimelinenode_c2805b46-f963-491a-b825-766208e247a0	10032	10032	Saxifraga oppositifolia type	Saxifraga aizoides L.	Species	Saxifraga aizoides L.	Saxifraga paniculata Mill.;Saxifraga aizoides L.;Saxifraga tricuspidata Rottb.;Saxifraga oppositifolia L.	pollen	percentage	0		
individualtimelinenode_c2805b46-f963-491a-b825-766208e247a0	10032	10032	Saxifraga oppositifolia type	Saxifraga tricuspidata Rottb.	Species	Saxifraga tricuspidata Rottb.	Saxifraga paniculata Mill.;Saxifraga aizoides L.;Saxifraga tricuspidata Rottb.;Saxifraga oppositifolia L.	pollen	percentage	0		
individualtimelinenode_c2805b46-f963-491a-b825-766208e247a0	10032	10032	Saxifraga oppositifolia type	Saxifraga oppositifolia L.	Species	Life > Plantae > Angiosperms > Saxifragales > Saxifragaceae > Saxifraga > Saxifraga oppositifolia L.	Saxifraga paniculata Mill.;Saxifraga aizoides L.;Saxifraga tricuspidata Rottb.;Saxifraga oppositifolia L.	pollen	percentage	0		
individualtimelinenode_c2805b46-f963-491a-b825-766208e247a0	10032	10032	Thalictrum alpinum	Thalictrum alpinum L.	Species	Life > Plantae > Angiosperms > Ranunculales > Ranunculaceae > Thalictrum > Thalictrum alpinum L.	Thalictrum alpinum L.	pollen	percentage	0		
individualtimelinenode_c2805b46-f963-491a-b825-766208e247a0	10032	10032	Tofieldia sp.	Tofieldia	Genus	Life > Plantae > Angiosperms > Alismatales > Tofieldiaceae > Tofieldia	Tofieldia	pollen	percentage	0		
individualtimelinenode_c2805b46-f963-491a-b825-766208e247a0	10253	10253	Alnus sp.	Alnus	Genus	Life > Plantae > Angiosperms > Fagales > Betulaceae > Alnus	Alnus	pollen	percentage	0		
individualtimelinenode_c2805b46-f963-491a-b825-766208e247a0	10253	10253	Artemisia sp.	Artemisia	Genus	Life > Plantae > Angiosperms > Asterales > Asteraceae > Asteroideae > Anthemideae > Artemisia	Artemisia	pollen	percentage	0		
individualtimelinenode_c2805b46-f963-491a-b825-766208e247a0	10253	10253	Betula sp.	Betula	Genus	Life > Plantae > Angiosperms > Fagales > Betulaceae > Betula	Betula	pollen	percentage	8.125		
individualtimelinenode_c2805b46-f963-491a-b825-766208e247a0	10253	10253	Botrychium sp.	Botrychium	Genus	Life > Plantae > Polypodiophyta > Polypodiopsida > Ophioglossales > Ophioglossaceae > Botrychioideae > Botrychium	Botrychium	pollen	percentage	0		
individualtimelinenode_c2805b46-f963-491a-b825-766208e247a0	10253	10253	Campanula sp.	Campanula	Genus	Life > Plantae > Angiosperms > Asterales > Campanulaceae > Campanula	Campanula	pollen	percentage	0		
individualtimelinenode_c2805b46-f963-491a-b825-766208e247a0	10253	10253	Cerastium-Stellaria type	Stellaria longipes Goldie	Species	Stellaria longipes Goldie	Stellaria longipes Goldie;Cerastium fontanum Baumg.;Cerastium alpinum L.	pollen	percentage	0		
individualtimelinenode_c2805b46-f963-491a-b825-766208e247a0	10253	10253	Cerastium-Stellaria type	Cerastium fontanum Baumg.	Species	Cerastium fontanum Baumg.	Stellaria longipes Goldie;Cerastium fontanum Baumg.;Cerastium alpinum L.	pollen	percentage	0		
individualtimelinenode_c2805b46-f963-491a-b825-766208e247a0	10253	10253	Cerastium-Stellaria type	Cerastium alpinum L.	Species	Cerastium alpinum L.	Stellaria longipes Goldie;Cerastium fontanum Baumg.;Cerastium alpinum L.	pollen	percentage	0		
individualtimelinenode_c2805b46-f963-491a-b825-766208e247a0	10253	10253	Dryas type	Dryas	Genus	Life > Plantae > Angiosperms > Rosales > Rosaceae > Dryas	Dryas	pollen	percentage	0		
individualtimelinenode_c2805b46-f963-491a-b825-766208e247a0	10253	10253	Dryopteris type	Polypodiaceae	Family	Life > Plantae > Polypodiophyta > Polypodiopsida > Polypodiales > Polypodiaceae	Polypodiaceae	pollen	percentage	6.25		
individualtimelinenode_c2805b46-f963-491a-b825-766208e247a0	10253	10253	Euphrasia type	Rhinanthus	Genus	Life > Plantae > Angiosperms > Lamiales > Orobanchaceae > Rhinanthus	Rhinanthus;Euphrasia;Bartsia	pollen	percentage	0		
individualtimelinenode_c2805b46-f963-491a-b825-766208e247a0	10253	10253	Euphrasia type	Euphrasia	Genus	Euphrasia	Rhinanthus;Euphrasia;Bartsia	pollen	percentage	0		
individualtimelinenode_c2805b46-f963-491a-b825-766208e247a0	10253	10253	Euphrasia type	Bartsia	Genus	Bartsia	Rhinanthus;Euphrasia;Bartsia	pollen	percentage	0		
individualtimelinenode_c2805b46-f963-491a-b825-766208e247a0	10253	10253	Galium sp.	Galium	Genus	Life > Plantae > Angiosperms > Gentianales > Rubiaceae > Galium	Galium	pollen	percentage	0		
individualtimelinenode_c2805b46-f963-491a-b825-766208e247a0	10253	10253	Gymnocarpium dryopteris	Gymnocarpium dryopteris (L.) Newman	Species	Gymnocarpium dryopteris (L.) Newman	Gymnocarpium dryopteris (L.) Newman	pollen	percentage	0		
individualtimelinenode_c2805b46-f963-491a-b825-766208e247a0	10253	10253	Juniperus communis	Juniperus communis L.	Species	Life > Plantae > Pinophyta > Pinopsida > Cupressales > Cupressaceae > Juniperus > Juniperus communis L.	Juniperus communis L.	pollen	percentage	0		
individualtimelinenode_c2805b46-f963-491a-b825-766208e247a0	10253	10253	Luzula-Juncus	Juncus	Genus	Life > Plantae > Angiosperms > Poales > Juncaceae > Juncus	Juncus;Luzula	pollen	percentage	0		
individualtimelinenode_c2805b46-f963-491a-b825-766208e247a0	10253	10253	Luzula-Juncus	Luzula	Genus	Life > Plantae > Angiosperms > Poales > Juncaceae > Luzula	Juncus;Luzula	pollen	percentage	0		
individualtimelinenode_c2805b46-f963-491a-b825-766208e247a0	10253	10253	Lycopodium dubium	Lycopodium clavatum L.	Species	Life > Plantae > Lycopodiophyta > Lycopodiopsida > Lycopodiales > Lycopodiaceae > Lycopodioideae > Lycopodium > Lycopodium clavatum L.	Lycopodium clavatum L.	pollen	percentage	0		
individualtimelinenode_c2805b46-f963-491a-b825-766208e247a0	10253	10253	Potentilla-Comarum type	Sibbaldia procumbens L.	Species	Sibbaldia procumbens L.	Sibbaldia procumbens L.;Comarum palustre L.;Potentilla hyparctica Malte;Potentilla nivea L.;Potentilla hookeriana Lehm.	pollen	percentage	0		
individualtimelinenode_c2805b46-f963-491a-b825-766208e247a0	10253	10253	Potentilla-Comarum type	Comarum palustre L.	Species	Life > Plantae > Angiosperms > Rosales > Rosaceae > Comarum > Comarum palustre L.	Sibbaldia procumbens L.;Comarum palustre L.;Potentilla hyparctica Malte;Potentilla nivea L.;Potentilla hookeriana Lehm.	pollen	percentage	0		
individualtimelinenode_c2805b46-f963-491a-b825-766208e247a0	10253	10253	Potentilla-Comarum type	Potentilla hyparctica Malte	Species	Potentilla hyparctica Malte	Sibbaldia procumbens L.;Comarum palustre L.;Potentilla hyparctica Malte;Potentilla nivea L.;Potentilla hookeriana Lehm.	pollen	percentage	0		
individualtimelinenode_c2805b46-f963-491a-b825-766208e247a0	10253	10253	Potentilla-Comarum type	Potentilla nivea L.	Species	Potentilla nivea L.	Sibbaldia procumbens L.;Comarum palustre L.;Potentilla hyparctica Malte;Potentilla nivea L.;Potentilla hookeriana Lehm.	pollen	percentage	0		
individualtimelinenode_c2805b46-f963-491a-b825-766208e247a0	10253	10253	Potentilla-Comarum type	Potentilla hookeriana Lehm.	Species	Potentilla hookeriana Lehm.	Sibbaldia procumbens L.;Comarum palustre L.;Potentilla hyparctica Malte;Potentilla nivea L.;Potentilla hookeriana Lehm.	pollen	percentage	0		
individualtimelinenode_c2805b46-f963-491a-b825-766208e247a0	10253	10253	Ranunculus sp.	Ranunculus	Genus	Life > Plantae > Angiosperms > Ranunculales > Ranunculaceae > Ranunculus	Ranunculus	pollen	percentage	0		
individualtimelinenode_c2805b46-f963-491a-b825-766208e247a0	10253	10253	Rumex acetosella	Rumex acetosella L.	Species	Life > Plantae > Angiosperms > Caryophyllales > Polygonaceae > Rumex > Rumex acetosella L.	Rumex acetosella L.	pollen	percentage	0		
individualtimelinenode_c2805b46-f963-491a-b825-766208e247a0	10253	10253	Saxifraga oppositifolia type	Saxifraga paniculata Mill.	Species	Saxifraga paniculata Mill.	Saxifraga paniculata Mill.;Saxifraga aizoides L.;Saxifraga tricuspidata Rottb.;Saxifraga oppositifolia L.	pollen	percentage	0		
individualtimelinenode_c2805b46-f963-491a-b825-766208e247a0	10253	10253	Saxifraga oppositifolia type	Saxifraga aizoides L.	Species	Saxifraga aizoides L.	Saxifraga paniculata Mill.;Saxifraga aizoides L.;Saxifraga tricuspidata Rottb.;Saxifraga oppositifolia L.	pollen	percentage	0		
individualtimelinenode_c2805b46-f963-491a-b825-766208e247a0	10253	10253	Saxifraga oppositifolia type	Saxifraga tricuspidata Rottb.	Species	Saxifraga tricuspidata Rottb.	Saxifraga paniculata Mill.;Saxifraga aizoides L.;Saxifraga tricuspidata Rottb.;Saxifraga oppositifolia L.	pollen	percentage	0		
individualtimelinenode_c2805b46-f963-491a-b825-766208e247a0	10253	10253	Saxifraga oppositifolia type	Saxifraga oppositifolia L.	Species	Life > Plantae > Angiosperms > Saxifragales > Saxifragaceae > Saxifraga > Saxifraga oppositifolia L.	Saxifraga paniculata Mill.;Saxifraga aizoides L.;Saxifraga tricuspidata Rottb.;Saxifraga oppositifolia L.	pollen	percentage	0		
individualtimelinenode_c2805b46-f963-491a-b825-766208e247a0	10253	10253	Thalictrum alpinum	Thalictrum alpinum L.	Species	Life > Plantae > Angiosperms > Ranunculales > Ranunculaceae > Thalictrum > Thalictrum alpinum L.	Thalictrum alpinum L.	pollen	percentage	0		
individualtimelinenode_c2805b46-f963-491a-b825-766208e247a0	10253	10253	Tofieldia sp.	Tofieldia	Genus	Life > Plantae > Angiosperms > Alismatales > Tofieldiaceae > Tofieldia	Tofieldia	pollen	percentage	0		
individualtimelinenode_7ad29507-799c-4376-b56f-1351f3b39160	299	299	Arctostaphylos alpina	Arctostaphylos alpina (L.) Spreng.	Species	Life > Plantae > Arctostaphylos alpina (L.) Spreng.	Arctostaphylos alpina (L.) Spreng.	pollen	percentage	0		
individualtimelinenode_7ad29507-799c-4376-b56f-1351f3b39160	299	299	Betula	Betula	Genus	Life > Plantae > Angiosperms > Fagales > Betulaceae > Betula	Betula	pollen	percentage	4.834215		
individualtimelinenode_7ad29507-799c-4376-b56f-1351f3b39160	299	299	Campanula	Campanula	Genus	Life > Plantae > Angiosperms > Asterales > Campanulaceae > Campanula	Campanula	pollen	percentage	0		
individualtimelinenode_7ad29507-799c-4376-b56f-1351f3b39160	299	299	Caryophyllaceae	Caryophyllaceae	Family	Life > Plantae > Angiosperms > Caryophyllales > Caryophyllaceae	Caryophyllaceae	pollen	percentage	0		
individualtimelinenode_7ad29507-799c-4376-b56f-1351f3b39160	299	299	Cassiope type	Harrimanella hypnoides (L.) Coville	Species	Life > Plantae > Harrimanella hypnoides (L.) Coville	Harrimanella hypnoides (L.) Coville;Cassiope tetragona (L.) D.Don	pollen	percentage	3.66011		
individualtimelinenode_7ad29507-799c-4376-b56f-1351f3b39160	299	299	Cassiope type	Cassiope tetragona (L.) D.Don	Species	Life > Plantae > Angiosperms > Ericales > Ericaceae > Cassiopoideae > Cassiope > Cassiope tetragona (L.) D.Don	Harrimanella hypnoides (L.) Coville;Cassiope tetragona (L.) D.Don	pollen	percentage	3.66011		
individualtimelinenode_7ad29507-799c-4376-b56f-1351f3b39160	299	299	Chamaenerion type	Chamaenerion	Genus	Life > Plantae > Angiosperms > Myrtales > Onagraceae > Chamaenerion	Chamaenerion	pollen	percentage	0		
individualtimelinenode_7ad29507-799c-4376-b56f-1351f3b39160	299	299	Cruciferae	Cruciferae	Family	Life > Plantae > Cruciferae	Cruciferae	pollen	percentage	0		
individualtimelinenode_7ad29507-799c-4376-b56f-1351f3b39160	299	299	Cyperaceae	Cyperaceae	Family	Life > Plantae > Angiosperms > Poales > Cyperaceae	Cyperaceae	pollen	percentage	6.24357		
individualtimelinenode_7ad29507-799c-4376-b56f-1351f3b39160	299	299	Dryas	Dryas	Genus	Life > Plantae > Angiosperms > Rosales > Rosaceae > Dryas	Dryas	pollen	percentage	3.14636		
individualtimelinenode_7ad29507-799c-4376-b56f-1351f3b39160	299	299	Empetrum nigrum	Empetrum nigrum (Hagerup) Böch.	Species	Life > Plantae > Empetrum nigrum (Hagerup) Böch.	Empetrum nigrum (Hagerup) Böch.	pollen	percentage	0.14047		
individualtimelinenode_7ad29507-799c-4376-b56f-1351f3b39160	299	299	Gramineae	Gramineae	Genus	Life > Plantae > Gramineae	Gramineae	pollen	percentage	17.77449		
individualtimelinenode_7ad29507-799c-4376-b56f-1351f3b39160	299	299	Huperzia selago	Huperzia selago (L.) Bernh. ex Schrank. & Mart.	Species	Life > Plantae > Huperzia selago (L.) Bernh. ex Schrank. & Mart.	Huperzia selago (L.) Bernh. ex Schrank. & Mart.	pollen	percentage	0.73306		
individualtimelinenode_7ad29507-799c-4376-b56f-1351f3b39160	299	299	Koenigia islandica	Koenigia islandica L.	Species	Life > Plantae > Angiosperms > Caryophyllales > Polygonaceae > Koenigia > Koenigia islandica L.	Koenigia islandica L.	pollen	percentage	1.09317		
individualtimelinenode_7ad29507-799c-4376-b56f-1351f3b39160	299	299	Liguiflorae	Liguiflorae	Family	Life > Plantae > Liguiflorae	Liguiflorae	pollen	percentage	0		
individualtimelinenode_7ad29507-799c-4376-b56f-1351f3b39160	299	299	Lycopodium type	Problematic (Placeholder)	Kingdom	Life > Problematic (Placeholder)	Problematic (Placeholder)	pollen	percentage	0		
individualtimelinenode_7ad29507-799c-4376-b56f-1351f3b39160	299	299	Oxyria	Oxyria	Genus	Life > Plantae > Angiosperms > Caryophyllales > Polygonaceae > Oxyria	Oxyria	pollen	percentage	19.47959		
individualtimelinenode_7ad29507-799c-4376-b56f-1351f3b39160	299	299	Pedicuralis	Pedicuralis	Genus	Life > Plantae > Pedicuralis	Pedicuralis	pollen	percentage	0.76057		
individualtimelinenode_7ad29507-799c-4376-b56f-1351f3b39160	299	299	Phyllodoce corerulea	Phyllodoce corerulea (L.) Bab.	Species	Life > Plantae > Phyllodoce corerulea (L.) Bab.	Phyllodoce corerulea (L.) Bab.	pollen	percentage	0		
individualtimelinenode_7ad29507-799c-4376-b56f-1351f3b39160	299	299	Polygonum viviparum	Polygonum viviparum L.	Species	Life > Plantae > Polygonum viviparum L.	Polygonum viviparum L.	pollen	percentage	0		
individualtimelinenode_7ad29507-799c-4376-b56f-1351f3b39160	299	299	Polypodiaceae	Polypodiaceae	Family	Life > Plantae > Polypodiophyta > Polypodiopsida > Polypodiales > Polypodiaceae	Polypodiaceae	pollen	percentage	0		
individualtimelinenode_7ad29507-799c-4376-b56f-1351f3b39160	299	299	Potentilla	Potentilla	Genus	Life > Plantae > Angiosperms > Rosales > Rosaceae > Potentilla	Potentilla	pollen	percentage	0		
individualtimelinenode_7ad29507-799c-4376-b56f-1351f3b39160	299	299	Ranunculus	Ranunculus	Genus	Life > Plantae > Angiosperms > Ranunculales > Ranunculaceae > Ranunculus	Ranunculus	pollen	percentage	0.46205		
individualtimelinenode_7ad29507-799c-4376-b56f-1351f3b39160	299	299	Rhododendron lapponicum	Rhododendron lapponicum (L.) Wbg.	Species	Life > Plantae > Rhododendron lapponicum (L.) Wbg.	Rhododendron lapponicum (L.) Wbg.	pollen	percentage	0		
individualtimelinenode_7ad29507-799c-4376-b56f-1351f3b39160	299	299	Salix	Salix	Genus	Life > Plantae > Angiosperms > Malpighiales > Salicaceae > Salix	Salix	pollen	percentage	35.41762		
individualtimelinenode_7ad29507-799c-4376-b56f-1351f3b39160	299	299	Saxifraga ceruna type	Problematic (Placeholder)	Kingdom	Life > Problematic (Placeholder)	Problematic (Placeholder)	pollen	percentage	0.37124		
individualtimelinenode_7ad29507-799c-4376-b56f-1351f3b39160	299	299	Saxifraga nivalis type	Saxifraga hieraciifolia W. & K.	Species	Life > Plantae > Saxifraga hieraciifolia W. & K.	Saxifraga hieraciifolia W. & K.;Saxifraga tenuis (Wbg.) H. Sm.;Saxifraga nivalis L.	pollen	percentage	0		
individualtimelinenode_7ad29507-799c-4376-b56f-1351f3b39160	299	299	Saxifraga nivalis type	Saxifraga tenuis (Wbg.) H. Sm.	Species	Life > Plantae > Saxifraga tenuis (Wbg.) H. Sm.	Saxifraga hieraciifolia W. & K.;Saxifraga tenuis (Wbg.) H. Sm.;Saxifraga nivalis L.	pollen	percentage	0		
individualtimelinenode_7ad29507-799c-4376-b56f-1351f3b39160	299	299	Saxifraga nivalis type	Saxifraga nivalis L.	Species	Life > Plantae > Angiosperms > Saxifragales > Saxifragaceae > Saxifraga > Saxifraga nivalis L.	Saxifraga hieraciifolia W. & K.;Saxifraga tenuis (Wbg.) H. Sm.;Saxifraga nivalis L.	pollen	percentage	0		
individualtimelinenode_7ad29507-799c-4376-b56f-1351f3b39160	299	299	Saxifraga oppositifolia type	Saxifraga paniculata Mill.	Species	Saxifraga paniculata Mill.	Saxifraga paniculata Mill.;Saxifraga aizoides L.;Saxifraga tricuspidata Rottb.;Saxifraga oppositifolia L.	pollen	percentage	0.38592		
individualtimelinenode_7ad29507-799c-4376-b56f-1351f3b39160	299	299	Saxifraga oppositifolia type	Saxifraga aizoides L.	Species	Saxifraga aizoides L.	Saxifraga paniculata Mill.;Saxifraga aizoides L.;Saxifraga tricuspidata Rottb.;Saxifraga oppositifolia L.	pollen	percentage	0.38592		
individualtimelinenode_7ad29507-799c-4376-b56f-1351f3b39160	299	299	Saxifraga oppositifolia type	Saxifraga tricuspidata Rottb.	Species	Saxifraga tricuspidata Rottb.	Saxifraga paniculata Mill.;Saxifraga aizoides L.;Saxifraga tricuspidata Rottb.;Saxifraga oppositifolia L.	pollen	percentage	0.38592		
individualtimelinenode_7ad29507-799c-4376-b56f-1351f3b39160	299	299	Saxifraga oppositifolia type	Saxifraga oppositifolia L.	Species	Life > Plantae > Angiosperms > Saxifragales > Saxifragaceae > Saxifraga > Saxifraga oppositifolia L.	Saxifraga paniculata Mill.;Saxifraga aizoides L.;Saxifraga tricuspidata Rottb.;Saxifraga oppositifolia L.	pollen	percentage	0.38592		
individualtimelinenode_7ad29507-799c-4376-b56f-1351f3b39160	299	299	Thalictrum alpinum	Thalictrum alpinum L.	Species	Life > Plantae > Angiosperms > Ranunculales > Ranunculaceae > Thalictrum > Thalictrum alpinum L.	Thalictrum alpinum L.	pollen	percentage	3.90395		
individualtimelinenode_7ad29507-799c-4376-b56f-1351f3b39160	299	299	Tuberiflorae	Problematic (Placeholder)	Kingdom	Life > Problematic (Placeholder)	Problematic (Placeholder)	pollen	percentage	0.43247		
individualtimelinenode_7ad29507-799c-4376-b56f-1351f3b39160	299	299	Vaccinium uliginosum	Vaccinium uliginosum L.	Species	Life > Plantae > Angiosperms > Ericales > Ericaceae > Vaccinioideae > Vaccinium > Vaccinium uliginosum L.	Vaccinium uliginosum L.	pollen	percentage	0		
individualtimelinenode_7ad29507-799c-4376-b56f-1351f3b39160	596	596	Arctostaphylos alpina	Arctostaphylos alpina (L.) Spreng.	Species	Life > Plantae > Arctostaphylos alpina (L.) Spreng.	Arctostaphylos alpina (L.) Spreng.	pollen	percentage	0		
individualtimelinenode_7ad29507-799c-4376-b56f-1351f3b39160	596	596	Betula	Betula	Genus	Life > Plantae > Angiosperms > Fagales > Betulaceae > Betula	Betula	pollen	percentage	2.85324		
individualtimelinenode_7ad29507-799c-4376-b56f-1351f3b39160	596	596	Campanula	Campanula	Genus	Life > Plantae > Angiosperms > Asterales > Campanulaceae > Campanula	Campanula	pollen	percentage	0		
individualtimelinenode_7ad29507-799c-4376-b56f-1351f3b39160	596	596	Caryophyllaceae	Caryophyllaceae	Family	Life > Plantae > Angiosperms > Caryophyllales > Caryophyllaceae	Caryophyllaceae	pollen	percentage	4.0973		
individualtimelinenode_7ad29507-799c-4376-b56f-1351f3b39160	596	596	Cassiope type	Harrimanella hypnoides (L.) Coville	Species	Life > Plantae > Harrimanella hypnoides (L.) Coville	Harrimanella hypnoides (L.) Coville;Cassiope tetragona (L.) D.Don	pollen	percentage	4.04603		
individualtimelinenode_7ad29507-799c-4376-b56f-1351f3b39160	596	596	Cassiope type	Cassiope tetragona (L.) D.Don	Species	Life > Plantae > Angiosperms > Ericales > Ericaceae > Cassiopoideae > Cassiope > Cassiope tetragona (L.) D.Don	Harrimanella hypnoides (L.) Coville;Cassiope tetragona (L.) D.Don	pollen	percentage	4.04603		
individualtimelinenode_7ad29507-799c-4376-b56f-1351f3b39160	596	596	Chamaenerion type	Chamaenerion	Genus	Life > Plantae > Angiosperms > Myrtales > Onagraceae > Chamaenerion	Chamaenerion	pollen	percentage	0		
individualtimelinenode_7ad29507-799c-4376-b56f-1351f3b39160	596	596	Cruciferae	Cruciferae	Family	Life > Plantae > Cruciferae	Cruciferae	pollen	percentage	0		
individualtimelinenode_7ad29507-799c-4376-b56f-1351f3b39160	596	596	Cyperaceae	Cyperaceae	Family	Life > Plantae > Angiosperms > Poales > Cyperaceae	Cyperaceae	pollen	percentage	4.27546		
individualtimelinenode_7ad29507-799c-4376-b56f-1351f3b39160	596	596	Dryas	Dryas	Genus	Life > Plantae > Angiosperms > Rosales > Rosaceae > Dryas	Dryas	pollen	percentage	0.38132		
individualtimelinenode_7ad29507-799c-4376-b56f-1351f3b39160	596	596	Empetrum nigrum	Empetrum nigrum (Hagerup) Böch.	Species	Life > Plantae > Empetrum nigrum (Hagerup) Böch.	Empetrum nigrum (Hagerup) Böch.	pollen	percentage	0		
individualtimelinenode_7ad29507-799c-4376-b56f-1351f3b39160	596	596	Gramineae	Gramineae	Genus	Life > Plantae > Gramineae	Gramineae	pollen	percentage	8.60155		
individualtimelinenode_7ad29507-799c-4376-b56f-1351f3b39160	596	596	Huperzia selago	Huperzia selago (L.) Bernh. ex Schrank. & Mart.	Species	Life > Plantae > Huperzia selago (L.) Bernh. ex Schrank. & Mart.	Huperzia selago (L.) Bernh. ex Schrank. & Mart.	pollen	percentage	0		
individualtimelinenode_7ad29507-799c-4376-b56f-1351f3b39160	596	596	Koenigia islandica	Koenigia islandica L.	Species	Life > Plantae > Angiosperms > Caryophyllales > Polygonaceae > Koenigia > Koenigia islandica L.	Koenigia islandica L.	pollen	percentage	1.35197		
individualtimelinenode_7ad29507-799c-4376-b56f-1351f3b39160	596	596	Liguiflorae	Liguiflorae	Family	Life > Plantae > Liguiflorae	Liguiflorae	pollen	percentage	0		
individualtimelinenode_7ad29507-799c-4376-b56f-1351f3b39160	596	596	Lycopodium type	Problematic (Placeholder)	Kingdom	Life > Problematic (Placeholder)	Problematic (Placeholder)	pollen	percentage	3.92742		
individualtimelinenode_7ad29507-799c-4376-b56f-1351f3b39160	596	596	Oxyria	Oxyria	Genus	Life > Plantae > Angiosperms > Caryophyllales > Polygonaceae > Oxyria	Oxyria	pollen	percentage	28.09039		
individualtimelinenode_7ad29507-799c-4376-b56f-1351f3b39160	596	596	Pedicuralis	Pedicuralis	Genus	Life > Plantae > Pedicuralis	Pedicuralis	pollen	percentage	0		
individualtimelinenode_7ad29507-799c-4376-b56f-1351f3b39160	596	596	Phyllodoce corerulea	Phyllodoce corerulea (L.) Bab.	Species	Life > Plantae > Phyllodoce corerulea (L.) Bab.	Phyllodoce corerulea (L.) Bab.	pollen	percentage	0		
individualtimelinenode_7ad29507-799c-4376-b56f-1351f3b39160	596	596	Polygonum viviparum	Polygonum viviparum L.	Species	Life > Plantae > Polygonum viviparum L.	Polygonum viviparum L.	pollen	percentage	0		
individualtimelinenode_7ad29507-799c-4376-b56f-1351f3b39160	596	596	Polypodiaceae	Polypodiaceae	Family	Life > Plantae > Polypodiophyta > Polypodiopsida > Polypodiales > Polypodiaceae	Polypodiaceae	pollen	percentage	0.24298		
individualtimelinenode_7ad29507-799c-4376-b56f-1351f3b39160	596	596	Potentilla	Potentilla	Genus	Life > Plantae > Angiosperms > Rosales > Rosaceae > Potentilla	Potentilla	pollen	percentage	0		
individualtimelinenode_7ad29507-799c-4376-b56f-1351f3b39160	596	596	Ranunculus	Ranunculus	Genus	Life > Plantae > Angiosperms > Ranunculales > Ranunculaceae > Ranunculus	Ranunculus	pollen	percentage	1.377		
individualtimelinenode_7ad29507-799c-4376-b56f-1351f3b39160	596	596	Rhododendron lapponicum	Rhododendron lapponicum (L.) Wbg.	Species	Life > Plantae > Rhododendron lapponicum (L.) Wbg.	Rhododendron lapponicum (L.) Wbg.	pollen	percentage	0		
individualtimelinenode_7ad29507-799c-4376-b56f-1351f3b39160	596	596	Salix	Salix	Genus	Life > Plantae > Angiosperms > Malpighiales > Salicaceae > Salix	Salix	pollen	percentage	43.96191		
individualtimelinenode_7ad29507-799c-4376-b56f-1351f3b39160	596	596	Saxifraga ceruna type	Problematic (Placeholder)	Kingdom	Life > Problematic (Placeholder)	Problematic (Placeholder)	pollen	percentage	0		
individualtimelinenode_7ad29507-799c-4376-b56f-1351f3b39160	596	596	Saxifraga nivalis type	Saxifraga hieraciifolia W. & K.	Species	Life > Plantae > Saxifraga hieraciifolia W. & K.	Saxifraga hieraciifolia W. & K.;Saxifraga tenuis (Wbg.) H. Sm.;Saxifraga nivalis L.	pollen	percentage	0		
individualtimelinenode_7ad29507-799c-4376-b56f-1351f3b39160	596	596	Saxifraga nivalis type	Saxifraga tenuis (Wbg.) H. Sm.	Species	Life > Plantae > Saxifraga tenuis (Wbg.) H. Sm.	Saxifraga hieraciifolia W. & K.;Saxifraga tenuis (Wbg.) H. Sm.;Saxifraga nivalis L.	pollen	percentage	0		
individualtimelinenode_7ad29507-799c-4376-b56f-1351f3b39160	596	596	Saxifraga nivalis type	Saxifraga nivalis L.	Species	Life > Plantae > Angiosperms > Saxifragales > Saxifragaceae > Saxifraga > Saxifraga nivalis L.	Saxifraga hieraciifolia W. & K.;Saxifraga tenuis (Wbg.) H. Sm.;Saxifraga nivalis L.	pollen	percentage	0		
individualtimelinenode_7ad29507-799c-4376-b56f-1351f3b39160	596	596	Saxifraga oppositifolia type	Saxifraga paniculata Mill.	Species	Saxifraga paniculata Mill.	Saxifraga paniculata Mill.;Saxifraga aizoides L.;Saxifraga tricuspidata Rottb.;Saxifraga oppositifolia L.	pollen	percentage	0		
individualtimelinenode_7ad29507-799c-4376-b56f-1351f3b39160	596	596	Saxifraga oppositifolia type	Saxifraga aizoides L.	Species	Saxifraga aizoides L.	Saxifraga paniculata Mill.;Saxifraga aizoides L.;Saxifraga tricuspidata Rottb.;Saxifraga oppositifolia L.	pollen	percentage	0		
individualtimelinenode_7ad29507-799c-4376-b56f-1351f3b39160	596	596	Saxifraga oppositifolia type	Saxifraga tricuspidata Rottb.	Species	Saxifraga tricuspidata Rottb.	Saxifraga paniculata Mill.;Saxifraga aizoides L.;Saxifraga tricuspidata Rottb.;Saxifraga oppositifolia L.	pollen	percentage	0		
individualtimelinenode_7ad29507-799c-4376-b56f-1351f3b39160	596	596	Saxifraga oppositifolia type	Saxifraga oppositifolia L.	Species	Life > Plantae > Angiosperms > Saxifragales > Saxifragaceae > Saxifraga > Saxifraga oppositifolia L.	Saxifraga paniculata Mill.;Saxifraga aizoides L.;Saxifraga tricuspidata Rottb.;Saxifraga oppositifolia L.	pollen	percentage	0		
individualtimelinenode_7ad29507-799c-4376-b56f-1351f3b39160	596	596	Thalictrum alpinum	Thalictrum alpinum L.	Species	Life > Plantae > Angiosperms > Ranunculales > Ranunculaceae > Thalictrum > Thalictrum alpinum L.	Thalictrum alpinum L.	pollen	percentage	2.5977		
individualtimelinenode_7ad29507-799c-4376-b56f-1351f3b39160	596	596	Tuberiflorae	Problematic (Placeholder)	Kingdom	Life > Problematic (Placeholder)	Problematic (Placeholder)	pollen	percentage	0.18808		
individualtimelinenode_7ad29507-799c-4376-b56f-1351f3b39160	596	596	Vaccinium uliginosum	Vaccinium uliginosum L.	Species	Life > Plantae > Angiosperms > Ericales > Ericaceae > Vaccinioideae > Vaccinium > Vaccinium uliginosum L.	Vaccinium uliginosum L.	pollen	percentage	0		
individualtimelinenode_7ad29507-799c-4376-b56f-1351f3b39160	911	911	Arctostaphylos alpina	Arctostaphylos alpina (L.) Spreng.	Species	Life > Plantae > Arctostaphylos alpina (L.) Spreng.	Arctostaphylos alpina (L.) Spreng.	pollen	percentage	0		
individualtimelinenode_7ad29507-799c-4376-b56f-1351f3b39160	911	911	Betula	Betula	Genus	Life > Plantae > Angiosperms > Fagales > Betulaceae > Betula	Betula	pollen	percentage	4.170725		
individualtimelinenode_7ad29507-799c-4376-b56f-1351f3b39160	911	911	Campanula	Campanula	Genus	Life > Plantae > Angiosperms > Asterales > Campanulaceae > Campanula	Campanula	pollen	percentage	0		
individualtimelinenode_7ad29507-799c-4376-b56f-1351f3b39160	911	911	Caryophyllaceae	Caryophyllaceae	Family	Life > Plantae > Angiosperms > Caryophyllales > Caryophyllaceae	Caryophyllaceae	pollen	percentage	3.75465		
individualtimelinenode_7ad29507-799c-4376-b56f-1351f3b39160	911	911	Cassiope type	Harrimanella hypnoides (L.) Coville	Species	Life > Plantae > Harrimanella hypnoides (L.) Coville	Harrimanella hypnoides (L.) Coville;Cassiope tetragona (L.) D.Don	pollen	percentage	2.91868		
individualtimelinenode_7ad29507-799c-4376-b56f-1351f3b39160	911	911	Cassiope type	Cassiope tetragona (L.) D.Don	Species	Life > Plantae > Angiosperms > Ericales > Ericaceae > Cassiopoideae > Cassiope > Cassiope tetragona (L.) D.Don	Harrimanella hypnoides (L.) Coville;Cassiope tetragona (L.) D.Don	pollen	percentage	2.91868		
individualtimelinenode_7ad29507-799c-4376-b56f-1351f3b39160	911	911	Chamaenerion type	Chamaenerion	Genus	Life > Plantae > Angiosperms > Myrtales > Onagraceae > Chamaenerion	Chamaenerion	pollen	percentage	0		
individualtimelinenode_7ad29507-799c-4376-b56f-1351f3b39160	911	911	Cruciferae	Cruciferae	Family	Life > Plantae > Cruciferae	Cruciferae	pollen	percentage	0.90342		
individualtimelinenode_7ad29507-799c-4376-b56f-1351f3b39160	911	911	Cyperaceae	Cyperaceae	Family	Life > Plantae > Angiosperms > Poales > Cyperaceae	Cyperaceae	pollen	percentage	3.52565		
individualtimelinenode_7ad29507-799c-4376-b56f-1351f3b39160	911	911	Dryas	Dryas	Genus	Life > Plantae > Angiosperms > Rosales > Rosaceae > Dryas	Dryas	pollen	percentage	0		
individualtimelinenode_7ad29507-799c-4376-b56f-1351f3b39160	911	911	Empetrum nigrum	Empetrum nigrum (Hagerup) Böch.	Species	Life > Plantae > Empetrum nigrum (Hagerup) Böch.	Empetrum nigrum (Hagerup) Böch.	pollen	percentage	0		
individualtimelinenode_7ad29507-799c-4376-b56f-1351f3b39160	911	911	Gramineae	Gramineae	Genus	Life > Plantae > Gramineae	Gramineae	pollen	percentage	19.96034		
individualtimelinenode_7ad29507-799c-4376-b56f-1351f3b39160	911	911	Huperzia selago	Huperzia selago (L.) Bernh. ex Schrank. & Mart.	Species	Life > Plantae > Huperzia selago (L.) Bernh. ex Schrank. & Mart.	Huperzia selago (L.) Bernh. ex Schrank. & Mart.	pollen	percentage	0.22692		
individualtimelinenode_7ad29507-799c-4376-b56f-1351f3b39160	911	911	Koenigia islandica	Koenigia islandica L.	Species	Life > Plantae > Angiosperms > Caryophyllales > Polygonaceae > Koenigia > Koenigia islandica L.	Koenigia islandica L.	pollen	percentage	1.12787		
individualtimelinenode_7ad29507-799c-4376-b56f-1351f3b39160	911	911	Liguiflorae	Liguiflorae	Family	Life > Plantae > Liguiflorae	Liguiflorae	pollen	percentage	0		
individualtimelinenode_7ad29507-799c-4376-b56f-1351f3b39160	911	911	Lycopodium type	Problematic (Placeholder)	Kingdom	Life > Problematic (Placeholder)	Problematic (Placeholder)	pollen	percentage	2.41529		
individualtimelinenode_7ad29507-799c-4376-b56f-1351f3b39160	911	911	Oxyria	Oxyria	Genus	Life > Plantae > Angiosperms > Caryophyllales > Polygonaceae > Oxyria	Oxyria	pollen	percentage	26.8187		
individualtimelinenode_7ad29507-799c-4376-b56f-1351f3b39160	911	911	Pedicuralis	Pedicuralis	Genus	Life > Plantae > Pedicuralis	Pedicuralis	pollen	percentage	0		
individualtimelinenode_7ad29507-799c-4376-b56f-1351f3b39160	911	911	Phyllodoce corerulea	Phyllodoce corerulea (L.) Bab.	Species	Life > Plantae > Phyllodoce corerulea (L.) Bab.	Phyllodoce corerulea (L.) Bab.	pollen	percentage	0		
individualtimelinenode_7ad29507-799c-4376-b56f-1351f3b39160	911	911	Polygonum viviparum	Polygonum viviparum L.	Species	Life > Plantae > Polygonum viviparum L.	Polygonum viviparum L.	pollen	percentage	0.25593		
individualtimelinenode_7ad29507-799c-4376-b56f-1351f3b39160	911	911	Polypodiaceae	Polypodiaceae	Family	Life > Plantae > Polypodiophyta > Polypodiopsida > Polypodiales > Polypodiaceae	Polypodiaceae	pollen	percentage	0		
individualtimelinenode_7ad29507-799c-4376-b56f-1351f3b39160	911	911	Potentilla	Potentilla	Genus	Life > Plantae > Angiosperms > Rosales > Rosaceae > Potentilla	Potentilla	pollen	percentage	0		
individualtimelinenode_7ad29507-799c-4376-b56f-1351f3b39160	911	911	Ranunculus	Ranunculus	Genus	Life > Plantae > Angiosperms > Ranunculales > Ranunculaceae > Ranunculus	Ranunculus	pollen	percentage	1.05641		
individualtimelinenode_7ad29507-799c-4376-b56f-1351f3b39160	911	911	Rhododendron lapponicum	Rhododendron lapponicum (L.) Wbg.	Species	Life > Plantae > Rhododendron lapponicum (L.) Wbg.	Rhododendron lapponicum (L.) Wbg.	pollen	percentage	0		
individualtimelinenode_7ad29507-799c-4376-b56f-1351f3b39160	911	911	Salix	Salix	Genus	Life > Plantae > Angiosperms > Malpighiales > Salicaceae > Salix	Salix	pollen	percentage	33.93577		
individualtimelinenode_7ad29507-799c-4376-b56f-1351f3b39160	911	911	Saxifraga ceruna type	Problematic (Placeholder)	Kingdom	Life > Problematic (Placeholder)	Problematic (Placeholder)	pollen	percentage	0		
individualtimelinenode_7ad29507-799c-4376-b56f-1351f3b39160	911	911	Saxifraga nivalis type	Saxifraga hieraciifolia W. & K.	Species	Life > Plantae > Saxifraga hieraciifolia W. & K.	Saxifraga hieraciifolia W. & K.;Saxifraga tenuis (Wbg.) H. Sm.;Saxifraga nivalis L.	pollen	percentage	0.18271		
individualtimelinenode_7ad29507-799c-4376-b56f-1351f3b39160	911	911	Saxifraga nivalis type	Saxifraga tenuis (Wbg.) H. Sm.	Species	Life > Plantae > Saxifraga tenuis (Wbg.) H. Sm.	Saxifraga hieraciifolia W. & K.;Saxifraga tenuis (Wbg.) H. Sm.;Saxifraga nivalis L.	pollen	percentage	0.18271		
individualtimelinenode_7ad29507-799c-4376-b56f-1351f3b39160	911	911	Saxifraga nivalis type	Saxifraga nivalis L.	Species	Life > Plantae > Angiosperms > Saxifragales > Saxifragaceae > Saxifraga > Saxifraga nivalis L.	Saxifraga hieraciifolia W. & K.;Saxifraga tenuis (Wbg.) H. Sm.;Saxifraga nivalis L.	pollen	percentage	0.18271		
individualtimelinenode_7ad29507-799c-4376-b56f-1351f3b39160	911	911	Saxifraga oppositifolia type	Saxifraga paniculata Mill.	Species	Saxifraga paniculata Mill.	Saxifraga paniculata Mill.;Saxifraga aizoides L.;Saxifraga tricuspidata Rottb.;Saxifraga oppositifolia L.	pollen	percentage	0.19667		
individualtimelinenode_7ad29507-799c-4376-b56f-1351f3b39160	911	911	Saxifraga oppositifolia type	Saxifraga aizoides L.	Species	Saxifraga aizoides L.	Saxifraga paniculata Mill.;Saxifraga aizoides L.;Saxifraga tricuspidata Rottb.;Saxifraga oppositifolia L.	pollen	percentage	0.19667		
individualtimelinenode_7ad29507-799c-4376-b56f-1351f3b39160	911	911	Saxifraga oppositifolia type	Saxifraga tricuspidata Rottb.	Species	Saxifraga tricuspidata Rottb.	Saxifraga paniculata Mill.;Saxifraga aizoides L.;Saxifraga tricuspidata Rottb.;Saxifraga oppositifolia L.	pollen	percentage	0.19667		
individualtimelinenode_7ad29507-799c-4376-b56f-1351f3b39160	911	911	Saxifraga oppositifolia type	Saxifraga oppositifolia L.	Species	Life > Plantae > Angiosperms > Saxifragales > Saxifragaceae > Saxifraga > Saxifraga oppositifolia L.	Saxifraga paniculata Mill.;Saxifraga aizoides L.;Saxifraga tricuspidata Rottb.;Saxifraga oppositifolia L.	pollen	percentage	0.19667		
individualtimelinenode_7ad29507-799c-4376-b56f-1351f3b39160	911	911	Thalictrum alpinum	Thalictrum alpinum L.	Species	Life > Plantae > Angiosperms > Ranunculales > Ranunculaceae > Thalictrum > Thalictrum alpinum L.	Thalictrum alpinum L.	pollen	percentage	3.70924		
individualtimelinenode_7ad29507-799c-4376-b56f-1351f3b39160	911	911	Tuberiflorae	Problematic (Placeholder)	Kingdom	Life > Problematic (Placeholder)	Problematic (Placeholder)	pollen	percentage	0.14898		
individualtimelinenode_7ad29507-799c-4376-b56f-1351f3b39160	911	911	Vaccinium uliginosum	Vaccinium uliginosum L.	Species	Life > Plantae > Angiosperms > Ericales > Ericaceae > Vaccinioideae > Vaccinium > Vaccinium uliginosum L.	Vaccinium uliginosum L.	pollen	percentage	0		
individualtimelinenode_7ad29507-799c-4376-b56f-1351f3b39160	1192	1192	Arctostaphylos alpina	Arctostaphylos alpina (L.) Spreng.	Species	Life > Plantae > Arctostaphylos alpina (L.) Spreng.	Arctostaphylos alpina (L.) Spreng.	pollen	percentage	0		
individualtimelinenode_7ad29507-799c-4376-b56f-1351f3b39160	1192	1192	Betula	Betula	Genus	Life > Plantae > Angiosperms > Fagales > Betulaceae > Betula	Betula	pollen	percentage	2.77759		
individualtimelinenode_7ad29507-799c-4376-b56f-1351f3b39160	1192	1192	Campanula	Campanula	Genus	Life > Plantae > Angiosperms > Asterales > Campanulaceae > Campanula	Campanula	pollen	percentage	0		
individualtimelinenode_7ad29507-799c-4376-b56f-1351f3b39160	1192	1192	Caryophyllaceae	Caryophyllaceae	Family	Life > Plantae > Angiosperms > Caryophyllales > Caryophyllaceae	Caryophyllaceae	pollen	percentage	4.91938		
individualtimelinenode_7ad29507-799c-4376-b56f-1351f3b39160	1192	1192	Cassiope type	Harrimanella hypnoides (L.) Coville	Species	Life > Plantae > Harrimanella hypnoides (L.) Coville	Harrimanella hypnoides (L.) Coville;Cassiope tetragona (L.) D.Don	pollen	percentage	3.08961		
individualtimelinenode_7ad29507-799c-4376-b56f-1351f3b39160	1192	1192	Cassiope type	Cassiope tetragona (L.) D.Don	Species	Life > Plantae > Angiosperms > Ericales > Ericaceae > Cassiopoideae > Cassiope > Cassiope tetragona (L.) D.Don	Harrimanella hypnoides (L.) Coville;Cassiope tetragona (L.) D.Don	pollen	percentage	3.08961		
individualtimelinenode_7ad29507-799c-4376-b56f-1351f3b39160	1192	1192	Chamaenerion type	Chamaenerion	Genus	Life > Plantae > Angiosperms > Myrtales > Onagraceae > Chamaenerion	Chamaenerion	pollen	percentage	0		
individualtimelinenode_7ad29507-799c-4376-b56f-1351f3b39160	1192	1192	Cruciferae	Cruciferae	Family	Life > Plantae > Cruciferae	Cruciferae	pollen	percentage	0.55694		
individualtimelinenode_7ad29507-799c-4376-b56f-1351f3b39160	1192	1192	Cyperaceae	Cyperaceae	Family	Life > Plantae > Angiosperms > Poales > Cyperaceae	Cyperaceae	pollen	percentage	3.16871		
individualtimelinenode_7ad29507-799c-4376-b56f-1351f3b39160	1192	1192	Dryas	Dryas	Genus	Life > Plantae > Angiosperms > Rosales > Rosaceae > Dryas	Dryas	pollen	percentage	0.23001		
individualtimelinenode_7ad29507-799c-4376-b56f-1351f3b39160	1192	1192	Empetrum nigrum	Empetrum nigrum (Hagerup) Böch.	Species	Life > Plantae > Empetrum nigrum (Hagerup) Böch.	Empetrum nigrum (Hagerup) Böch.	pollen	percentage	0.60087		
individualtimelinenode_7ad29507-799c-4376-b56f-1351f3b39160	1192	1192	Gramineae	Gramineae	Genus	Life > Plantae > Gramineae	Gramineae	pollen	percentage	15.29836		
individualtimelinenode_7ad29507-799c-4376-b56f-1351f3b39160	1192	1192	Huperzia selago	Huperzia selago (L.) Bernh. ex Schrank. & Mart.	Species	Life > Plantae > Huperzia selago (L.) Bernh. ex Schrank. & Mart.	Huperzia selago (L.) Bernh. ex Schrank. & Mart.	pollen	percentage	0.26158		
individualtimelinenode_7ad29507-799c-4376-b56f-1351f3b39160	1192	1192	Koenigia islandica	Koenigia islandica L.	Species	Life > Plantae > Angiosperms > Caryophyllales > Polygonaceae > Koenigia > Koenigia islandica L.	Koenigia islandica L.	pollen	percentage	2.01059		
individualtimelinenode_7ad29507-799c-4376-b56f-1351f3b39160	1192	1192	Liguiflorae	Liguiflorae	Family	Life > Plantae > Liguiflorae	Liguiflorae	pollen	percentage	0		
individualtimelinenode_7ad29507-799c-4376-b56f-1351f3b39160	1192	1192	Lycopodium type	Problematic (Placeholder)	Kingdom	Life > Problematic (Placeholder)	Problematic (Placeholder)	pollen	percentage	0.80891		
individualtimelinenode_7ad29507-799c-4376-b56f-1351f3b39160	1192	1192	Oxyria	Oxyria	Genus	Life > Plantae > Angiosperms > Caryophyllales > Polygonaceae > Oxyria	Oxyria	pollen	percentage	25.80994		
individualtimelinenode_7ad29507-799c-4376-b56f-1351f3b39160	1192	1192	Pedicuralis	Pedicuralis	Genus	Life > Plantae > Pedicuralis	Pedicuralis	pollen	percentage	0		
individualtimelinenode_7ad29507-799c-4376-b56f-1351f3b39160	1192	1192	Phyllodoce corerulea	Phyllodoce corerulea (L.) Bab.	Species	Life > Plantae > Phyllodoce corerulea (L.) Bab.	Phyllodoce corerulea (L.) Bab.	pollen	percentage	0		
individualtimelinenode_7ad29507-799c-4376-b56f-1351f3b39160	1192	1192	Polygonum viviparum	Polygonum viviparum L.	Species	Life > Plantae > Polygonum viviparum L.	Polygonum viviparum L.	pollen	percentage	0		
individualtimelinenode_7ad29507-799c-4376-b56f-1351f3b39160	1192	1192	Polypodiaceae	Polypodiaceae	Family	Life > Plantae > Polypodiophyta > Polypodiopsida > Polypodiales > Polypodiaceae	Polypodiaceae	pollen	percentage	0		
individualtimelinenode_7ad29507-799c-4376-b56f-1351f3b39160	1192	1192	Potentilla	Potentilla	Genus	Life > Plantae > Angiosperms > Rosales > Rosaceae > Potentilla	Potentilla	pollen	percentage	0		
individualtimelinenode_7ad29507-799c-4376-b56f-1351f3b39160	1192	1192	Ranunculus	Ranunculus	Genus	Life > Plantae > Angiosperms > Ranunculales > Ranunculaceae > Ranunculus	Ranunculus	pollen	percentage	0		
individualtimelinenode_7ad29507-799c-4376-b56f-1351f3b39160	1192	1192	Rhododendron lapponicum	Rhododendron lapponicum (L.) Wbg.	Species	Life > Plantae > Rhododendron lapponicum (L.) Wbg.	Rhododendron lapponicum (L.) Wbg.	pollen	percentage	0		
individualtimelinenode_7ad29507-799c-4376-b56f-1351f3b39160	1192	1192	Salix	Salix	Genus	Life > Plantae > Angiosperms > Malpighiales > Salicaceae > Salix	Salix	pollen	percentage	43.51335		
individualtimelinenode_7ad29507-799c-4376-b56f-1351f3b39160	1192	1192	Saxifraga ceruna type	Problematic (Placeholder)	Kingdom	Life > Problematic (Placeholder)	Problematic (Placeholder)	pollen	percentage	0.67273		
individualtimelinenode_7ad29507-799c-4376-b56f-1351f3b39160	1192	1192	Saxifraga nivalis type	Saxifraga hieraciifolia W. & K.	Species	Life > Plantae > Saxifraga hieraciifolia W. & K.	Saxifraga hieraciifolia W. & K.;Saxifraga tenuis (Wbg.) H. Sm.;Saxifraga nivalis L.	pollen	percentage	0		
individualtimelinenode_7ad29507-799c-4376-b56f-1351f3b39160	1192	1192	Saxifraga nivalis type	Saxifraga tenuis (Wbg.) H. Sm.	Species	Life > Plantae > Saxifraga tenuis (Wbg.) H. Sm.	Saxifraga hieraciifolia W. & K.;Saxifraga tenuis (Wbg.) H. Sm.;Saxifraga nivalis L.	pollen	percentage	0		
individualtimelinenode_7ad29507-799c-4376-b56f-1351f3b39160	1192	1192	Saxifraga nivalis type	Saxifraga nivalis L.	Species	Life > Plantae > Angiosperms > Saxifragales > Saxifragaceae > Saxifraga > Saxifraga nivalis L.	Saxifraga hieraciifolia W. & K.;Saxifraga tenuis (Wbg.) H. Sm.;Saxifraga nivalis L.	pollen	percentage	0		
individualtimelinenode_7ad29507-799c-4376-b56f-1351f3b39160	1192	1192	Saxifraga oppositifolia type	Saxifraga paniculata Mill.	Species	Saxifraga paniculata Mill.	Saxifraga paniculata Mill.;Saxifraga aizoides L.;Saxifraga tricuspidata Rottb.;Saxifraga oppositifolia L.	pollen	percentage	0		
individualtimelinenode_7ad29507-799c-4376-b56f-1351f3b39160	1192	1192	Saxifraga oppositifolia type	Saxifraga aizoides L.	Species	Saxifraga aizoides L.	Saxifraga paniculata Mill.;Saxifraga aizoides L.;Saxifraga tricuspidata Rottb.;Saxifraga oppositifolia L.	pollen	percentage	0		
individualtimelinenode_7ad29507-799c-4376-b56f-1351f3b39160	1192	1192	Saxifraga oppositifolia type	Saxifraga tricuspidata Rottb.	Species	Saxifraga tricuspidata Rottb.	Saxifraga paniculata Mill.;Saxifraga aizoides L.;Saxifraga tricuspidata Rottb.;Saxifraga oppositifolia L.	pollen	percentage	0		
individualtimelinenode_7ad29507-799c-4376-b56f-1351f3b39160	1192	1192	Saxifraga oppositifolia type	Saxifraga oppositifolia L.	Species	Life > Plantae > Angiosperms > Saxifragales > Saxifragaceae > Saxifraga > Saxifraga oppositifolia L.	Saxifraga paniculata Mill.;Saxifraga aizoides L.;Saxifraga tricuspidata Rottb.;Saxifraga oppositifolia L.	pollen	percentage	0		
individualtimelinenode_7ad29507-799c-4376-b56f-1351f3b39160	1192	1192	Thalictrum alpinum	Thalictrum alpinum L.	Species	Life > Plantae > Angiosperms > Ranunculales > Ranunculaceae > Thalictrum > Thalictrum alpinum L.	Thalictrum alpinum L.	pollen	percentage	1.08158		
individualtimelinenode_7ad29507-799c-4376-b56f-1351f3b39160	1192	1192	Tuberiflorae	Problematic (Placeholder)	Kingdom	Life > Problematic (Placeholder)	Problematic (Placeholder)	pollen	percentage	0		
individualtimelinenode_7ad29507-799c-4376-b56f-1351f3b39160	1192	1192	Vaccinium uliginosum	Vaccinium uliginosum L.	Species	Life > Plantae > Angiosperms > Ericales > Ericaceae > Vaccinioideae > Vaccinium > Vaccinium uliginosum L.	Vaccinium uliginosum L.	pollen	percentage	0		
individualtimelinenode_7ad29507-799c-4376-b56f-1351f3b39160	1491	1491	Arctostaphylos alpina	Arctostaphylos alpina (L.) Spreng.	Species	Life > Plantae > Arctostaphylos alpina (L.) Spreng.	Arctostaphylos alpina (L.) Spreng.	pollen	percentage	0		
individualtimelinenode_7ad29507-799c-4376-b56f-1351f3b39160	1491	1491	Betula	Betula	Genus	Life > Plantae > Angiosperms > Fagales > Betulaceae > Betula	Betula	pollen	percentage	4.849295		
individualtimelinenode_7ad29507-799c-4376-b56f-1351f3b39160	1491	1491	Campanula	Campanula	Genus	Life > Plantae > Angiosperms > Asterales > Campanulaceae > Campanula	Campanula	pollen	percentage	0		
individualtimelinenode_7ad29507-799c-4376-b56f-1351f3b39160	1491	1491	Caryophyllaceae	Caryophyllaceae	Family	Life > Plantae > Angiosperms > Caryophyllales > Caryophyllaceae	Caryophyllaceae	pollen	percentage	2.77488		
individualtimelinenode_7ad29507-799c-4376-b56f-1351f3b39160	1491	1491	Cassiope type	Harrimanella hypnoides (L.) Coville	Species	Life > Plantae > Harrimanella hypnoides (L.) Coville	Harrimanella hypnoides (L.) Coville;Cassiope tetragona (L.) D.Don	pollen	percentage	4.80157		
individualtimelinenode_7ad29507-799c-4376-b56f-1351f3b39160	1491	1491	Cassiope type	Cassiope tetragona (L.) D.Don	Species	Life > Plantae > Angiosperms > Ericales > Ericaceae > Cassiopoideae > Cassiope > Cassiope tetragona (L.) D.Don	Harrimanella hypnoides (L.) Coville;Cassiope tetragona (L.) D.Don	pollen	percentage	4.80157		
individualtimelinenode_7ad29507-799c-4376-b56f-1351f3b39160	1491	1491	Chamaenerion type	Chamaenerion	Genus	Life > Plantae > Angiosperms > Myrtales > Onagraceae > Chamaenerion	Chamaenerion	pollen	percentage	0		
individualtimelinenode_7ad29507-799c-4376-b56f-1351f3b39160	1491	1491	Cruciferae	Cruciferae	Family	Life > Plantae > Cruciferae	Cruciferae	pollen	percentage	0.23501		
individualtimelinenode_7ad29507-799c-4376-b56f-1351f3b39160	1491	1491	Cyperaceae	Cyperaceae	Family	Life > Plantae > Angiosperms > Poales > Cyperaceae	Cyperaceae	pollen	percentage	5.8934		
individualtimelinenode_7ad29507-799c-4376-b56f-1351f3b39160	1491	1491	Dryas	Dryas	Genus	Life > Plantae > Angiosperms > Rosales > Rosaceae > Dryas	Dryas	pollen	percentage	0.20996		
individualtimelinenode_7ad29507-799c-4376-b56f-1351f3b39160	1491	1491	Empetrum nigrum	Empetrum nigrum (Hagerup) Böch.	Species	Life > Plantae > Empetrum nigrum (Hagerup) Böch.	Empetrum nigrum (Hagerup) Böch.	pollen	percentage	0.20473		
individualtimelinenode_7ad29507-799c-4376-b56f-1351f3b39160	1491	1491	Gramineae	Gramineae	Genus	Life > Plantae > Gramineae	Gramineae	pollen	percentage	14.37208		
individualtimelinenode_7ad29507-799c-4376-b56f-1351f3b39160	1491	1491	Huperzia selago	Huperzia selago (L.) Bernh. ex Schrank. & Mart.	Species	Life > Plantae > Huperzia selago (L.) Bernh. ex Schrank. & Mart.	Huperzia selago (L.) Bernh. ex Schrank. & Mart.	pollen	percentage	0		
individualtimelinenode_7ad29507-799c-4376-b56f-1351f3b39160	1491	1491	Koenigia islandica	Koenigia islandica L.	Species	Life > Plantae > Angiosperms > Caryophyllales > Polygonaceae > Koenigia > Koenigia islandica L.	Koenigia islandica L.	pollen	percentage	0.76883		
individualtimelinenode_7ad29507-799c-4376-b56f-1351f3b39160	1491	1491	Liguiflorae	Liguiflorae	Family	Life > Plantae > Liguiflorae	Liguiflorae	pollen	percentage	0		
individualtimelinenode_7ad29507-799c-4376-b56f-1351f3b39160	1491	1491	Lycopodium type	Problematic (Placeholder)	Kingdom	Life > Problematic (Placeholder)	Problematic (Placeholder)	pollen	percentage	1.91429		
individualtimelinenode_7ad29507-799c-4376-b56f-1351f3b39160	1491	1491	Oxyria	Oxyria	Genus	Life > Plantae > Angiosperms > Caryophyllales > Polygonaceae > Oxyria	Oxyria	pollen	percentage	18.92999		
individualtimelinenode_7ad29507-799c-4376-b56f-1351f3b39160	1491	1491	Pedicuralis	Pedicuralis	Genus	Life > Plantae > Pedicuralis	Pedicuralis	pollen	percentage	0		
individualtimelinenode_7ad29507-799c-4376-b56f-1351f3b39160	1491	1491	Phyllodoce corerulea	Phyllodoce corerulea (L.) Bab.	Species	Life > Plantae > Phyllodoce corerulea (L.) Bab.	Phyllodoce corerulea (L.) Bab.	pollen	percentage	0		
individualtimelinenode_7ad29507-799c-4376-b56f-1351f3b39160	1491	1491	Polygonum viviparum	Polygonum viviparum L.	Species	Life > Plantae > Polygonum viviparum L.	Polygonum viviparum L.	pollen	percentage	0.2541		
individualtimelinenode_7ad29507-799c-4376-b56f-1351f3b39160	1491	1491	Polypodiaceae	Polypodiaceae	Family	Life > Plantae > Polypodiophyta > Polypodiopsida > Polypodiales > Polypodiaceae	Polypodiaceae	pollen	percentage	0.25344		
individualtimelinenode_7ad29507-799c-4376-b56f-1351f3b39160	1491	1491	Potentilla	Potentilla	Genus	Life > Plantae > Angiosperms > Rosales > Rosaceae > Potentilla	Potentilla	pollen	percentage	0.40203		
individualtimelinenode_7ad29507-799c-4376-b56f-1351f3b39160	1491	1491	Ranunculus	Ranunculus	Genus	Life > Plantae > Angiosperms > Ranunculales > Ranunculaceae > Ranunculus	Ranunculus	pollen	percentage	0		
individualtimelinenode_7ad29507-799c-4376-b56f-1351f3b39160	1491	1491	Rhododendron lapponicum	Rhododendron lapponicum (L.) Wbg.	Species	Life > Plantae > Rhododendron lapponicum (L.) Wbg.	Rhododendron lapponicum (L.) Wbg.	pollen	percentage	0		
individualtimelinenode_7ad29507-799c-4376-b56f-1351f3b39160	1491	1491	Salix	Salix	Genus	Life > Plantae > Angiosperms > Malpighiales > Salicaceae > Salix	Salix	pollen	percentage	41.28125		
individualtimelinenode_7ad29507-799c-4376-b56f-1351f3b39160	1491	1491	Saxifraga ceruna type	Problematic (Placeholder)	Kingdom	Life > Problematic (Placeholder)	Problematic (Placeholder)	pollen	percentage	0		
individualtimelinenode_7ad29507-799c-4376-b56f-1351f3b39160	1491	1491	Saxifraga nivalis type	Saxifraga hieraciifolia W. & K.	Species	Life > Plantae > Saxifraga hieraciifolia W. & K.	Saxifraga hieraciifolia W. & K.;Saxifraga tenuis (Wbg.) H. Sm.;Saxifraga nivalis L.	pollen	percentage	0.45452		
individualtimelinenode_7ad29507-799c-4376-b56f-1351f3b39160	1491	1491	Saxifraga nivalis type	Saxifraga tenuis (Wbg.) H. Sm.	Species	Life > Plantae > Saxifraga tenuis (Wbg.) H. Sm.	Saxifraga hieraciifolia W. & K.;Saxifraga tenuis (Wbg.) H. Sm.;Saxifraga nivalis L.	pollen	percentage	0.45452		
individualtimelinenode_7ad29507-799c-4376-b56f-1351f3b39160	1491	1491	Saxifraga nivalis type	Saxifraga nivalis L.	Species	Life > Plantae > Angiosperms > Saxifragales > Saxifragaceae > Saxifraga > Saxifraga nivalis L.	Saxifraga hieraciifolia W. & K.;Saxifraga tenuis (Wbg.) H. Sm.;Saxifraga nivalis L.	pollen	percentage	0.45452		
individualtimelinenode_7ad29507-799c-4376-b56f-1351f3b39160	1491	1491	Saxifraga oppositifolia type	Saxifraga paniculata Mill.	Species	Saxifraga paniculata Mill.	Saxifraga paniculata Mill.;Saxifraga aizoides L.;Saxifraga tricuspidata Rottb.;Saxifraga oppositifolia L.	pollen	percentage	0.20836		
individualtimelinenode_7ad29507-799c-4376-b56f-1351f3b39160	1491	1491	Saxifraga oppositifolia type	Saxifraga aizoides L.	Species	Saxifraga aizoides L.	Saxifraga paniculata Mill.;Saxifraga aizoides L.;Saxifraga tricuspidata Rottb.;Saxifraga oppositifolia L.	pollen	percentage	0.20836		
individualtimelinenode_7ad29507-799c-4376-b56f-1351f3b39160	1491	1491	Saxifraga oppositifolia type	Saxifraga tricuspidata Rottb.	Species	Saxifraga tricuspidata Rottb.	Saxifraga paniculata Mill.;Saxifraga aizoides L.;Saxifraga tricuspidata Rottb.;Saxifraga oppositifolia L.	pollen	percentage	0.20836		
individualtimelinenode_7ad29507-799c-4376-b56f-1351f3b39160	1491	1491	Saxifraga oppositifolia type	Saxifraga oppositifolia L.	Species	Life > Plantae > Angiosperms > Saxifragales > Saxifragaceae > Saxifraga > Saxifraga oppositifolia L.	Saxifraga paniculata Mill.;Saxifraga aizoides L.;Saxifraga tricuspidata Rottb.;Saxifraga oppositifolia L.	pollen	percentage	0.20836		
individualtimelinenode_7ad29507-799c-4376-b56f-1351f3b39160	1491	1491	Thalictrum alpinum	Thalictrum alpinum L.	Species	Life > Plantae > Angiosperms > Ranunculales > Ranunculaceae > Thalictrum > Thalictrum alpinum L.	Thalictrum alpinum L.	pollen	percentage	2.86973		
individualtimelinenode_7ad29507-799c-4376-b56f-1351f3b39160	1491	1491	Tuberiflorae	Problematic (Placeholder)	Kingdom	Life > Problematic (Placeholder)	Problematic (Placeholder)	pollen	percentage	0		
individualtimelinenode_7ad29507-799c-4376-b56f-1351f3b39160	1491	1491	Vaccinium uliginosum	Vaccinium uliginosum L.	Species	Life > Plantae > Angiosperms > Ericales > Ericaceae > Vaccinioideae > Vaccinium > Vaccinium uliginosum L.	Vaccinium uliginosum L.	pollen	percentage	0		
individualtimelinenode_7ad29507-799c-4376-b56f-1351f3b39160	1790	1790	Arctostaphylos alpina	Arctostaphylos alpina (L.) Spreng.	Species	Life > Plantae > Arctostaphylos alpina (L.) Spreng.	Arctostaphylos alpina (L.) Spreng.	pollen	percentage	0		
individualtimelinenode_7ad29507-799c-4376-b56f-1351f3b39160	1790	1790	Betula	Betula	Genus	Life > Plantae > Angiosperms > Fagales > Betulaceae > Betula	Betula	pollen	percentage	4.38067		
individualtimelinenode_7ad29507-799c-4376-b56f-1351f3b39160	1790	1790	Campanula	Campanula	Genus	Life > Plantae > Angiosperms > Asterales > Campanulaceae > Campanula	Campanula	pollen	percentage	0		
individualtimelinenode_7ad29507-799c-4376-b56f-1351f3b39160	1790	1790	Caryophyllaceae	Caryophyllaceae	Family	Life > Plantae > Angiosperms > Caryophyllales > Caryophyllaceae	Caryophyllaceae	pollen	percentage	0.35962		
individualtimelinenode_7ad29507-799c-4376-b56f-1351f3b39160	1790	1790	Cassiope type	Harrimanella hypnoides (L.) Coville	Species	Life > Plantae > Harrimanella hypnoides (L.) Coville	Harrimanella hypnoides (L.) Coville;Cassiope tetragona (L.) D.Don	pollen	percentage	3.91716		
individualtimelinenode_7ad29507-799c-4376-b56f-1351f3b39160	1790	1790	Cassiope type	Cassiope tetragona (L.) D.Don	Species	Life > Plantae > Angiosperms > Ericales > Ericaceae > Cassiopoideae > Cassiope > Cassiope tetragona (L.) D.Don	Harrimanella hypnoides (L.) Coville;Cassiope tetragona (L.) D.Don	pollen	percentage	3.91716		
individualtimelinenode_7ad29507-799c-4376-b56f-1351f3b39160	1790	1790	Chamaenerion type	Chamaenerion	Genus	Life > Plantae > Angiosperms > Myrtales > Onagraceae > Chamaenerion	Chamaenerion	pollen	percentage	0		
individualtimelinenode_7ad29507-799c-4376-b56f-1351f3b39160	1790	1790	Cruciferae	Cruciferae	Family	Life > Plantae > Cruciferae	Cruciferae	pollen	percentage	0.2146		
individualtimelinenode_7ad29507-799c-4376-b56f-1351f3b39160	1790	1790	Cyperaceae	Cyperaceae	Family	Life > Plantae > Angiosperms > Poales > Cyperaceae	Cyperaceae	pollen	percentage	5.57309		
individualtimelinenode_7ad29507-799c-4376-b56f-1351f3b39160	1790	1790	Dryas	Dryas	Genus	Life > Plantae > Angiosperms > Rosales > Rosaceae > Dryas	Dryas	pollen	percentage	0.51357		
individualtimelinenode_7ad29507-799c-4376-b56f-1351f3b39160	1790	1790	Empetrum nigrum	Empetrum nigrum (Hagerup) Böch.	Species	Life > Plantae > Empetrum nigrum (Hagerup) Böch.	Empetrum nigrum (Hagerup) Böch.	pollen	percentage	0.1933		
individualtimelinenode_7ad29507-799c-4376-b56f-1351f3b39160	1790	1790	Gramineae	Gramineae	Genus	Life > Plantae > Gramineae	Gramineae	pollen	percentage	12.77025		
individualtimelinenode_7ad29507-799c-4376-b56f-1351f3b39160	1790	1790	Huperzia selago	Huperzia selago (L.) Bernh. ex Schrank. & Mart.	Species	Life > Plantae > Huperzia selago (L.) Bernh. ex Schrank. & Mart.	Huperzia selago (L.) Bernh. ex Schrank. & Mart.	pollen	percentage	0		
individualtimelinenode_7ad29507-799c-4376-b56f-1351f3b39160	1790	1790	Koenigia islandica	Koenigia islandica L.	Species	Life > Plantae > Angiosperms > Caryophyllales > Polygonaceae > Koenigia > Koenigia islandica L.	Koenigia islandica L.	pollen	percentage	1.09727		
individualtimelinenode_7ad29507-799c-4376-b56f-1351f3b39160	1790	1790	Liguiflorae	Liguiflorae	Family	Life > Plantae > Liguiflorae	Liguiflorae	pollen	percentage	0		
individualtimelinenode_7ad29507-799c-4376-b56f-1351f3b39160	1790	1790	Lycopodium type	Problematic (Placeholder)	Kingdom	Life > Problematic (Placeholder)	Problematic (Placeholder)	pollen	percentage	2.77933		
individualtimelinenode_7ad29507-799c-4376-b56f-1351f3b39160	1790	1790	Oxyria	Oxyria	Genus	Life > Plantae > Angiosperms > Caryophyllales > Polygonaceae > Oxyria	Oxyria	pollen	percentage	22.2907		
individualtimelinenode_7ad29507-799c-4376-b56f-1351f3b39160	1790	1790	Pedicuralis	Pedicuralis	Genus	Life > Plantae > Pedicuralis	Pedicuralis	pollen	percentage	0.5448		
individualtimelinenode_7ad29507-799c-4376-b56f-1351f3b39160	1790	1790	Phyllodoce corerulea	Phyllodoce corerulea (L.) Bab.	Species	Life > Plantae > Phyllodoce corerulea (L.) Bab.	Phyllodoce corerulea (L.) Bab.	pollen	percentage	0.69155		
individualtimelinenode_7ad29507-799c-4376-b56f-1351f3b39160	1790	1790	Polygonum viviparum	Polygonum viviparum L.	Species	Life > Plantae > Polygonum viviparum L.	Polygonum viviparum L.	pollen	percentage	0.56636		
individualtimelinenode_7ad29507-799c-4376-b56f-1351f3b39160	1790	1790	Polypodiaceae	Polypodiaceae	Family	Life > Plantae > Polypodiophyta > Polypodiopsida > Polypodiales > Polypodiaceae	Polypodiaceae	pollen	percentage	0.57948		
individualtimelinenode_7ad29507-799c-4376-b56f-1351f3b39160	1790	1790	Potentilla	Potentilla	Genus	Life > Plantae > Angiosperms > Rosales > Rosaceae > Potentilla	Potentilla	pollen	percentage	0		
individualtimelinenode_7ad29507-799c-4376-b56f-1351f3b39160	1790	1790	Ranunculus	Ranunculus	Genus	Life > Plantae > Angiosperms > Ranunculales > Ranunculaceae > Ranunculus	Ranunculus	pollen	percentage	1.14274		
individualtimelinenode_7ad29507-799c-4376-b56f-1351f3b39160	1790	1790	Rhododendron lapponicum	Rhododendron lapponicum (L.) Wbg.	Species	Life > Plantae > Rhododendron lapponicum (L.) Wbg.	Rhododendron lapponicum (L.) Wbg.	pollen	percentage	0		
individualtimelinenode_7ad29507-799c-4376-b56f-1351f3b39160	1790	1790	Salix	Salix	Genus	Life > Plantae > Angiosperms > Malpighiales > Salicaceae > Salix	Salix	pollen	percentage	36.28496		
individualtimelinenode_7ad29507-799c-4376-b56f-1351f3b39160	1790	1790	Saxifraga ceruna type	Problematic (Placeholder)	Kingdom	Life > Problematic (Placeholder)	Problematic (Placeholder)	pollen	percentage	0		
individualtimelinenode_7ad29507-799c-4376-b56f-1351f3b39160	1790	1790	Saxifraga nivalis type	Saxifraga hieraciifolia W. & K.	Species	Life > Plantae > Saxifraga hieraciifolia W. & K.	Saxifraga hieraciifolia W. & K.;Saxifraga tenuis (Wbg.) H. Sm.;Saxifraga nivalis L.	pollen	percentage	0.19264		
individualtimelinenode_7ad29507-799c-4376-b56f-1351f3b39160	1790	1790	Saxifraga nivalis type	Saxifraga tenuis (Wbg.) H. Sm.	Species	Life > Plantae > Saxifraga tenuis (Wbg.) H. Sm.	Saxifraga hieraciifolia W. & K.;Saxifraga tenuis (Wbg.) H. Sm.;Saxifraga nivalis L.	pollen	percentage	0.19264		
individualtimelinenode_7ad29507-799c-4376-b56f-1351f3b39160	1790	1790	Saxifraga nivalis type	Saxifraga nivalis L.	Species	Life > Plantae > Angiosperms > Saxifragales > Saxifragaceae > Saxifraga > Saxifraga nivalis L.	Saxifraga hieraciifolia W. & K.;Saxifraga tenuis (Wbg.) H. Sm.;Saxifraga nivalis L.	pollen	percentage	0.19264		
individualtimelinenode_7ad29507-799c-4376-b56f-1351f3b39160	1790	1790	Saxifraga oppositifolia type	Saxifraga paniculata Mill.	Species	Saxifraga paniculata Mill.	Saxifraga paniculata Mill.;Saxifraga aizoides L.;Saxifraga tricuspidata Rottb.;Saxifraga oppositifolia L.	pollen	percentage	0.17873		
individualtimelinenode_7ad29507-799c-4376-b56f-1351f3b39160	1790	1790	Saxifraga oppositifolia type	Saxifraga aizoides L.	Species	Saxifraga aizoides L.	Saxifraga paniculata Mill.;Saxifraga aizoides L.;Saxifraga tricuspidata Rottb.;Saxifraga oppositifolia L.	pollen	percentage	0.17873		
individualtimelinenode_7ad29507-799c-4376-b56f-1351f3b39160	1790	1790	Saxifraga oppositifolia type	Saxifraga tricuspidata Rottb.	Species	Saxifraga tricuspidata Rottb.	Saxifraga paniculata Mill.;Saxifraga aizoides L.;Saxifraga tricuspidata Rottb.;Saxifraga oppositifolia L.	pollen	percentage	0.17873		
individualtimelinenode_7ad29507-799c-4376-b56f-1351f3b39160	1790	1790	Saxifraga oppositifolia type	Saxifraga oppositifolia L.	Species	Life > Plantae > Angiosperms > Saxifragales > Saxifragaceae > Saxifraga > Saxifraga oppositifolia L.	Saxifraga paniculata Mill.;Saxifraga aizoides L.;Saxifraga tricuspidata Rottb.;Saxifraga oppositifolia L.	pollen	percentage	0.17873		
individualtimelinenode_7ad29507-799c-4376-b56f-1351f3b39160	1790	1790	Thalictrum alpinum	Thalictrum alpinum L.	Species	Life > Plantae > Angiosperms > Ranunculales > Ranunculaceae > Thalictrum > Thalictrum alpinum L.	Thalictrum alpinum L.	pollen	percentage	4.37513		
individualtimelinenode_7ad29507-799c-4376-b56f-1351f3b39160	1790	1790	Tuberiflorae	Problematic (Placeholder)	Kingdom	Life > Problematic (Placeholder)	Problematic (Placeholder)	pollen	percentage	0.2257		
individualtimelinenode_7ad29507-799c-4376-b56f-1351f3b39160	1790	1790	Vaccinium uliginosum	Vaccinium uliginosum L.	Species	Life > Plantae > Angiosperms > Ericales > Ericaceae > Vaccinioideae > Vaccinium > Vaccinium uliginosum L.	Vaccinium uliginosum L.	pollen	percentage	0		
individualtimelinenode_7ad29507-799c-4376-b56f-1351f3b39160	2058	2058	Arctostaphylos alpina	Arctostaphylos alpina (L.) Spreng.	Species	Life > Plantae > Arctostaphylos alpina (L.) Spreng.	Arctostaphylos alpina (L.) Spreng.	pollen	percentage	0		
individualtimelinenode_7ad29507-799c-4376-b56f-1351f3b39160	2058	2058	Betula	Betula	Genus	Life > Plantae > Angiosperms > Fagales > Betulaceae > Betula	Betula	pollen	percentage	2.9022		
individualtimelinenode_7ad29507-799c-4376-b56f-1351f3b39160	2058	2058	Campanula	Campanula	Genus	Life > Plantae > Angiosperms > Asterales > Campanulaceae > Campanula	Campanula	pollen	percentage	0		
individualtimelinenode_7ad29507-799c-4376-b56f-1351f3b39160	2058	2058	Caryophyllaceae	Caryophyllaceae	Family	Life > Plantae > Angiosperms > Caryophyllales > Caryophyllaceae	Caryophyllaceae	pollen	percentage	4.12353		
individualtimelinenode_7ad29507-799c-4376-b56f-1351f3b39160	2058	2058	Cassiope type	Harrimanella hypnoides (L.) Coville	Species	Life > Plantae > Harrimanella hypnoides (L.) Coville	Harrimanella hypnoides (L.) Coville;Cassiope tetragona (L.) D.Don	pollen	percentage	4.85744		
individualtimelinenode_7ad29507-799c-4376-b56f-1351f3b39160	2058	2058	Cassiope type	Cassiope tetragona (L.) D.Don	Species	Life > Plantae > Angiosperms > Ericales > Ericaceae > Cassiopoideae > Cassiope > Cassiope tetragona (L.) D.Don	Harrimanella hypnoides (L.) Coville;Cassiope tetragona (L.) D.Don	pollen	percentage	4.85744		
individualtimelinenode_7ad29507-799c-4376-b56f-1351f3b39160	2058	2058	Chamaenerion type	Chamaenerion	Genus	Life > Plantae > Angiosperms > Myrtales > Onagraceae > Chamaenerion	Chamaenerion	pollen	percentage	0		
individualtimelinenode_7ad29507-799c-4376-b56f-1351f3b39160	2058	2058	Cruciferae	Cruciferae	Family	Life > Plantae > Cruciferae	Cruciferae	pollen	percentage	0.85769		
individualtimelinenode_7ad29507-799c-4376-b56f-1351f3b39160	2058	2058	Cyperaceae	Cyperaceae	Family	Life > Plantae > Angiosperms > Poales > Cyperaceae	Cyperaceae	pollen	percentage	5.22386		
individualtimelinenode_7ad29507-799c-4376-b56f-1351f3b39160	2058	2058	Dryas	Dryas	Genus	Life > Plantae > Angiosperms > Rosales > Rosaceae > Dryas	Dryas	pollen	percentage	0		
individualtimelinenode_7ad29507-799c-4376-b56f-1351f3b39160	2058	2058	Empetrum nigrum	Empetrum nigrum (Hagerup) Böch.	Species	Life > Plantae > Empetrum nigrum (Hagerup) Böch.	Empetrum nigrum (Hagerup) Böch.	pollen	percentage	0		
individualtimelinenode_7ad29507-799c-4376-b56f-1351f3b39160	2058	2058	Gramineae	Gramineae	Genus	Life > Plantae > Gramineae	Gramineae	pollen	percentage	11.91683		
individualtimelinenode_7ad29507-799c-4376-b56f-1351f3b39160	2058	2058	Huperzia selago	Huperzia selago (L.) Bernh. ex Schrank. & Mart.	Species	Life > Plantae > Huperzia selago (L.) Bernh. ex Schrank. & Mart.	Huperzia selago (L.) Bernh. ex Schrank. & Mart.	pollen	percentage	1.06176		
individualtimelinenode_7ad29507-799c-4376-b56f-1351f3b39160	2058	2058	Koenigia islandica	Koenigia islandica L.	Species	Life > Plantae > Angiosperms > Caryophyllales > Polygonaceae > Koenigia > Koenigia islandica L.	Koenigia islandica L.	pollen	percentage	0.86623		
individualtimelinenode_7ad29507-799c-4376-b56f-1351f3b39160	2058	2058	Liguiflorae	Liguiflorae	Family	Life > Plantae > Liguiflorae	Liguiflorae	pollen	percentage	0		
individualtimelinenode_7ad29507-799c-4376-b56f-1351f3b39160	2058	2058	Lycopodium type	Problematic (Placeholder)	Kingdom	Life > Problematic (Placeholder)	Problematic (Placeholder)	pollen	percentage	1.97208		
individualtimelinenode_7ad29507-799c-4376-b56f-1351f3b39160	2058	2058	Oxyria	Oxyria	Genus	Life > Plantae > Angiosperms > Caryophyllales > Polygonaceae > Oxyria	Oxyria	pollen	percentage	8.38695		
individualtimelinenode_7ad29507-799c-4376-b56f-1351f3b39160	2058	2058	Pedicuralis	Pedicuralis	Genus	Life > Plantae > Pedicuralis	Pedicuralis	pollen	percentage	0		
individualtimelinenode_7ad29507-799c-4376-b56f-1351f3b39160	2058	2058	Phyllodoce corerulea	Phyllodoce corerulea (L.) Bab.	Species	Life > Plantae > Phyllodoce corerulea (L.) Bab.	Phyllodoce corerulea (L.) Bab.	pollen	percentage	0		
individualtimelinenode_7ad29507-799c-4376-b56f-1351f3b39160	2058	2058	Polygonum viviparum	Polygonum viviparum L.	Species	Life > Plantae > Polygonum viviparum L.	Polygonum viviparum L.	pollen	percentage	0		
individualtimelinenode_7ad29507-799c-4376-b56f-1351f3b39160	2058	2058	Polypodiaceae	Polypodiaceae	Family	Life > Plantae > Polypodiophyta > Polypodiopsida > Polypodiales > Polypodiaceae	Polypodiaceae	pollen	percentage	2.54783		
individualtimelinenode_7ad29507-799c-4376-b56f-1351f3b39160	2058	2058	Potentilla	Potentilla	Genus	Life > Plantae > Angiosperms > Rosales > Rosaceae > Potentilla	Potentilla	pollen	percentage	0.33424		
individualtimelinenode_7ad29507-799c-4376-b56f-1351f3b39160	2058	2058	Ranunculus	Ranunculus	Genus	Life > Plantae > Angiosperms > Ranunculales > Ranunculaceae > Ranunculus	Ranunculus	pollen	percentage	2.63097		
individualtimelinenode_7ad29507-799c-4376-b56f-1351f3b39160	2058	2058	Rhododendron lapponicum	Rhododendron lapponicum (L.) Wbg.	Species	Life > Plantae > Rhododendron lapponicum (L.) Wbg.	Rhododendron lapponicum (L.) Wbg.	pollen	percentage	0		
individualtimelinenode_7ad29507-799c-4376-b56f-1351f3b39160	2058	2058	Salix	Salix	Genus	Life > Plantae > Angiosperms > Malpighiales > Salicaceae > Salix	Salix	pollen	percentage	49.76232		
individualtimelinenode_7ad29507-799c-4376-b56f-1351f3b39160	2058	2058	Saxifraga ceruna type	Problematic (Placeholder)	Kingdom	Life > Problematic (Placeholder)	Problematic (Placeholder)	pollen	percentage	0		
individualtimelinenode_7ad29507-799c-4376-b56f-1351f3b39160	2058	2058	Saxifraga nivalis type	Saxifraga hieraciifolia W. & K.	Species	Life > Plantae > Saxifraga hieraciifolia W. & K.	Saxifraga hieraciifolia W. & K.;Saxifraga tenuis (Wbg.) H. Sm.;Saxifraga nivalis L.	pollen	percentage	1.28383		
individualtimelinenode_7ad29507-799c-4376-b56f-1351f3b39160	2058	2058	Saxifraga nivalis type	Saxifraga tenuis (Wbg.) H. Sm.	Species	Life > Plantae > Saxifraga tenuis (Wbg.) H. Sm.	Saxifraga hieraciifolia W. & K.;Saxifraga tenuis (Wbg.) H. Sm.;Saxifraga nivalis L.	pollen	percentage	1.28383		
individualtimelinenode_7ad29507-799c-4376-b56f-1351f3b39160	2058	2058	Saxifraga nivalis type	Saxifraga nivalis L.	Species	Life > Plantae > Angiosperms > Saxifragales > Saxifragaceae > Saxifraga > Saxifraga nivalis L.	Saxifraga hieraciifolia W. & K.;Saxifraga tenuis (Wbg.) H. Sm.;Saxifraga nivalis L.	pollen	percentage	1.28383		
individualtimelinenode_7ad29507-799c-4376-b56f-1351f3b39160	2058	2058	Saxifraga oppositifolia type	Saxifraga paniculata Mill.	Species	Saxifraga paniculata Mill.	Saxifraga paniculata Mill.;Saxifraga aizoides L.;Saxifraga tricuspidata Rottb.;Saxifraga oppositifolia L.	pollen	percentage	0		
individualtimelinenode_7ad29507-799c-4376-b56f-1351f3b39160	2058	2058	Saxifraga oppositifolia type	Saxifraga aizoides L.	Species	Saxifraga aizoides L.	Saxifraga paniculata Mill.;Saxifraga aizoides L.;Saxifraga tricuspidata Rottb.;Saxifraga oppositifolia L.	pollen	percentage	0		
individualtimelinenode_7ad29507-799c-4376-b56f-1351f3b39160	2058	2058	Saxifraga oppositifolia type	Saxifraga tricuspidata Rottb.	Species	Saxifraga tricuspidata Rottb.	Saxifraga paniculata Mill.;Saxifraga aizoides L.;Saxifraga tricuspidata Rottb.;Saxifraga oppositifolia L.	pollen	percentage	0		
individualtimelinenode_7ad29507-799c-4376-b56f-1351f3b39160	2058	2058	Saxifraga oppositifolia type	Saxifraga oppositifolia L.	Species	Life > Plantae > Angiosperms > Saxifragales > Saxifragaceae > Saxifraga > Saxifraga oppositifolia L.	Saxifraga paniculata Mill.;Saxifraga aizoides L.;Saxifraga tricuspidata Rottb.;Saxifraga oppositifolia L.	pollen	percentage	0		
individualtimelinenode_7ad29507-799c-4376-b56f-1351f3b39160	2058	2058	Thalictrum alpinum	Thalictrum alpinum L.	Species	Life > Plantae > Angiosperms > Ranunculales > Ranunculaceae > Thalictrum > Thalictrum alpinum L.	Thalictrum alpinum L.	pollen	percentage	3.52352		
individualtimelinenode_7ad29507-799c-4376-b56f-1351f3b39160	2058	2058	Tuberiflorae	Problematic (Placeholder)	Kingdom	Life > Problematic (Placeholder)	Problematic (Placeholder)	pollen	percentage	0		
individualtimelinenode_7ad29507-799c-4376-b56f-1351f3b39160	2058	2058	Vaccinium uliginosum	Vaccinium uliginosum L.	Species	Life > Plantae > Angiosperms > Ericales > Ericaceae > Vaccinioideae > Vaccinium > Vaccinium uliginosum L.	Vaccinium uliginosum L.	pollen	percentage	0		
individualtimelinenode_7ad29507-799c-4376-b56f-1351f3b39160	2373	2373	Arctostaphylos alpina	Arctostaphylos alpina (L.) Spreng.	Species	Life > Plantae > Arctostaphylos alpina (L.) Spreng.	Arctostaphylos alpina (L.) Spreng.	pollen	percentage	0		
individualtimelinenode_7ad29507-799c-4376-b56f-1351f3b39160	2373	2373	Betula	Betula	Genus	Life > Plantae > Angiosperms > Fagales > Betulaceae > Betula	Betula	pollen	percentage	3.556575		
individualtimelinenode_7ad29507-799c-4376-b56f-1351f3b39160	2373	2373	Campanula	Campanula	Genus	Life > Plantae > Angiosperms > Asterales > Campanulaceae > Campanula	Campanula	pollen	percentage	0		
individualtimelinenode_7ad29507-799c-4376-b56f-1351f3b39160	2373	2373	Caryophyllaceae	Caryophyllaceae	Family	Life > Plantae > Angiosperms > Caryophyllales > Caryophyllaceae	Caryophyllaceae	pollen	percentage	5.3621		
individualtimelinenode_7ad29507-799c-4376-b56f-1351f3b39160	2373	2373	Cassiope type	Harrimanella hypnoides (L.) Coville	Species	Life > Plantae > Harrimanella hypnoides (L.) Coville	Harrimanella hypnoides (L.) Coville;Cassiope tetragona (L.) D.Don	pollen	percentage	5.77282		
individualtimelinenode_7ad29507-799c-4376-b56f-1351f3b39160	2373	2373	Cassiope type	Cassiope tetragona (L.) D.Don	Species	Life > Plantae > Angiosperms > Ericales > Ericaceae > Cassiopoideae > Cassiope > Cassiope tetragona (L.) D.Don	Harrimanella hypnoides (L.) Coville;Cassiope tetragona (L.) D.Don	pollen	percentage	5.77282		
individualtimelinenode_7ad29507-799c-4376-b56f-1351f3b39160	2373	2373	Chamaenerion type	Chamaenerion	Genus	Life > Plantae > Angiosperms > Myrtales > Onagraceae > Chamaenerion	Chamaenerion	pollen	percentage	0.20227		
individualtimelinenode_7ad29507-799c-4376-b56f-1351f3b39160	2373	2373	Cruciferae	Cruciferae	Family	Life > Plantae > Cruciferae	Cruciferae	pollen	percentage	0		
individualtimelinenode_7ad29507-799c-4376-b56f-1351f3b39160	2373	2373	Cyperaceae	Cyperaceae	Family	Life > Plantae > Angiosperms > Poales > Cyperaceae	Cyperaceae	pollen	percentage	5.10816		
individualtimelinenode_7ad29507-799c-4376-b56f-1351f3b39160	2373	2373	Dryas	Dryas	Genus	Life > Plantae > Angiosperms > Rosales > Rosaceae > Dryas	Dryas	pollen	percentage	0.20604		
individualtimelinenode_7ad29507-799c-4376-b56f-1351f3b39160	2373	2373	Empetrum nigrum	Empetrum nigrum (Hagerup) Böch.	Species	Life > Plantae > Empetrum nigrum (Hagerup) Böch.	Empetrum nigrum (Hagerup) Böch.	pollen	percentage	1.20744		
individualtimelinenode_7ad29507-799c-4376-b56f-1351f3b39160	2373	2373	Gramineae	Gramineae	Genus	Life > Plantae > Gramineae	Gramineae	pollen	percentage	11.98153		
individualtimelinenode_7ad29507-799c-4376-b56f-1351f3b39160	2373	2373	Huperzia selago	Huperzia selago (L.) Bernh. ex Schrank. & Mart.	Species	Life > Plantae > Huperzia selago (L.) Bernh. ex Schrank. & Mart.	Huperzia selago (L.) Bernh. ex Schrank. & Mart.	pollen	percentage	0.69938		
individualtimelinenode_7ad29507-799c-4376-b56f-1351f3b39160	2373	2373	Koenigia islandica	Koenigia islandica L.	Species	Life > Plantae > Angiosperms > Caryophyllales > Polygonaceae > Koenigia > Koenigia islandica L.	Koenigia islandica L.	pollen	percentage	0.69745		
individualtimelinenode_7ad29507-799c-4376-b56f-1351f3b39160	2373	2373	Liguiflorae	Liguiflorae	Family	Life > Plantae > Liguiflorae	Liguiflorae	pollen	percentage	0		
individualtimelinenode_7ad29507-799c-4376-b56f-1351f3b39160	2373	2373	Lycopodium type	Problematic (Placeholder)	Kingdom	Life > Problematic (Placeholder)	Problematic (Placeholder)	pollen	percentage	5.63558		
individualtimelinenode_7ad29507-799c-4376-b56f-1351f3b39160	2373	2373	Oxyria	Oxyria	Genus	Life > Plantae > Angiosperms > Caryophyllales > Polygonaceae > Oxyria	Oxyria	pollen	percentage	13.3697		
individualtimelinenode_7ad29507-799c-4376-b56f-1351f3b39160	2373	2373	Pedicuralis	Pedicuralis	Genus	Life > Plantae > Pedicuralis	Pedicuralis	pollen	percentage	0		
individualtimelinenode_7ad29507-799c-4376-b56f-1351f3b39160	2373	2373	Phyllodoce corerulea	Phyllodoce corerulea (L.) Bab.	Species	Life > Plantae > Phyllodoce corerulea (L.) Bab.	Phyllodoce corerulea (L.) Bab.	pollen	percentage	0		
individualtimelinenode_7ad29507-799c-4376-b56f-1351f3b39160	2373	2373	Polygonum viviparum	Polygonum viviparum L.	Species	Life > Plantae > Polygonum viviparum L.	Polygonum viviparum L.	pollen	percentage	0.62203		
individualtimelinenode_7ad29507-799c-4376-b56f-1351f3b39160	2373	2373	Polypodiaceae	Polypodiaceae	Family	Life > Plantae > Polypodiophyta > Polypodiopsida > Polypodiales > Polypodiaceae	Polypodiaceae	pollen	percentage	1.20753		
individualtimelinenode_7ad29507-799c-4376-b56f-1351f3b39160	2373	2373	Potentilla	Potentilla	Genus	Life > Plantae > Angiosperms > Rosales > Rosaceae > Potentilla	Potentilla	pollen	percentage	1.36347		
individualtimelinenode_7ad29507-799c-4376-b56f-1351f3b39160	2373	2373	Ranunculus	Ranunculus	Genus	Life > Plantae > Angiosperms > Ranunculales > Ranunculaceae > Ranunculus	Ranunculus	pollen	percentage	0.85819		
individualtimelinenode_7ad29507-799c-4376-b56f-1351f3b39160	2373	2373	Rhododendron lapponicum	Rhododendron lapponicum (L.) Wbg.	Species	Life > Plantae > Rhododendron lapponicum (L.) Wbg.	Rhododendron lapponicum (L.) Wbg.	pollen	percentage	0		
individualtimelinenode_7ad29507-799c-4376-b56f-1351f3b39160	2373	2373	Salix	Salix	Genus	Life > Plantae > Angiosperms > Malpighiales > Salicaceae > Salix	Salix	pollen	percentage	41.14431		
individualtimelinenode_7ad29507-799c-4376-b56f-1351f3b39160	2373	2373	Saxifraga ceruna type	Problematic (Placeholder)	Kingdom	Life > Problematic (Placeholder)	Problematic (Placeholder)	pollen	percentage	0		
individualtimelinenode_7ad29507-799c-4376-b56f-1351f3b39160	2373	2373	Saxifraga nivalis type	Saxifraga hieraciifolia W. & K.	Species	Life > Plantae > Saxifraga hieraciifolia W. & K.	Saxifraga hieraciifolia W. & K.;Saxifraga tenuis (Wbg.) H. Sm.;Saxifraga nivalis L.	pollen	percentage	0		
individualtimelinenode_7ad29507-799c-4376-b56f-1351f3b39160	2373	2373	Saxifraga nivalis type	Saxifraga tenuis (Wbg.) H. Sm.	Species	Life > Plantae > Saxifraga tenuis (Wbg.) H. Sm.	Saxifraga hieraciifolia W. & K.;Saxifraga tenuis (Wbg.) H. Sm.;Saxifraga nivalis L.	pollen	percentage	0		
individualtimelinenode_7ad29507-799c-4376-b56f-1351f3b39160	2373	2373	Saxifraga nivalis type	Saxifraga nivalis L.	Species	Life > Plantae > Angiosperms > Saxifragales > Saxifragaceae > Saxifraga > Saxifraga nivalis L.	Saxifraga hieraciifolia W. & K.;Saxifraga tenuis (Wbg.) H. Sm.;Saxifraga nivalis L.	pollen	percentage	0		
individualtimelinenode_7ad29507-799c-4376-b56f-1351f3b39160	2373	2373	Saxifraga oppositifolia type	Saxifraga paniculata Mill.	Species	Saxifraga paniculata Mill.	Saxifraga paniculata Mill.;Saxifraga aizoides L.;Saxifraga tricuspidata Rottb.;Saxifraga oppositifolia L.	pollen	percentage	0		
individualtimelinenode_7ad29507-799c-4376-b56f-1351f3b39160	2373	2373	Saxifraga oppositifolia type	Saxifraga aizoides L.	Species	Saxifraga aizoides L.	Saxifraga paniculata Mill.;Saxifraga aizoides L.;Saxifraga tricuspidata Rottb.;Saxifraga oppositifolia L.	pollen	percentage	0		
individualtimelinenode_7ad29507-799c-4376-b56f-1351f3b39160	2373	2373	Saxifraga oppositifolia type	Saxifraga tricuspidata Rottb.	Species	Saxifraga tricuspidata Rottb.	Saxifraga paniculata Mill.;Saxifraga aizoides L.;Saxifraga tricuspidata Rottb.;Saxifraga oppositifolia L.	pollen	percentage	0		
individualtimelinenode_7ad29507-799c-4376-b56f-1351f3b39160	2373	2373	Saxifraga oppositifolia type	Saxifraga oppositifolia L.	Species	Life > Plantae > Angiosperms > Saxifragales > Saxifragaceae > Saxifraga > Saxifraga oppositifolia L.	Saxifraga paniculata Mill.;Saxifraga aizoides L.;Saxifraga tricuspidata Rottb.;Saxifraga oppositifolia L.	pollen	percentage	0		
individualtimelinenode_7ad29507-799c-4376-b56f-1351f3b39160	2373	2373	Thalictrum alpinum	Thalictrum alpinum L.	Species	Life > Plantae > Angiosperms > Ranunculales > Ranunculaceae > Thalictrum > Thalictrum alpinum L.	Thalictrum alpinum L.	pollen	percentage	3.77225		
individualtimelinenode_7ad29507-799c-4376-b56f-1351f3b39160	2373	2373	Tuberiflorae	Problematic (Placeholder)	Kingdom	Life > Problematic (Placeholder)	Problematic (Placeholder)	pollen	percentage	0.52744		
individualtimelinenode_7ad29507-799c-4376-b56f-1351f3b39160	2373	2373	Vaccinium uliginosum	Vaccinium uliginosum L.	Species	Life > Plantae > Angiosperms > Ericales > Ericaceae > Vaccinioideae > Vaccinium > Vaccinium uliginosum L.	Vaccinium uliginosum L.	pollen	percentage	0		
individualtimelinenode_7ad29507-799c-4376-b56f-1351f3b39160	2688	2688	Arctostaphylos alpina	Arctostaphylos alpina (L.) Spreng.	Species	Life > Plantae > Arctostaphylos alpina (L.) Spreng.	Arctostaphylos alpina (L.) Spreng.	pollen	percentage	0		
individualtimelinenode_7ad29507-799c-4376-b56f-1351f3b39160	2688	2688	Betula	Betula	Genus	Life > Plantae > Angiosperms > Fagales > Betulaceae > Betula	Betula	pollen	percentage	4.53591		
individualtimelinenode_7ad29507-799c-4376-b56f-1351f3b39160	2688	2688	Campanula	Campanula	Genus	Life > Plantae > Angiosperms > Asterales > Campanulaceae > Campanula	Campanula	pollen	percentage	0.22695		
individualtimelinenode_7ad29507-799c-4376-b56f-1351f3b39160	2688	2688	Caryophyllaceae	Caryophyllaceae	Family	Life > Plantae > Angiosperms > Caryophyllales > Caryophyllaceae	Caryophyllaceae	pollen	percentage	4.43777		
individualtimelinenode_7ad29507-799c-4376-b56f-1351f3b39160	2688	2688	Cassiope type	Harrimanella hypnoides (L.) Coville	Species	Life > Plantae > Harrimanella hypnoides (L.) Coville	Harrimanella hypnoides (L.) Coville;Cassiope tetragona (L.) D.Don	pollen	percentage	5.48791		
individualtimelinenode_7ad29507-799c-4376-b56f-1351f3b39160	2688	2688	Cassiope type	Cassiope tetragona (L.) D.Don	Species	Life > Plantae > Angiosperms > Ericales > Ericaceae > Cassiopoideae > Cassiope > Cassiope tetragona (L.) D.Don	Harrimanella hypnoides (L.) Coville;Cassiope tetragona (L.) D.Don	pollen	percentage	5.48791		
individualtimelinenode_7ad29507-799c-4376-b56f-1351f3b39160	2688	2688	Chamaenerion type	Chamaenerion	Genus	Life > Plantae > Angiosperms > Myrtales > Onagraceae > Chamaenerion	Chamaenerion	pollen	percentage	0		
individualtimelinenode_7ad29507-799c-4376-b56f-1351f3b39160	2688	2688	Cruciferae	Cruciferae	Family	Life > Plantae > Cruciferae	Cruciferae	pollen	percentage	0		
individualtimelinenode_7ad29507-799c-4376-b56f-1351f3b39160	2688	2688	Cyperaceae	Cyperaceae	Family	Life > Plantae > Angiosperms > Poales > Cyperaceae	Cyperaceae	pollen	percentage	4.56684		
individualtimelinenode_7ad29507-799c-4376-b56f-1351f3b39160	2688	2688	Dryas	Dryas	Genus	Life > Plantae > Angiosperms > Rosales > Rosaceae > Dryas	Dryas	pollen	percentage	0		
individualtimelinenode_7ad29507-799c-4376-b56f-1351f3b39160	2688	2688	Empetrum nigrum	Empetrum nigrum (Hagerup) Böch.	Species	Life > Plantae > Empetrum nigrum (Hagerup) Böch.	Empetrum nigrum (Hagerup) Böch.	pollen	percentage	0.55705		
individualtimelinenode_7ad29507-799c-4376-b56f-1351f3b39160	2688	2688	Gramineae	Gramineae	Genus	Life > Plantae > Gramineae	Gramineae	pollen	percentage	16.42616		
individualtimelinenode_7ad29507-799c-4376-b56f-1351f3b39160	2688	2688	Huperzia selago	Huperzia selago (L.) Bernh. ex Schrank. & Mart.	Species	Life > Plantae > Huperzia selago (L.) Bernh. ex Schrank. & Mart.	Huperzia selago (L.) Bernh. ex Schrank. & Mart.	pollen	percentage	4.90255		
individualtimelinenode_7ad29507-799c-4376-b56f-1351f3b39160	2688	2688	Koenigia islandica	Koenigia islandica L.	Species	Life > Plantae > Angiosperms > Caryophyllales > Polygonaceae > Koenigia > Koenigia islandica L.	Koenigia islandica L.	pollen	percentage	1.18145		
individualtimelinenode_7ad29507-799c-4376-b56f-1351f3b39160	2688	2688	Liguiflorae	Liguiflorae	Family	Life > Plantae > Liguiflorae	Liguiflorae	pollen	percentage	0		
individualtimelinenode_7ad29507-799c-4376-b56f-1351f3b39160	2688	2688	Lycopodium type	Problematic (Placeholder)	Kingdom	Life > Problematic (Placeholder)	Problematic (Placeholder)	pollen	percentage	0		
individualtimelinenode_7ad29507-799c-4376-b56f-1351f3b39160	2688	2688	Oxyria	Oxyria	Genus	Life > Plantae > Angiosperms > Caryophyllales > Polygonaceae > Oxyria	Oxyria	pollen	percentage	15.63177		
individualtimelinenode_7ad29507-799c-4376-b56f-1351f3b39160	2688	2688	Pedicuralis	Pedicuralis	Genus	Life > Plantae > Pedicuralis	Pedicuralis	pollen	percentage	0		
individualtimelinenode_7ad29507-799c-4376-b56f-1351f3b39160	2688	2688	Phyllodoce corerulea	Phyllodoce corerulea (L.) Bab.	Species	Life > Plantae > Phyllodoce corerulea (L.) Bab.	Phyllodoce corerulea (L.) Bab.	pollen	percentage	0		
individualtimelinenode_7ad29507-799c-4376-b56f-1351f3b39160	2688	2688	Polygonum viviparum	Polygonum viviparum L.	Species	Life > Plantae > Polygonum viviparum L.	Polygonum viviparum L.	pollen	percentage	0		
individualtimelinenode_7ad29507-799c-4376-b56f-1351f3b39160	2688	2688	Polypodiaceae	Polypodiaceae	Family	Life > Plantae > Polypodiophyta > Polypodiopsida > Polypodiales > Polypodiaceae	Polypodiaceae	pollen	percentage	2.20637		
individualtimelinenode_7ad29507-799c-4376-b56f-1351f3b39160	2688	2688	Potentilla	Potentilla	Genus	Life > Plantae > Angiosperms > Rosales > Rosaceae > Potentilla	Potentilla	pollen	percentage	0.24021		
individualtimelinenode_7ad29507-799c-4376-b56f-1351f3b39160	2688	2688	Ranunculus	Ranunculus	Genus	Life > Plantae > Angiosperms > Ranunculales > Ranunculaceae > Ranunculus	Ranunculus	pollen	percentage	0.6455		
individualtimelinenode_7ad29507-799c-4376-b56f-1351f3b39160	2688	2688	Rhododendron lapponicum	Rhododendron lapponicum (L.) Wbg.	Species	Life > Plantae > Rhododendron lapponicum (L.) Wbg.	Rhododendron lapponicum (L.) Wbg.	pollen	percentage	0		
individualtimelinenode_7ad29507-799c-4376-b56f-1351f3b39160	2688	2688	Salix	Salix	Genus	Life > Plantae > Angiosperms > Malpighiales > Salicaceae > Salix	Salix	pollen	percentage	38.15953		
individualtimelinenode_7ad29507-799c-4376-b56f-1351f3b39160	2688	2688	Saxifraga ceruna type	Problematic (Placeholder)	Kingdom	Life > Problematic (Placeholder)	Problematic (Placeholder)	pollen	percentage	0		
individualtimelinenode_7ad29507-799c-4376-b56f-1351f3b39160	2688	2688	Saxifraga nivalis type	Saxifraga hieraciifolia W. & K.	Species	Life > Plantae > Saxifraga hieraciifolia W. & K.	Saxifraga hieraciifolia W. & K.;Saxifraga tenuis (Wbg.) H. Sm.;Saxifraga nivalis L.	pollen	percentage	0.20186		
individualtimelinenode_7ad29507-799c-4376-b56f-1351f3b39160	2688	2688	Saxifraga nivalis type	Saxifraga tenuis (Wbg.) H. Sm.	Species	Life > Plantae > Saxifraga tenuis (Wbg.) H. Sm.	Saxifraga hieraciifolia W. & K.;Saxifraga tenuis (Wbg.) H. Sm.;Saxifraga nivalis L.	pollen	percentage	0.20186		
individualtimelinenode_7ad29507-799c-4376-b56f-1351f3b39160	2688	2688	Saxifraga nivalis type	Saxifraga nivalis L.	Species	Life > Plantae > Angiosperms > Saxifragales > Saxifragaceae > Saxifraga > Saxifraga nivalis L.	Saxifraga hieraciifolia W. & K.;Saxifraga tenuis (Wbg.) H. Sm.;Saxifraga nivalis L.	pollen	percentage	0.20186		
individualtimelinenode_7ad29507-799c-4376-b56f-1351f3b39160	2688	2688	Saxifraga oppositifolia type	Saxifraga paniculata Mill.	Species	Saxifraga paniculata Mill.	Saxifraga paniculata Mill.;Saxifraga aizoides L.;Saxifraga tricuspidata Rottb.;Saxifraga oppositifolia L.	pollen	percentage	0.92857		
individualtimelinenode_7ad29507-799c-4376-b56f-1351f3b39160	2688	2688	Saxifraga oppositifolia type	Saxifraga aizoides L.	Species	Saxifraga aizoides L.	Saxifraga paniculata Mill.;Saxifraga aizoides L.;Saxifraga tricuspidata Rottb.;Saxifraga oppositifolia L.	pollen	percentage	0.92857		
individualtimelinenode_7ad29507-799c-4376-b56f-1351f3b39160	2688	2688	Saxifraga oppositifolia type	Saxifraga tricuspidata Rottb.	Species	Saxifraga tricuspidata Rottb.	Saxifraga paniculata Mill.;Saxifraga aizoides L.;Saxifraga tricuspidata Rottb.;Saxifraga oppositifolia L.	pollen	percentage	0.92857		
individualtimelinenode_7ad29507-799c-4376-b56f-1351f3b39160	2688	2688	Saxifraga oppositifolia type	Saxifraga oppositifolia L.	Species	Life > Plantae > Angiosperms > Saxifragales > Saxifragaceae > Saxifraga > Saxifraga oppositifolia L.	Saxifraga paniculata Mill.;Saxifraga aizoides L.;Saxifraga tricuspidata Rottb.;Saxifraga oppositifolia L.	pollen	percentage	0.92857		
individualtimelinenode_7ad29507-799c-4376-b56f-1351f3b39160	2688	2688	Thalictrum alpinum	Thalictrum alpinum L.	Species	Life > Plantae > Angiosperms > Ranunculales > Ranunculaceae > Thalictrum > Thalictrum alpinum L.	Thalictrum alpinum L.	pollen	percentage	3.30576		
individualtimelinenode_7ad29507-799c-4376-b56f-1351f3b39160	2688	2688	Tuberiflorae	Problematic (Placeholder)	Kingdom	Life > Problematic (Placeholder)	Problematic (Placeholder)	pollen	percentage	0		
individualtimelinenode_7ad29507-799c-4376-b56f-1351f3b39160	2688	2688	Vaccinium uliginosum	Vaccinium uliginosum L.	Species	Life > Plantae > Angiosperms > Ericales > Ericaceae > Vaccinioideae > Vaccinium > Vaccinium uliginosum L.	Vaccinium uliginosum L.	pollen	percentage	0.50824		
individualtimelinenode_7ad29507-799c-4376-b56f-1351f3b39160	2983	2983	Arctostaphylos alpina	Arctostaphylos alpina (L.) Spreng.	Species	Life > Plantae > Arctostaphylos alpina (L.) Spreng.	Arctostaphylos alpina (L.) Spreng.	pollen	percentage	0		
individualtimelinenode_7ad29507-799c-4376-b56f-1351f3b39160	2983	2983	Betula	Betula	Genus	Life > Plantae > Angiosperms > Fagales > Betulaceae > Betula	Betula	pollen	percentage	6.566255		
individualtimelinenode_7ad29507-799c-4376-b56f-1351f3b39160	2983	2983	Campanula	Campanula	Genus	Life > Plantae > Angiosperms > Asterales > Campanulaceae > Campanula	Campanula	pollen	percentage	0		
individualtimelinenode_7ad29507-799c-4376-b56f-1351f3b39160	2983	2983	Caryophyllaceae	Caryophyllaceae	Family	Life > Plantae > Angiosperms > Caryophyllales > Caryophyllaceae	Caryophyllaceae	pollen	percentage	3.41015		
individualtimelinenode_7ad29507-799c-4376-b56f-1351f3b39160	2983	2983	Cassiope type	Harrimanella hypnoides (L.) Coville	Species	Life > Plantae > Harrimanella hypnoides (L.) Coville	Harrimanella hypnoides (L.) Coville;Cassiope tetragona (L.) D.Don	pollen	percentage	2.42522		
individualtimelinenode_7ad29507-799c-4376-b56f-1351f3b39160	2983	2983	Cassiope type	Cassiope tetragona (L.) D.Don	Species	Life > Plantae > Angiosperms > Ericales > Ericaceae > Cassiopoideae > Cassiope > Cassiope tetragona (L.) D.Don	Harrimanella hypnoides (L.) Coville;Cassiope tetragona (L.) D.Don	pollen	percentage	2.42522		
individualtimelinenode_7ad29507-799c-4376-b56f-1351f3b39160	2983	2983	Chamaenerion type	Chamaenerion	Genus	Life > Plantae > Angiosperms > Myrtales > Onagraceae > Chamaenerion	Chamaenerion	pollen	percentage	0		
individualtimelinenode_7ad29507-799c-4376-b56f-1351f3b39160	2983	2983	Cruciferae	Cruciferae	Family	Life > Plantae > Cruciferae	Cruciferae	pollen	percentage	0		
individualtimelinenode_7ad29507-799c-4376-b56f-1351f3b39160	2983	2983	Cyperaceae	Cyperaceae	Family	Life > Plantae > Angiosperms > Poales > Cyperaceae	Cyperaceae	pollen	percentage	6.65097		
individualtimelinenode_7ad29507-799c-4376-b56f-1351f3b39160	2983	2983	Dryas	Dryas	Genus	Life > Plantae > Angiosperms > Rosales > Rosaceae > Dryas	Dryas	pollen	percentage	0		
individualtimelinenode_7ad29507-799c-4376-b56f-1351f3b39160	2983	2983	Empetrum nigrum	Empetrum nigrum (Hagerup) Böch.	Species	Life > Plantae > Empetrum nigrum (Hagerup) Böch.	Empetrum nigrum (Hagerup) Böch.	pollen	percentage	0.38177		
individualtimelinenode_7ad29507-799c-4376-b56f-1351f3b39160	2983	2983	Gramineae	Gramineae	Genus	Life > Plantae > Gramineae	Gramineae	pollen	percentage	16.03959		
individualtimelinenode_7ad29507-799c-4376-b56f-1351f3b39160	2983	2983	Huperzia selago	Huperzia selago (L.) Bernh. ex Schrank. & Mart.	Species	Life > Plantae > Huperzia selago (L.) Bernh. ex Schrank. & Mart.	Huperzia selago (L.) Bernh. ex Schrank. & Mart.	pollen	percentage	0.23301		
individualtimelinenode_7ad29507-799c-4376-b56f-1351f3b39160	2983	2983	Koenigia islandica	Koenigia islandica L.	Species	Life > Plantae > Angiosperms > Caryophyllales > Polygonaceae > Koenigia > Koenigia islandica L.	Koenigia islandica L.	pollen	percentage	0.24501		
individualtimelinenode_7ad29507-799c-4376-b56f-1351f3b39160	2983	2983	Liguiflorae	Liguiflorae	Family	Life > Plantae > Liguiflorae	Liguiflorae	pollen	percentage	0		
individualtimelinenode_7ad29507-799c-4376-b56f-1351f3b39160	2983	2983	Lycopodium type	Problematic (Placeholder)	Kingdom	Life > Problematic (Placeholder)	Problematic (Placeholder)	pollen	percentage	2.06319		
individualtimelinenode_7ad29507-799c-4376-b56f-1351f3b39160	2983	2983	Oxyria	Oxyria	Genus	Life > Plantae > Angiosperms > Caryophyllales > Polygonaceae > Oxyria	Oxyria	pollen	percentage	18.37475		
individualtimelinenode_7ad29507-799c-4376-b56f-1351f3b39160	2983	2983	Pedicuralis	Pedicuralis	Genus	Life > Plantae > Pedicuralis	Pedicuralis	pollen	percentage	0		
individualtimelinenode_7ad29507-799c-4376-b56f-1351f3b39160	2983	2983	Phyllodoce corerulea	Phyllodoce corerulea (L.) Bab.	Species	Life > Plantae > Phyllodoce corerulea (L.) Bab.	Phyllodoce corerulea (L.) Bab.	pollen	percentage	0		
individualtimelinenode_7ad29507-799c-4376-b56f-1351f3b39160	2983	2983	Polygonum viviparum	Polygonum viviparum L.	Species	Life > Plantae > Polygonum viviparum L.	Polygonum viviparum L.	pollen	percentage	0		
individualtimelinenode_7ad29507-799c-4376-b56f-1351f3b39160	2983	2983	Polypodiaceae	Polypodiaceae	Family	Life > Plantae > Polypodiophyta > Polypodiopsida > Polypodiales > Polypodiaceae	Polypodiaceae	pollen	percentage	0.2186		
individualtimelinenode_7ad29507-799c-4376-b56f-1351f3b39160	2983	2983	Potentilla	Potentilla	Genus	Life > Plantae > Angiosperms > Rosales > Rosaceae > Potentilla	Potentilla	pollen	percentage	0.19163		
individualtimelinenode_7ad29507-799c-4376-b56f-1351f3b39160	2983	2983	Ranunculus	Ranunculus	Genus	Life > Plantae > Angiosperms > Ranunculales > Ranunculaceae > Ranunculus	Ranunculus	pollen	percentage	0.6311		
individualtimelinenode_7ad29507-799c-4376-b56f-1351f3b39160	2983	2983	Rhododendron lapponicum	Rhododendron lapponicum (L.) Wbg.	Species	Life > Plantae > Rhododendron lapponicum (L.) Wbg.	Rhododendron lapponicum (L.) Wbg.	pollen	percentage	0		
individualtimelinenode_7ad29507-799c-4376-b56f-1351f3b39160	2983	2983	Salix	Salix	Genus	Life > Plantae > Angiosperms > Malpighiales > Salicaceae > Salix	Salix	pollen	percentage	46.71507		
individualtimelinenode_7ad29507-799c-4376-b56f-1351f3b39160	2983	2983	Saxifraga ceruna type	Problematic (Placeholder)	Kingdom	Life > Problematic (Placeholder)	Problematic (Placeholder)	pollen	percentage	0		
individualtimelinenode_7ad29507-799c-4376-b56f-1351f3b39160	2983	2983	Saxifraga nivalis type	Saxifraga hieraciifolia W. & K.	Species	Life > Plantae > Saxifraga hieraciifolia W. & K.	Saxifraga hieraciifolia W. & K.;Saxifraga tenuis (Wbg.) H. Sm.;Saxifraga nivalis L.	pollen	percentage	0		
individualtimelinenode_7ad29507-799c-4376-b56f-1351f3b39160	2983	2983	Saxifraga nivalis type	Saxifraga tenuis (Wbg.) H. Sm.	Species	Life > Plantae > Saxifraga tenuis (Wbg.) H. Sm.	Saxifraga hieraciifolia W. & K.;Saxifraga tenuis (Wbg.) H. Sm.;Saxifraga nivalis L.	pollen	percentage	0		
individualtimelinenode_7ad29507-799c-4376-b56f-1351f3b39160	2983	2983	Saxifraga nivalis type	Saxifraga nivalis L.	Species	Life > Plantae > Angiosperms > Saxifragales > Saxifragaceae > Saxifraga > Saxifraga nivalis L.	Saxifraga hieraciifolia W. & K.;Saxifraga tenuis (Wbg.) H. Sm.;Saxifraga nivalis L.	pollen	percentage	0		
individualtimelinenode_7ad29507-799c-4376-b56f-1351f3b39160	2983	2983	Saxifraga oppositifolia type	Saxifraga paniculata Mill.	Species	Saxifraga paniculata Mill.	Saxifraga paniculata Mill.;Saxifraga aizoides L.;Saxifraga tricuspidata Rottb.;Saxifraga oppositifolia L.	pollen	percentage	0.175		
individualtimelinenode_7ad29507-799c-4376-b56f-1351f3b39160	2983	2983	Saxifraga oppositifolia type	Saxifraga aizoides L.	Species	Saxifraga aizoides L.	Saxifraga paniculata Mill.;Saxifraga aizoides L.;Saxifraga tricuspidata Rottb.;Saxifraga oppositifolia L.	pollen	percentage	0.175		
individualtimelinenode_7ad29507-799c-4376-b56f-1351f3b39160	2983	2983	Saxifraga oppositifolia type	Saxifraga tricuspidata Rottb.	Species	Saxifraga tricuspidata Rottb.	Saxifraga paniculata Mill.;Saxifraga aizoides L.;Saxifraga tricuspidata Rottb.;Saxifraga oppositifolia L.	pollen	percentage	0.175		
individualtimelinenode_7ad29507-799c-4376-b56f-1351f3b39160	2983	2983	Saxifraga oppositifolia type	Saxifraga oppositifolia L.	Species	Life > Plantae > Angiosperms > Saxifragales > Saxifragaceae > Saxifraga > Saxifraga oppositifolia L.	Saxifraga paniculata Mill.;Saxifraga aizoides L.;Saxifraga tricuspidata Rottb.;Saxifraga oppositifolia L.	pollen	percentage	0.175		
individualtimelinenode_7ad29507-799c-4376-b56f-1351f3b39160	2983	2983	Thalictrum alpinum	Thalictrum alpinum L.	Species	Life > Plantae > Angiosperms > Ranunculales > Ranunculaceae > Thalictrum > Thalictrum alpinum L.	Thalictrum alpinum L.	pollen	percentage	0.8825		
individualtimelinenode_7ad29507-799c-4376-b56f-1351f3b39160	2983	2983	Tuberiflorae	Problematic (Placeholder)	Kingdom	Life > Problematic (Placeholder)	Problematic (Placeholder)	pollen	percentage	0		
individualtimelinenode_7ad29507-799c-4376-b56f-1351f3b39160	2983	2983	Vaccinium uliginosum	Vaccinium uliginosum L.	Species	Life > Plantae > Angiosperms > Ericales > Ericaceae > Vaccinioideae > Vaccinium > Vaccinium uliginosum L.	Vaccinium uliginosum L.	pollen	percentage	0		
individualtimelinenode_7ad29507-799c-4376-b56f-1351f3b39160	3286	3286	Arctostaphylos alpina	Arctostaphylos alpina (L.) Spreng.	Species	Life > Plantae > Arctostaphylos alpina (L.) Spreng.	Arctostaphylos alpina (L.) Spreng.	pollen	percentage	0		
individualtimelinenode_7ad29507-799c-4376-b56f-1351f3b39160	3286	3286	Betula	Betula	Genus	Life > Plantae > Angiosperms > Fagales > Betulaceae > Betula	Betula	pollen	percentage	7.29328		
individualtimelinenode_7ad29507-799c-4376-b56f-1351f3b39160	3286	3286	Campanula	Campanula	Genus	Life > Plantae > Angiosperms > Asterales > Campanulaceae > Campanula	Campanula	pollen	percentage	0.26959		
individualtimelinenode_7ad29507-799c-4376-b56f-1351f3b39160	3286	3286	Caryophyllaceae	Caryophyllaceae	Family	Life > Plantae > Angiosperms > Caryophyllales > Caryophyllaceae	Caryophyllaceae	pollen	percentage	4.75597		
individualtimelinenode_7ad29507-799c-4376-b56f-1351f3b39160	3286	3286	Cassiope type	Harrimanella hypnoides (L.) Coville	Species	Life > Plantae > Harrimanella hypnoides (L.) Coville	Harrimanella hypnoides (L.) Coville;Cassiope tetragona (L.) D.Don	pollen	percentage	2.80798		
individualtimelinenode_7ad29507-799c-4376-b56f-1351f3b39160	3286	3286	Cassiope type	Cassiope tetragona (L.) D.Don	Species	Life > Plantae > Angiosperms > Ericales > Ericaceae > Cassiopoideae > Cassiope > Cassiope tetragona (L.) D.Don	Harrimanella hypnoides (L.) Coville;Cassiope tetragona (L.) D.Don	pollen	percentage	2.80798		
individualtimelinenode_7ad29507-799c-4376-b56f-1351f3b39160	3286	3286	Chamaenerion type	Chamaenerion	Genus	Life > Plantae > Angiosperms > Myrtales > Onagraceae > Chamaenerion	Chamaenerion	pollen	percentage	0.24703		
individualtimelinenode_7ad29507-799c-4376-b56f-1351f3b39160	3286	3286	Cruciferae	Cruciferae	Family	Life > Plantae > Cruciferae	Cruciferae	pollen	percentage	0.63612		
individualtimelinenode_7ad29507-799c-4376-b56f-1351f3b39160	3286	3286	Cyperaceae	Cyperaceae	Family	Life > Plantae > Angiosperms > Poales > Cyperaceae	Cyperaceae	pollen	percentage	3.94757		
individualtimelinenode_7ad29507-799c-4376-b56f-1351f3b39160	3286	3286	Dryas	Dryas	Genus	Life > Plantae > Angiosperms > Rosales > Rosaceae > Dryas	Dryas	pollen	percentage	0		
individualtimelinenode_7ad29507-799c-4376-b56f-1351f3b39160	3286	3286	Empetrum nigrum	Empetrum nigrum (Hagerup) Böch.	Species	Life > Plantae > Empetrum nigrum (Hagerup) Böch.	Empetrum nigrum (Hagerup) Böch.	pollen	percentage	1.09902		
individualtimelinenode_7ad29507-799c-4376-b56f-1351f3b39160	3286	3286	Gramineae	Gramineae	Genus	Life > Plantae > Gramineae	Gramineae	pollen	percentage	11.67923		
individualtimelinenode_7ad29507-799c-4376-b56f-1351f3b39160	3286	3286	Huperzia selago	Huperzia selago (L.) Bernh. ex Schrank. & Mart.	Species	Life > Plantae > Huperzia selago (L.) Bernh. ex Schrank. & Mart.	Huperzia selago (L.) Bernh. ex Schrank. & Mart.	pollen	percentage	1.01435		
individualtimelinenode_7ad29507-799c-4376-b56f-1351f3b39160	3286	3286	Koenigia islandica	Koenigia islandica L.	Species	Life > Plantae > Angiosperms > Caryophyllales > Polygonaceae > Koenigia > Koenigia islandica L.	Koenigia islandica L.	pollen	percentage	2.42117		
individualtimelinenode_7ad29507-799c-4376-b56f-1351f3b39160	3286	3286	Liguiflorae	Liguiflorae	Family	Life > Plantae > Liguiflorae	Liguiflorae	pollen	percentage	0		
individualtimelinenode_7ad29507-799c-4376-b56f-1351f3b39160	3286	3286	Lycopodium type	Problematic (Placeholder)	Kingdom	Life > Problematic (Placeholder)	Problematic (Placeholder)	pollen	percentage	5.08044		
individualtimelinenode_7ad29507-799c-4376-b56f-1351f3b39160	3286	3286	Oxyria	Oxyria	Genus	Life > Plantae > Angiosperms > Caryophyllales > Polygonaceae > Oxyria	Oxyria	pollen	percentage	30.22184		
individualtimelinenode_7ad29507-799c-4376-b56f-1351f3b39160	3286	3286	Pedicuralis	Pedicuralis	Genus	Life > Plantae > Pedicuralis	Pedicuralis	pollen	percentage	0		
individualtimelinenode_7ad29507-799c-4376-b56f-1351f3b39160	3286	3286	Phyllodoce corerulea	Phyllodoce corerulea (L.) Bab.	Species	Life > Plantae > Phyllodoce corerulea (L.) Bab.	Phyllodoce corerulea (L.) Bab.	pollen	percentage	0		
individualtimelinenode_7ad29507-799c-4376-b56f-1351f3b39160	3286	3286	Polygonum viviparum	Polygonum viviparum L.	Species	Life > Plantae > Polygonum viviparum L.	Polygonum viviparum L.	pollen	percentage	0		
individualtimelinenode_7ad29507-799c-4376-b56f-1351f3b39160	3286	3286	Polypodiaceae	Polypodiaceae	Family	Life > Plantae > Polypodiophyta > Polypodiopsida > Polypodiales > Polypodiaceae	Polypodiaceae	pollen	percentage	0.8007		
individualtimelinenode_7ad29507-799c-4376-b56f-1351f3b39160	3286	3286	Potentilla	Potentilla	Genus	Life > Plantae > Angiosperms > Rosales > Rosaceae > Potentilla	Potentilla	pollen	percentage	0.79013		
individualtimelinenode_7ad29507-799c-4376-b56f-1351f3b39160	3286	3286	Ranunculus	Ranunculus	Genus	Life > Plantae > Angiosperms > Ranunculales > Ranunculaceae > Ranunculus	Ranunculus	pollen	percentage	0.95665		
individualtimelinenode_7ad29507-799c-4376-b56f-1351f3b39160	3286	3286	Rhododendron lapponicum	Rhododendron lapponicum (L.) Wbg.	Species	Life > Plantae > Rhododendron lapponicum (L.) Wbg.	Rhododendron lapponicum (L.) Wbg.	pollen	percentage	0		
individualtimelinenode_7ad29507-799c-4376-b56f-1351f3b39160	3286	3286	Salix	Salix	Genus	Life > Plantae > Angiosperms > Malpighiales > Salicaceae > Salix	Salix	pollen	percentage	29.31031		
individualtimelinenode_7ad29507-799c-4376-b56f-1351f3b39160	3286	3286	Saxifraga ceruna type	Problematic (Placeholder)	Kingdom	Life > Problematic (Placeholder)	Problematic (Placeholder)	pollen	percentage	0		
individualtimelinenode_7ad29507-799c-4376-b56f-1351f3b39160	3286	3286	Saxifraga nivalis type	Saxifraga hieraciifolia W. & K.	Species	Life > Plantae > Saxifraga hieraciifolia W. & K.	Saxifraga hieraciifolia W. & K.;Saxifraga tenuis (Wbg.) H. Sm.;Saxifraga nivalis L.	pollen	percentage	0		
individualtimelinenode_7ad29507-799c-4376-b56f-1351f3b39160	3286	3286	Saxifraga nivalis type	Saxifraga tenuis (Wbg.) H. Sm.	Species	Life > Plantae > Saxifraga tenuis (Wbg.) H. Sm.	Saxifraga hieraciifolia W. & K.;Saxifraga tenuis (Wbg.) H. Sm.;Saxifraga nivalis L.	pollen	percentage	0		
individualtimelinenode_7ad29507-799c-4376-b56f-1351f3b39160	3286	3286	Saxifraga nivalis type	Saxifraga nivalis L.	Species	Life > Plantae > Angiosperms > Saxifragales > Saxifragaceae > Saxifraga > Saxifraga nivalis L.	Saxifraga hieraciifolia W. & K.;Saxifraga tenuis (Wbg.) H. Sm.;Saxifraga nivalis L.	pollen	percentage	0		
individualtimelinenode_7ad29507-799c-4376-b56f-1351f3b39160	3286	3286	Saxifraga oppositifolia type	Saxifraga paniculata Mill.	Species	Saxifraga paniculata Mill.	Saxifraga paniculata Mill.;Saxifraga aizoides L.;Saxifraga tricuspidata Rottb.;Saxifraga oppositifolia L.	pollen	percentage	0		
individualtimelinenode_7ad29507-799c-4376-b56f-1351f3b39160	3286	3286	Saxifraga oppositifolia type	Saxifraga aizoides L.	Species	Saxifraga aizoides L.	Saxifraga paniculata Mill.;Saxifraga aizoides L.;Saxifraga tricuspidata Rottb.;Saxifraga oppositifolia L.	pollen	percentage	0		
individualtimelinenode_7ad29507-799c-4376-b56f-1351f3b39160	3286	3286	Saxifraga oppositifolia type	Saxifraga tricuspidata Rottb.	Species	Saxifraga tricuspidata Rottb.	Saxifraga paniculata Mill.;Saxifraga aizoides L.;Saxifraga tricuspidata Rottb.;Saxifraga oppositifolia L.	pollen	percentage	0		
individualtimelinenode_7ad29507-799c-4376-b56f-1351f3b39160	3286	3286	Saxifraga oppositifolia type	Saxifraga oppositifolia L.	Species	Life > Plantae > Angiosperms > Saxifragales > Saxifragaceae > Saxifraga > Saxifraga oppositifolia L.	Saxifraga paniculata Mill.;Saxifraga aizoides L.;Saxifraga tricuspidata Rottb.;Saxifraga oppositifolia L.	pollen	percentage	0		
individualtimelinenode_7ad29507-799c-4376-b56f-1351f3b39160	3286	3286	Thalictrum alpinum	Thalictrum alpinum L.	Species	Life > Plantae > Angiosperms > Ranunculales > Ranunculaceae > Thalictrum > Thalictrum alpinum L.	Thalictrum alpinum L.	pollen	percentage	2.49195		
individualtimelinenode_7ad29507-799c-4376-b56f-1351f3b39160	3286	3286	Tuberiflorae	Problematic (Placeholder)	Kingdom	Life > Problematic (Placeholder)	Problematic (Placeholder)	pollen	percentage	0		
individualtimelinenode_7ad29507-799c-4376-b56f-1351f3b39160	3286	3286	Vaccinium uliginosum	Vaccinium uliginosum L.	Species	Life > Plantae > Angiosperms > Ericales > Ericaceae > Vaccinioideae > Vaccinium > Vaccinium uliginosum L.	Vaccinium uliginosum L.	pollen	percentage	0.22886		
individualtimelinenode_7ad29507-799c-4376-b56f-1351f3b39160	3566	3566	Arctostaphylos alpina	Arctostaphylos alpina (L.) Spreng.	Species	Life > Plantae > Arctostaphylos alpina (L.) Spreng.	Arctostaphylos alpina (L.) Spreng.	pollen	percentage	0		
individualtimelinenode_7ad29507-799c-4376-b56f-1351f3b39160	3566	3566	Betula	Betula	Genus	Life > Plantae > Angiosperms > Fagales > Betulaceae > Betula	Betula	pollen	percentage	8.431545		
individualtimelinenode_7ad29507-799c-4376-b56f-1351f3b39160	3566	3566	Campanula	Campanula	Genus	Life > Plantae > Angiosperms > Asterales > Campanulaceae > Campanula	Campanula	pollen	percentage	0		
individualtimelinenode_7ad29507-799c-4376-b56f-1351f3b39160	3566	3566	Caryophyllaceae	Caryophyllaceae	Family	Life > Plantae > Angiosperms > Caryophyllales > Caryophyllaceae	Caryophyllaceae	pollen	percentage	3.68873		
individualtimelinenode_7ad29507-799c-4376-b56f-1351f3b39160	3566	3566	Cassiope type	Harrimanella hypnoides (L.) Coville	Species	Life > Plantae > Harrimanella hypnoides (L.) Coville	Harrimanella hypnoides (L.) Coville;Cassiope tetragona (L.) D.Don	pollen	percentage	4.11074		
individualtimelinenode_7ad29507-799c-4376-b56f-1351f3b39160	3566	3566	Cassiope type	Cassiope tetragona (L.) D.Don	Species	Life > Plantae > Angiosperms > Ericales > Ericaceae > Cassiopoideae > Cassiope > Cassiope tetragona (L.) D.Don	Harrimanella hypnoides (L.) Coville;Cassiope tetragona (L.) D.Don	pollen	percentage	4.11074		
individualtimelinenode_7ad29507-799c-4376-b56f-1351f3b39160	3566	3566	Chamaenerion type	Chamaenerion	Genus	Life > Plantae > Angiosperms > Myrtales > Onagraceae > Chamaenerion	Chamaenerion	pollen	percentage	0		
individualtimelinenode_7ad29507-799c-4376-b56f-1351f3b39160	3566	3566	Cruciferae	Cruciferae	Family	Life > Plantae > Cruciferae	Cruciferae	pollen	percentage	0		
individualtimelinenode_7ad29507-799c-4376-b56f-1351f3b39160	3566	3566	Cyperaceae	Cyperaceae	Family	Life > Plantae > Angiosperms > Poales > Cyperaceae	Cyperaceae	pollen	percentage	5.34927		
individualtimelinenode_7ad29507-799c-4376-b56f-1351f3b39160	3566	3566	Dryas	Dryas	Genus	Life > Plantae > Angiosperms > Rosales > Rosaceae > Dryas	Dryas	pollen	percentage	0		
individualtimelinenode_7ad29507-799c-4376-b56f-1351f3b39160	3566	3566	Empetrum nigrum	Empetrum nigrum (Hagerup) Böch.	Species	Life > Plantae > Empetrum nigrum (Hagerup) Böch.	Empetrum nigrum (Hagerup) Böch.	pollen	percentage	0.35425		
individualtimelinenode_7ad29507-799c-4376-b56f-1351f3b39160	3566	3566	Gramineae	Gramineae	Genus	Life > Plantae > Gramineae	Gramineae	pollen	percentage	12.18286		
individualtimelinenode_7ad29507-799c-4376-b56f-1351f3b39160	3566	3566	Huperzia selago	Huperzia selago (L.) Bernh. ex Schrank. & Mart.	Species	Life > Plantae > Huperzia selago (L.) Bernh. ex Schrank. & Mart.	Huperzia selago (L.) Bernh. ex Schrank. & Mart.	pollen	percentage	0.22249		
individualtimelinenode_7ad29507-799c-4376-b56f-1351f3b39160	3566	3566	Koenigia islandica	Koenigia islandica L.	Species	Life > Plantae > Angiosperms > Caryophyllales > Polygonaceae > Koenigia > Koenigia islandica L.	Koenigia islandica L.	pollen	percentage	2.56552		
individualtimelinenode_7ad29507-799c-4376-b56f-1351f3b39160	3566	3566	Liguiflorae	Liguiflorae	Family	Life > Plantae > Liguiflorae	Liguiflorae	pollen	percentage	0		
individualtimelinenode_7ad29507-799c-4376-b56f-1351f3b39160	3566	3566	Lycopodium type	Problematic (Placeholder)	Kingdom	Life > Problematic (Placeholder)	Problematic (Placeholder)	pollen	percentage	8.05824		
individualtimelinenode_7ad29507-799c-4376-b56f-1351f3b39160	3566	3566	Oxyria	Oxyria	Genus	Life > Plantae > Angiosperms > Caryophyllales > Polygonaceae > Oxyria	Oxyria	pollen	percentage	8.93048		
individualtimelinenode_7ad29507-799c-4376-b56f-1351f3b39160	3566	3566	Pedicuralis	Pedicuralis	Genus	Life > Plantae > Pedicuralis	Pedicuralis	pollen	percentage	0.5316		
individualtimelinenode_7ad29507-799c-4376-b56f-1351f3b39160	3566	3566	Phyllodoce corerulea	Phyllodoce corerulea (L.) Bab.	Species	Life > Plantae > Phyllodoce corerulea (L.) Bab.	Phyllodoce corerulea (L.) Bab.	pollen	percentage	0		
individualtimelinenode_7ad29507-799c-4376-b56f-1351f3b39160	3566	3566	Polygonum viviparum	Polygonum viviparum L.	Species	Life > Plantae > Polygonum viviparum L.	Polygonum viviparum L.	pollen	percentage	0		
individualtimelinenode_7ad29507-799c-4376-b56f-1351f3b39160	3566	3566	Polypodiaceae	Polypodiaceae	Family	Life > Plantae > Polypodiophyta > Polypodiopsida > Polypodiales > Polypodiaceae	Polypodiaceae	pollen	percentage	0.23419		
individualtimelinenode_7ad29507-799c-4376-b56f-1351f3b39160	3566	3566	Potentilla	Potentilla	Genus	Life > Plantae > Angiosperms > Rosales > Rosaceae > Potentilla	Potentilla	pollen	percentage	0.75461		
individualtimelinenode_7ad29507-799c-4376-b56f-1351f3b39160	3566	3566	Ranunculus	Ranunculus	Genus	Life > Plantae > Angiosperms > Ranunculales > Ranunculaceae > Ranunculus	Ranunculus	pollen	percentage	0.85657		
individualtimelinenode_7ad29507-799c-4376-b56f-1351f3b39160	3566	3566	Rhododendron lapponicum	Rhododendron lapponicum (L.) Wbg.	Species	Life > Plantae > Rhododendron lapponicum (L.) Wbg.	Rhododendron lapponicum (L.) Wbg.	pollen	percentage	0		
individualtimelinenode_7ad29507-799c-4376-b56f-1351f3b39160	3566	3566	Salix	Salix	Genus	Life > Plantae > Angiosperms > Malpighiales > Salicaceae > Salix	Salix	pollen	percentage	46.19107		
individualtimelinenode_7ad29507-799c-4376-b56f-1351f3b39160	3566	3566	Saxifraga ceruna type	Problematic (Placeholder)	Kingdom	Life > Problematic (Placeholder)	Problematic (Placeholder)	pollen	percentage	0		
individualtimelinenode_7ad29507-799c-4376-b56f-1351f3b39160	3566	3566	Saxifraga nivalis type	Saxifraga hieraciifolia W. & K.	Species	Life > Plantae > Saxifraga hieraciifolia W. & K.	Saxifraga hieraciifolia W. & K.;Saxifraga tenuis (Wbg.) H. Sm.;Saxifraga nivalis L.	pollen	percentage	0		
individualtimelinenode_7ad29507-799c-4376-b56f-1351f3b39160	3566	3566	Saxifraga nivalis type	Saxifraga tenuis (Wbg.) H. Sm.	Species	Life > Plantae > Saxifraga tenuis (Wbg.) H. Sm.	Saxifraga hieraciifolia W. & K.;Saxifraga tenuis (Wbg.) H. Sm.;Saxifraga nivalis L.	pollen	percentage	0		
individualtimelinenode_7ad29507-799c-4376-b56f-1351f3b39160	3566	3566	Saxifraga nivalis type	Saxifraga nivalis L.	Species	Life > Plantae > Angiosperms > Saxifragales > Saxifragaceae > Saxifraga > Saxifraga nivalis L.	Saxifraga hieraciifolia W. & K.;Saxifraga tenuis (Wbg.) H. Sm.;Saxifraga nivalis L.	pollen	percentage	0		
individualtimelinenode_7ad29507-799c-4376-b56f-1351f3b39160	3566	3566	Saxifraga oppositifolia type	Saxifraga paniculata Mill.	Species	Saxifraga paniculata Mill.	Saxifraga paniculata Mill.;Saxifraga aizoides L.;Saxifraga tricuspidata Rottb.;Saxifraga oppositifolia L.	pollen	percentage	0		
individualtimelinenode_7ad29507-799c-4376-b56f-1351f3b39160	3566	3566	Saxifraga oppositifolia type	Saxifraga aizoides L.	Species	Saxifraga aizoides L.	Saxifraga paniculata Mill.;Saxifraga aizoides L.;Saxifraga tricuspidata Rottb.;Saxifraga oppositifolia L.	pollen	percentage	0		
individualtimelinenode_7ad29507-799c-4376-b56f-1351f3b39160	3566	3566	Saxifraga oppositifolia type	Saxifraga tricuspidata Rottb.	Species	Saxifraga tricuspidata Rottb.	Saxifraga paniculata Mill.;Saxifraga aizoides L.;Saxifraga tricuspidata Rottb.;Saxifraga oppositifolia L.	pollen	percentage	0		
individualtimelinenode_7ad29507-799c-4376-b56f-1351f3b39160	3566	3566	Saxifraga oppositifolia type	Saxifraga oppositifolia L.	Species	Life > Plantae > Angiosperms > Saxifragales > Saxifragaceae > Saxifraga > Saxifraga oppositifolia L.	Saxifraga paniculata Mill.;Saxifraga aizoides L.;Saxifraga tricuspidata Rottb.;Saxifraga oppositifolia L.	pollen	percentage	0		
individualtimelinenode_7ad29507-799c-4376-b56f-1351f3b39160	3566	3566	Thalictrum alpinum	Thalictrum alpinum L.	Species	Life > Plantae > Angiosperms > Ranunculales > Ranunculaceae > Thalictrum > Thalictrum alpinum L.	Thalictrum alpinum L.	pollen	percentage	2.77576		
individualtimelinenode_7ad29507-799c-4376-b56f-1351f3b39160	3566	3566	Tuberiflorae	Problematic (Placeholder)	Kingdom	Life > Problematic (Placeholder)	Problematic (Placeholder)	pollen	percentage	0		
individualtimelinenode_7ad29507-799c-4376-b56f-1351f3b39160	3566	3566	Vaccinium uliginosum	Vaccinium uliginosum L.	Species	Life > Plantae > Angiosperms > Ericales > Ericaceae > Vaccinioideae > Vaccinium > Vaccinium uliginosum L.	Vaccinium uliginosum L.	pollen	percentage	0		
individualtimelinenode_7ad29507-799c-4376-b56f-1351f3b39160	3864	3864	Arctostaphylos alpina	Arctostaphylos alpina (L.) Spreng.	Species	Life > Plantae > Arctostaphylos alpina (L.) Spreng.	Arctostaphylos alpina (L.) Spreng.	pollen	percentage	0		
individualtimelinenode_7ad29507-799c-4376-b56f-1351f3b39160	3864	3864	Betula	Betula	Genus	Life > Plantae > Angiosperms > Fagales > Betulaceae > Betula	Betula	pollen	percentage	9.44883		
individualtimelinenode_7ad29507-799c-4376-b56f-1351f3b39160	3864	3864	Campanula	Campanula	Genus	Life > Plantae > Angiosperms > Asterales > Campanulaceae > Campanula	Campanula	pollen	percentage	0		
individualtimelinenode_7ad29507-799c-4376-b56f-1351f3b39160	3864	3864	Caryophyllaceae	Caryophyllaceae	Family	Life > Plantae > Angiosperms > Caryophyllales > Caryophyllaceae	Caryophyllaceae	pollen	percentage	3.92235		
individualtimelinenode_7ad29507-799c-4376-b56f-1351f3b39160	3864	3864	Cassiope type	Harrimanella hypnoides (L.) Coville	Species	Life > Plantae > Harrimanella hypnoides (L.) Coville	Harrimanella hypnoides (L.) Coville;Cassiope tetragona (L.) D.Don	pollen	percentage	3.93196		
individualtimelinenode_7ad29507-799c-4376-b56f-1351f3b39160	3864	3864	Cassiope type	Cassiope tetragona (L.) D.Don	Species	Life > Plantae > Angiosperms > Ericales > Ericaceae > Cassiopoideae > Cassiope > Cassiope tetragona (L.) D.Don	Harrimanella hypnoides (L.) Coville;Cassiope tetragona (L.) D.Don	pollen	percentage	3.93196		
individualtimelinenode_7ad29507-799c-4376-b56f-1351f3b39160	3864	3864	Chamaenerion type	Chamaenerion	Genus	Life > Plantae > Angiosperms > Myrtales > Onagraceae > Chamaenerion	Chamaenerion	pollen	percentage	0		
individualtimelinenode_7ad29507-799c-4376-b56f-1351f3b39160	3864	3864	Cruciferae	Cruciferae	Family	Life > Plantae > Cruciferae	Cruciferae	pollen	percentage	0.34747		
individualtimelinenode_7ad29507-799c-4376-b56f-1351f3b39160	3864	3864	Cyperaceae	Cyperaceae	Family	Life > Plantae > Angiosperms > Poales > Cyperaceae	Cyperaceae	pollen	percentage	5.01274		
individualtimelinenode_7ad29507-799c-4376-b56f-1351f3b39160	3864	3864	Dryas	Dryas	Genus	Life > Plantae > Angiosperms > Rosales > Rosaceae > Dryas	Dryas	pollen	percentage	0		
individualtimelinenode_7ad29507-799c-4376-b56f-1351f3b39160	3864	3864	Empetrum nigrum	Empetrum nigrum (Hagerup) Böch.	Species	Life > Plantae > Empetrum nigrum (Hagerup) Böch.	Empetrum nigrum (Hagerup) Böch.	pollen	percentage	1.40015		
individualtimelinenode_7ad29507-799c-4376-b56f-1351f3b39160	3864	3864	Gramineae	Gramineae	Genus	Life > Plantae > Gramineae	Gramineae	pollen	percentage	11.55045		
individualtimelinenode_7ad29507-799c-4376-b56f-1351f3b39160	3864	3864	Huperzia selago	Huperzia selago (L.) Bernh. ex Schrank. & Mart.	Species	Life > Plantae > Huperzia selago (L.) Bernh. ex Schrank. & Mart.	Huperzia selago (L.) Bernh. ex Schrank. & Mart.	pollen	percentage	0.5785		
individualtimelinenode_7ad29507-799c-4376-b56f-1351f3b39160	3864	3864	Koenigia islandica	Koenigia islandica L.	Species	Life > Plantae > Angiosperms > Caryophyllales > Polygonaceae > Koenigia > Koenigia islandica L.	Koenigia islandica L.	pollen	percentage	0.65903		
individualtimelinenode_7ad29507-799c-4376-b56f-1351f3b39160	3864	3864	Liguiflorae	Liguiflorae	Family	Life > Plantae > Liguiflorae	Liguiflorae	pollen	percentage	0		
individualtimelinenode_7ad29507-799c-4376-b56f-1351f3b39160	3864	3864	Lycopodium type	Problematic (Placeholder)	Kingdom	Life > Problematic (Placeholder)	Problematic (Placeholder)	pollen	percentage	2.93194		
individualtimelinenode_7ad29507-799c-4376-b56f-1351f3b39160	3864	3864	Oxyria	Oxyria	Genus	Life > Plantae > Angiosperms > Caryophyllales > Polygonaceae > Oxyria	Oxyria	pollen	percentage	4.05965		
individualtimelinenode_7ad29507-799c-4376-b56f-1351f3b39160	3864	3864	Pedicuralis	Pedicuralis	Genus	Life > Plantae > Pedicuralis	Pedicuralis	pollen	percentage	0		
individualtimelinenode_7ad29507-799c-4376-b56f-1351f3b39160	3864	3864	Phyllodoce corerulea	Phyllodoce corerulea (L.) Bab.	Species	Life > Plantae > Phyllodoce corerulea (L.) Bab.	Phyllodoce corerulea (L.) Bab.	pollen	percentage	0		
individualtimelinenode_7ad29507-799c-4376-b56f-1351f3b39160	3864	3864	Polygonum viviparum	Polygonum viviparum L.	Species	Life > Plantae > Polygonum viviparum L.	Polygonum viviparum L.	pollen	percentage	0.49766		
individualtimelinenode_7ad29507-799c-4376-b56f-1351f3b39160	3864	3864	Polypodiaceae	Polypodiaceae	Family	Life > Plantae > Polypodiophyta > Polypodiopsida > Polypodiales > Polypodiaceae	Polypodiaceae	pollen	percentage	0.19965		
individualtimelinenode_7ad29507-799c-4376-b56f-1351f3b39160	3864	3864	Potentilla	Potentilla	Genus	Life > Plantae > Angiosperms > Rosales > Rosaceae > Potentilla	Potentilla	pollen	percentage	0.22533		
individualtimelinenode_7ad29507-799c-4376-b56f-1351f3b39160	3864	3864	Ranunculus	Ranunculus	Genus	Life > Plantae > Angiosperms > Ranunculales > Ranunculaceae > Ranunculus	Ranunculus	pollen	percentage	0.63757		
individualtimelinenode_7ad29507-799c-4376-b56f-1351f3b39160	3864	3864	Rhododendron lapponicum	Rhododendron lapponicum (L.) Wbg.	Species	Life > Plantae > Rhododendron lapponicum (L.) Wbg.	Rhododendron lapponicum (L.) Wbg.	pollen	percentage	0		
individualtimelinenode_7ad29507-799c-4376-b56f-1351f3b39160	3864	3864	Salix	Salix	Genus	Life > Plantae > Angiosperms > Malpighiales > Salicaceae > Salix	Salix	pollen	percentage	46.32552		
individualtimelinenode_7ad29507-799c-4376-b56f-1351f3b39160	3864	3864	Saxifraga ceruna type	Problematic (Placeholder)	Kingdom	Life > Problematic (Placeholder)	Problematic (Placeholder)	pollen	percentage	0		
individualtimelinenode_7ad29507-799c-4376-b56f-1351f3b39160	3864	3864	Saxifraga nivalis type	Saxifraga hieraciifolia W. & K.	Species	Life > Plantae > Saxifraga hieraciifolia W. & K.	Saxifraga hieraciifolia W. & K.;Saxifraga tenuis (Wbg.) H. Sm.;Saxifraga nivalis L.	pollen	percentage	0.46386		
individualtimelinenode_7ad29507-799c-4376-b56f-1351f3b39160	3864	3864	Saxifraga nivalis type	Saxifraga tenuis (Wbg.) H. Sm.	Species	Life > Plantae > Saxifraga tenuis (Wbg.) H. Sm.	Saxifraga hieraciifolia W. & K.;Saxifraga tenuis (Wbg.) H. Sm.;Saxifraga nivalis L.	pollen	percentage	0.46386		
individualtimelinenode_7ad29507-799c-4376-b56f-1351f3b39160	3864	3864	Saxifraga nivalis type	Saxifraga nivalis L.	Species	Life > Plantae > Angiosperms > Saxifragales > Saxifragaceae > Saxifraga > Saxifraga nivalis L.	Saxifraga hieraciifolia W. & K.;Saxifraga tenuis (Wbg.) H. Sm.;Saxifraga nivalis L.	pollen	percentage	0.46386		
individualtimelinenode_7ad29507-799c-4376-b56f-1351f3b39160	3864	3864	Saxifraga oppositifolia type	Saxifraga paniculata Mill.	Species	Saxifraga paniculata Mill.	Saxifraga paniculata Mill.;Saxifraga aizoides L.;Saxifraga tricuspidata Rottb.;Saxifraga oppositifolia L.	pollen	percentage	0.29942		
individualtimelinenode_7ad29507-799c-4376-b56f-1351f3b39160	3864	3864	Saxifraga oppositifolia type	Saxifraga aizoides L.	Species	Saxifraga aizoides L.	Saxifraga paniculata Mill.;Saxifraga aizoides L.;Saxifraga tricuspidata Rottb.;Saxifraga oppositifolia L.	pollen	percentage	0.29942		
individualtimelinenode_7ad29507-799c-4376-b56f-1351f3b39160	3864	3864	Saxifraga oppositifolia type	Saxifraga tricuspidata Rottb.	Species	Saxifraga tricuspidata Rottb.	Saxifraga paniculata Mill.;Saxifraga aizoides L.;Saxifraga tricuspidata Rottb.;Saxifraga oppositifolia L.	pollen	percentage	0.29942		
individualtimelinenode_7ad29507-799c-4376-b56f-1351f3b39160	3864	3864	Saxifraga oppositifolia type	Saxifraga oppositifolia L.	Species	Life > Plantae > Angiosperms > Saxifragales > Saxifragaceae > Saxifraga > Saxifraga oppositifolia L.	Saxifraga paniculata Mill.;Saxifraga aizoides L.;Saxifraga tricuspidata Rottb.;Saxifraga oppositifolia L.	pollen	percentage	0.29942		
individualtimelinenode_7ad29507-799c-4376-b56f-1351f3b39160	3864	3864	Thalictrum alpinum	Thalictrum alpinum L.	Species	Life > Plantae > Angiosperms > Ranunculales > Ranunculaceae > Thalictrum > Thalictrum alpinum L.	Thalictrum alpinum L.	pollen	percentage	6.32448		
individualtimelinenode_7ad29507-799c-4376-b56f-1351f3b39160	3864	3864	Tuberiflorae	Problematic (Placeholder)	Kingdom	Life > Problematic (Placeholder)	Problematic (Placeholder)	pollen	percentage	0		
individualtimelinenode_7ad29507-799c-4376-b56f-1351f3b39160	3864	3864	Vaccinium uliginosum	Vaccinium uliginosum L.	Species	Life > Plantae > Angiosperms > Ericales > Ericaceae > Vaccinioideae > Vaccinium > Vaccinium uliginosum L.	Vaccinium uliginosum L.	pollen	percentage	1.03851		
individualtimelinenode_7ad29507-799c-4376-b56f-1351f3b39160	4181	4181	Arctostaphylos alpina	Arctostaphylos alpina (L.) Spreng.	Species	Life > Plantae > Arctostaphylos alpina (L.) Spreng.	Arctostaphylos alpina (L.) Spreng.	pollen	percentage	0		
individualtimelinenode_7ad29507-799c-4376-b56f-1351f3b39160	4181	4181	Betula	Betula	Genus	Life > Plantae > Angiosperms > Fagales > Betulaceae > Betula	Betula	pollen	percentage	10.5524		
individualtimelinenode_7ad29507-799c-4376-b56f-1351f3b39160	4181	4181	Campanula	Campanula	Genus	Life > Plantae > Angiosperms > Asterales > Campanulaceae > Campanula	Campanula	pollen	percentage	0		
individualtimelinenode_7ad29507-799c-4376-b56f-1351f3b39160	4181	4181	Caryophyllaceae	Caryophyllaceae	Family	Life > Plantae > Angiosperms > Caryophyllales > Caryophyllaceae	Caryophyllaceae	pollen	percentage	3.71615		
individualtimelinenode_7ad29507-799c-4376-b56f-1351f3b39160	4181	4181	Cassiope type	Harrimanella hypnoides (L.) Coville	Species	Life > Plantae > Harrimanella hypnoides (L.) Coville	Harrimanella hypnoides (L.) Coville;Cassiope tetragona (L.) D.Don	pollen	percentage	3.91991		
individualtimelinenode_7ad29507-799c-4376-b56f-1351f3b39160	4181	4181	Cassiope type	Cassiope tetragona (L.) D.Don	Species	Life > Plantae > Angiosperms > Ericales > Ericaceae > Cassiopoideae > Cassiope > Cassiope tetragona (L.) D.Don	Harrimanella hypnoides (L.) Coville;Cassiope tetragona (L.) D.Don	pollen	percentage	3.91991		
individualtimelinenode_7ad29507-799c-4376-b56f-1351f3b39160	4181	4181	Chamaenerion type	Chamaenerion	Genus	Life > Plantae > Angiosperms > Myrtales > Onagraceae > Chamaenerion	Chamaenerion	pollen	percentage	0		
individualtimelinenode_7ad29507-799c-4376-b56f-1351f3b39160	4181	4181	Cruciferae	Cruciferae	Family	Life > Plantae > Cruciferae	Cruciferae	pollen	percentage	0.66611		
individualtimelinenode_7ad29507-799c-4376-b56f-1351f3b39160	4181	4181	Cyperaceae	Cyperaceae	Family	Life > Plantae > Angiosperms > Poales > Cyperaceae	Cyperaceae	pollen	percentage	7.2519		
individualtimelinenode_7ad29507-799c-4376-b56f-1351f3b39160	4181	4181	Dryas	Dryas	Genus	Life > Plantae > Angiosperms > Rosales > Rosaceae > Dryas	Dryas	pollen	percentage	0.32837		
individualtimelinenode_7ad29507-799c-4376-b56f-1351f3b39160	4181	4181	Empetrum nigrum	Empetrum nigrum (Hagerup) Böch.	Species	Life > Plantae > Empetrum nigrum (Hagerup) Böch.	Empetrum nigrum (Hagerup) Böch.	pollen	percentage	0		
individualtimelinenode_7ad29507-799c-4376-b56f-1351f3b39160	4181	4181	Gramineae	Gramineae	Genus	Life > Plantae > Gramineae	Gramineae	pollen	percentage	9.04746		
individualtimelinenode_7ad29507-799c-4376-b56f-1351f3b39160	4181	4181	Huperzia selago	Huperzia selago (L.) Bernh. ex Schrank. & Mart.	Species	Life > Plantae > Huperzia selago (L.) Bernh. ex Schrank. & Mart.	Huperzia selago (L.) Bernh. ex Schrank. & Mart.	pollen	percentage	1.35287		
individualtimelinenode_7ad29507-799c-4376-b56f-1351f3b39160	4181	4181	Koenigia islandica	Koenigia islandica L.	Species	Life > Plantae > Angiosperms > Caryophyllales > Polygonaceae > Koenigia > Koenigia islandica L.	Koenigia islandica L.	pollen	percentage	0.28514		
individualtimelinenode_7ad29507-799c-4376-b56f-1351f3b39160	4181	4181	Liguiflorae	Liguiflorae	Family	Life > Plantae > Liguiflorae	Liguiflorae	pollen	percentage	0		
individualtimelinenode_7ad29507-799c-4376-b56f-1351f3b39160	4181	4181	Lycopodium type	Problematic (Placeholder)	Kingdom	Life > Problematic (Placeholder)	Problematic (Placeholder)	pollen	percentage	6.19315		
individualtimelinenode_7ad29507-799c-4376-b56f-1351f3b39160	4181	4181	Oxyria	Oxyria	Genus	Life > Plantae > Angiosperms > Caryophyllales > Polygonaceae > Oxyria	Oxyria	pollen	percentage	10.54612		
individualtimelinenode_7ad29507-799c-4376-b56f-1351f3b39160	4181	4181	Pedicuralis	Pedicuralis	Genus	Life > Plantae > Pedicuralis	Pedicuralis	pollen	percentage	0		
individualtimelinenode_7ad29507-799c-4376-b56f-1351f3b39160	4181	4181	Phyllodoce corerulea	Phyllodoce corerulea (L.) Bab.	Species	Life > Plantae > Phyllodoce corerulea (L.) Bab.	Phyllodoce corerulea (L.) Bab.	pollen	percentage	0		
individualtimelinenode_7ad29507-799c-4376-b56f-1351f3b39160	4181	4181	Polygonum viviparum	Polygonum viviparum L.	Species	Life > Plantae > Polygonum viviparum L.	Polygonum viviparum L.	pollen	percentage	0.26797		
individualtimelinenode_7ad29507-799c-4376-b56f-1351f3b39160	4181	4181	Polypodiaceae	Polypodiaceae	Family	Life > Plantae > Polypodiophyta > Polypodiopsida > Polypodiales > Polypodiaceae	Polypodiaceae	pollen	percentage	0.91806		
individualtimelinenode_7ad29507-799c-4376-b56f-1351f3b39160	4181	4181	Potentilla	Potentilla	Genus	Life > Plantae > Angiosperms > Rosales > Rosaceae > Potentilla	Potentilla	pollen	percentage	0.49089		
individualtimelinenode_7ad29507-799c-4376-b56f-1351f3b39160	4181	4181	Ranunculus	Ranunculus	Genus	Life > Plantae > Angiosperms > Ranunculales > Ranunculaceae > Ranunculus	Ranunculus	pollen	percentage	0.31305		
individualtimelinenode_7ad29507-799c-4376-b56f-1351f3b39160	4181	4181	Rhododendron lapponicum	Rhododendron lapponicum (L.) Wbg.	Species	Life > Plantae > Rhododendron lapponicum (L.) Wbg.	Rhododendron lapponicum (L.) Wbg.	pollen	percentage	0		
individualtimelinenode_7ad29507-799c-4376-b56f-1351f3b39160	4181	4181	Salix	Salix	Genus	Life > Plantae > Angiosperms > Malpighiales > Salicaceae > Salix	Salix	pollen	percentage	39.08938		
individualtimelinenode_7ad29507-799c-4376-b56f-1351f3b39160	4181	4181	Saxifraga ceruna type	Problematic (Placeholder)	Kingdom	Life > Problematic (Placeholder)	Problematic (Placeholder)	pollen	percentage	0		
individualtimelinenode_7ad29507-799c-4376-b56f-1351f3b39160	4181	4181	Saxifraga nivalis type	Saxifraga hieraciifolia W. & K.	Species	Life > Plantae > Saxifraga hieraciifolia W. & K.	Saxifraga hieraciifolia W. & K.;Saxifraga tenuis (Wbg.) H. Sm.;Saxifraga nivalis L.	pollen	percentage	0.18626		
individualtimelinenode_7ad29507-799c-4376-b56f-1351f3b39160	4181	4181	Saxifraga nivalis type	Saxifraga tenuis (Wbg.) H. Sm.	Species	Life > Plantae > Saxifraga tenuis (Wbg.) H. Sm.	Saxifraga hieraciifolia W. & K.;Saxifraga tenuis (Wbg.) H. Sm.;Saxifraga nivalis L.	pollen	percentage	0.18626		
individualtimelinenode_7ad29507-799c-4376-b56f-1351f3b39160	4181	4181	Saxifraga nivalis type	Saxifraga nivalis L.	Species	Life > Plantae > Angiosperms > Saxifragales > Saxifragaceae > Saxifraga > Saxifraga nivalis L.	Saxifraga hieraciifolia W. & K.;Saxifraga tenuis (Wbg.) H. Sm.;Saxifraga nivalis L.	pollen	percentage	0.18626		
individualtimelinenode_7ad29507-799c-4376-b56f-1351f3b39160	4181	4181	Saxifraga oppositifolia type	Saxifraga paniculata Mill.	Species	Saxifraga paniculata Mill.	Saxifraga paniculata Mill.;Saxifraga aizoides L.;Saxifraga tricuspidata Rottb.;Saxifraga oppositifolia L.	pollen	percentage	0		
individualtimelinenode_7ad29507-799c-4376-b56f-1351f3b39160	4181	4181	Saxifraga oppositifolia type	Saxifraga aizoides L.	Species	Saxifraga aizoides L.	Saxifraga paniculata Mill.;Saxifraga aizoides L.;Saxifraga tricuspidata Rottb.;Saxifraga oppositifolia L.	pollen	percentage	0		
individualtimelinenode_7ad29507-799c-4376-b56f-1351f3b39160	4181	4181	Saxifraga oppositifolia type	Saxifraga tricuspidata Rottb.	Species	Saxifraga tricuspidata Rottb.	Saxifraga paniculata Mill.;Saxifraga aizoides L.;Saxifraga tricuspidata Rottb.;Saxifraga oppositifolia L.	pollen	percentage	0		
individualtimelinenode_7ad29507-799c-4376-b56f-1351f3b39160	4181	4181	Saxifraga oppositifolia type	Saxifraga oppositifolia L.	Species	Life > Plantae > Angiosperms > Saxifragales > Saxifragaceae > Saxifraga > Saxifraga oppositifolia L.	Saxifraga paniculata Mill.;Saxifraga aizoides L.;Saxifraga tricuspidata Rottb.;Saxifraga oppositifolia L.	pollen	percentage	0		
individualtimelinenode_7ad29507-799c-4376-b56f-1351f3b39160	4181	4181	Thalictrum alpinum	Thalictrum alpinum L.	Species	Life > Plantae > Angiosperms > Ranunculales > Ranunculaceae > Thalictrum > Thalictrum alpinum L.	Thalictrum alpinum L.	pollen	percentage	4.5145		
individualtimelinenode_7ad29507-799c-4376-b56f-1351f3b39160	4181	4181	Tuberiflorae	Problematic (Placeholder)	Kingdom	Life > Problematic (Placeholder)	Problematic (Placeholder)	pollen	percentage	0.49917		
individualtimelinenode_7ad29507-799c-4376-b56f-1351f3b39160	4181	4181	Vaccinium uliginosum	Vaccinium uliginosum L.	Species	Life > Plantae > Angiosperms > Ericales > Ericaceae > Vaccinioideae > Vaccinium > Vaccinium uliginosum L.	Vaccinium uliginosum L.	pollen	percentage	0		
individualtimelinenode_7ad29507-799c-4376-b56f-1351f3b39160	4399	4399	Arctostaphylos alpina	Arctostaphylos alpina (L.) Spreng.	Species	Life > Plantae > Arctostaphylos alpina (L.) Spreng.	Arctostaphylos alpina (L.) Spreng.	pollen	percentage	0.22967		
individualtimelinenode_7ad29507-799c-4376-b56f-1351f3b39160	4399	4399	Betula	Betula	Genus	Life > Plantae > Angiosperms > Fagales > Betulaceae > Betula	Betula	pollen	percentage	8.57382		
individualtimelinenode_7ad29507-799c-4376-b56f-1351f3b39160	4399	4399	Campanula	Campanula	Genus	Life > Plantae > Angiosperms > Asterales > Campanulaceae > Campanula	Campanula	pollen	percentage	0		
individualtimelinenode_7ad29507-799c-4376-b56f-1351f3b39160	4399	4399	Caryophyllaceae	Caryophyllaceae	Family	Life > Plantae > Angiosperms > Caryophyllales > Caryophyllaceae	Caryophyllaceae	pollen	percentage	3.15214		
individualtimelinenode_7ad29507-799c-4376-b56f-1351f3b39160	4399	4399	Cassiope type	Harrimanella hypnoides (L.) Coville	Species	Life > Plantae > Harrimanella hypnoides (L.) Coville	Harrimanella hypnoides (L.) Coville;Cassiope tetragona (L.) D.Don	pollen	percentage	1.27853		
individualtimelinenode_7ad29507-799c-4376-b56f-1351f3b39160	4399	4399	Cassiope type	Cassiope tetragona (L.) D.Don	Species	Life > Plantae > Angiosperms > Ericales > Ericaceae > Cassiopoideae > Cassiope > Cassiope tetragona (L.) D.Don	Harrimanella hypnoides (L.) Coville;Cassiope tetragona (L.) D.Don	pollen	percentage	1.27853		
individualtimelinenode_7ad29507-799c-4376-b56f-1351f3b39160	4399	4399	Chamaenerion type	Chamaenerion	Genus	Life > Plantae > Angiosperms > Myrtales > Onagraceae > Chamaenerion	Chamaenerion	pollen	percentage	0		
individualtimelinenode_7ad29507-799c-4376-b56f-1351f3b39160	4399	4399	Cruciferae	Cruciferae	Family	Life > Plantae > Cruciferae	Cruciferae	pollen	percentage	0.74765		
individualtimelinenode_7ad29507-799c-4376-b56f-1351f3b39160	4399	4399	Cyperaceae	Cyperaceae	Family	Life > Plantae > Angiosperms > Poales > Cyperaceae	Cyperaceae	pollen	percentage	4.97561		
individualtimelinenode_7ad29507-799c-4376-b56f-1351f3b39160	4399	4399	Dryas	Dryas	Genus	Life > Plantae > Angiosperms > Rosales > Rosaceae > Dryas	Dryas	pollen	percentage	0.23058		
individualtimelinenode_7ad29507-799c-4376-b56f-1351f3b39160	4399	4399	Empetrum nigrum	Empetrum nigrum (Hagerup) Böch.	Species	Life > Plantae > Empetrum nigrum (Hagerup) Böch.	Empetrum nigrum (Hagerup) Böch.	pollen	percentage	0.41527		
individualtimelinenode_7ad29507-799c-4376-b56f-1351f3b39160	4399	4399	Gramineae	Gramineae	Genus	Life > Plantae > Gramineae	Gramineae	pollen	percentage	11.70061		
individualtimelinenode_7ad29507-799c-4376-b56f-1351f3b39160	4399	4399	Huperzia selago	Huperzia selago (L.) Bernh. ex Schrank. & Mart.	Species	Life > Plantae > Huperzia selago (L.) Bernh. ex Schrank. & Mart.	Huperzia selago (L.) Bernh. ex Schrank. & Mart.	pollen	percentage	0.15181		
individualtimelinenode_7ad29507-799c-4376-b56f-1351f3b39160	4399	4399	Koenigia islandica	Koenigia islandica L.	Species	Life > Plantae > Angiosperms > Caryophyllales > Polygonaceae > Koenigia > Koenigia islandica L.	Koenigia islandica L.	pollen	percentage	2.26792		
individualtimelinenode_7ad29507-799c-4376-b56f-1351f3b39160	4399	4399	Liguiflorae	Liguiflorae	Family	Life > Plantae > Liguiflorae	Liguiflorae	pollen	percentage	0		
individualtimelinenode_7ad29507-799c-4376-b56f-1351f3b39160	4399	4399	Lycopodium type	Problematic (Placeholder)	Kingdom	Life > Problematic (Placeholder)	Problematic (Placeholder)	pollen	percentage	3.1178		
individualtimelinenode_7ad29507-799c-4376-b56f-1351f3b39160	4399	4399	Oxyria	Oxyria	Genus	Life > Plantae > Angiosperms > Caryophyllales > Polygonaceae > Oxyria	Oxyria	pollen	percentage	8.48986		
individualtimelinenode_7ad29507-799c-4376-b56f-1351f3b39160	4399	4399	Pedicuralis	Pedicuralis	Genus	Life > Plantae > Pedicuralis	Pedicuralis	pollen	percentage	0		
individualtimelinenode_7ad29507-799c-4376-b56f-1351f3b39160	4399	4399	Phyllodoce corerulea	Phyllodoce corerulea (L.) Bab.	Species	Life > Plantae > Phyllodoce corerulea (L.) Bab.	Phyllodoce corerulea (L.) Bab.	pollen	percentage	0.24167		
individualtimelinenode_7ad29507-799c-4376-b56f-1351f3b39160	4399	4399	Polygonum viviparum	Polygonum viviparum L.	Species	Life > Plantae > Polygonum viviparum L.	Polygonum viviparum L.	pollen	percentage	0.29295		
individualtimelinenode_7ad29507-799c-4376-b56f-1351f3b39160	4399	4399	Polypodiaceae	Polypodiaceae	Family	Life > Plantae > Polypodiophyta > Polypodiopsida > Polypodiales > Polypodiaceae	Polypodiaceae	pollen	percentage	0		
individualtimelinenode_7ad29507-799c-4376-b56f-1351f3b39160	4399	4399	Potentilla	Potentilla	Genus	Life > Plantae > Angiosperms > Rosales > Rosaceae > Potentilla	Potentilla	pollen	percentage	0.62096		
individualtimelinenode_7ad29507-799c-4376-b56f-1351f3b39160	4399	4399	Ranunculus	Ranunculus	Genus	Life > Plantae > Angiosperms > Ranunculales > Ranunculaceae > Ranunculus	Ranunculus	pollen	percentage	2.58916		
individualtimelinenode_7ad29507-799c-4376-b56f-1351f3b39160	4399	4399	Rhododendron lapponicum	Rhododendron lapponicum (L.) Wbg.	Species	Life > Plantae > Rhododendron lapponicum (L.) Wbg.	Rhododendron lapponicum (L.) Wbg.	pollen	percentage	0		
individualtimelinenode_7ad29507-799c-4376-b56f-1351f3b39160	4399	4399	Salix	Salix	Genus	Life > Plantae > Angiosperms > Malpighiales > Salicaceae > Salix	Salix	pollen	percentage	45.08813		
individualtimelinenode_7ad29507-799c-4376-b56f-1351f3b39160	4399	4399	Saxifraga ceruna type	Problematic (Placeholder)	Kingdom	Life > Problematic (Placeholder)	Problematic (Placeholder)	pollen	percentage	0		
individualtimelinenode_7ad29507-799c-4376-b56f-1351f3b39160	4399	4399	Saxifraga nivalis type	Saxifraga hieraciifolia W. & K.	Species	Life > Plantae > Saxifraga hieraciifolia W. & K.	Saxifraga hieraciifolia W. & K.;Saxifraga tenuis (Wbg.) H. Sm.;Saxifraga nivalis L.	pollen	percentage	1.28948		
individualtimelinenode_7ad29507-799c-4376-b56f-1351f3b39160	4399	4399	Saxifraga nivalis type	Saxifraga tenuis (Wbg.) H. Sm.	Species	Life > Plantae > Saxifraga tenuis (Wbg.) H. Sm.	Saxifraga hieraciifolia W. & K.;Saxifraga tenuis (Wbg.) H. Sm.;Saxifraga nivalis L.	pollen	percentage	1.28948		
individualtimelinenode_7ad29507-799c-4376-b56f-1351f3b39160	4399	4399	Saxifraga nivalis type	Saxifraga nivalis L.	Species	Life > Plantae > Angiosperms > Saxifragales > Saxifragaceae > Saxifraga > Saxifraga nivalis L.	Saxifraga hieraciifolia W. & K.;Saxifraga tenuis (Wbg.) H. Sm.;Saxifraga nivalis L.	pollen	percentage	1.28948		
individualtimelinenode_7ad29507-799c-4376-b56f-1351f3b39160	4399	4399	Saxifraga oppositifolia type	Saxifraga paniculata Mill.	Species	Saxifraga paniculata Mill.	Saxifraga paniculata Mill.;Saxifraga aizoides L.;Saxifraga tricuspidata Rottb.;Saxifraga oppositifolia L.	pollen	percentage	0.44153		
individualtimelinenode_7ad29507-799c-4376-b56f-1351f3b39160	4399	4399	Saxifraga oppositifolia type	Saxifraga aizoides L.	Species	Saxifraga aizoides L.	Saxifraga paniculata Mill.;Saxifraga aizoides L.;Saxifraga tricuspidata Rottb.;Saxifraga oppositifolia L.	pollen	percentage	0.44153		
individualtimelinenode_7ad29507-799c-4376-b56f-1351f3b39160	4399	4399	Saxifraga oppositifolia type	Saxifraga tricuspidata Rottb.	Species	Saxifraga tricuspidata Rottb.	Saxifraga paniculata Mill.;Saxifraga aizoides L.;Saxifraga tricuspidata Rottb.;Saxifraga oppositifolia L.	pollen	percentage	0.44153		
individualtimelinenode_7ad29507-799c-4376-b56f-1351f3b39160	4399	4399	Saxifraga oppositifolia type	Saxifraga oppositifolia L.	Species	Life > Plantae > Angiosperms > Saxifragales > Saxifragaceae > Saxifraga > Saxifraga oppositifolia L.	Saxifraga paniculata Mill.;Saxifraga aizoides L.;Saxifraga tricuspidata Rottb.;Saxifraga oppositifolia L.	pollen	percentage	0.44153		
individualtimelinenode_7ad29507-799c-4376-b56f-1351f3b39160	4399	4399	Thalictrum alpinum	Thalictrum alpinum L.	Species	Life > Plantae > Angiosperms > Ranunculales > Ranunculaceae > Thalictrum > Thalictrum alpinum L.	Thalictrum alpinum L.	pollen	percentage	6.91432		
individualtimelinenode_7ad29507-799c-4376-b56f-1351f3b39160	4399	4399	Tuberiflorae	Problematic (Placeholder)	Kingdom	Life > Problematic (Placeholder)	Problematic (Placeholder)	pollen	percentage	0		
individualtimelinenode_7ad29507-799c-4376-b56f-1351f3b39160	4399	4399	Vaccinium uliginosum	Vaccinium uliginosum L.	Species	Life > Plantae > Angiosperms > Ericales > Ericaceae > Vaccinioideae > Vaccinium > Vaccinium uliginosum L.	Vaccinium uliginosum L.	pollen	percentage	0		
individualtimelinenode_7ad29507-799c-4376-b56f-1351f3b39160	4608	4608	Arctostaphylos alpina	Arctostaphylos alpina (L.) Spreng.	Species	Life > Plantae > Arctostaphylos alpina (L.) Spreng.	Arctostaphylos alpina (L.) Spreng.	pollen	percentage	0		
individualtimelinenode_7ad29507-799c-4376-b56f-1351f3b39160	4608	4608	Betula	Betula	Genus	Life > Plantae > Angiosperms > Fagales > Betulaceae > Betula	Betula	pollen	percentage	16.304715		
individualtimelinenode_7ad29507-799c-4376-b56f-1351f3b39160	4608	4608	Campanula	Campanula	Genus	Life > Plantae > Angiosperms > Asterales > Campanulaceae > Campanula	Campanula	pollen	percentage	0.15097		
individualtimelinenode_7ad29507-799c-4376-b56f-1351f3b39160	4608	4608	Caryophyllaceae	Caryophyllaceae	Family	Life > Plantae > Angiosperms > Caryophyllales > Caryophyllaceae	Caryophyllaceae	pollen	percentage	1.24569		
individualtimelinenode_7ad29507-799c-4376-b56f-1351f3b39160	4608	4608	Cassiope type	Harrimanella hypnoides (L.) Coville	Species	Life > Plantae > Harrimanella hypnoides (L.) Coville	Harrimanella hypnoides (L.) Coville;Cassiope tetragona (L.) D.Don	pollen	percentage	1.44894		
individualtimelinenode_7ad29507-799c-4376-b56f-1351f3b39160	4608	4608	Cassiope type	Cassiope tetragona (L.) D.Don	Species	Life > Plantae > Angiosperms > Ericales > Ericaceae > Cassiopoideae > Cassiope > Cassiope tetragona (L.) D.Don	Harrimanella hypnoides (L.) Coville;Cassiope tetragona (L.) D.Don	pollen	percentage	1.44894		
individualtimelinenode_7ad29507-799c-4376-b56f-1351f3b39160	4608	4608	Chamaenerion type	Chamaenerion	Genus	Life > Plantae > Angiosperms > Myrtales > Onagraceae > Chamaenerion	Chamaenerion	pollen	percentage	0		
individualtimelinenode_7ad29507-799c-4376-b56f-1351f3b39160	4608	4608	Cruciferae	Cruciferae	Family	Life > Plantae > Cruciferae	Cruciferae	pollen	percentage	0		
individualtimelinenode_7ad29507-799c-4376-b56f-1351f3b39160	4608	4608	Cyperaceae	Cyperaceae	Family	Life > Plantae > Angiosperms > Poales > Cyperaceae	Cyperaceae	pollen	percentage	6.37731		
individualtimelinenode_7ad29507-799c-4376-b56f-1351f3b39160	4608	4608	Dryas	Dryas	Genus	Life > Plantae > Angiosperms > Rosales > Rosaceae > Dryas	Dryas	pollen	percentage	0		
individualtimelinenode_7ad29507-799c-4376-b56f-1351f3b39160	4608	4608	Empetrum nigrum	Empetrum nigrum (Hagerup) Böch.	Species	Life > Plantae > Empetrum nigrum (Hagerup) Böch.	Empetrum nigrum (Hagerup) Böch.	pollen	percentage	0		
individualtimelinenode_7ad29507-799c-4376-b56f-1351f3b39160	4608	4608	Gramineae	Gramineae	Genus	Life > Plantae > Gramineae	Gramineae	pollen	percentage	11.41937		
individualtimelinenode_7ad29507-799c-4376-b56f-1351f3b39160	4608	4608	Huperzia selago	Huperzia selago (L.) Bernh. ex Schrank. & Mart.	Species	Life > Plantae > Huperzia selago (L.) Bernh. ex Schrank. & Mart.	Huperzia selago (L.) Bernh. ex Schrank. & Mart.	pollen	percentage	0.37756		
individualtimelinenode_7ad29507-799c-4376-b56f-1351f3b39160	4608	4608	Koenigia islandica	Koenigia islandica L.	Species	Life > Plantae > Angiosperms > Caryophyllales > Polygonaceae > Koenigia > Koenigia islandica L.	Koenigia islandica L.	pollen	percentage	0.5064		
individualtimelinenode_7ad29507-799c-4376-b56f-1351f3b39160	4608	4608	Liguiflorae	Liguiflorae	Family	Life > Plantae > Liguiflorae	Liguiflorae	pollen	percentage	0		
individualtimelinenode_7ad29507-799c-4376-b56f-1351f3b39160	4608	4608	Lycopodium type	Problematic (Placeholder)	Kingdom	Life > Problematic (Placeholder)	Problematic (Placeholder)	pollen	percentage	5.32105		
individualtimelinenode_7ad29507-799c-4376-b56f-1351f3b39160	4608	4608	Oxyria	Oxyria	Genus	Life > Plantae > Angiosperms > Caryophyllales > Polygonaceae > Oxyria	Oxyria	pollen	percentage	5.5771		
individualtimelinenode_7ad29507-799c-4376-b56f-1351f3b39160	4608	4608	Pedicuralis	Pedicuralis	Genus	Life > Plantae > Pedicuralis	Pedicuralis	pollen	percentage	0		
individualtimelinenode_7ad29507-799c-4376-b56f-1351f3b39160	4608	4608	Phyllodoce corerulea	Phyllodoce corerulea (L.) Bab.	Species	Life > Plantae > Phyllodoce corerulea (L.) Bab.	Phyllodoce corerulea (L.) Bab.	pollen	percentage	0		
individualtimelinenode_7ad29507-799c-4376-b56f-1351f3b39160	4608	4608	Polygonum viviparum	Polygonum viviparum L.	Species	Life > Plantae > Polygonum viviparum L.	Polygonum viviparum L.	pollen	percentage	0		
individualtimelinenode_7ad29507-799c-4376-b56f-1351f3b39160	4608	4608	Polypodiaceae	Polypodiaceae	Family	Life > Plantae > Polypodiophyta > Polypodiopsida > Polypodiales > Polypodiaceae	Polypodiaceae	pollen	percentage	0.22561		
individualtimelinenode_7ad29507-799c-4376-b56f-1351f3b39160	4608	4608	Potentilla	Potentilla	Genus	Life > Plantae > Angiosperms > Rosales > Rosaceae > Potentilla	Potentilla	pollen	percentage	0		
individualtimelinenode_7ad29507-799c-4376-b56f-1351f3b39160	4608	4608	Ranunculus	Ranunculus	Genus	Life > Plantae > Angiosperms > Ranunculales > Ranunculaceae > Ranunculus	Ranunculus	pollen	percentage	0.24767		
individualtimelinenode_7ad29507-799c-4376-b56f-1351f3b39160	4608	4608	Rhododendron lapponicum	Rhododendron lapponicum (L.) Wbg.	Species	Life > Plantae > Rhododendron lapponicum (L.) Wbg.	Rhododendron lapponicum (L.) Wbg.	pollen	percentage	0		
individualtimelinenode_7ad29507-799c-4376-b56f-1351f3b39160	4608	4608	Salix	Salix	Genus	Life > Plantae > Angiosperms > Malpighiales > Salicaceae > Salix	Salix	pollen	percentage	40.19048		
individualtimelinenode_7ad29507-799c-4376-b56f-1351f3b39160	4608	4608	Saxifraga ceruna type	Problematic (Placeholder)	Kingdom	Life > Problematic (Placeholder)	Problematic (Placeholder)	pollen	percentage	0		
individualtimelinenode_7ad29507-799c-4376-b56f-1351f3b39160	4608	4608	Saxifraga nivalis type	Saxifraga hieraciifolia W. & K.	Species	Life > Plantae > Saxifraga hieraciifolia W. & K.	Saxifraga hieraciifolia W. & K.;Saxifraga tenuis (Wbg.) H. Sm.;Saxifraga nivalis L.	pollen	percentage	0		
individualtimelinenode_7ad29507-799c-4376-b56f-1351f3b39160	4608	4608	Saxifraga nivalis type	Saxifraga tenuis (Wbg.) H. Sm.	Species	Life > Plantae > Saxifraga tenuis (Wbg.) H. Sm.	Saxifraga hieraciifolia W. & K.;Saxifraga tenuis (Wbg.) H. Sm.;Saxifraga nivalis L.	pollen	percentage	0		
individualtimelinenode_7ad29507-799c-4376-b56f-1351f3b39160	4608	4608	Saxifraga nivalis type	Saxifraga nivalis L.	Species	Life > Plantae > Angiosperms > Saxifragales > Saxifragaceae > Saxifraga > Saxifraga nivalis L.	Saxifraga hieraciifolia W. & K.;Saxifraga tenuis (Wbg.) H. Sm.;Saxifraga nivalis L.	pollen	percentage	0		
individualtimelinenode_7ad29507-799c-4376-b56f-1351f3b39160	4608	4608	Saxifraga oppositifolia type	Saxifraga paniculata Mill.	Species	Saxifraga paniculata Mill.	Saxifraga paniculata Mill.;Saxifraga aizoides L.;Saxifraga tricuspidata Rottb.;Saxifraga oppositifolia L.	pollen	percentage	0.22745		
individualtimelinenode_7ad29507-799c-4376-b56f-1351f3b39160	4608	4608	Saxifraga oppositifolia type	Saxifraga aizoides L.	Species	Saxifraga aizoides L.	Saxifraga paniculata Mill.;Saxifraga aizoides L.;Saxifraga tricuspidata Rottb.;Saxifraga oppositifolia L.	pollen	percentage	0.22745		
individualtimelinenode_7ad29507-799c-4376-b56f-1351f3b39160	4608	4608	Saxifraga oppositifolia type	Saxifraga tricuspidata Rottb.	Species	Saxifraga tricuspidata Rottb.	Saxifraga paniculata Mill.;Saxifraga aizoides L.;Saxifraga tricuspidata Rottb.;Saxifraga oppositifolia L.	pollen	percentage	0.22745		
individualtimelinenode_7ad29507-799c-4376-b56f-1351f3b39160	4608	4608	Saxifraga oppositifolia type	Saxifraga oppositifolia L.	Species	Life > Plantae > Angiosperms > Saxifragales > Saxifragaceae > Saxifraga > Saxifraga oppositifolia L.	Saxifraga paniculata Mill.;Saxifraga aizoides L.;Saxifraga tricuspidata Rottb.;Saxifraga oppositifolia L.	pollen	percentage	0.22745		
individualtimelinenode_7ad29507-799c-4376-b56f-1351f3b39160	4608	4608	Thalictrum alpinum	Thalictrum alpinum L.	Species	Life > Plantae > Angiosperms > Ranunculales > Ranunculaceae > Thalictrum > Thalictrum alpinum L.	Thalictrum alpinum L.	pollen	percentage	6.58701		
individualtimelinenode_7ad29507-799c-4376-b56f-1351f3b39160	4608	4608	Tuberiflorae	Problematic (Placeholder)	Kingdom	Life > Problematic (Placeholder)	Problematic (Placeholder)	pollen	percentage	0		
individualtimelinenode_7ad29507-799c-4376-b56f-1351f3b39160	4608	4608	Vaccinium uliginosum	Vaccinium uliginosum L.	Species	Life > Plantae > Angiosperms > Ericales > Ericaceae > Vaccinioideae > Vaccinium > Vaccinium uliginosum L.	Vaccinium uliginosum L.	pollen	percentage	0		
individualtimelinenode_7ad29507-799c-4376-b56f-1351f3b39160	4816	4816	Arctostaphylos alpina	Arctostaphylos alpina (L.) Spreng.	Species	Life > Plantae > Arctostaphylos alpina (L.) Spreng.	Arctostaphylos alpina (L.) Spreng.	pollen	percentage	0		
individualtimelinenode_7ad29507-799c-4376-b56f-1351f3b39160	4816	4816	Betula	Betula	Genus	Life > Plantae > Angiosperms > Fagales > Betulaceae > Betula	Betula	pollen	percentage	12.75915		
individualtimelinenode_7ad29507-799c-4376-b56f-1351f3b39160	4816	4816	Campanula	Campanula	Genus	Life > Plantae > Angiosperms > Asterales > Campanulaceae > Campanula	Campanula	pollen	percentage	0		
individualtimelinenode_7ad29507-799c-4376-b56f-1351f3b39160	4816	4816	Caryophyllaceae	Caryophyllaceae	Family	Life > Plantae > Angiosperms > Caryophyllales > Caryophyllaceae	Caryophyllaceae	pollen	percentage	2.52208		
individualtimelinenode_7ad29507-799c-4376-b56f-1351f3b39160	4816	4816	Cassiope type	Harrimanella hypnoides (L.) Coville	Species	Life > Plantae > Harrimanella hypnoides (L.) Coville	Harrimanella hypnoides (L.) Coville;Cassiope tetragona (L.) D.Don	pollen	percentage	0.70238		
individualtimelinenode_7ad29507-799c-4376-b56f-1351f3b39160	4816	4816	Cassiope type	Cassiope tetragona (L.) D.Don	Species	Life > Plantae > Angiosperms > Ericales > Ericaceae > Cassiopoideae > Cassiope > Cassiope tetragona (L.) D.Don	Harrimanella hypnoides (L.) Coville;Cassiope tetragona (L.) D.Don	pollen	percentage	0.70238		
individualtimelinenode_7ad29507-799c-4376-b56f-1351f3b39160	4816	4816	Chamaenerion type	Chamaenerion	Genus	Life > Plantae > Angiosperms > Myrtales > Onagraceae > Chamaenerion	Chamaenerion	pollen	percentage	0		
individualtimelinenode_7ad29507-799c-4376-b56f-1351f3b39160	4816	4816	Cruciferae	Cruciferae	Family	Life > Plantae > Cruciferae	Cruciferae	pollen	percentage	1.10839		
individualtimelinenode_7ad29507-799c-4376-b56f-1351f3b39160	4816	4816	Cyperaceae	Cyperaceae	Family	Life > Plantae > Angiosperms > Poales > Cyperaceae	Cyperaceae	pollen	percentage	6.3713		
individualtimelinenode_7ad29507-799c-4376-b56f-1351f3b39160	4816	4816	Dryas	Dryas	Genus	Life > Plantae > Angiosperms > Rosales > Rosaceae > Dryas	Dryas	pollen	percentage	0		
individualtimelinenode_7ad29507-799c-4376-b56f-1351f3b39160	4816	4816	Empetrum nigrum	Empetrum nigrum (Hagerup) Böch.	Species	Life > Plantae > Empetrum nigrum (Hagerup) Böch.	Empetrum nigrum (Hagerup) Böch.	pollen	percentage	0.92746		
individualtimelinenode_7ad29507-799c-4376-b56f-1351f3b39160	4816	4816	Gramineae	Gramineae	Genus	Life > Plantae > Gramineae	Gramineae	pollen	percentage	11.7832		
individualtimelinenode_7ad29507-799c-4376-b56f-1351f3b39160	4816	4816	Huperzia selago	Huperzia selago (L.) Bernh. ex Schrank. & Mart.	Species	Life > Plantae > Huperzia selago (L.) Bernh. ex Schrank. & Mart.	Huperzia selago (L.) Bernh. ex Schrank. & Mart.	pollen	percentage	0.42977		
individualtimelinenode_7ad29507-799c-4376-b56f-1351f3b39160	4816	4816	Koenigia islandica	Koenigia islandica L.	Species	Life > Plantae > Angiosperms > Caryophyllales > Polygonaceae > Koenigia > Koenigia islandica L.	Koenigia islandica L.	pollen	percentage	0.90232		
individualtimelinenode_7ad29507-799c-4376-b56f-1351f3b39160	4816	4816	Liguiflorae	Liguiflorae	Family	Life > Plantae > Liguiflorae	Liguiflorae	pollen	percentage	0.11682		
individualtimelinenode_7ad29507-799c-4376-b56f-1351f3b39160	4816	4816	Lycopodium type	Problematic (Placeholder)	Kingdom	Life > Problematic (Placeholder)	Problematic (Placeholder)	pollen	percentage	4.84538		
individualtimelinenode_7ad29507-799c-4376-b56f-1351f3b39160	4816	4816	Oxyria	Oxyria	Genus	Life > Plantae > Angiosperms > Caryophyllales > Polygonaceae > Oxyria	Oxyria	pollen	percentage	4.58565		
individualtimelinenode_7ad29507-799c-4376-b56f-1351f3b39160	4816	4816	Pedicuralis	Pedicuralis	Genus	Life > Plantae > Pedicuralis	Pedicuralis	pollen	percentage	0		
individualtimelinenode_7ad29507-799c-4376-b56f-1351f3b39160	4816	4816	Phyllodoce corerulea	Phyllodoce corerulea (L.) Bab.	Species	Life > Plantae > Phyllodoce corerulea (L.) Bab.	Phyllodoce corerulea (L.) Bab.	pollen	percentage	0		
individualtimelinenode_7ad29507-799c-4376-b56f-1351f3b39160	4816	4816	Polygonum viviparum	Polygonum viviparum L.	Species	Life > Plantae > Polygonum viviparum L.	Polygonum viviparum L.	pollen	percentage	0		
individualtimelinenode_7ad29507-799c-4376-b56f-1351f3b39160	4816	4816	Polypodiaceae	Polypodiaceae	Family	Life > Plantae > Polypodiophyta > Polypodiopsida > Polypodiales > Polypodiaceae	Polypodiaceae	pollen	percentage	0.27806		
individualtimelinenode_7ad29507-799c-4376-b56f-1351f3b39160	4816	4816	Potentilla	Potentilla	Genus	Life > Plantae > Angiosperms > Rosales > Rosaceae > Potentilla	Potentilla	pollen	percentage	0		
individualtimelinenode_7ad29507-799c-4376-b56f-1351f3b39160	4816	4816	Ranunculus	Ranunculus	Genus	Life > Plantae > Angiosperms > Ranunculales > Ranunculaceae > Ranunculus	Ranunculus	pollen	percentage	0.47703		
individualtimelinenode_7ad29507-799c-4376-b56f-1351f3b39160	4816	4816	Rhododendron lapponicum	Rhododendron lapponicum (L.) Wbg.	Species	Life > Plantae > Rhododendron lapponicum (L.) Wbg.	Rhododendron lapponicum (L.) Wbg.	pollen	percentage	0		
individualtimelinenode_7ad29507-799c-4376-b56f-1351f3b39160	4816	4816	Salix	Salix	Genus	Life > Plantae > Angiosperms > Malpighiales > Salicaceae > Salix	Salix	pollen	percentage	47.74274		
individualtimelinenode_7ad29507-799c-4376-b56f-1351f3b39160	4816	4816	Saxifraga ceruna type	Problematic (Placeholder)	Kingdom	Life > Problematic (Placeholder)	Problematic (Placeholder)	pollen	percentage	0		
individualtimelinenode_7ad29507-799c-4376-b56f-1351f3b39160	4816	4816	Saxifraga nivalis type	Saxifraga hieraciifolia W. & K.	Species	Life > Plantae > Saxifraga hieraciifolia W. & K.	Saxifraga hieraciifolia W. & K.;Saxifraga tenuis (Wbg.) H. Sm.;Saxifraga nivalis L.	pollen	percentage	0		
individualtimelinenode_7ad29507-799c-4376-b56f-1351f3b39160	4816	4816	Saxifraga nivalis type	Saxifraga tenuis (Wbg.) H. Sm.	Species	Life > Plantae > Saxifraga tenuis (Wbg.) H. Sm.	Saxifraga hieraciifolia W. & K.;Saxifraga tenuis (Wbg.) H. Sm.;Saxifraga nivalis L.	pollen	percentage	0		
individualtimelinenode_7ad29507-799c-4376-b56f-1351f3b39160	4816	4816	Saxifraga nivalis type	Saxifraga nivalis L.	Species	Life > Plantae > Angiosperms > Saxifragales > Saxifragaceae > Saxifraga > Saxifraga nivalis L.	Saxifraga hieraciifolia W. & K.;Saxifraga tenuis (Wbg.) H. Sm.;Saxifraga nivalis L.	pollen	percentage	0		
individualtimelinenode_7ad29507-799c-4376-b56f-1351f3b39160	4816	4816	Saxifraga oppositifolia type	Saxifraga paniculata Mill.	Species	Saxifraga paniculata Mill.	Saxifraga paniculata Mill.;Saxifraga aizoides L.;Saxifraga tricuspidata Rottb.;Saxifraga oppositifolia L.	pollen	percentage	0.47374		
individualtimelinenode_7ad29507-799c-4376-b56f-1351f3b39160	4816	4816	Saxifraga oppositifolia type	Saxifraga aizoides L.	Species	Saxifraga aizoides L.	Saxifraga paniculata Mill.;Saxifraga aizoides L.;Saxifraga tricuspidata Rottb.;Saxifraga oppositifolia L.	pollen	percentage	0.47374		
individualtimelinenode_7ad29507-799c-4376-b56f-1351f3b39160	4816	4816	Saxifraga oppositifolia type	Saxifraga tricuspidata Rottb.	Species	Saxifraga tricuspidata Rottb.	Saxifraga paniculata Mill.;Saxifraga aizoides L.;Saxifraga tricuspidata Rottb.;Saxifraga oppositifolia L.	pollen	percentage	0.47374		
individualtimelinenode_7ad29507-799c-4376-b56f-1351f3b39160	4816	4816	Saxifraga oppositifolia type	Saxifraga oppositifolia L.	Species	Life > Plantae > Angiosperms > Saxifragales > Saxifragaceae > Saxifraga > Saxifraga oppositifolia L.	Saxifraga paniculata Mill.;Saxifraga aizoides L.;Saxifraga tricuspidata Rottb.;Saxifraga oppositifolia L.	pollen	percentage	0.47374		
individualtimelinenode_7ad29507-799c-4376-b56f-1351f3b39160	4816	4816	Thalictrum alpinum	Thalictrum alpinum L.	Species	Life > Plantae > Angiosperms > Ranunculales > Ranunculaceae > Thalictrum > Thalictrum alpinum L.	Thalictrum alpinum L.	pollen	percentage	4.4161		
individualtimelinenode_7ad29507-799c-4376-b56f-1351f3b39160	4816	4816	Tuberiflorae	Problematic (Placeholder)	Kingdom	Life > Problematic (Placeholder)	Problematic (Placeholder)	pollen	percentage	0		
individualtimelinenode_7ad29507-799c-4376-b56f-1351f3b39160	4816	4816	Vaccinium uliginosum	Vaccinium uliginosum L.	Species	Life > Plantae > Angiosperms > Ericales > Ericaceae > Vaccinioideae > Vaccinium > Vaccinium uliginosum L.	Vaccinium uliginosum L.	pollen	percentage	0.6183		
individualtimelinenode_7ad29507-799c-4376-b56f-1351f3b39160	5037	5037	Arctostaphylos alpina	Arctostaphylos alpina (L.) Spreng.	Species	Life > Plantae > Arctostaphylos alpina (L.) Spreng.	Arctostaphylos alpina (L.) Spreng.	pollen	percentage	0		
individualtimelinenode_7ad29507-799c-4376-b56f-1351f3b39160	5037	5037	Betula	Betula	Genus	Life > Plantae > Angiosperms > Fagales > Betulaceae > Betula	Betula	pollen	percentage	15.642615		
individualtimelinenode_7ad29507-799c-4376-b56f-1351f3b39160	5037	5037	Campanula	Campanula	Genus	Life > Plantae > Angiosperms > Asterales > Campanulaceae > Campanula	Campanula	pollen	percentage	0		
individualtimelinenode_7ad29507-799c-4376-b56f-1351f3b39160	5037	5037	Caryophyllaceae	Caryophyllaceae	Family	Life > Plantae > Angiosperms > Caryophyllales > Caryophyllaceae	Caryophyllaceae	pollen	percentage	1.97488		
individualtimelinenode_7ad29507-799c-4376-b56f-1351f3b39160	5037	5037	Cassiope type	Harrimanella hypnoides (L.) Coville	Species	Life > Plantae > Harrimanella hypnoides (L.) Coville	Harrimanella hypnoides (L.) Coville;Cassiope tetragona (L.) D.Don	pollen	percentage	2.4827		
individualtimelinenode_7ad29507-799c-4376-b56f-1351f3b39160	5037	5037	Cassiope type	Cassiope tetragona (L.) D.Don	Species	Life > Plantae > Angiosperms > Ericales > Ericaceae > Cassiopoideae > Cassiope > Cassiope tetragona (L.) D.Don	Harrimanella hypnoides (L.) Coville;Cassiope tetragona (L.) D.Don	pollen	percentage	2.4827		
individualtimelinenode_7ad29507-799c-4376-b56f-1351f3b39160	5037	5037	Chamaenerion type	Chamaenerion	Genus	Life > Plantae > Angiosperms > Myrtales > Onagraceae > Chamaenerion	Chamaenerion	pollen	percentage	0		
individualtimelinenode_7ad29507-799c-4376-b56f-1351f3b39160	5037	5037	Cruciferae	Cruciferae	Family	Life > Plantae > Cruciferae	Cruciferae	pollen	percentage	0		
individualtimelinenode_7ad29507-799c-4376-b56f-1351f3b39160	5037	5037	Cyperaceae	Cyperaceae	Family	Life > Plantae > Angiosperms > Poales > Cyperaceae	Cyperaceae	pollen	percentage	6.86804		
individualtimelinenode_7ad29507-799c-4376-b56f-1351f3b39160	5037	5037	Dryas	Dryas	Genus	Life > Plantae > Angiosperms > Rosales > Rosaceae > Dryas	Dryas	pollen	percentage	0		
individualtimelinenode_7ad29507-799c-4376-b56f-1351f3b39160	5037	5037	Empetrum nigrum	Empetrum nigrum (Hagerup) Böch.	Species	Life > Plantae > Empetrum nigrum (Hagerup) Böch.	Empetrum nigrum (Hagerup) Böch.	pollen	percentage	0.21572		
individualtimelinenode_7ad29507-799c-4376-b56f-1351f3b39160	5037	5037	Gramineae	Gramineae	Genus	Life > Plantae > Gramineae	Gramineae	pollen	percentage	8.85418		
individualtimelinenode_7ad29507-799c-4376-b56f-1351f3b39160	5037	5037	Huperzia selago	Huperzia selago (L.) Bernh. ex Schrank. & Mart.	Species	Life > Plantae > Huperzia selago (L.) Bernh. ex Schrank. & Mart.	Huperzia selago (L.) Bernh. ex Schrank. & Mart.	pollen	percentage	0.48132		
individualtimelinenode_7ad29507-799c-4376-b56f-1351f3b39160	5037	5037	Koenigia islandica	Koenigia islandica L.	Species	Life > Plantae > Angiosperms > Caryophyllales > Polygonaceae > Koenigia > Koenigia islandica L.	Koenigia islandica L.	pollen	percentage	0.99367		
individualtimelinenode_7ad29507-799c-4376-b56f-1351f3b39160	5037	5037	Liguiflorae	Liguiflorae	Family	Life > Plantae > Liguiflorae	Liguiflorae	pollen	percentage	0		
individualtimelinenode_7ad29507-799c-4376-b56f-1351f3b39160	5037	5037	Lycopodium type	Problematic (Placeholder)	Kingdom	Life > Problematic (Placeholder)	Problematic (Placeholder)	pollen	percentage	3.52398		
individualtimelinenode_7ad29507-799c-4376-b56f-1351f3b39160	5037	5037	Oxyria	Oxyria	Genus	Life > Plantae > Angiosperms > Caryophyllales > Polygonaceae > Oxyria	Oxyria	pollen	percentage	2.71595		
individualtimelinenode_7ad29507-799c-4376-b56f-1351f3b39160	5037	5037	Pedicuralis	Pedicuralis	Genus	Life > Plantae > Pedicuralis	Pedicuralis	pollen	percentage	0		
individualtimelinenode_7ad29507-799c-4376-b56f-1351f3b39160	5037	5037	Phyllodoce corerulea	Phyllodoce corerulea (L.) Bab.	Species	Life > Plantae > Phyllodoce corerulea (L.) Bab.	Phyllodoce corerulea (L.) Bab.	pollen	percentage	0		
individualtimelinenode_7ad29507-799c-4376-b56f-1351f3b39160	5037	5037	Polygonum viviparum	Polygonum viviparum L.	Species	Life > Plantae > Polygonum viviparum L.	Polygonum viviparum L.	pollen	percentage	0.30558		
individualtimelinenode_7ad29507-799c-4376-b56f-1351f3b39160	5037	5037	Polypodiaceae	Polypodiaceae	Family	Life > Plantae > Polypodiophyta > Polypodiopsida > Polypodiales > Polypodiaceae	Polypodiaceae	pollen	percentage	0.30794		
individualtimelinenode_7ad29507-799c-4376-b56f-1351f3b39160	5037	5037	Potentilla	Potentilla	Genus	Life > Plantae > Angiosperms > Rosales > Rosaceae > Potentilla	Potentilla	pollen	percentage	0		
individualtimelinenode_7ad29507-799c-4376-b56f-1351f3b39160	5037	5037	Ranunculus	Ranunculus	Genus	Life > Plantae > Angiosperms > Ranunculales > Ranunculaceae > Ranunculus	Ranunculus	pollen	percentage	0.74314		
individualtimelinenode_7ad29507-799c-4376-b56f-1351f3b39160	5037	5037	Rhododendron lapponicum	Rhododendron lapponicum (L.) Wbg.	Species	Life > Plantae > Rhododendron lapponicum (L.) Wbg.	Rhododendron lapponicum (L.) Wbg.	pollen	percentage	0		
individualtimelinenode_7ad29507-799c-4376-b56f-1351f3b39160	5037	5037	Salix	Salix	Genus	Life > Plantae > Angiosperms > Malpighiales > Salicaceae > Salix	Salix	pollen	percentage	49.78373		
individualtimelinenode_7ad29507-799c-4376-b56f-1351f3b39160	5037	5037	Saxifraga ceruna type	Problematic (Placeholder)	Kingdom	Life > Problematic (Placeholder)	Problematic (Placeholder)	pollen	percentage	0		
individualtimelinenode_7ad29507-799c-4376-b56f-1351f3b39160	5037	5037	Saxifraga nivalis type	Saxifraga hieraciifolia W. & K.	Species	Life > Plantae > Saxifraga hieraciifolia W. & K.	Saxifraga hieraciifolia W. & K.;Saxifraga tenuis (Wbg.) H. Sm.;Saxifraga nivalis L.	pollen	percentage	0		
individualtimelinenode_7ad29507-799c-4376-b56f-1351f3b39160	5037	5037	Saxifraga nivalis type	Saxifraga tenuis (Wbg.) H. Sm.	Species	Life > Plantae > Saxifraga tenuis (Wbg.) H. Sm.	Saxifraga hieraciifolia W. & K.;Saxifraga tenuis (Wbg.) H. Sm.;Saxifraga nivalis L.	pollen	percentage	0		
individualtimelinenode_7ad29507-799c-4376-b56f-1351f3b39160	5037	5037	Saxifraga nivalis type	Saxifraga nivalis L.	Species	Life > Plantae > Angiosperms > Saxifragales > Saxifragaceae > Saxifraga > Saxifraga nivalis L.	Saxifraga hieraciifolia W. & K.;Saxifraga tenuis (Wbg.) H. Sm.;Saxifraga nivalis L.	pollen	percentage	0		
individualtimelinenode_7ad29507-799c-4376-b56f-1351f3b39160	5037	5037	Saxifraga oppositifolia type	Saxifraga paniculata Mill.	Species	Saxifraga paniculata Mill.	Saxifraga paniculata Mill.;Saxifraga aizoides L.;Saxifraga tricuspidata Rottb.;Saxifraga oppositifolia L.	pollen	percentage	0.24529		
individualtimelinenode_7ad29507-799c-4376-b56f-1351f3b39160	5037	5037	Saxifraga oppositifolia type	Saxifraga aizoides L.	Species	Saxifraga aizoides L.	Saxifraga paniculata Mill.;Saxifraga aizoides L.;Saxifraga tricuspidata Rottb.;Saxifraga oppositifolia L.	pollen	percentage	0.24529		
individualtimelinenode_7ad29507-799c-4376-b56f-1351f3b39160	5037	5037	Saxifraga oppositifolia type	Saxifraga tricuspidata Rottb.	Species	Saxifraga tricuspidata Rottb.	Saxifraga paniculata Mill.;Saxifraga aizoides L.;Saxifraga tricuspidata Rottb.;Saxifraga oppositifolia L.	pollen	percentage	0.24529		
individualtimelinenode_7ad29507-799c-4376-b56f-1351f3b39160	5037	5037	Saxifraga oppositifolia type	Saxifraga oppositifolia L.	Species	Life > Plantae > Angiosperms > Saxifragales > Saxifragaceae > Saxifraga > Saxifraga oppositifolia L.	Saxifraga paniculata Mill.;Saxifraga aizoides L.;Saxifraga tricuspidata Rottb.;Saxifraga oppositifolia L.	pollen	percentage	0.24529		
individualtimelinenode_7ad29507-799c-4376-b56f-1351f3b39160	5037	5037	Thalictrum alpinum	Thalictrum alpinum L.	Species	Life > Plantae > Angiosperms > Ranunculales > Ranunculaceae > Thalictrum > Thalictrum alpinum L.	Thalictrum alpinum L.	pollen	percentage	5.11732		
individualtimelinenode_7ad29507-799c-4376-b56f-1351f3b39160	5037	5037	Tuberiflorae	Problematic (Placeholder)	Kingdom	Life > Problematic (Placeholder)	Problematic (Placeholder)	pollen	percentage	0		
individualtimelinenode_7ad29507-799c-4376-b56f-1351f3b39160	5037	5037	Vaccinium uliginosum	Vaccinium uliginosum L.	Species	Life > Plantae > Angiosperms > Ericales > Ericaceae > Vaccinioideae > Vaccinium > Vaccinium uliginosum L.	Vaccinium uliginosum L.	pollen	percentage	0		
individualtimelinenode_7ad29507-799c-4376-b56f-1351f3b39160	5156	5156	Arctostaphylos alpina	Arctostaphylos alpina (L.) Spreng.	Species	Life > Plantae > Arctostaphylos alpina (L.) Spreng.	Arctostaphylos alpina (L.) Spreng.	pollen	percentage	0		
individualtimelinenode_7ad29507-799c-4376-b56f-1351f3b39160	5156	5156	Betula	Betula	Genus	Life > Plantae > Angiosperms > Fagales > Betulaceae > Betula	Betula	pollen	percentage	14.291565		
individualtimelinenode_7ad29507-799c-4376-b56f-1351f3b39160	5156	5156	Campanula	Campanula	Genus	Life > Plantae > Angiosperms > Asterales > Campanulaceae > Campanula	Campanula	pollen	percentage	0		
individualtimelinenode_7ad29507-799c-4376-b56f-1351f3b39160	5156	5156	Caryophyllaceae	Caryophyllaceae	Family	Life > Plantae > Angiosperms > Caryophyllales > Caryophyllaceae	Caryophyllaceae	pollen	percentage	1.29268		
individualtimelinenode_7ad29507-799c-4376-b56f-1351f3b39160	5156	5156	Cassiope type	Harrimanella hypnoides (L.) Coville	Species	Life > Plantae > Harrimanella hypnoides (L.) Coville	Harrimanella hypnoides (L.) Coville;Cassiope tetragona (L.) D.Don	pollen	percentage	0.71315		
individualtimelinenode_7ad29507-799c-4376-b56f-1351f3b39160	5156	5156	Cassiope type	Cassiope tetragona (L.) D.Don	Species	Life > Plantae > Angiosperms > Ericales > Ericaceae > Cassiopoideae > Cassiope > Cassiope tetragona (L.) D.Don	Harrimanella hypnoides (L.) Coville;Cassiope tetragona (L.) D.Don	pollen	percentage	0.71315		
individualtimelinenode_7ad29507-799c-4376-b56f-1351f3b39160	5156	5156	Chamaenerion type	Chamaenerion	Genus	Life > Plantae > Angiosperms > Myrtales > Onagraceae > Chamaenerion	Chamaenerion	pollen	percentage	0.23898		
individualtimelinenode_7ad29507-799c-4376-b56f-1351f3b39160	5156	5156	Cruciferae	Cruciferae	Family	Life > Plantae > Cruciferae	Cruciferae	pollen	percentage	0.17609		
individualtimelinenode_7ad29507-799c-4376-b56f-1351f3b39160	5156	5156	Cyperaceae	Cyperaceae	Family	Life > Plantae > Angiosperms > Poales > Cyperaceae	Cyperaceae	pollen	percentage	7.9714		
individualtimelinenode_7ad29507-799c-4376-b56f-1351f3b39160	5156	5156	Dryas	Dryas	Genus	Life > Plantae > Angiosperms > Rosales > Rosaceae > Dryas	Dryas	pollen	percentage	0		
individualtimelinenode_7ad29507-799c-4376-b56f-1351f3b39160	5156	5156	Empetrum nigrum	Empetrum nigrum (Hagerup) Böch.	Species	Life > Plantae > Empetrum nigrum (Hagerup) Böch.	Empetrum nigrum (Hagerup) Böch.	pollen	percentage	0.44185		
individualtimelinenode_7ad29507-799c-4376-b56f-1351f3b39160	5156	5156	Gramineae	Gramineae	Genus	Life > Plantae > Gramineae	Gramineae	pollen	percentage	16.57638		
individualtimelinenode_7ad29507-799c-4376-b56f-1351f3b39160	5156	5156	Huperzia selago	Huperzia selago (L.) Bernh. ex Schrank. & Mart.	Species	Life > Plantae > Huperzia selago (L.) Bernh. ex Schrank. & Mart.	Huperzia selago (L.) Bernh. ex Schrank. & Mart.	pollen	percentage	0.15498		
individualtimelinenode_7ad29507-799c-4376-b56f-1351f3b39160	5156	5156	Koenigia islandica	Koenigia islandica L.	Species	Life > Plantae > Angiosperms > Caryophyllales > Polygonaceae > Koenigia > Koenigia islandica L.	Koenigia islandica L.	pollen	percentage	1.09532		
individualtimelinenode_7ad29507-799c-4376-b56f-1351f3b39160	5156	5156	Liguiflorae	Liguiflorae	Family	Life > Plantae > Liguiflorae	Liguiflorae	pollen	percentage	0.15239		
individualtimelinenode_7ad29507-799c-4376-b56f-1351f3b39160	5156	5156	Lycopodium type	Problematic (Placeholder)	Kingdom	Life > Problematic (Placeholder)	Problematic (Placeholder)	pollen	percentage	2.2312		
individualtimelinenode_7ad29507-799c-4376-b56f-1351f3b39160	5156	5156	Oxyria	Oxyria	Genus	Life > Plantae > Angiosperms > Caryophyllales > Polygonaceae > Oxyria	Oxyria	pollen	percentage	0		
individualtimelinenode_7ad29507-799c-4376-b56f-1351f3b39160	5156	5156	Pedicuralis	Pedicuralis	Genus	Life > Plantae > Pedicuralis	Pedicuralis	pollen	percentage	0		
individualtimelinenode_7ad29507-799c-4376-b56f-1351f3b39160	5156	5156	Phyllodoce corerulea	Phyllodoce corerulea (L.) Bab.	Species	Life > Plantae > Phyllodoce corerulea (L.) Bab.	Phyllodoce corerulea (L.) Bab.	pollen	percentage	0		
individualtimelinenode_7ad29507-799c-4376-b56f-1351f3b39160	5156	5156	Polygonum viviparum	Polygonum viviparum L.	Species	Life > Plantae > Polygonum viviparum L.	Polygonum viviparum L.	pollen	percentage	0		
individualtimelinenode_7ad29507-799c-4376-b56f-1351f3b39160	5156	5156	Polypodiaceae	Polypodiaceae	Family	Life > Plantae > Polypodiophyta > Polypodiopsida > Polypodiales > Polypodiaceae	Polypodiaceae	pollen	percentage	0.38802		
individualtimelinenode_7ad29507-799c-4376-b56f-1351f3b39160	5156	5156	Potentilla	Potentilla	Genus	Life > Plantae > Angiosperms > Rosales > Rosaceae > Potentilla	Potentilla	pollen	percentage	0.24512		
individualtimelinenode_7ad29507-799c-4376-b56f-1351f3b39160	5156	5156	Ranunculus	Ranunculus	Genus	Life > Plantae > Angiosperms > Ranunculales > Ranunculaceae > Ranunculus	Ranunculus	pollen	percentage	0.25013		
individualtimelinenode_7ad29507-799c-4376-b56f-1351f3b39160	5156	5156	Rhododendron lapponicum	Rhododendron lapponicum (L.) Wbg.	Species	Life > Plantae > Rhododendron lapponicum (L.) Wbg.	Rhododendron lapponicum (L.) Wbg.	pollen	percentage	0		
individualtimelinenode_7ad29507-799c-4376-b56f-1351f3b39160	5156	5156	Salix	Salix	Genus	Life > Plantae > Angiosperms > Malpighiales > Salicaceae > Salix	Salix	pollen	percentage	45.81719		
individualtimelinenode_7ad29507-799c-4376-b56f-1351f3b39160	5156	5156	Saxifraga ceruna type	Problematic (Placeholder)	Kingdom	Life > Problematic (Placeholder)	Problematic (Placeholder)	pollen	percentage	0		
individualtimelinenode_7ad29507-799c-4376-b56f-1351f3b39160	5156	5156	Saxifraga nivalis type	Saxifraga hieraciifolia W. & K.	Species	Life > Plantae > Saxifraga hieraciifolia W. & K.	Saxifraga hieraciifolia W. & K.;Saxifraga tenuis (Wbg.) H. Sm.;Saxifraga nivalis L.	pollen	percentage	0		
individualtimelinenode_7ad29507-799c-4376-b56f-1351f3b39160	5156	5156	Saxifraga nivalis type	Saxifraga tenuis (Wbg.) H. Sm.	Species	Life > Plantae > Saxifraga tenuis (Wbg.) H. Sm.	Saxifraga hieraciifolia W. & K.;Saxifraga tenuis (Wbg.) H. Sm.;Saxifraga nivalis L.	pollen	percentage	0		
individualtimelinenode_7ad29507-799c-4376-b56f-1351f3b39160	5156	5156	Saxifraga nivalis type	Saxifraga nivalis L.	Species	Life > Plantae > Angiosperms > Saxifragales > Saxifragaceae > Saxifraga > Saxifraga nivalis L.	Saxifraga hieraciifolia W. & K.;Saxifraga tenuis (Wbg.) H. Sm.;Saxifraga nivalis L.	pollen	percentage	0		
individualtimelinenode_7ad29507-799c-4376-b56f-1351f3b39160	5156	5156	Saxifraga oppositifolia type	Saxifraga paniculata Mill.	Species	Saxifraga paniculata Mill.	Saxifraga paniculata Mill.;Saxifraga aizoides L.;Saxifraga tricuspidata Rottb.;Saxifraga oppositifolia L.	pollen	percentage	0		
individualtimelinenode_7ad29507-799c-4376-b56f-1351f3b39160	5156	5156	Saxifraga oppositifolia type	Saxifraga aizoides L.	Species	Saxifraga aizoides L.	Saxifraga paniculata Mill.;Saxifraga aizoides L.;Saxifraga tricuspidata Rottb.;Saxifraga oppositifolia L.	pollen	percentage	0		
individualtimelinenode_7ad29507-799c-4376-b56f-1351f3b39160	5156	5156	Saxifraga oppositifolia type	Saxifraga tricuspidata Rottb.	Species	Saxifraga tricuspidata Rottb.	Saxifraga paniculata Mill.;Saxifraga aizoides L.;Saxifraga tricuspidata Rottb.;Saxifraga oppositifolia L.	pollen	percentage	0		
individualtimelinenode_7ad29507-799c-4376-b56f-1351f3b39160	5156	5156	Saxifraga oppositifolia type	Saxifraga oppositifolia L.	Species	Life > Plantae > Angiosperms > Saxifragales > Saxifragaceae > Saxifraga > Saxifraga oppositifolia L.	Saxifraga paniculata Mill.;Saxifraga aizoides L.;Saxifraga tricuspidata Rottb.;Saxifraga oppositifolia L.	pollen	percentage	0		
individualtimelinenode_7ad29507-799c-4376-b56f-1351f3b39160	5156	5156	Thalictrum alpinum	Thalictrum alpinum L.	Species	Life > Plantae > Angiosperms > Ranunculales > Ranunculaceae > Thalictrum > Thalictrum alpinum L.	Thalictrum alpinum L.	pollen	percentage	6.98657		
individualtimelinenode_7ad29507-799c-4376-b56f-1351f3b39160	5156	5156	Tuberiflorae	Problematic (Placeholder)	Kingdom	Life > Problematic (Placeholder)	Problematic (Placeholder)	pollen	percentage	0.12718		
individualtimelinenode_7ad29507-799c-4376-b56f-1351f3b39160	5156	5156	Vaccinium uliginosum	Vaccinium uliginosum L.	Species	Life > Plantae > Angiosperms > Ericales > Ericaceae > Vaccinioideae > Vaccinium > Vaccinium uliginosum L.	Vaccinium uliginosum L.	pollen	percentage	0.21922		
individualtimelinenode_7ad29507-799c-4376-b56f-1351f3b39160	5266	5266	Arctostaphylos alpina	Arctostaphylos alpina (L.) Spreng.	Species	Life > Plantae > Arctostaphylos alpina (L.) Spreng.	Arctostaphylos alpina (L.) Spreng.	pollen	percentage	0		
individualtimelinenode_7ad29507-799c-4376-b56f-1351f3b39160	5266	5266	Betula	Betula	Genus	Life > Plantae > Angiosperms > Fagales > Betulaceae > Betula	Betula	pollen	percentage	15.95253		
individualtimelinenode_7ad29507-799c-4376-b56f-1351f3b39160	5266	5266	Campanula	Campanula	Genus	Life > Plantae > Angiosperms > Asterales > Campanulaceae > Campanula	Campanula	pollen	percentage	0		
individualtimelinenode_7ad29507-799c-4376-b56f-1351f3b39160	5266	5266	Caryophyllaceae	Caryophyllaceae	Family	Life > Plantae > Angiosperms > Caryophyllales > Caryophyllaceae	Caryophyllaceae	pollen	percentage	3.91833		
individualtimelinenode_7ad29507-799c-4376-b56f-1351f3b39160	5266	5266	Cassiope type	Harrimanella hypnoides (L.) Coville	Species	Life > Plantae > Harrimanella hypnoides (L.) Coville	Harrimanella hypnoides (L.) Coville;Cassiope tetragona (L.) D.Don	pollen	percentage	2.70776		
individualtimelinenode_7ad29507-799c-4376-b56f-1351f3b39160	5266	5266	Cassiope type	Cassiope tetragona (L.) D.Don	Species	Life > Plantae > Angiosperms > Ericales > Ericaceae > Cassiopoideae > Cassiope > Cassiope tetragona (L.) D.Don	Harrimanella hypnoides (L.) Coville;Cassiope tetragona (L.) D.Don	pollen	percentage	2.70776		
individualtimelinenode_7ad29507-799c-4376-b56f-1351f3b39160	5266	5266	Chamaenerion type	Chamaenerion	Genus	Life > Plantae > Angiosperms > Myrtales > Onagraceae > Chamaenerion	Chamaenerion	pollen	percentage	0		
individualtimelinenode_7ad29507-799c-4376-b56f-1351f3b39160	5266	5266	Cruciferae	Cruciferae	Family	Life > Plantae > Cruciferae	Cruciferae	pollen	percentage	0.95628		
individualtimelinenode_7ad29507-799c-4376-b56f-1351f3b39160	5266	5266	Cyperaceae	Cyperaceae	Family	Life > Plantae > Angiosperms > Poales > Cyperaceae	Cyperaceae	pollen	percentage	13.6128		
individualtimelinenode_7ad29507-799c-4376-b56f-1351f3b39160	5266	5266	Dryas	Dryas	Genus	Life > Plantae > Angiosperms > Rosales > Rosaceae > Dryas	Dryas	pollen	percentage	0		
individualtimelinenode_7ad29507-799c-4376-b56f-1351f3b39160	5266	5266	Empetrum nigrum	Empetrum nigrum (Hagerup) Böch.	Species	Life > Plantae > Empetrum nigrum (Hagerup) Böch.	Empetrum nigrum (Hagerup) Böch.	pollen	percentage	0.58439		
individualtimelinenode_7ad29507-799c-4376-b56f-1351f3b39160	5266	5266	Gramineae	Gramineae	Genus	Life > Plantae > Gramineae	Gramineae	pollen	percentage	17.28888		
individualtimelinenode_7ad29507-799c-4376-b56f-1351f3b39160	5266	5266	Huperzia selago	Huperzia selago (L.) Bernh. ex Schrank. & Mart.	Species	Life > Plantae > Huperzia selago (L.) Bernh. ex Schrank. & Mart.	Huperzia selago (L.) Bernh. ex Schrank. & Mart.	pollen	percentage	0		
individualtimelinenode_7ad29507-799c-4376-b56f-1351f3b39160	5266	5266	Koenigia islandica	Koenigia islandica L.	Species	Life > Plantae > Angiosperms > Caryophyllales > Polygonaceae > Koenigia > Koenigia islandica L.	Koenigia islandica L.	pollen	percentage	0.90261		
individualtimelinenode_7ad29507-799c-4376-b56f-1351f3b39160	5266	5266	Liguiflorae	Liguiflorae	Family	Life > Plantae > Liguiflorae	Liguiflorae	pollen	percentage	0		
individualtimelinenode_7ad29507-799c-4376-b56f-1351f3b39160	5266	5266	Lycopodium type	Problematic (Placeholder)	Kingdom	Life > Problematic (Placeholder)	Problematic (Placeholder)	pollen	percentage	3.76647		
individualtimelinenode_7ad29507-799c-4376-b56f-1351f3b39160	5266	5266	Oxyria	Oxyria	Genus	Life > Plantae > Angiosperms > Caryophyllales > Polygonaceae > Oxyria	Oxyria	pollen	percentage	2.68105		
individualtimelinenode_7ad29507-799c-4376-b56f-1351f3b39160	5266	5266	Pedicuralis	Pedicuralis	Genus	Life > Plantae > Pedicuralis	Pedicuralis	pollen	percentage	0		
individualtimelinenode_7ad29507-799c-4376-b56f-1351f3b39160	5266	5266	Phyllodoce corerulea	Phyllodoce corerulea (L.) Bab.	Species	Life > Plantae > Phyllodoce corerulea (L.) Bab.	Phyllodoce corerulea (L.) Bab.	pollen	percentage	0		
individualtimelinenode_7ad29507-799c-4376-b56f-1351f3b39160	5266	5266	Polygonum viviparum	Polygonum viviparum L.	Species	Life > Plantae > Polygonum viviparum L.	Polygonum viviparum L.	pollen	percentage	0.51982		
individualtimelinenode_7ad29507-799c-4376-b56f-1351f3b39160	5266	5266	Polypodiaceae	Polypodiaceae	Family	Life > Plantae > Polypodiophyta > Polypodiopsida > Polypodiales > Polypodiaceae	Polypodiaceae	pollen	percentage	1.50859		
individualtimelinenode_7ad29507-799c-4376-b56f-1351f3b39160	5266	5266	Potentilla	Potentilla	Genus	Life > Plantae > Angiosperms > Rosales > Rosaceae > Potentilla	Potentilla	pollen	percentage	0.32467		
individualtimelinenode_7ad29507-799c-4376-b56f-1351f3b39160	5266	5266	Ranunculus	Ranunculus	Genus	Life > Plantae > Angiosperms > Ranunculales > Ranunculaceae > Ranunculus	Ranunculus	pollen	percentage	0		
individualtimelinenode_7ad29507-799c-4376-b56f-1351f3b39160	5266	5266	Rhododendron lapponicum	Rhododendron lapponicum (L.) Wbg.	Species	Life > Plantae > Rhododendron lapponicum (L.) Wbg.	Rhododendron lapponicum (L.) Wbg.	pollen	percentage	0.30788		
individualtimelinenode_7ad29507-799c-4376-b56f-1351f3b39160	5266	5266	Salix	Salix	Genus	Life > Plantae > Angiosperms > Malpighiales > Salicaceae > Salix	Salix	pollen	percentage	27.20938		
individualtimelinenode_7ad29507-799c-4376-b56f-1351f3b39160	5266	5266	Saxifraga ceruna type	Problematic (Placeholder)	Kingdom	Life > Problematic (Placeholder)	Problematic (Placeholder)	pollen	percentage	0		
individualtimelinenode_7ad29507-799c-4376-b56f-1351f3b39160	5266	5266	Saxifraga nivalis type	Saxifraga hieraciifolia W. & K.	Species	Life > Plantae > Saxifraga hieraciifolia W. & K.	Saxifraga hieraciifolia W. & K.;Saxifraga tenuis (Wbg.) H. Sm.;Saxifraga nivalis L.	pollen	percentage	0.23163		
individualtimelinenode_7ad29507-799c-4376-b56f-1351f3b39160	5266	5266	Saxifraga nivalis type	Saxifraga tenuis (Wbg.) H. Sm.	Species	Life > Plantae > Saxifraga tenuis (Wbg.) H. Sm.	Saxifraga hieraciifolia W. & K.;Saxifraga tenuis (Wbg.) H. Sm.;Saxifraga nivalis L.	pollen	percentage	0.23163		
individualtimelinenode_7ad29507-799c-4376-b56f-1351f3b39160	5266	5266	Saxifraga nivalis type	Saxifraga nivalis L.	Species	Life > Plantae > Angiosperms > Saxifragales > Saxifragaceae > Saxifraga > Saxifraga nivalis L.	Saxifraga hieraciifolia W. & K.;Saxifraga tenuis (Wbg.) H. Sm.;Saxifraga nivalis L.	pollen	percentage	0.23163		
individualtimelinenode_7ad29507-799c-4376-b56f-1351f3b39160	5266	5266	Saxifraga oppositifolia type	Saxifraga paniculata Mill.	Species	Saxifraga paniculata Mill.	Saxifraga paniculata Mill.;Saxifraga aizoides L.;Saxifraga tricuspidata Rottb.;Saxifraga oppositifolia L.	pollen	percentage	0		
individualtimelinenode_7ad29507-799c-4376-b56f-1351f3b39160	5266	5266	Saxifraga oppositifolia type	Saxifraga aizoides L.	Species	Saxifraga aizoides L.	Saxifraga paniculata Mill.;Saxifraga aizoides L.;Saxifraga tricuspidata Rottb.;Saxifraga oppositifolia L.	pollen	percentage	0		
individualtimelinenode_7ad29507-799c-4376-b56f-1351f3b39160	5266	5266	Saxifraga oppositifolia type	Saxifraga tricuspidata Rottb.	Species	Saxifraga tricuspidata Rottb.	Saxifraga paniculata Mill.;Saxifraga aizoides L.;Saxifraga tricuspidata Rottb.;Saxifraga oppositifolia L.	pollen	percentage	0		
individualtimelinenode_7ad29507-799c-4376-b56f-1351f3b39160	5266	5266	Saxifraga oppositifolia type	Saxifraga oppositifolia L.	Species	Life > Plantae > Angiosperms > Saxifragales > Saxifragaceae > Saxifraga > Saxifraga oppositifolia L.	Saxifraga paniculata Mill.;Saxifraga aizoides L.;Saxifraga tricuspidata Rottb.;Saxifraga oppositifolia L.	pollen	percentage	0		
individualtimelinenode_7ad29507-799c-4376-b56f-1351f3b39160	5266	5266	Thalictrum alpinum	Thalictrum alpinum L.	Species	Life > Plantae > Angiosperms > Ranunculales > Ranunculaceae > Thalictrum > Thalictrum alpinum L.	Thalictrum alpinum L.	pollen	percentage	0		
individualtimelinenode_7ad29507-799c-4376-b56f-1351f3b39160	5266	5266	Tuberiflorae	Problematic (Placeholder)	Kingdom	Life > Problematic (Placeholder)	Problematic (Placeholder)	pollen	percentage	0.25232		
individualtimelinenode_7ad29507-799c-4376-b56f-1351f3b39160	5266	5266	Vaccinium uliginosum	Vaccinium uliginosum L.	Species	Life > Plantae > Angiosperms > Ericales > Ericaceae > Vaccinioideae > Vaccinium > Vaccinium uliginosum L.	Vaccinium uliginosum L.	pollen	percentage	0.56044		
individualtimelinenode_7ad29507-799c-4376-b56f-1351f3b39160	5388	5388	Arctostaphylos alpina	Arctostaphylos alpina (L.) Spreng.	Species	Life > Plantae > Arctostaphylos alpina (L.) Spreng.	Arctostaphylos alpina (L.) Spreng.	pollen	percentage	0		
individualtimelinenode_7ad29507-799c-4376-b56f-1351f3b39160	5388	5388	Betula	Betula	Genus	Life > Plantae > Angiosperms > Fagales > Betulaceae > Betula	Betula	pollen	percentage	18.508155		
individualtimelinenode_7ad29507-799c-4376-b56f-1351f3b39160	5388	5388	Campanula	Campanula	Genus	Life > Plantae > Angiosperms > Asterales > Campanulaceae > Campanula	Campanula	pollen	percentage	0		
individualtimelinenode_7ad29507-799c-4376-b56f-1351f3b39160	5388	5388	Caryophyllaceae	Caryophyllaceae	Family	Life > Plantae > Angiosperms > Caryophyllales > Caryophyllaceae	Caryophyllaceae	pollen	percentage	3.98431		
individualtimelinenode_7ad29507-799c-4376-b56f-1351f3b39160	5388	5388	Cassiope type	Harrimanella hypnoides (L.) Coville	Species	Life > Plantae > Harrimanella hypnoides (L.) Coville	Harrimanella hypnoides (L.) Coville;Cassiope tetragona (L.) D.Don	pollen	percentage	3.30378		
individualtimelinenode_7ad29507-799c-4376-b56f-1351f3b39160	5388	5388	Cassiope type	Cassiope tetragona (L.) D.Don	Species	Life > Plantae > Angiosperms > Ericales > Ericaceae > Cassiopoideae > Cassiope > Cassiope tetragona (L.) D.Don	Harrimanella hypnoides (L.) Coville;Cassiope tetragona (L.) D.Don	pollen	percentage	3.30378		
individualtimelinenode_7ad29507-799c-4376-b56f-1351f3b39160	5388	5388	Chamaenerion type	Chamaenerion	Genus	Life > Plantae > Angiosperms > Myrtales > Onagraceae > Chamaenerion	Chamaenerion	pollen	percentage	0		
individualtimelinenode_7ad29507-799c-4376-b56f-1351f3b39160	5388	5388	Cruciferae	Cruciferae	Family	Life > Plantae > Cruciferae	Cruciferae	pollen	percentage	0		
individualtimelinenode_7ad29507-799c-4376-b56f-1351f3b39160	5388	5388	Cyperaceae	Cyperaceae	Family	Life > Plantae > Angiosperms > Poales > Cyperaceae	Cyperaceae	pollen	percentage	18.63349		
individualtimelinenode_7ad29507-799c-4376-b56f-1351f3b39160	5388	5388	Dryas	Dryas	Genus	Life > Plantae > Angiosperms > Rosales > Rosaceae > Dryas	Dryas	pollen	percentage	0		
individualtimelinenode_7ad29507-799c-4376-b56f-1351f3b39160	5388	5388	Empetrum nigrum	Empetrum nigrum (Hagerup) Böch.	Species	Life > Plantae > Empetrum nigrum (Hagerup) Böch.	Empetrum nigrum (Hagerup) Böch.	pollen	percentage	0.56689		
individualtimelinenode_7ad29507-799c-4376-b56f-1351f3b39160	5388	5388	Gramineae	Gramineae	Genus	Life > Plantae > Gramineae	Gramineae	pollen	percentage	0		
individualtimelinenode_7ad29507-799c-4376-b56f-1351f3b39160	5388	5388	Huperzia selago	Huperzia selago (L.) Bernh. ex Schrank. & Mart.	Species	Life > Plantae > Huperzia selago (L.) Bernh. ex Schrank. & Mart.	Huperzia selago (L.) Bernh. ex Schrank. & Mart.	pollen	percentage	1.3657		
individualtimelinenode_7ad29507-799c-4376-b56f-1351f3b39160	5388	5388	Koenigia islandica	Koenigia islandica L.	Species	Life > Plantae > Angiosperms > Caryophyllales > Polygonaceae > Koenigia > Koenigia islandica L.	Koenigia islandica L.	pollen	percentage	1.31345		
individualtimelinenode_7ad29507-799c-4376-b56f-1351f3b39160	5388	5388	Liguiflorae	Liguiflorae	Family	Life > Plantae > Liguiflorae	Liguiflorae	pollen	percentage	0		
individualtimelinenode_7ad29507-799c-4376-b56f-1351f3b39160	5388	5388	Lycopodium type	Problematic (Placeholder)	Kingdom	Life > Problematic (Placeholder)	Problematic (Placeholder)	pollen	percentage	4.13319		
individualtimelinenode_7ad29507-799c-4376-b56f-1351f3b39160	5388	5388	Oxyria	Oxyria	Genus	Life > Plantae > Angiosperms > Caryophyllales > Polygonaceae > Oxyria	Oxyria	pollen	percentage	2.81206		
individualtimelinenode_7ad29507-799c-4376-b56f-1351f3b39160	5388	5388	Pedicuralis	Pedicuralis	Genus	Life > Plantae > Pedicuralis	Pedicuralis	pollen	percentage	0		
individualtimelinenode_7ad29507-799c-4376-b56f-1351f3b39160	5388	5388	Phyllodoce corerulea	Phyllodoce corerulea (L.) Bab.	Species	Life > Plantae > Phyllodoce corerulea (L.) Bab.	Phyllodoce corerulea (L.) Bab.	pollen	percentage	0		
individualtimelinenode_7ad29507-799c-4376-b56f-1351f3b39160	5388	5388	Polygonum viviparum	Polygonum viviparum L.	Species	Life > Plantae > Polygonum viviparum L.	Polygonum viviparum L.	pollen	percentage	0		
individualtimelinenode_7ad29507-799c-4376-b56f-1351f3b39160	5388	5388	Polypodiaceae	Polypodiaceae	Family	Life > Plantae > Polypodiophyta > Polypodiopsida > Polypodiales > Polypodiaceae	Polypodiaceae	pollen	percentage	0		
individualtimelinenode_7ad29507-799c-4376-b56f-1351f3b39160	5388	5388	Potentilla	Potentilla	Genus	Life > Plantae > Angiosperms > Rosales > Rosaceae > Potentilla	Potentilla	pollen	percentage	0.95921		
individualtimelinenode_7ad29507-799c-4376-b56f-1351f3b39160	5388	5388	Ranunculus	Ranunculus	Genus	Life > Plantae > Angiosperms > Ranunculales > Ranunculaceae > Ranunculus	Ranunculus	pollen	percentage	0.59084		
individualtimelinenode_7ad29507-799c-4376-b56f-1351f3b39160	5388	5388	Rhododendron lapponicum	Rhododendron lapponicum (L.) Wbg.	Species	Life > Plantae > Rhododendron lapponicum (L.) Wbg.	Rhododendron lapponicum (L.) Wbg.	pollen	percentage	0		
individualtimelinenode_7ad29507-799c-4376-b56f-1351f3b39160	5388	5388	Salix	Salix	Genus	Life > Plantae > Angiosperms > Malpighiales > Salicaceae > Salix	Salix	pollen	percentage	11.8595		
individualtimelinenode_7ad29507-799c-4376-b56f-1351f3b39160	5388	5388	Saxifraga ceruna type	Problematic (Placeholder)	Kingdom	Life > Problematic (Placeholder)	Problematic (Placeholder)	pollen	percentage	0		
individualtimelinenode_7ad29507-799c-4376-b56f-1351f3b39160	5388	5388	Saxifraga nivalis type	Saxifraga hieraciifolia W. & K.	Species	Life > Plantae > Saxifraga hieraciifolia W. & K.	Saxifraga hieraciifolia W. & K.;Saxifraga tenuis (Wbg.) H. Sm.;Saxifraga nivalis L.	pollen	percentage	0		
individualtimelinenode_7ad29507-799c-4376-b56f-1351f3b39160	5388	5388	Saxifraga nivalis type	Saxifraga tenuis (Wbg.) H. Sm.	Species	Life > Plantae > Saxifraga tenuis (Wbg.) H. Sm.	Saxifraga hieraciifolia W. & K.;Saxifraga tenuis (Wbg.) H. Sm.;Saxifraga nivalis L.	pollen	percentage	0		
individualtimelinenode_7ad29507-799c-4376-b56f-1351f3b39160	5388	5388	Saxifraga nivalis type	Saxifraga nivalis L.	Species	Life > Plantae > Angiosperms > Saxifragales > Saxifragaceae > Saxifraga > Saxifraga nivalis L.	Saxifraga hieraciifolia W. & K.;Saxifraga tenuis (Wbg.) H. Sm.;Saxifraga nivalis L.	pollen	percentage	0		
individualtimelinenode_7ad29507-799c-4376-b56f-1351f3b39160	5388	5388	Saxifraga oppositifolia type	Saxifraga paniculata Mill.	Species	Saxifraga paniculata Mill.	Saxifraga paniculata Mill.;Saxifraga aizoides L.;Saxifraga tricuspidata Rottb.;Saxifraga oppositifolia L.	pollen	percentage	0.71145		
individualtimelinenode_7ad29507-799c-4376-b56f-1351f3b39160	5388	5388	Saxifraga oppositifolia type	Saxifraga aizoides L.	Species	Saxifraga aizoides L.	Saxifraga paniculata Mill.;Saxifraga aizoides L.;Saxifraga tricuspidata Rottb.;Saxifraga oppositifolia L.	pollen	percentage	0.71145		
individualtimelinenode_7ad29507-799c-4376-b56f-1351f3b39160	5388	5388	Saxifraga oppositifolia type	Saxifraga tricuspidata Rottb.	Species	Saxifraga tricuspidata Rottb.	Saxifraga paniculata Mill.;Saxifraga aizoides L.;Saxifraga tricuspidata Rottb.;Saxifraga oppositifolia L.	pollen	percentage	0.71145		
individualtimelinenode_7ad29507-799c-4376-b56f-1351f3b39160	5388	5388	Saxifraga oppositifolia type	Saxifraga oppositifolia L.	Species	Life > Plantae > Angiosperms > Saxifragales > Saxifragaceae > Saxifraga > Saxifraga oppositifolia L.	Saxifraga paniculata Mill.;Saxifraga aizoides L.;Saxifraga tricuspidata Rottb.;Saxifraga oppositifolia L.	pollen	percentage	0.71145		
individualtimelinenode_7ad29507-799c-4376-b56f-1351f3b39160	5388	5388	Thalictrum alpinum	Thalictrum alpinum L.	Species	Life > Plantae > Angiosperms > Ranunculales > Ranunculaceae > Thalictrum > Thalictrum alpinum L.	Thalictrum alpinum L.	pollen	percentage	20.71971		
individualtimelinenode_7ad29507-799c-4376-b56f-1351f3b39160	5388	5388	Tuberiflorae	Problematic (Placeholder)	Kingdom	Life > Problematic (Placeholder)	Problematic (Placeholder)	pollen	percentage	0.58574		
individualtimelinenode_7ad29507-799c-4376-b56f-1351f3b39160	5388	5388	Vaccinium uliginosum	Vaccinium uliginosum L.	Species	Life > Plantae > Angiosperms > Ericales > Ericaceae > Vaccinioideae > Vaccinium > Vaccinium uliginosum L.	Vaccinium uliginosum L.	pollen	percentage	0.25884		
individualtimelinenode_7ad29507-799c-4376-b56f-1351f3b39160	5477	5477	Arctostaphylos alpina	Arctostaphylos alpina (L.) Spreng.	Species	Life > Plantae > Arctostaphylos alpina (L.) Spreng.	Arctostaphylos alpina (L.) Spreng.	pollen	percentage	0		
individualtimelinenode_7ad29507-799c-4376-b56f-1351f3b39160	5477	5477	Betula	Betula	Genus	Life > Plantae > Angiosperms > Fagales > Betulaceae > Betula	Betula	pollen	percentage	20.679485		
individualtimelinenode_7ad29507-799c-4376-b56f-1351f3b39160	5477	5477	Campanula	Campanula	Genus	Life > Plantae > Angiosperms > Asterales > Campanulaceae > Campanula	Campanula	pollen	percentage	0		
individualtimelinenode_7ad29507-799c-4376-b56f-1351f3b39160	5477	5477	Caryophyllaceae	Caryophyllaceae	Family	Life > Plantae > Angiosperms > Caryophyllales > Caryophyllaceae	Caryophyllaceae	pollen	percentage	3.97456		
individualtimelinenode_7ad29507-799c-4376-b56f-1351f3b39160	5477	5477	Cassiope type	Harrimanella hypnoides (L.) Coville	Species	Life > Plantae > Harrimanella hypnoides (L.) Coville	Harrimanella hypnoides (L.) Coville;Cassiope tetragona (L.) D.Don	pollen	percentage	3.00418		
individualtimelinenode_7ad29507-799c-4376-b56f-1351f3b39160	5477	5477	Cassiope type	Cassiope tetragona (L.) D.Don	Species	Life > Plantae > Angiosperms > Ericales > Ericaceae > Cassiopoideae > Cassiope > Cassiope tetragona (L.) D.Don	Harrimanella hypnoides (L.) Coville;Cassiope tetragona (L.) D.Don	pollen	percentage	3.00418		
individualtimelinenode_7ad29507-799c-4376-b56f-1351f3b39160	5477	5477	Chamaenerion type	Chamaenerion	Genus	Life > Plantae > Angiosperms > Myrtales > Onagraceae > Chamaenerion	Chamaenerion	pollen	percentage	0		
individualtimelinenode_7ad29507-799c-4376-b56f-1351f3b39160	5477	5477	Cruciferae	Cruciferae	Family	Life > Plantae > Cruciferae	Cruciferae	pollen	percentage	0		
individualtimelinenode_7ad29507-799c-4376-b56f-1351f3b39160	5477	5477	Cyperaceae	Cyperaceae	Family	Life > Plantae > Angiosperms > Poales > Cyperaceae	Cyperaceae	pollen	percentage	0		
individualtimelinenode_7ad29507-799c-4376-b56f-1351f3b39160	5477	5477	Dryas	Dryas	Genus	Life > Plantae > Angiosperms > Rosales > Rosaceae > Dryas	Dryas	pollen	percentage	0.26544		
individualtimelinenode_7ad29507-799c-4376-b56f-1351f3b39160	5477	5477	Empetrum nigrum	Empetrum nigrum (Hagerup) Böch.	Species	Life > Plantae > Empetrum nigrum (Hagerup) Böch.	Empetrum nigrum (Hagerup) Böch.	pollen	percentage	0.36295		
individualtimelinenode_7ad29507-799c-4376-b56f-1351f3b39160	5477	5477	Gramineae	Gramineae	Genus	Life > Plantae > Gramineae	Gramineae	pollen	percentage	15.40239		
individualtimelinenode_7ad29507-799c-4376-b56f-1351f3b39160	5477	5477	Huperzia selago	Huperzia selago (L.) Bernh. ex Schrank. & Mart.	Species	Life > Plantae > Huperzia selago (L.) Bernh. ex Schrank. & Mart.	Huperzia selago (L.) Bernh. ex Schrank. & Mart.	pollen	percentage	1.23188		
individualtimelinenode_7ad29507-799c-4376-b56f-1351f3b39160	5477	5477	Koenigia islandica	Koenigia islandica L.	Species	Life > Plantae > Angiosperms > Caryophyllales > Polygonaceae > Koenigia > Koenigia islandica L.	Koenigia islandica L.	pollen	percentage	0.91084		
individualtimelinenode_7ad29507-799c-4376-b56f-1351f3b39160	5477	5477	Liguiflorae	Liguiflorae	Family	Life > Plantae > Liguiflorae	Liguiflorae	pollen	percentage	0		
individualtimelinenode_7ad29507-799c-4376-b56f-1351f3b39160	5477	5477	Lycopodium type	Problematic (Placeholder)	Kingdom	Life > Problematic (Placeholder)	Problematic (Placeholder)	pollen	percentage	5.37945		
individualtimelinenode_7ad29507-799c-4376-b56f-1351f3b39160	5477	5477	Oxyria	Oxyria	Genus	Life > Plantae > Angiosperms > Caryophyllales > Polygonaceae > Oxyria	Oxyria	pollen	percentage	7.17977		
individualtimelinenode_7ad29507-799c-4376-b56f-1351f3b39160	5477	5477	Pedicuralis	Pedicuralis	Genus	Life > Plantae > Pedicuralis	Pedicuralis	pollen	percentage	0		
individualtimelinenode_7ad29507-799c-4376-b56f-1351f3b39160	5477	5477	Phyllodoce corerulea	Phyllodoce corerulea (L.) Bab.	Species	Life > Plantae > Phyllodoce corerulea (L.) Bab.	Phyllodoce corerulea (L.) Bab.	pollen	percentage	0.31884		
individualtimelinenode_7ad29507-799c-4376-b56f-1351f3b39160	5477	5477	Polygonum viviparum	Polygonum viviparum L.	Species	Life > Plantae > Polygonum viviparum L.	Polygonum viviparum L.	pollen	percentage	0.2644		
individualtimelinenode_7ad29507-799c-4376-b56f-1351f3b39160	5477	5477	Polypodiaceae	Polypodiaceae	Family	Life > Plantae > Polypodiophyta > Polypodiopsida > Polypodiales > Polypodiaceae	Polypodiaceae	pollen	percentage	0.33586		
individualtimelinenode_7ad29507-799c-4376-b56f-1351f3b39160	5477	5477	Potentilla	Potentilla	Genus	Life > Plantae > Angiosperms > Rosales > Rosaceae > Potentilla	Potentilla	pollen	percentage	0.95294		
individualtimelinenode_7ad29507-799c-4376-b56f-1351f3b39160	5477	5477	Ranunculus	Ranunculus	Genus	Life > Plantae > Angiosperms > Ranunculales > Ranunculaceae > Ranunculus	Ranunculus	pollen	percentage	0		
individualtimelinenode_7ad29507-799c-4376-b56f-1351f3b39160	5477	5477	Rhododendron lapponicum	Rhododendron lapponicum (L.) Wbg.	Species	Life > Plantae > Rhododendron lapponicum (L.) Wbg.	Rhododendron lapponicum (L.) Wbg.	pollen	percentage	0		
individualtimelinenode_7ad29507-799c-4376-b56f-1351f3b39160	5477	5477	Salix	Salix	Genus	Life > Plantae > Angiosperms > Malpighiales > Salicaceae > Salix	Salix	pollen	percentage	21.5208		
individualtimelinenode_7ad29507-799c-4376-b56f-1351f3b39160	5477	5477	Saxifraga ceruna type	Problematic (Placeholder)	Kingdom	Life > Problematic (Placeholder)	Problematic (Placeholder)	pollen	percentage	0		
individualtimelinenode_7ad29507-799c-4376-b56f-1351f3b39160	5477	5477	Saxifraga nivalis type	Saxifraga hieraciifolia W. & K.	Species	Life > Plantae > Saxifraga hieraciifolia W. & K.	Saxifraga hieraciifolia W. & K.;Saxifraga tenuis (Wbg.) H. Sm.;Saxifraga nivalis L.	pollen	percentage	0		
individualtimelinenode_7ad29507-799c-4376-b56f-1351f3b39160	5477	5477	Saxifraga nivalis type	Saxifraga tenuis (Wbg.) H. Sm.	Species	Life > Plantae > Saxifraga tenuis (Wbg.) H. Sm.	Saxifraga hieraciifolia W. & K.;Saxifraga tenuis (Wbg.) H. Sm.;Saxifraga nivalis L.	pollen	percentage	0		
individualtimelinenode_7ad29507-799c-4376-b56f-1351f3b39160	5477	5477	Saxifraga nivalis type	Saxifraga nivalis L.	Species	Life > Plantae > Angiosperms > Saxifragales > Saxifragaceae > Saxifraga > Saxifraga nivalis L.	Saxifraga hieraciifolia W. & K.;Saxifraga tenuis (Wbg.) H. Sm.;Saxifraga nivalis L.	pollen	percentage	0		
individualtimelinenode_7ad29507-799c-4376-b56f-1351f3b39160	5477	5477	Saxifraga oppositifolia type	Saxifraga paniculata Mill.	Species	Saxifraga paniculata Mill.	Saxifraga paniculata Mill.;Saxifraga aizoides L.;Saxifraga tricuspidata Rottb.;Saxifraga oppositifolia L.	pollen	percentage	0		
individualtimelinenode_7ad29507-799c-4376-b56f-1351f3b39160	5477	5477	Saxifraga oppositifolia type	Saxifraga aizoides L.	Species	Saxifraga aizoides L.	Saxifraga paniculata Mill.;Saxifraga aizoides L.;Saxifraga tricuspidata Rottb.;Saxifraga oppositifolia L.	pollen	percentage	0		
individualtimelinenode_7ad29507-799c-4376-b56f-1351f3b39160	5477	5477	Saxifraga oppositifolia type	Saxifraga tricuspidata Rottb.	Species	Saxifraga tricuspidata Rottb.	Saxifraga paniculata Mill.;Saxifraga aizoides L.;Saxifraga tricuspidata Rottb.;Saxifraga oppositifolia L.	pollen	percentage	0		
individualtimelinenode_7ad29507-799c-4376-b56f-1351f3b39160	5477	5477	Saxifraga oppositifolia type	Saxifraga oppositifolia L.	Species	Life > Plantae > Angiosperms > Saxifragales > Saxifragaceae > Saxifraga > Saxifraga oppositifolia L.	Saxifraga paniculata Mill.;Saxifraga aizoides L.;Saxifraga tricuspidata Rottb.;Saxifraga oppositifolia L.	pollen	percentage	0		
individualtimelinenode_7ad29507-799c-4376-b56f-1351f3b39160	5477	5477	Thalictrum alpinum	Thalictrum alpinum L.	Species	Life > Plantae > Angiosperms > Ranunculales > Ranunculaceae > Thalictrum > Thalictrum alpinum L.	Thalictrum alpinum L.	pollen	percentage	14.50598		
individualtimelinenode_7ad29507-799c-4376-b56f-1351f3b39160	5477	5477	Tuberiflorae	Problematic (Placeholder)	Kingdom	Life > Problematic (Placeholder)	Problematic (Placeholder)	pollen	percentage	0		
individualtimelinenode_7ad29507-799c-4376-b56f-1351f3b39160	5477	5477	Vaccinium uliginosum	Vaccinium uliginosum L.	Species	Life > Plantae > Angiosperms > Ericales > Ericaceae > Vaccinioideae > Vaccinium > Vaccinium uliginosum L.	Vaccinium uliginosum L.	pollen	percentage	0		
individualtimelinenode_7ad29507-799c-4376-b56f-1351f3b39160	5703	5703	Arctostaphylos alpina	Arctostaphylos alpina (L.) Spreng.	Species	Life > Plantae > Arctostaphylos alpina (L.) Spreng.	Arctostaphylos alpina (L.) Spreng.	pollen	percentage	0		
individualtimelinenode_7ad29507-799c-4376-b56f-1351f3b39160	5703	5703	Betula	Betula	Genus	Life > Plantae > Angiosperms > Fagales > Betulaceae > Betula	Betula	pollen	percentage	27.992825		
individualtimelinenode_7ad29507-799c-4376-b56f-1351f3b39160	5703	5703	Campanula	Campanula	Genus	Life > Plantae > Angiosperms > Asterales > Campanulaceae > Campanula	Campanula	pollen	percentage	0.22582		
individualtimelinenode_7ad29507-799c-4376-b56f-1351f3b39160	5703	5703	Caryophyllaceae	Caryophyllaceae	Family	Life > Plantae > Angiosperms > Caryophyllales > Caryophyllaceae	Caryophyllaceae	pollen	percentage	4.25992		
individualtimelinenode_7ad29507-799c-4376-b56f-1351f3b39160	5703	5703	Cassiope type	Harrimanella hypnoides (L.) Coville	Species	Life > Plantae > Harrimanella hypnoides (L.) Coville	Harrimanella hypnoides (L.) Coville;Cassiope tetragona (L.) D.Don	pollen	percentage	2.03204		
individualtimelinenode_7ad29507-799c-4376-b56f-1351f3b39160	5703	5703	Cassiope type	Cassiope tetragona (L.) D.Don	Species	Life > Plantae > Angiosperms > Ericales > Ericaceae > Cassiopoideae > Cassiope > Cassiope tetragona (L.) D.Don	Harrimanella hypnoides (L.) Coville;Cassiope tetragona (L.) D.Don	pollen	percentage	2.03204		
individualtimelinenode_7ad29507-799c-4376-b56f-1351f3b39160	5703	5703	Chamaenerion type	Chamaenerion	Genus	Life > Plantae > Angiosperms > Myrtales > Onagraceae > Chamaenerion	Chamaenerion	pollen	percentage	0		
individualtimelinenode_7ad29507-799c-4376-b56f-1351f3b39160	5703	5703	Cruciferae	Cruciferae	Family	Life > Plantae > Cruciferae	Cruciferae	pollen	percentage	0.42		
individualtimelinenode_7ad29507-799c-4376-b56f-1351f3b39160	5703	5703	Cyperaceae	Cyperaceae	Family	Life > Plantae > Angiosperms > Poales > Cyperaceae	Cyperaceae	pollen	percentage	17.09957		
individualtimelinenode_7ad29507-799c-4376-b56f-1351f3b39160	5703	5703	Dryas	Dryas	Genus	Life > Plantae > Angiosperms > Rosales > Rosaceae > Dryas	Dryas	pollen	percentage	0.23604		
individualtimelinenode_7ad29507-799c-4376-b56f-1351f3b39160	5703	5703	Empetrum nigrum	Empetrum nigrum (Hagerup) Böch.	Species	Life > Plantae > Empetrum nigrum (Hagerup) Böch.	Empetrum nigrum (Hagerup) Böch.	pollen	percentage	0.18882		
individualtimelinenode_7ad29507-799c-4376-b56f-1351f3b39160	5703	5703	Gramineae	Gramineae	Genus	Life > Plantae > Gramineae	Gramineae	pollen	percentage	12.92664		
individualtimelinenode_7ad29507-799c-4376-b56f-1351f3b39160	5703	5703	Huperzia selago	Huperzia selago (L.) Bernh. ex Schrank. & Mart.	Species	Life > Plantae > Huperzia selago (L.) Bernh. ex Schrank. & Mart.	Huperzia selago (L.) Bernh. ex Schrank. & Mart.	pollen	percentage	1.38703		
individualtimelinenode_7ad29507-799c-4376-b56f-1351f3b39160	5703	5703	Koenigia islandica	Koenigia islandica L.	Species	Life > Plantae > Angiosperms > Caryophyllales > Polygonaceae > Koenigia > Koenigia islandica L.	Koenigia islandica L.	pollen	percentage	0.79612		
individualtimelinenode_7ad29507-799c-4376-b56f-1351f3b39160	5703	5703	Liguiflorae	Liguiflorae	Family	Life > Plantae > Liguiflorae	Liguiflorae	pollen	percentage	0		
individualtimelinenode_7ad29507-799c-4376-b56f-1351f3b39160	5703	5703	Lycopodium type	Problematic (Placeholder)	Kingdom	Life > Problematic (Placeholder)	Problematic (Placeholder)	pollen	percentage	2.8367		
individualtimelinenode_7ad29507-799c-4376-b56f-1351f3b39160	5703	5703	Oxyria	Oxyria	Genus	Life > Plantae > Angiosperms > Caryophyllales > Polygonaceae > Oxyria	Oxyria	pollen	percentage	1.52582		
individualtimelinenode_7ad29507-799c-4376-b56f-1351f3b39160	5703	5703	Pedicuralis	Pedicuralis	Genus	Life > Plantae > Pedicuralis	Pedicuralis	pollen	percentage	0		
individualtimelinenode_7ad29507-799c-4376-b56f-1351f3b39160	5703	5703	Phyllodoce corerulea	Phyllodoce corerulea (L.) Bab.	Species	Life > Plantae > Phyllodoce corerulea (L.) Bab.	Phyllodoce corerulea (L.) Bab.	pollen	percentage	0		
individualtimelinenode_7ad29507-799c-4376-b56f-1351f3b39160	5703	5703	Polygonum viviparum	Polygonum viviparum L.	Species	Life > Plantae > Polygonum viviparum L.	Polygonum viviparum L.	pollen	percentage	0		
individualtimelinenode_7ad29507-799c-4376-b56f-1351f3b39160	5703	5703	Polypodiaceae	Polypodiaceae	Family	Life > Plantae > Polypodiophyta > Polypodiopsida > Polypodiales > Polypodiaceae	Polypodiaceae	pollen	percentage	0.51884		
individualtimelinenode_7ad29507-799c-4376-b56f-1351f3b39160	5703	5703	Potentilla	Potentilla	Genus	Life > Plantae > Angiosperms > Rosales > Rosaceae > Potentilla	Potentilla	pollen	percentage	0.17781		
individualtimelinenode_7ad29507-799c-4376-b56f-1351f3b39160	5703	5703	Ranunculus	Ranunculus	Genus	Life > Plantae > Angiosperms > Ranunculales > Ranunculaceae > Ranunculus	Ranunculus	pollen	percentage	0.67389		
individualtimelinenode_7ad29507-799c-4376-b56f-1351f3b39160	5703	5703	Rhododendron lapponicum	Rhododendron lapponicum (L.) Wbg.	Species	Life > Plantae > Rhododendron lapponicum (L.) Wbg.	Rhododendron lapponicum (L.) Wbg.	pollen	percentage	0		
individualtimelinenode_7ad29507-799c-4376-b56f-1351f3b39160	5703	5703	Salix	Salix	Genus	Life > Plantae > Angiosperms > Malpighiales > Salicaceae > Salix	Salix	pollen	percentage	12.34016		
individualtimelinenode_7ad29507-799c-4376-b56f-1351f3b39160	5703	5703	Saxifraga ceruna type	Problematic (Placeholder)	Kingdom	Life > Problematic (Placeholder)	Problematic (Placeholder)	pollen	percentage	0		
individualtimelinenode_7ad29507-799c-4376-b56f-1351f3b39160	5703	5703	Saxifraga nivalis type	Saxifraga hieraciifolia W. & K.	Species	Life > Plantae > Saxifraga hieraciifolia W. & K.	Saxifraga hieraciifolia W. & K.;Saxifraga tenuis (Wbg.) H. Sm.;Saxifraga nivalis L.	pollen	percentage	0		
individualtimelinenode_7ad29507-799c-4376-b56f-1351f3b39160	5703	5703	Saxifraga nivalis type	Saxifraga tenuis (Wbg.) H. Sm.	Species	Life > Plantae > Saxifraga tenuis (Wbg.) H. Sm.	Saxifraga hieraciifolia W. & K.;Saxifraga tenuis (Wbg.) H. Sm.;Saxifraga nivalis L.	pollen	percentage	0		
individualtimelinenode_7ad29507-799c-4376-b56f-1351f3b39160	5703	5703	Saxifraga nivalis type	Saxifraga nivalis L.	Species	Life > Plantae > Angiosperms > Saxifragales > Saxifragaceae > Saxifraga > Saxifraga nivalis L.	Saxifraga hieraciifolia W. & K.;Saxifraga tenuis (Wbg.) H. Sm.;Saxifraga nivalis L.	pollen	percentage	0		
individualtimelinenode_7ad29507-799c-4376-b56f-1351f3b39160	5703	5703	Saxifraga oppositifolia type	Saxifraga paniculata Mill.	Species	Saxifraga paniculata Mill.	Saxifraga paniculata Mill.;Saxifraga aizoides L.;Saxifraga tricuspidata Rottb.;Saxifraga oppositifolia L.	pollen	percentage	0.98476		
individualtimelinenode_7ad29507-799c-4376-b56f-1351f3b39160	5703	5703	Saxifraga oppositifolia type	Saxifraga aizoides L.	Species	Saxifraga aizoides L.	Saxifraga paniculata Mill.;Saxifraga aizoides L.;Saxifraga tricuspidata Rottb.;Saxifraga oppositifolia L.	pollen	percentage	0.98476		
individualtimelinenode_7ad29507-799c-4376-b56f-1351f3b39160	5703	5703	Saxifraga oppositifolia type	Saxifraga tricuspidata Rottb.	Species	Saxifraga tricuspidata Rottb.	Saxifraga paniculata Mill.;Saxifraga aizoides L.;Saxifraga tricuspidata Rottb.;Saxifraga oppositifolia L.	pollen	percentage	0.98476		
individualtimelinenode_7ad29507-799c-4376-b56f-1351f3b39160	5703	5703	Saxifraga oppositifolia type	Saxifraga oppositifolia L.	Species	Life > Plantae > Angiosperms > Saxifragales > Saxifragaceae > Saxifraga > Saxifraga oppositifolia L.	Saxifraga paniculata Mill.;Saxifraga aizoides L.;Saxifraga tricuspidata Rottb.;Saxifraga oppositifolia L.	pollen	percentage	0.98476		
individualtimelinenode_7ad29507-799c-4376-b56f-1351f3b39160	5703	5703	Thalictrum alpinum	Thalictrum alpinum L.	Species	Life > Plantae > Angiosperms > Ranunculales > Ranunculaceae > Thalictrum > Thalictrum alpinum L.	Thalictrum alpinum L.	pollen	percentage	12.96613		
individualtimelinenode_7ad29507-799c-4376-b56f-1351f3b39160	5703	5703	Tuberiflorae	Problematic (Placeholder)	Kingdom	Life > Problematic (Placeholder)	Problematic (Placeholder)	pollen	percentage	0.14067		
individualtimelinenode_7ad29507-799c-4376-b56f-1351f3b39160	5703	5703	Vaccinium uliginosum	Vaccinium uliginosum L.	Species	Life > Plantae > Angiosperms > Ericales > Ericaceae > Vaccinioideae > Vaccinium > Vaccinium uliginosum L.	Vaccinium uliginosum L.	pollen	percentage	0.23476		
individualtimelinenode_7ad29507-799c-4376-b56f-1351f3b39160	5960	5960	Arctostaphylos alpina	Arctostaphylos alpina (L.) Spreng.	Species	Life > Plantae > Arctostaphylos alpina (L.) Spreng.	Arctostaphylos alpina (L.) Spreng.	pollen	percentage	0		
individualtimelinenode_7ad29507-799c-4376-b56f-1351f3b39160	5960	5960	Betula	Betula	Genus	Life > Plantae > Angiosperms > Fagales > Betulaceae > Betula	Betula	pollen	percentage	23.247035		
individualtimelinenode_7ad29507-799c-4376-b56f-1351f3b39160	5960	5960	Campanula	Campanula	Genus	Life > Plantae > Angiosperms > Asterales > Campanulaceae > Campanula	Campanula	pollen	percentage	0		
individualtimelinenode_7ad29507-799c-4376-b56f-1351f3b39160	5960	5960	Caryophyllaceae	Caryophyllaceae	Family	Life > Plantae > Angiosperms > Caryophyllales > Caryophyllaceae	Caryophyllaceae	pollen	percentage	2.31819		
individualtimelinenode_7ad29507-799c-4376-b56f-1351f3b39160	5960	5960	Cassiope type	Harrimanella hypnoides (L.) Coville	Species	Life > Plantae > Harrimanella hypnoides (L.) Coville	Harrimanella hypnoides (L.) Coville;Cassiope tetragona (L.) D.Don	pollen	percentage	2.66078		
individualtimelinenode_7ad29507-799c-4376-b56f-1351f3b39160	5960	5960	Cassiope type	Cassiope tetragona (L.) D.Don	Species	Life > Plantae > Angiosperms > Ericales > Ericaceae > Cassiopoideae > Cassiope > Cassiope tetragona (L.) D.Don	Harrimanella hypnoides (L.) Coville;Cassiope tetragona (L.) D.Don	pollen	percentage	2.66078		
individualtimelinenode_7ad29507-799c-4376-b56f-1351f3b39160	5960	5960	Chamaenerion type	Chamaenerion	Genus	Life > Plantae > Angiosperms > Myrtales > Onagraceae > Chamaenerion	Chamaenerion	pollen	percentage	0		
individualtimelinenode_7ad29507-799c-4376-b56f-1351f3b39160	5960	5960	Cruciferae	Cruciferae	Family	Life > Plantae > Cruciferae	Cruciferae	pollen	percentage	0		
individualtimelinenode_7ad29507-799c-4376-b56f-1351f3b39160	5960	5960	Cyperaceae	Cyperaceae	Family	Life > Plantae > Angiosperms > Poales > Cyperaceae	Cyperaceae	pollen	percentage	12.84383		
individualtimelinenode_7ad29507-799c-4376-b56f-1351f3b39160	5960	5960	Dryas	Dryas	Genus	Life > Plantae > Angiosperms > Rosales > Rosaceae > Dryas	Dryas	pollen	percentage	0		
individualtimelinenode_7ad29507-799c-4376-b56f-1351f3b39160	5960	5960	Empetrum nigrum	Empetrum nigrum (Hagerup) Böch.	Species	Life > Plantae > Empetrum nigrum (Hagerup) Böch.	Empetrum nigrum (Hagerup) Böch.	pollen	percentage	0.20236		
individualtimelinenode_7ad29507-799c-4376-b56f-1351f3b39160	5960	5960	Gramineae	Gramineae	Genus	Life > Plantae > Gramineae	Gramineae	pollen	percentage	18.6137		
individualtimelinenode_7ad29507-799c-4376-b56f-1351f3b39160	5960	5960	Huperzia selago	Huperzia selago (L.) Bernh. ex Schrank. & Mart.	Species	Life > Plantae > Huperzia selago (L.) Bernh. ex Schrank. & Mart.	Huperzia selago (L.) Bernh. ex Schrank. & Mart.	pollen	percentage	0.68765		
individualtimelinenode_7ad29507-799c-4376-b56f-1351f3b39160	5960	5960	Koenigia islandica	Koenigia islandica L.	Species	Life > Plantae > Angiosperms > Caryophyllales > Polygonaceae > Koenigia > Koenigia islandica L.	Koenigia islandica L.	pollen	percentage	0.24472		
individualtimelinenode_7ad29507-799c-4376-b56f-1351f3b39160	5960	5960	Liguiflorae	Liguiflorae	Family	Life > Plantae > Liguiflorae	Liguiflorae	pollen	percentage	0		
individualtimelinenode_7ad29507-799c-4376-b56f-1351f3b39160	5960	5960	Lycopodium type	Problematic (Placeholder)	Kingdom	Life > Problematic (Placeholder)	Problematic (Placeholder)	pollen	percentage	2.88877		
individualtimelinenode_7ad29507-799c-4376-b56f-1351f3b39160	5960	5960	Oxyria	Oxyria	Genus	Life > Plantae > Angiosperms > Caryophyllales > Polygonaceae > Oxyria	Oxyria	pollen	percentage	5.73222		
individualtimelinenode_7ad29507-799c-4376-b56f-1351f3b39160	5960	5960	Pedicuralis	Pedicuralis	Genus	Life > Plantae > Pedicuralis	Pedicuralis	pollen	percentage	0		
individualtimelinenode_7ad29507-799c-4376-b56f-1351f3b39160	5960	5960	Phyllodoce corerulea	Phyllodoce corerulea (L.) Bab.	Species	Life > Plantae > Phyllodoce corerulea (L.) Bab.	Phyllodoce corerulea (L.) Bab.	pollen	percentage	0		
individualtimelinenode_7ad29507-799c-4376-b56f-1351f3b39160	5960	5960	Polygonum viviparum	Polygonum viviparum L.	Species	Life > Plantae > Polygonum viviparum L.	Polygonum viviparum L.	pollen	percentage	0.34767		
individualtimelinenode_7ad29507-799c-4376-b56f-1351f3b39160	5960	5960	Polypodiaceae	Polypodiaceae	Family	Life > Plantae > Polypodiophyta > Polypodiopsida > Polypodiales > Polypodiaceae	Polypodiaceae	pollen	percentage	0.82003		
individualtimelinenode_7ad29507-799c-4376-b56f-1351f3b39160	5960	5960	Potentilla	Potentilla	Genus	Life > Plantae > Angiosperms > Rosales > Rosaceae > Potentilla	Potentilla	pollen	percentage	2.52284		
individualtimelinenode_7ad29507-799c-4376-b56f-1351f3b39160	5960	5960	Ranunculus	Ranunculus	Genus	Life > Plantae > Angiosperms > Ranunculales > Ranunculaceae > Ranunculus	Ranunculus	pollen	percentage	1.25806		
individualtimelinenode_7ad29507-799c-4376-b56f-1351f3b39160	5960	5960	Rhododendron lapponicum	Rhododendron lapponicum (L.) Wbg.	Species	Life > Plantae > Rhododendron lapponicum (L.) Wbg.	Rhododendron lapponicum (L.) Wbg.	pollen	percentage	0		
individualtimelinenode_7ad29507-799c-4376-b56f-1351f3b39160	5960	5960	Salix	Salix	Genus	Life > Plantae > Angiosperms > Malpighiales > Salicaceae > Salix	Salix	pollen	percentage	10.33685		
individualtimelinenode_7ad29507-799c-4376-b56f-1351f3b39160	5960	5960	Saxifraga ceruna type	Problematic (Placeholder)	Kingdom	Life > Problematic (Placeholder)	Problematic (Placeholder)	pollen	percentage	0		
individualtimelinenode_7ad29507-799c-4376-b56f-1351f3b39160	5960	5960	Saxifraga nivalis type	Saxifraga hieraciifolia W. & K.	Species	Life > Plantae > Saxifraga hieraciifolia W. & K.	Saxifraga hieraciifolia W. & K.;Saxifraga tenuis (Wbg.) H. Sm.;Saxifraga nivalis L.	pollen	percentage	0		
individualtimelinenode_7ad29507-799c-4376-b56f-1351f3b39160	5960	5960	Saxifraga nivalis type	Saxifraga tenuis (Wbg.) H. Sm.	Species	Life > Plantae > Saxifraga tenuis (Wbg.) H. Sm.	Saxifraga hieraciifolia W. & K.;Saxifraga tenuis (Wbg.) H. Sm.;Saxifraga nivalis L.	pollen	percentage	0		
individualtimelinenode_7ad29507-799c-4376-b56f-1351f3b39160	5960	5960	Saxifraga nivalis type	Saxifraga nivalis L.	Species	Life > Plantae > Angiosperms > Saxifragales > Saxifragaceae > Saxifraga > Saxifraga nivalis L.	Saxifraga hieraciifolia W. & K.;Saxifraga tenuis (Wbg.) H. Sm.;Saxifraga nivalis L.	pollen	percentage	0		
individualtimelinenode_7ad29507-799c-4376-b56f-1351f3b39160	5960	5960	Saxifraga oppositifolia type	Saxifraga paniculata Mill.	Species	Saxifraga paniculata Mill.	Saxifraga paniculata Mill.;Saxifraga aizoides L.;Saxifraga tricuspidata Rottb.;Saxifraga oppositifolia L.	pollen	percentage	0.22026		
individualtimelinenode_7ad29507-799c-4376-b56f-1351f3b39160	5960	5960	Saxifraga oppositifolia type	Saxifraga aizoides L.	Species	Saxifraga aizoides L.	Saxifraga paniculata Mill.;Saxifraga aizoides L.;Saxifraga tricuspidata Rottb.;Saxifraga oppositifolia L.	pollen	percentage	0.22026		
individualtimelinenode_7ad29507-799c-4376-b56f-1351f3b39160	5960	5960	Saxifraga oppositifolia type	Saxifraga tricuspidata Rottb.	Species	Saxifraga tricuspidata Rottb.	Saxifraga paniculata Mill.;Saxifraga aizoides L.;Saxifraga tricuspidata Rottb.;Saxifraga oppositifolia L.	pollen	percentage	0.22026		
individualtimelinenode_7ad29507-799c-4376-b56f-1351f3b39160	5960	5960	Saxifraga oppositifolia type	Saxifraga oppositifolia L.	Species	Life > Plantae > Angiosperms > Saxifragales > Saxifragaceae > Saxifraga > Saxifraga oppositifolia L.	Saxifraga paniculata Mill.;Saxifraga aizoides L.;Saxifraga tricuspidata Rottb.;Saxifraga oppositifolia L.	pollen	percentage	0.22026		
individualtimelinenode_7ad29507-799c-4376-b56f-1351f3b39160	5960	5960	Thalictrum alpinum	Thalictrum alpinum L.	Species	Life > Plantae > Angiosperms > Ranunculales > Ranunculaceae > Thalictrum > Thalictrum alpinum L.	Thalictrum alpinum L.	pollen	percentage	17.39021		
individualtimelinenode_7ad29507-799c-4376-b56f-1351f3b39160	5960	5960	Tuberiflorae	Problematic (Placeholder)	Kingdom	Life > Problematic (Placeholder)	Problematic (Placeholder)	pollen	percentage	0		
individualtimelinenode_7ad29507-799c-4376-b56f-1351f3b39160	5960	5960	Vaccinium uliginosum	Vaccinium uliginosum L.	Species	Life > Plantae > Angiosperms > Ericales > Ericaceae > Vaccinioideae > Vaccinium > Vaccinium uliginosum L.	Vaccinium uliginosum L.	pollen	percentage	0		
individualtimelinenode_7ad29507-799c-4376-b56f-1351f3b39160	6266	6266	Arctostaphylos alpina	Arctostaphylos alpina (L.) Spreng.	Species	Life > Plantae > Arctostaphylos alpina (L.) Spreng.	Arctostaphylos alpina (L.) Spreng.	pollen	percentage	0		
individualtimelinenode_7ad29507-799c-4376-b56f-1351f3b39160	6266	6266	Betula	Betula	Genus	Life > Plantae > Angiosperms > Fagales > Betulaceae > Betula	Betula	pollen	percentage	19.68166		
individualtimelinenode_7ad29507-799c-4376-b56f-1351f3b39160	6266	6266	Campanula	Campanula	Genus	Life > Plantae > Angiosperms > Asterales > Campanulaceae > Campanula	Campanula	pollen	percentage	0		
individualtimelinenode_7ad29507-799c-4376-b56f-1351f3b39160	6266	6266	Caryophyllaceae	Caryophyllaceae	Family	Life > Plantae > Angiosperms > Caryophyllales > Caryophyllaceae	Caryophyllaceae	pollen	percentage	4.53078		
individualtimelinenode_7ad29507-799c-4376-b56f-1351f3b39160	6266	6266	Cassiope type	Harrimanella hypnoides (L.) Coville	Species	Life > Plantae > Harrimanella hypnoides (L.) Coville	Harrimanella hypnoides (L.) Coville;Cassiope tetragona (L.) D.Don	pollen	percentage	2.66419		
individualtimelinenode_7ad29507-799c-4376-b56f-1351f3b39160	6266	6266	Cassiope type	Cassiope tetragona (L.) D.Don	Species	Life > Plantae > Angiosperms > Ericales > Ericaceae > Cassiopoideae > Cassiope > Cassiope tetragona (L.) D.Don	Harrimanella hypnoides (L.) Coville;Cassiope tetragona (L.) D.Don	pollen	percentage	2.66419		
individualtimelinenode_7ad29507-799c-4376-b56f-1351f3b39160	6266	6266	Chamaenerion type	Chamaenerion	Genus	Life > Plantae > Angiosperms > Myrtales > Onagraceae > Chamaenerion	Chamaenerion	pollen	percentage	0		
individualtimelinenode_7ad29507-799c-4376-b56f-1351f3b39160	6266	6266	Cruciferae	Cruciferae	Family	Life > Plantae > Cruciferae	Cruciferae	pollen	percentage	0.3067		
individualtimelinenode_7ad29507-799c-4376-b56f-1351f3b39160	6266	6266	Cyperaceae	Cyperaceae	Family	Life > Plantae > Angiosperms > Poales > Cyperaceae	Cyperaceae	pollen	percentage	16.26442		
individualtimelinenode_7ad29507-799c-4376-b56f-1351f3b39160	6266	6266	Dryas	Dryas	Genus	Life > Plantae > Angiosperms > Rosales > Rosaceae > Dryas	Dryas	pollen	percentage	0		
individualtimelinenode_7ad29507-799c-4376-b56f-1351f3b39160	6266	6266	Empetrum nigrum	Empetrum nigrum (Hagerup) Böch.	Species	Life > Plantae > Empetrum nigrum (Hagerup) Böch.	Empetrum nigrum (Hagerup) Böch.	pollen	percentage	0.55308		
individualtimelinenode_7ad29507-799c-4376-b56f-1351f3b39160	6266	6266	Gramineae	Gramineae	Genus	Life > Plantae > Gramineae	Gramineae	pollen	percentage	27.22473		
individualtimelinenode_7ad29507-799c-4376-b56f-1351f3b39160	6266	6266	Huperzia selago	Huperzia selago (L.) Bernh. ex Schrank. & Mart.	Species	Life > Plantae > Huperzia selago (L.) Bernh. ex Schrank. & Mart.	Huperzia selago (L.) Bernh. ex Schrank. & Mart.	pollen	percentage	0		
individualtimelinenode_7ad29507-799c-4376-b56f-1351f3b39160	6266	6266	Koenigia islandica	Koenigia islandica L.	Species	Life > Plantae > Angiosperms > Caryophyllales > Polygonaceae > Koenigia > Koenigia islandica L.	Koenigia islandica L.	pollen	percentage	0.81244		
individualtimelinenode_7ad29507-799c-4376-b56f-1351f3b39160	6266	6266	Liguiflorae	Liguiflorae	Family	Life > Plantae > Liguiflorae	Liguiflorae	pollen	percentage	0		
individualtimelinenode_7ad29507-799c-4376-b56f-1351f3b39160	6266	6266	Lycopodium type	Problematic (Placeholder)	Kingdom	Life > Problematic (Placeholder)	Problematic (Placeholder)	pollen	percentage	1.36555		
individualtimelinenode_7ad29507-799c-4376-b56f-1351f3b39160	6266	6266	Oxyria	Oxyria	Genus	Life > Plantae > Angiosperms > Caryophyllales > Polygonaceae > Oxyria	Oxyria	pollen	percentage	4.76566		
individualtimelinenode_7ad29507-799c-4376-b56f-1351f3b39160	6266	6266	Pedicuralis	Pedicuralis	Genus	Life > Plantae > Pedicuralis	Pedicuralis	pollen	percentage	0		
individualtimelinenode_7ad29507-799c-4376-b56f-1351f3b39160	6266	6266	Phyllodoce corerulea	Phyllodoce corerulea (L.) Bab.	Species	Life > Plantae > Phyllodoce corerulea (L.) Bab.	Phyllodoce corerulea (L.) Bab.	pollen	percentage	0		
individualtimelinenode_7ad29507-799c-4376-b56f-1351f3b39160	6266	6266	Polygonum viviparum	Polygonum viviparum L.	Species	Life > Plantae > Polygonum viviparum L.	Polygonum viviparum L.	pollen	percentage	0.69205		
individualtimelinenode_7ad29507-799c-4376-b56f-1351f3b39160	6266	6266	Polypodiaceae	Polypodiaceae	Family	Life > Plantae > Polypodiophyta > Polypodiopsida > Polypodiales > Polypodiaceae	Polypodiaceae	pollen	percentage	0.28966		
individualtimelinenode_7ad29507-799c-4376-b56f-1351f3b39160	6266	6266	Potentilla	Potentilla	Genus	Life > Plantae > Angiosperms > Rosales > Rosaceae > Potentilla	Potentilla	pollen	percentage	0		
individualtimelinenode_7ad29507-799c-4376-b56f-1351f3b39160	6266	6266	Ranunculus	Ranunculus	Genus	Life > Plantae > Angiosperms > Ranunculales > Ranunculaceae > Ranunculus	Ranunculus	pollen	percentage	0.42374		
individualtimelinenode_7ad29507-799c-4376-b56f-1351f3b39160	6266	6266	Rhododendron lapponicum	Rhododendron lapponicum (L.) Wbg.	Species	Life > Plantae > Rhododendron lapponicum (L.) Wbg.	Rhododendron lapponicum (L.) Wbg.	pollen	percentage	0		
individualtimelinenode_7ad29507-799c-4376-b56f-1351f3b39160	6266	6266	Salix	Salix	Genus	Life > Plantae > Angiosperms > Malpighiales > Salicaceae > Salix	Salix	pollen	percentage	6.69881		
individualtimelinenode_7ad29507-799c-4376-b56f-1351f3b39160	6266	6266	Saxifraga ceruna type	Problematic (Placeholder)	Kingdom	Life > Problematic (Placeholder)	Problematic (Placeholder)	pollen	percentage	0		
individualtimelinenode_7ad29507-799c-4376-b56f-1351f3b39160	6266	6266	Saxifraga nivalis type	Saxifraga hieraciifolia W. & K.	Species	Life > Plantae > Saxifraga hieraciifolia W. & K.	Saxifraga hieraciifolia W. & K.;Saxifraga tenuis (Wbg.) H. Sm.;Saxifraga nivalis L.	pollen	percentage	0		
individualtimelinenode_7ad29507-799c-4376-b56f-1351f3b39160	6266	6266	Saxifraga nivalis type	Saxifraga tenuis (Wbg.) H. Sm.	Species	Life > Plantae > Saxifraga tenuis (Wbg.) H. Sm.	Saxifraga hieraciifolia W. & K.;Saxifraga tenuis (Wbg.) H. Sm.;Saxifraga nivalis L.	pollen	percentage	0		
individualtimelinenode_7ad29507-799c-4376-b56f-1351f3b39160	6266	6266	Saxifraga nivalis type	Saxifraga nivalis L.	Species	Life > Plantae > Angiosperms > Saxifragales > Saxifragaceae > Saxifraga > Saxifraga nivalis L.	Saxifraga hieraciifolia W. & K.;Saxifraga tenuis (Wbg.) H. Sm.;Saxifraga nivalis L.	pollen	percentage	0		
individualtimelinenode_7ad29507-799c-4376-b56f-1351f3b39160	6266	6266	Saxifraga oppositifolia type	Saxifraga paniculata Mill.	Species	Saxifraga paniculata Mill.	Saxifraga paniculata Mill.;Saxifraga aizoides L.;Saxifraga tricuspidata Rottb.;Saxifraga oppositifolia L.	pollen	percentage	0.23746		
individualtimelinenode_7ad29507-799c-4376-b56f-1351f3b39160	6266	6266	Saxifraga oppositifolia type	Saxifraga aizoides L.	Species	Saxifraga aizoides L.	Saxifraga paniculata Mill.;Saxifraga aizoides L.;Saxifraga tricuspidata Rottb.;Saxifraga oppositifolia L.	pollen	percentage	0.23746		
individualtimelinenode_7ad29507-799c-4376-b56f-1351f3b39160	6266	6266	Saxifraga oppositifolia type	Saxifraga tricuspidata Rottb.	Species	Saxifraga tricuspidata Rottb.	Saxifraga paniculata Mill.;Saxifraga aizoides L.;Saxifraga tricuspidata Rottb.;Saxifraga oppositifolia L.	pollen	percentage	0.23746		
individualtimelinenode_7ad29507-799c-4376-b56f-1351f3b39160	6266	6266	Saxifraga oppositifolia type	Saxifraga oppositifolia L.	Species	Life > Plantae > Angiosperms > Saxifragales > Saxifragaceae > Saxifraga > Saxifraga oppositifolia L.	Saxifraga paniculata Mill.;Saxifraga aizoides L.;Saxifraga tricuspidata Rottb.;Saxifraga oppositifolia L.	pollen	percentage	0.23746		
individualtimelinenode_7ad29507-799c-4376-b56f-1351f3b39160	6266	6266	Thalictrum alpinum	Thalictrum alpinum L.	Species	Life > Plantae > Angiosperms > Ranunculales > Ranunculaceae > Thalictrum > Thalictrum alpinum L.	Thalictrum alpinum L.	pollen	percentage	15.84415		
individualtimelinenode_7ad29507-799c-4376-b56f-1351f3b39160	6266	6266	Tuberiflorae	Problematic (Placeholder)	Kingdom	Life > Problematic (Placeholder)	Problematic (Placeholder)	pollen	percentage	0.1159		
individualtimelinenode_7ad29507-799c-4376-b56f-1351f3b39160	6266	6266	Vaccinium uliginosum	Vaccinium uliginosum L.	Species	Life > Plantae > Angiosperms > Ericales > Ericaceae > Vaccinioideae > Vaccinium > Vaccinium uliginosum L.	Vaccinium uliginosum L.	pollen	percentage	0		
individualtimelinenode_7ad29507-799c-4376-b56f-1351f3b39160	6496	6496	Arctostaphylos alpina	Arctostaphylos alpina (L.) Spreng.	Species	Life > Plantae > Arctostaphylos alpina (L.) Spreng.	Arctostaphylos alpina (L.) Spreng.	pollen	percentage	0		
individualtimelinenode_7ad29507-799c-4376-b56f-1351f3b39160	6496	6496	Betula	Betula	Genus	Life > Plantae > Angiosperms > Fagales > Betulaceae > Betula	Betula	pollen	percentage	29.844015		
individualtimelinenode_7ad29507-799c-4376-b56f-1351f3b39160	6496	6496	Campanula	Campanula	Genus	Life > Plantae > Angiosperms > Asterales > Campanulaceae > Campanula	Campanula	pollen	percentage	0		
individualtimelinenode_7ad29507-799c-4376-b56f-1351f3b39160	6496	6496	Caryophyllaceae	Caryophyllaceae	Family	Life > Plantae > Angiosperms > Caryophyllales > Caryophyllaceae	Caryophyllaceae	pollen	percentage	2.13296		
individualtimelinenode_7ad29507-799c-4376-b56f-1351f3b39160	6496	6496	Cassiope type	Harrimanella hypnoides (L.) Coville	Species	Life > Plantae > Harrimanella hypnoides (L.) Coville	Harrimanella hypnoides (L.) Coville;Cassiope tetragona (L.) D.Don	pollen	percentage	4.6891		
individualtimelinenode_7ad29507-799c-4376-b56f-1351f3b39160	6496	6496	Cassiope type	Cassiope tetragona (L.) D.Don	Species	Life > Plantae > Angiosperms > Ericales > Ericaceae > Cassiopoideae > Cassiope > Cassiope tetragona (L.) D.Don	Harrimanella hypnoides (L.) Coville;Cassiope tetragona (L.) D.Don	pollen	percentage	4.6891		
individualtimelinenode_7ad29507-799c-4376-b56f-1351f3b39160	6496	6496	Chamaenerion type	Chamaenerion	Genus	Life > Plantae > Angiosperms > Myrtales > Onagraceae > Chamaenerion	Chamaenerion	pollen	percentage	0		
individualtimelinenode_7ad29507-799c-4376-b56f-1351f3b39160	6496	6496	Cruciferae	Cruciferae	Family	Life > Plantae > Cruciferae	Cruciferae	pollen	percentage	0		
individualtimelinenode_7ad29507-799c-4376-b56f-1351f3b39160	6496	6496	Cyperaceae	Cyperaceae	Family	Life > Plantae > Angiosperms > Poales > Cyperaceae	Cyperaceae	pollen	percentage	14.52808		
individualtimelinenode_7ad29507-799c-4376-b56f-1351f3b39160	6496	6496	Dryas	Dryas	Genus	Life > Plantae > Angiosperms > Rosales > Rosaceae > Dryas	Dryas	pollen	percentage	0		
individualtimelinenode_7ad29507-799c-4376-b56f-1351f3b39160	6496	6496	Empetrum nigrum	Empetrum nigrum (Hagerup) Böch.	Species	Life > Plantae > Empetrum nigrum (Hagerup) Böch.	Empetrum nigrum (Hagerup) Böch.	pollen	percentage	0.81738		
individualtimelinenode_7ad29507-799c-4376-b56f-1351f3b39160	6496	6496	Gramineae	Gramineae	Genus	Life > Plantae > Gramineae	Gramineae	pollen	percentage	18.67217		
individualtimelinenode_7ad29507-799c-4376-b56f-1351f3b39160	6496	6496	Huperzia selago	Huperzia selago (L.) Bernh. ex Schrank. & Mart.	Species	Life > Plantae > Huperzia selago (L.) Bernh. ex Schrank. & Mart.	Huperzia selago (L.) Bernh. ex Schrank. & Mart.	pollen	percentage	2.24212		
individualtimelinenode_7ad29507-799c-4376-b56f-1351f3b39160	6496	6496	Koenigia islandica	Koenigia islandica L.	Species	Life > Plantae > Angiosperms > Caryophyllales > Polygonaceae > Koenigia > Koenigia islandica L.	Koenigia islandica L.	pollen	percentage	3.67783		
individualtimelinenode_7ad29507-799c-4376-b56f-1351f3b39160	6496	6496	Liguiflorae	Liguiflorae	Family	Life > Plantae > Liguiflorae	Liguiflorae	pollen	percentage	0.19279		
individualtimelinenode_7ad29507-799c-4376-b56f-1351f3b39160	6496	6496	Lycopodium type	Problematic (Placeholder)	Kingdom	Life > Problematic (Placeholder)	Problematic (Placeholder)	pollen	percentage	3.79199		
individualtimelinenode_7ad29507-799c-4376-b56f-1351f3b39160	6496	6496	Oxyria	Oxyria	Genus	Life > Plantae > Angiosperms > Caryophyllales > Polygonaceae > Oxyria	Oxyria	pollen	percentage	1.61973		
individualtimelinenode_7ad29507-799c-4376-b56f-1351f3b39160	6496	6496	Pedicuralis	Pedicuralis	Genus	Life > Plantae > Pedicuralis	Pedicuralis	pollen	percentage	0.20251		
individualtimelinenode_7ad29507-799c-4376-b56f-1351f3b39160	6496	6496	Phyllodoce corerulea	Phyllodoce corerulea (L.) Bab.	Species	Life > Plantae > Phyllodoce corerulea (L.) Bab.	Phyllodoce corerulea (L.) Bab.	pollen	percentage	0		
individualtimelinenode_7ad29507-799c-4376-b56f-1351f3b39160	6496	6496	Polygonum viviparum	Polygonum viviparum L.	Species	Life > Plantae > Polygonum viviparum L.	Polygonum viviparum L.	pollen	percentage	0.48959		
individualtimelinenode_7ad29507-799c-4376-b56f-1351f3b39160	6496	6496	Polypodiaceae	Polypodiaceae	Family	Life > Plantae > Polypodiophyta > Polypodiopsida > Polypodiales > Polypodiaceae	Polypodiaceae	pollen	percentage	0.80372		
individualtimelinenode_7ad29507-799c-4376-b56f-1351f3b39160	6496	6496	Potentilla	Potentilla	Genus	Life > Plantae > Angiosperms > Rosales > Rosaceae > Potentilla	Potentilla	pollen	percentage	0.62185		
individualtimelinenode_7ad29507-799c-4376-b56f-1351f3b39160	6496	6496	Ranunculus	Ranunculus	Genus	Life > Plantae > Angiosperms > Ranunculales > Ranunculaceae > Ranunculus	Ranunculus	pollen	percentage	0		
individualtimelinenode_7ad29507-799c-4376-b56f-1351f3b39160	6496	6496	Rhododendron lapponicum	Rhododendron lapponicum (L.) Wbg.	Species	Life > Plantae > Rhododendron lapponicum (L.) Wbg.	Rhododendron lapponicum (L.) Wbg.	pollen	percentage	0		
individualtimelinenode_7ad29507-799c-4376-b56f-1351f3b39160	6496	6496	Salix	Salix	Genus	Life > Plantae > Angiosperms > Malpighiales > Salicaceae > Salix	Salix	pollen	percentage	6.6083		
individualtimelinenode_7ad29507-799c-4376-b56f-1351f3b39160	6496	6496	Saxifraga ceruna type	Problematic (Placeholder)	Kingdom	Life > Problematic (Placeholder)	Problematic (Placeholder)	pollen	percentage	0		
individualtimelinenode_7ad29507-799c-4376-b56f-1351f3b39160	6496	6496	Saxifraga nivalis type	Saxifraga hieraciifolia W. & K.	Species	Life > Plantae > Saxifraga hieraciifolia W. & K.	Saxifraga hieraciifolia W. & K.;Saxifraga tenuis (Wbg.) H. Sm.;Saxifraga nivalis L.	pollen	percentage	0		
individualtimelinenode_7ad29507-799c-4376-b56f-1351f3b39160	6496	6496	Saxifraga nivalis type	Saxifraga tenuis (Wbg.) H. Sm.	Species	Life > Plantae > Saxifraga tenuis (Wbg.) H. Sm.	Saxifraga hieraciifolia W. & K.;Saxifraga tenuis (Wbg.) H. Sm.;Saxifraga nivalis L.	pollen	percentage	0		
individualtimelinenode_7ad29507-799c-4376-b56f-1351f3b39160	6496	6496	Saxifraga nivalis type	Saxifraga nivalis L.	Species	Life > Plantae > Angiosperms > Saxifragales > Saxifragaceae > Saxifraga > Saxifraga nivalis L.	Saxifraga hieraciifolia W. & K.;Saxifraga tenuis (Wbg.) H. Sm.;Saxifraga nivalis L.	pollen	percentage	0		
individualtimelinenode_7ad29507-799c-4376-b56f-1351f3b39160	6496	6496	Saxifraga oppositifolia type	Saxifraga paniculata Mill.	Species	Saxifraga paniculata Mill.	Saxifraga paniculata Mill.;Saxifraga aizoides L.;Saxifraga tricuspidata Rottb.;Saxifraga oppositifolia L.	pollen	percentage	0		
individualtimelinenode_7ad29507-799c-4376-b56f-1351f3b39160	6496	6496	Saxifraga oppositifolia type	Saxifraga aizoides L.	Species	Saxifraga aizoides L.	Saxifraga paniculata Mill.;Saxifraga aizoides L.;Saxifraga tricuspidata Rottb.;Saxifraga oppositifolia L.	pollen	percentage	0		
individualtimelinenode_7ad29507-799c-4376-b56f-1351f3b39160	6496	6496	Saxifraga oppositifolia type	Saxifraga tricuspidata Rottb.	Species	Saxifraga tricuspidata Rottb.	Saxifraga paniculata Mill.;Saxifraga aizoides L.;Saxifraga tricuspidata Rottb.;Saxifraga oppositifolia L.	pollen	percentage	0		
individualtimelinenode_7ad29507-799c-4376-b56f-1351f3b39160	6496	6496	Saxifraga oppositifolia type	Saxifraga oppositifolia L.	Species	Life > Plantae > Angiosperms > Saxifragales > Saxifragaceae > Saxifraga > Saxifraga oppositifolia L.	Saxifraga paniculata Mill.;Saxifraga aizoides L.;Saxifraga tricuspidata Rottb.;Saxifraga oppositifolia L.	pollen	percentage	0		
individualtimelinenode_7ad29507-799c-4376-b56f-1351f3b39160	6496	6496	Thalictrum alpinum	Thalictrum alpinum L.	Species	Life > Plantae > Angiosperms > Ranunculales > Ranunculaceae > Thalictrum > Thalictrum alpinum L.	Thalictrum alpinum L.	pollen	percentage	11.11367		
individualtimelinenode_7ad29507-799c-4376-b56f-1351f3b39160	6496	6496	Tuberiflorae	Problematic (Placeholder)	Kingdom	Life > Problematic (Placeholder)	Problematic (Placeholder)	pollen	percentage	0		
individualtimelinenode_7ad29507-799c-4376-b56f-1351f3b39160	6496	6496	Vaccinium uliginosum	Vaccinium uliginosum L.	Species	Life > Plantae > Angiosperms > Ericales > Ericaceae > Vaccinioideae > Vaccinium > Vaccinium uliginosum L.	Vaccinium uliginosum L.	pollen	percentage	0		
individualtimelinenode_7ad29507-799c-4376-b56f-1351f3b39160	6802	6802	Arctostaphylos alpina	Arctostaphylos alpina (L.) Spreng.	Species	Life > Plantae > Arctostaphylos alpina (L.) Spreng.	Arctostaphylos alpina (L.) Spreng.	pollen	percentage	0		
individualtimelinenode_7ad29507-799c-4376-b56f-1351f3b39160	6802	6802	Betula	Betula	Genus	Life > Plantae > Angiosperms > Fagales > Betulaceae > Betula	Betula	pollen	percentage	23.98075		
individualtimelinenode_7ad29507-799c-4376-b56f-1351f3b39160	6802	6802	Campanula	Campanula	Genus	Life > Plantae > Angiosperms > Asterales > Campanulaceae > Campanula	Campanula	pollen	percentage	0		
individualtimelinenode_7ad29507-799c-4376-b56f-1351f3b39160	6802	6802	Caryophyllaceae	Caryophyllaceae	Family	Life > Plantae > Angiosperms > Caryophyllales > Caryophyllaceae	Caryophyllaceae	pollen	percentage	1.29106		
individualtimelinenode_7ad29507-799c-4376-b56f-1351f3b39160	6802	6802	Cassiope type	Harrimanella hypnoides (L.) Coville	Species	Life > Plantae > Harrimanella hypnoides (L.) Coville	Harrimanella hypnoides (L.) Coville;Cassiope tetragona (L.) D.Don	pollen	percentage	2.68037		
individualtimelinenode_7ad29507-799c-4376-b56f-1351f3b39160	6802	6802	Cassiope type	Cassiope tetragona (L.) D.Don	Species	Life > Plantae > Angiosperms > Ericales > Ericaceae > Cassiopoideae > Cassiope > Cassiope tetragona (L.) D.Don	Harrimanella hypnoides (L.) Coville;Cassiope tetragona (L.) D.Don	pollen	percentage	2.68037		
individualtimelinenode_7ad29507-799c-4376-b56f-1351f3b39160	6802	6802	Chamaenerion type	Chamaenerion	Genus	Life > Plantae > Angiosperms > Myrtales > Onagraceae > Chamaenerion	Chamaenerion	pollen	percentage	0		
individualtimelinenode_7ad29507-799c-4376-b56f-1351f3b39160	6802	6802	Cruciferae	Cruciferae	Family	Life > Plantae > Cruciferae	Cruciferae	pollen	percentage	0.19775		
individualtimelinenode_7ad29507-799c-4376-b56f-1351f3b39160	6802	6802	Cyperaceae	Cyperaceae	Family	Life > Plantae > Angiosperms > Poales > Cyperaceae	Cyperaceae	pollen	percentage	17.75991		
individualtimelinenode_7ad29507-799c-4376-b56f-1351f3b39160	6802	6802	Dryas	Dryas	Genus	Life > Plantae > Angiosperms > Rosales > Rosaceae > Dryas	Dryas	pollen	percentage	0.21865		
individualtimelinenode_7ad29507-799c-4376-b56f-1351f3b39160	6802	6802	Empetrum nigrum	Empetrum nigrum (Hagerup) Böch.	Species	Life > Plantae > Empetrum nigrum (Hagerup) Böch.	Empetrum nigrum (Hagerup) Böch.	pollen	percentage	0.64779		
individualtimelinenode_7ad29507-799c-4376-b56f-1351f3b39160	6802	6802	Gramineae	Gramineae	Genus	Life > Plantae > Gramineae	Gramineae	pollen	percentage	30.68405		
individualtimelinenode_7ad29507-799c-4376-b56f-1351f3b39160	6802	6802	Huperzia selago	Huperzia selago (L.) Bernh. ex Schrank. & Mart.	Species	Life > Plantae > Huperzia selago (L.) Bernh. ex Schrank. & Mart.	Huperzia selago (L.) Bernh. ex Schrank. & Mart.	pollen	percentage	0.81708		
individualtimelinenode_7ad29507-799c-4376-b56f-1351f3b39160	6802	6802	Koenigia islandica	Koenigia islandica L.	Species	Life > Plantae > Angiosperms > Caryophyllales > Polygonaceae > Koenigia > Koenigia islandica L.	Koenigia islandica L.	pollen	percentage	1.02655		
individualtimelinenode_7ad29507-799c-4376-b56f-1351f3b39160	6802	6802	Liguiflorae	Liguiflorae	Family	Life > Plantae > Liguiflorae	Liguiflorae	pollen	percentage	0		
individualtimelinenode_7ad29507-799c-4376-b56f-1351f3b39160	6802	6802	Lycopodium type	Problematic (Placeholder)	Kingdom	Life > Problematic (Placeholder)	Problematic (Placeholder)	pollen	percentage	1.15966		
individualtimelinenode_7ad29507-799c-4376-b56f-1351f3b39160	6802	6802	Oxyria	Oxyria	Genus	Life > Plantae > Angiosperms > Caryophyllales > Polygonaceae > Oxyria	Oxyria	pollen	percentage	1.25937		
individualtimelinenode_7ad29507-799c-4376-b56f-1351f3b39160	6802	6802	Pedicuralis	Pedicuralis	Genus	Life > Plantae > Pedicuralis	Pedicuralis	pollen	percentage	0		
individualtimelinenode_7ad29507-799c-4376-b56f-1351f3b39160	6802	6802	Phyllodoce corerulea	Phyllodoce corerulea (L.) Bab.	Species	Life > Plantae > Phyllodoce corerulea (L.) Bab.	Phyllodoce corerulea (L.) Bab.	pollen	percentage	0		
individualtimelinenode_7ad29507-799c-4376-b56f-1351f3b39160	6802	6802	Polygonum viviparum	Polygonum viviparum L.	Species	Life > Plantae > Polygonum viviparum L.	Polygonum viviparum L.	pollen	percentage	0.86805		
individualtimelinenode_7ad29507-799c-4376-b56f-1351f3b39160	6802	6802	Polypodiaceae	Polypodiaceae	Family	Life > Plantae > Polypodiophyta > Polypodiopsida > Polypodiales > Polypodiaceae	Polypodiaceae	pollen	percentage	0.79334		
individualtimelinenode_7ad29507-799c-4376-b56f-1351f3b39160	6802	6802	Potentilla	Potentilla	Genus	Life > Plantae > Angiosperms > Rosales > Rosaceae > Potentilla	Potentilla	pollen	percentage	0		
individualtimelinenode_7ad29507-799c-4376-b56f-1351f3b39160	6802	6802	Ranunculus	Ranunculus	Genus	Life > Plantae > Angiosperms > Ranunculales > Ranunculaceae > Ranunculus	Ranunculus	pollen	percentage	0.24286		
individualtimelinenode_7ad29507-799c-4376-b56f-1351f3b39160	6802	6802	Rhododendron lapponicum	Rhododendron lapponicum (L.) Wbg.	Species	Life > Plantae > Rhododendron lapponicum (L.) Wbg.	Rhododendron lapponicum (L.) Wbg.	pollen	percentage	0		
individualtimelinenode_7ad29507-799c-4376-b56f-1351f3b39160	6802	6802	Salix	Salix	Genus	Life > Plantae > Angiosperms > Malpighiales > Salicaceae > Salix	Salix	pollen	percentage	7.56705		
individualtimelinenode_7ad29507-799c-4376-b56f-1351f3b39160	6802	6802	Saxifraga ceruna type	Problematic (Placeholder)	Kingdom	Life > Problematic (Placeholder)	Problematic (Placeholder)	pollen	percentage	0		
individualtimelinenode_7ad29507-799c-4376-b56f-1351f3b39160	6802	6802	Saxifraga nivalis type	Saxifraga hieraciifolia W. & K.	Species	Life > Plantae > Saxifraga hieraciifolia W. & K.	Saxifraga hieraciifolia W. & K.;Saxifraga tenuis (Wbg.) H. Sm.;Saxifraga nivalis L.	pollen	percentage	0		
individualtimelinenode_7ad29507-799c-4376-b56f-1351f3b39160	6802	6802	Saxifraga nivalis type	Saxifraga tenuis (Wbg.) H. Sm.	Species	Life > Plantae > Saxifraga tenuis (Wbg.) H. Sm.	Saxifraga hieraciifolia W. & K.;Saxifraga tenuis (Wbg.) H. Sm.;Saxifraga nivalis L.	pollen	percentage	0		
individualtimelinenode_7ad29507-799c-4376-b56f-1351f3b39160	6802	6802	Saxifraga nivalis type	Saxifraga nivalis L.	Species	Life > Plantae > Angiosperms > Saxifragales > Saxifragaceae > Saxifraga > Saxifraga nivalis L.	Saxifraga hieraciifolia W. & K.;Saxifraga tenuis (Wbg.) H. Sm.;Saxifraga nivalis L.	pollen	percentage	0		
individualtimelinenode_7ad29507-799c-4376-b56f-1351f3b39160	6802	6802	Saxifraga oppositifolia type	Saxifraga paniculata Mill.	Species	Saxifraga paniculata Mill.	Saxifraga paniculata Mill.;Saxifraga aizoides L.;Saxifraga tricuspidata Rottb.;Saxifraga oppositifolia L.	pollen	percentage	0.43503		
individualtimelinenode_7ad29507-799c-4376-b56f-1351f3b39160	6802	6802	Saxifraga oppositifolia type	Saxifraga aizoides L.	Species	Saxifraga aizoides L.	Saxifraga paniculata Mill.;Saxifraga aizoides L.;Saxifraga tricuspidata Rottb.;Saxifraga oppositifolia L.	pollen	percentage	0.43503		
individualtimelinenode_7ad29507-799c-4376-b56f-1351f3b39160	6802	6802	Saxifraga oppositifolia type	Saxifraga tricuspidata Rottb.	Species	Saxifraga tricuspidata Rottb.	Saxifraga paniculata Mill.;Saxifraga aizoides L.;Saxifraga tricuspidata Rottb.;Saxifraga oppositifolia L.	pollen	percentage	0.43503		
individualtimelinenode_7ad29507-799c-4376-b56f-1351f3b39160	6802	6802	Saxifraga oppositifolia type	Saxifraga oppositifolia L.	Species	Life > Plantae > Angiosperms > Saxifragales > Saxifragaceae > Saxifraga > Saxifraga oppositifolia L.	Saxifraga paniculata Mill.;Saxifraga aizoides L.;Saxifraga tricuspidata Rottb.;Saxifraga oppositifolia L.	pollen	percentage	0.43503		
individualtimelinenode_7ad29507-799c-4376-b56f-1351f3b39160	6802	6802	Thalictrum alpinum	Thalictrum alpinum L.	Species	Life > Plantae > Angiosperms > Ranunculales > Ranunculaceae > Thalictrum > Thalictrum alpinum L.	Thalictrum alpinum L.	pollen	percentage	11.98085		
individualtimelinenode_7ad29507-799c-4376-b56f-1351f3b39160	6802	6802	Tuberiflorae	Problematic (Placeholder)	Kingdom	Life > Problematic (Placeholder)	Problematic (Placeholder)	pollen	percentage	0.23794		
individualtimelinenode_7ad29507-799c-4376-b56f-1351f3b39160	6802	6802	Vaccinium uliginosum	Vaccinium uliginosum L.	Species	Life > Plantae > Angiosperms > Ericales > Ericaceae > Vaccinioideae > Vaccinium > Vaccinium uliginosum L.	Vaccinium uliginosum L.	pollen	percentage	0		
individualtimelinenode_7ad29507-799c-4376-b56f-1351f3b39160	7058	7058	Arctostaphylos alpina	Arctostaphylos alpina (L.) Spreng.	Species	Life > Plantae > Arctostaphylos alpina (L.) Spreng.	Arctostaphylos alpina (L.) Spreng.	pollen	percentage	0		
individualtimelinenode_7ad29507-799c-4376-b56f-1351f3b39160	7058	7058	Betula	Betula	Genus	Life > Plantae > Angiosperms > Fagales > Betulaceae > Betula	Betula	pollen	percentage	24.888725		
individualtimelinenode_7ad29507-799c-4376-b56f-1351f3b39160	7058	7058	Campanula	Campanula	Genus	Life > Plantae > Angiosperms > Asterales > Campanulaceae > Campanula	Campanula	pollen	percentage	0		
individualtimelinenode_7ad29507-799c-4376-b56f-1351f3b39160	7058	7058	Caryophyllaceae	Caryophyllaceae	Family	Life > Plantae > Angiosperms > Caryophyllales > Caryophyllaceae	Caryophyllaceae	pollen	percentage	2.03955		
individualtimelinenode_7ad29507-799c-4376-b56f-1351f3b39160	7058	7058	Cassiope type	Harrimanella hypnoides (L.) Coville	Species	Life > Plantae > Harrimanella hypnoides (L.) Coville	Harrimanella hypnoides (L.) Coville;Cassiope tetragona (L.) D.Don	pollen	percentage	4.52452		
individualtimelinenode_7ad29507-799c-4376-b56f-1351f3b39160	7058	7058	Cassiope type	Cassiope tetragona (L.) D.Don	Species	Life > Plantae > Angiosperms > Ericales > Ericaceae > Cassiopoideae > Cassiope > Cassiope tetragona (L.) D.Don	Harrimanella hypnoides (L.) Coville;Cassiope tetragona (L.) D.Don	pollen	percentage	4.52452		
individualtimelinenode_7ad29507-799c-4376-b56f-1351f3b39160	7058	7058	Chamaenerion type	Chamaenerion	Genus	Life > Plantae > Angiosperms > Myrtales > Onagraceae > Chamaenerion	Chamaenerion	pollen	percentage	0		
individualtimelinenode_7ad29507-799c-4376-b56f-1351f3b39160	7058	7058	Cruciferae	Cruciferae	Family	Life > Plantae > Cruciferae	Cruciferae	pollen	percentage	0.16592		
individualtimelinenode_7ad29507-799c-4376-b56f-1351f3b39160	7058	7058	Cyperaceae	Cyperaceae	Family	Life > Plantae > Angiosperms > Poales > Cyperaceae	Cyperaceae	pollen	percentage	22.41127		
individualtimelinenode_7ad29507-799c-4376-b56f-1351f3b39160	7058	7058	Dryas	Dryas	Genus	Life > Plantae > Angiosperms > Rosales > Rosaceae > Dryas	Dryas	pollen	percentage	0		
individualtimelinenode_7ad29507-799c-4376-b56f-1351f3b39160	7058	7058	Empetrum nigrum	Empetrum nigrum (Hagerup) Böch.	Species	Life > Plantae > Empetrum nigrum (Hagerup) Böch.	Empetrum nigrum (Hagerup) Böch.	pollen	percentage	0.49339		
individualtimelinenode_7ad29507-799c-4376-b56f-1351f3b39160	7058	7058	Gramineae	Gramineae	Genus	Life > Plantae > Gramineae	Gramineae	pollen	percentage	29.06846		
individualtimelinenode_7ad29507-799c-4376-b56f-1351f3b39160	7058	7058	Huperzia selago	Huperzia selago (L.) Bernh. ex Schrank. & Mart.	Species	Life > Plantae > Huperzia selago (L.) Bernh. ex Schrank. & Mart.	Huperzia selago (L.) Bernh. ex Schrank. & Mart.	pollen	percentage	0.15653		
individualtimelinenode_7ad29507-799c-4376-b56f-1351f3b39160	7058	7058	Koenigia islandica	Koenigia islandica L.	Species	Life > Plantae > Angiosperms > Caryophyllales > Polygonaceae > Koenigia > Koenigia islandica L.	Koenigia islandica L.	pollen	percentage	0		
individualtimelinenode_7ad29507-799c-4376-b56f-1351f3b39160	7058	7058	Liguiflorae	Liguiflorae	Family	Life > Plantae > Liguiflorae	Liguiflorae	pollen	percentage	0		
individualtimelinenode_7ad29507-799c-4376-b56f-1351f3b39160	7058	7058	Lycopodium type	Problematic (Placeholder)	Kingdom	Life > Problematic (Placeholder)	Problematic (Placeholder)	pollen	percentage	1.80937		
individualtimelinenode_7ad29507-799c-4376-b56f-1351f3b39160	7058	7058	Oxyria	Oxyria	Genus	Life > Plantae > Angiosperms > Caryophyllales > Polygonaceae > Oxyria	Oxyria	pollen	percentage	1.26273		
individualtimelinenode_7ad29507-799c-4376-b56f-1351f3b39160	7058	7058	Pedicuralis	Pedicuralis	Genus	Life > Plantae > Pedicuralis	Pedicuralis	pollen	percentage	0		
individualtimelinenode_7ad29507-799c-4376-b56f-1351f3b39160	7058	7058	Phyllodoce corerulea	Phyllodoce corerulea (L.) Bab.	Species	Life > Plantae > Phyllodoce corerulea (L.) Bab.	Phyllodoce corerulea (L.) Bab.	pollen	percentage	0		
individualtimelinenode_7ad29507-799c-4376-b56f-1351f3b39160	7058	7058	Polygonum viviparum	Polygonum viviparum L.	Species	Life > Plantae > Polygonum viviparum L.	Polygonum viviparum L.	pollen	percentage	0.56899		
individualtimelinenode_7ad29507-799c-4376-b56f-1351f3b39160	7058	7058	Polypodiaceae	Polypodiaceae	Family	Life > Plantae > Polypodiophyta > Polypodiopsida > Polypodiales > Polypodiaceae	Polypodiaceae	pollen	percentage	1.2213		
individualtimelinenode_7ad29507-799c-4376-b56f-1351f3b39160	7058	7058	Potentilla	Potentilla	Genus	Life > Plantae > Angiosperms > Rosales > Rosaceae > Potentilla	Potentilla	pollen	percentage	0		
individualtimelinenode_7ad29507-799c-4376-b56f-1351f3b39160	7058	7058	Ranunculus	Ranunculus	Genus	Life > Plantae > Angiosperms > Ranunculales > Ranunculaceae > Ranunculus	Ranunculus	pollen	percentage	0		
individualtimelinenode_7ad29507-799c-4376-b56f-1351f3b39160	7058	7058	Rhododendron lapponicum	Rhododendron lapponicum (L.) Wbg.	Species	Life > Plantae > Rhododendron lapponicum (L.) Wbg.	Rhododendron lapponicum (L.) Wbg.	pollen	percentage	0		
individualtimelinenode_7ad29507-799c-4376-b56f-1351f3b39160	7058	7058	Salix	Salix	Genus	Life > Plantae > Angiosperms > Malpighiales > Salicaceae > Salix	Salix	pollen	percentage	5.82547		
individualtimelinenode_7ad29507-799c-4376-b56f-1351f3b39160	7058	7058	Saxifraga ceruna type	Problematic (Placeholder)	Kingdom	Life > Problematic (Placeholder)	Problematic (Placeholder)	pollen	percentage	0		
individualtimelinenode_7ad29507-799c-4376-b56f-1351f3b39160	7058	7058	Saxifraga nivalis type	Saxifraga hieraciifolia W. & K.	Species	Life > Plantae > Saxifraga hieraciifolia W. & K.	Saxifraga hieraciifolia W. & K.;Saxifraga tenuis (Wbg.) H. Sm.;Saxifraga nivalis L.	pollen	percentage	0		
individualtimelinenode_7ad29507-799c-4376-b56f-1351f3b39160	7058	7058	Saxifraga nivalis type	Saxifraga tenuis (Wbg.) H. Sm.	Species	Life > Plantae > Saxifraga tenuis (Wbg.) H. Sm.	Saxifraga hieraciifolia W. & K.;Saxifraga tenuis (Wbg.) H. Sm.;Saxifraga nivalis L.	pollen	percentage	0		
individualtimelinenode_7ad29507-799c-4376-b56f-1351f3b39160	7058	7058	Saxifraga nivalis type	Saxifraga nivalis L.	Species	Life > Plantae > Angiosperms > Saxifragales > Saxifragaceae > Saxifraga > Saxifraga nivalis L.	Saxifraga hieraciifolia W. & K.;Saxifraga tenuis (Wbg.) H. Sm.;Saxifraga nivalis L.	pollen	percentage	0		
individualtimelinenode_7ad29507-799c-4376-b56f-1351f3b39160	7058	7058	Saxifraga oppositifolia type	Saxifraga paniculata Mill.	Species	Saxifraga paniculata Mill.	Saxifraga paniculata Mill.;Saxifraga aizoides L.;Saxifraga tricuspidata Rottb.;Saxifraga oppositifolia L.	pollen	percentage	0		
individualtimelinenode_7ad29507-799c-4376-b56f-1351f3b39160	7058	7058	Saxifraga oppositifolia type	Saxifraga aizoides L.	Species	Saxifraga aizoides L.	Saxifraga paniculata Mill.;Saxifraga aizoides L.;Saxifraga tricuspidata Rottb.;Saxifraga oppositifolia L.	pollen	percentage	0		
individualtimelinenode_7ad29507-799c-4376-b56f-1351f3b39160	7058	7058	Saxifraga oppositifolia type	Saxifraga tricuspidata Rottb.	Species	Saxifraga tricuspidata Rottb.	Saxifraga paniculata Mill.;Saxifraga aizoides L.;Saxifraga tricuspidata Rottb.;Saxifraga oppositifolia L.	pollen	percentage	0		
individualtimelinenode_7ad29507-799c-4376-b56f-1351f3b39160	7058	7058	Saxifraga oppositifolia type	Saxifraga oppositifolia L.	Species	Life > Plantae > Angiosperms > Saxifragales > Saxifragaceae > Saxifraga > Saxifraga oppositifolia L.	Saxifraga paniculata Mill.;Saxifraga aizoides L.;Saxifraga tricuspidata Rottb.;Saxifraga oppositifolia L.	pollen	percentage	0		
individualtimelinenode_7ad29507-799c-4376-b56f-1351f3b39160	7058	7058	Thalictrum alpinum	Thalictrum alpinum L.	Species	Life > Plantae > Angiosperms > Ranunculales > Ranunculaceae > Thalictrum > Thalictrum alpinum L.	Thalictrum alpinum L.	pollen	percentage	6.81528		
individualtimelinenode_7ad29507-799c-4376-b56f-1351f3b39160	7058	7058	Tuberiflorae	Problematic (Placeholder)	Kingdom	Life > Problematic (Placeholder)	Problematic (Placeholder)	pollen	percentage	0		
individualtimelinenode_7ad29507-799c-4376-b56f-1351f3b39160	7058	7058	Vaccinium uliginosum	Vaccinium uliginosum L.	Species	Life > Plantae > Angiosperms > Ericales > Ericaceae > Vaccinioideae > Vaccinium > Vaccinium uliginosum L.	Vaccinium uliginosum L.	pollen	percentage	0		
individualtimelinenode_7ad29507-799c-4376-b56f-1351f3b39160	7287	7287	Arctostaphylos alpina	Arctostaphylos alpina (L.) Spreng.	Species	Life > Plantae > Arctostaphylos alpina (L.) Spreng.	Arctostaphylos alpina (L.) Spreng.	pollen	percentage	0		
individualtimelinenode_7ad29507-799c-4376-b56f-1351f3b39160	7287	7287	Betula	Betula	Genus	Life > Plantae > Angiosperms > Fagales > Betulaceae > Betula	Betula	pollen	percentage	17.32279		
individualtimelinenode_7ad29507-799c-4376-b56f-1351f3b39160	7287	7287	Campanula	Campanula	Genus	Life > Plantae > Angiosperms > Asterales > Campanulaceae > Campanula	Campanula	pollen	percentage	0		
individualtimelinenode_7ad29507-799c-4376-b56f-1351f3b39160	7287	7287	Caryophyllaceae	Caryophyllaceae	Family	Life > Plantae > Angiosperms > Caryophyllales > Caryophyllaceae	Caryophyllaceae	pollen	percentage	7.05293		
individualtimelinenode_7ad29507-799c-4376-b56f-1351f3b39160	7287	7287	Cassiope type	Harrimanella hypnoides (L.) Coville	Species	Life > Plantae > Harrimanella hypnoides (L.) Coville	Harrimanella hypnoides (L.) Coville;Cassiope tetragona (L.) D.Don	pollen	percentage	10.70152		
individualtimelinenode_7ad29507-799c-4376-b56f-1351f3b39160	7287	7287	Cassiope type	Cassiope tetragona (L.) D.Don	Species	Life > Plantae > Angiosperms > Ericales > Ericaceae > Cassiopoideae > Cassiope > Cassiope tetragona (L.) D.Don	Harrimanella hypnoides (L.) Coville;Cassiope tetragona (L.) D.Don	pollen	percentage	10.70152		
individualtimelinenode_7ad29507-799c-4376-b56f-1351f3b39160	7287	7287	Chamaenerion type	Chamaenerion	Genus	Life > Plantae > Angiosperms > Myrtales > Onagraceae > Chamaenerion	Chamaenerion	pollen	percentage	0		
individualtimelinenode_7ad29507-799c-4376-b56f-1351f3b39160	7287	7287	Cruciferae	Cruciferae	Family	Life > Plantae > Cruciferae	Cruciferae	pollen	percentage	2.9881		
individualtimelinenode_7ad29507-799c-4376-b56f-1351f3b39160	7287	7287	Cyperaceae	Cyperaceae	Family	Life > Plantae > Angiosperms > Poales > Cyperaceae	Cyperaceae	pollen	percentage	16.14734		
individualtimelinenode_7ad29507-799c-4376-b56f-1351f3b39160	7287	7287	Dryas	Dryas	Genus	Life > Plantae > Angiosperms > Rosales > Rosaceae > Dryas	Dryas	pollen	percentage	0		
individualtimelinenode_7ad29507-799c-4376-b56f-1351f3b39160	7287	7287	Empetrum nigrum	Empetrum nigrum (Hagerup) Böch.	Species	Life > Plantae > Empetrum nigrum (Hagerup) Böch.	Empetrum nigrum (Hagerup) Böch.	pollen	percentage	0		
individualtimelinenode_7ad29507-799c-4376-b56f-1351f3b39160	7287	7287	Gramineae	Gramineae	Genus	Life > Plantae > Gramineae	Gramineae	pollen	percentage	28.86495		
individualtimelinenode_7ad29507-799c-4376-b56f-1351f3b39160	7287	7287	Huperzia selago	Huperzia selago (L.) Bernh. ex Schrank. & Mart.	Species	Life > Plantae > Huperzia selago (L.) Bernh. ex Schrank. & Mart.	Huperzia selago (L.) Bernh. ex Schrank. & Mart.	pollen	percentage	0.88843		
individualtimelinenode_7ad29507-799c-4376-b56f-1351f3b39160	7287	7287	Koenigia islandica	Koenigia islandica L.	Species	Life > Plantae > Angiosperms > Caryophyllales > Polygonaceae > Koenigia > Koenigia islandica L.	Koenigia islandica L.	pollen	percentage	0.39163		
individualtimelinenode_7ad29507-799c-4376-b56f-1351f3b39160	7287	7287	Liguiflorae	Liguiflorae	Family	Life > Plantae > Liguiflorae	Liguiflorae	pollen	percentage	0.11104		
individualtimelinenode_7ad29507-799c-4376-b56f-1351f3b39160	7287	7287	Lycopodium type	Problematic (Placeholder)	Kingdom	Life > Problematic (Placeholder)	Problematic (Placeholder)	pollen	percentage	1.32173		
individualtimelinenode_7ad29507-799c-4376-b56f-1351f3b39160	7287	7287	Oxyria	Oxyria	Genus	Life > Plantae > Angiosperms > Caryophyllales > Polygonaceae > Oxyria	Oxyria	pollen	percentage	0.68635		
individualtimelinenode_7ad29507-799c-4376-b56f-1351f3b39160	7287	7287	Pedicuralis	Pedicuralis	Genus	Life > Plantae > Pedicuralis	Pedicuralis	pollen	percentage	0		
individualtimelinenode_7ad29507-799c-4376-b56f-1351f3b39160	7287	7287	Phyllodoce corerulea	Phyllodoce corerulea (L.) Bab.	Species	Life > Plantae > Phyllodoce corerulea (L.) Bab.	Phyllodoce corerulea (L.) Bab.	pollen	percentage	0		
individualtimelinenode_7ad29507-799c-4376-b56f-1351f3b39160	7287	7287	Polygonum viviparum	Polygonum viviparum L.	Species	Life > Plantae > Polygonum viviparum L.	Polygonum viviparum L.	pollen	percentage	0.85153		
individualtimelinenode_7ad29507-799c-4376-b56f-1351f3b39160	7287	7287	Polypodiaceae	Polypodiaceae	Family	Life > Plantae > Polypodiophyta > Polypodiopsida > Polypodiales > Polypodiaceae	Polypodiaceae	pollen	percentage	0.60866		
individualtimelinenode_7ad29507-799c-4376-b56f-1351f3b39160	7287	7287	Potentilla	Potentilla	Genus	Life > Plantae > Angiosperms > Rosales > Rosaceae > Potentilla	Potentilla	pollen	percentage	0		
individualtimelinenode_7ad29507-799c-4376-b56f-1351f3b39160	7287	7287	Ranunculus	Ranunculus	Genus	Life > Plantae > Angiosperms > Ranunculales > Ranunculaceae > Ranunculus	Ranunculus	pollen	percentage	0.28701		
individualtimelinenode_7ad29507-799c-4376-b56f-1351f3b39160	7287	7287	Rhododendron lapponicum	Rhododendron lapponicum (L.) Wbg.	Species	Life > Plantae > Rhododendron lapponicum (L.) Wbg.	Rhododendron lapponicum (L.) Wbg.	pollen	percentage	0		
individualtimelinenode_7ad29507-799c-4376-b56f-1351f3b39160	7287	7287	Salix	Salix	Genus	Life > Plantae > Angiosperms > Malpighiales > Salicaceae > Salix	Salix	pollen	percentage	11.97239		
individualtimelinenode_7ad29507-799c-4376-b56f-1351f3b39160	7287	7287	Saxifraga ceruna type	Problematic (Placeholder)	Kingdom	Life > Problematic (Placeholder)	Problematic (Placeholder)	pollen	percentage	0		
individualtimelinenode_7ad29507-799c-4376-b56f-1351f3b39160	7287	7287	Saxifraga nivalis type	Saxifraga hieraciifolia W. & K.	Species	Life > Plantae > Saxifraga hieraciifolia W. & K.	Saxifraga hieraciifolia W. & K.;Saxifraga tenuis (Wbg.) H. Sm.;Saxifraga nivalis L.	pollen	percentage	0		
individualtimelinenode_7ad29507-799c-4376-b56f-1351f3b39160	7287	7287	Saxifraga nivalis type	Saxifraga tenuis (Wbg.) H. Sm.	Species	Life > Plantae > Saxifraga tenuis (Wbg.) H. Sm.	Saxifraga hieraciifolia W. & K.;Saxifraga tenuis (Wbg.) H. Sm.;Saxifraga nivalis L.	pollen	percentage	0		
individualtimelinenode_7ad29507-799c-4376-b56f-1351f3b39160	7287	7287	Saxifraga nivalis type	Saxifraga nivalis L.	Species	Life > Plantae > Angiosperms > Saxifragales > Saxifragaceae > Saxifraga > Saxifraga nivalis L.	Saxifraga hieraciifolia W. & K.;Saxifraga tenuis (Wbg.) H. Sm.;Saxifraga nivalis L.	pollen	percentage	0		
individualtimelinenode_7ad29507-799c-4376-b56f-1351f3b39160	7287	7287	Saxifraga oppositifolia type	Saxifraga paniculata Mill.	Species	Saxifraga paniculata Mill.	Saxifraga paniculata Mill.;Saxifraga aizoides L.;Saxifraga tricuspidata Rottb.;Saxifraga oppositifolia L.	pollen	percentage	0.3578		
individualtimelinenode_7ad29507-799c-4376-b56f-1351f3b39160	7287	7287	Saxifraga oppositifolia type	Saxifraga aizoides L.	Species	Saxifraga aizoides L.	Saxifraga paniculata Mill.;Saxifraga aizoides L.;Saxifraga tricuspidata Rottb.;Saxifraga oppositifolia L.	pollen	percentage	0.3578		
individualtimelinenode_7ad29507-799c-4376-b56f-1351f3b39160	7287	7287	Saxifraga oppositifolia type	Saxifraga tricuspidata Rottb.	Species	Saxifraga tricuspidata Rottb.	Saxifraga paniculata Mill.;Saxifraga aizoides L.;Saxifraga tricuspidata Rottb.;Saxifraga oppositifolia L.	pollen	percentage	0.3578		
individualtimelinenode_7ad29507-799c-4376-b56f-1351f3b39160	7287	7287	Saxifraga oppositifolia type	Saxifraga oppositifolia L.	Species	Life > Plantae > Angiosperms > Saxifragales > Saxifragaceae > Saxifraga > Saxifraga oppositifolia L.	Saxifraga paniculata Mill.;Saxifraga aizoides L.;Saxifraga tricuspidata Rottb.;Saxifraga oppositifolia L.	pollen	percentage	0.3578		
individualtimelinenode_7ad29507-799c-4376-b56f-1351f3b39160	7287	7287	Thalictrum alpinum	Thalictrum alpinum L.	Species	Life > Plantae > Angiosperms > Ranunculales > Ranunculaceae > Thalictrum > Thalictrum alpinum L.	Thalictrum alpinum L.	pollen	percentage	2.8456		
individualtimelinenode_7ad29507-799c-4376-b56f-1351f3b39160	7287	7287	Tuberiflorae	Problematic (Placeholder)	Kingdom	Life > Problematic (Placeholder)	Problematic (Placeholder)	pollen	percentage	0		
individualtimelinenode_7ad29507-799c-4376-b56f-1351f3b39160	7287	7287	Vaccinium uliginosum	Vaccinium uliginosum L.	Species	Life > Plantae > Angiosperms > Ericales > Ericaceae > Vaccinioideae > Vaccinium > Vaccinium uliginosum L.	Vaccinium uliginosum L.	pollen	percentage	0		
individualtimelinenode_7ad29507-799c-4376-b56f-1351f3b39160	7593	7593	Arctostaphylos alpina	Arctostaphylos alpina (L.) Spreng.	Species	Life > Plantae > Arctostaphylos alpina (L.) Spreng.	Arctostaphylos alpina (L.) Spreng.	pollen	percentage	0		
individualtimelinenode_7ad29507-799c-4376-b56f-1351f3b39160	7593	7593	Betula	Betula	Genus	Life > Plantae > Angiosperms > Fagales > Betulaceae > Betula	Betula	pollen	percentage	16.83495		
individualtimelinenode_7ad29507-799c-4376-b56f-1351f3b39160	7593	7593	Campanula	Campanula	Genus	Life > Plantae > Angiosperms > Asterales > Campanulaceae > Campanula	Campanula	pollen	percentage	0		
individualtimelinenode_7ad29507-799c-4376-b56f-1351f3b39160	7593	7593	Caryophyllaceae	Caryophyllaceae	Family	Life > Plantae > Angiosperms > Caryophyllales > Caryophyllaceae	Caryophyllaceae	pollen	percentage	3.37515		
individualtimelinenode_7ad29507-799c-4376-b56f-1351f3b39160	7593	7593	Cassiope type	Harrimanella hypnoides (L.) Coville	Species	Life > Plantae > Harrimanella hypnoides (L.) Coville	Harrimanella hypnoides (L.) Coville;Cassiope tetragona (L.) D.Don	pollen	percentage	3.86041		
individualtimelinenode_7ad29507-799c-4376-b56f-1351f3b39160	7593	7593	Cassiope type	Cassiope tetragona (L.) D.Don	Species	Life > Plantae > Angiosperms > Ericales > Ericaceae > Cassiopoideae > Cassiope > Cassiope tetragona (L.) D.Don	Harrimanella hypnoides (L.) Coville;Cassiope tetragona (L.) D.Don	pollen	percentage	3.86041		
individualtimelinenode_7ad29507-799c-4376-b56f-1351f3b39160	7593	7593	Chamaenerion type	Chamaenerion	Genus	Life > Plantae > Angiosperms > Myrtales > Onagraceae > Chamaenerion	Chamaenerion	pollen	percentage	0		
individualtimelinenode_7ad29507-799c-4376-b56f-1351f3b39160	7593	7593	Cruciferae	Cruciferae	Family	Life > Plantae > Cruciferae	Cruciferae	pollen	percentage	0.41083		
individualtimelinenode_7ad29507-799c-4376-b56f-1351f3b39160	7593	7593	Cyperaceae	Cyperaceae	Family	Life > Plantae > Angiosperms > Poales > Cyperaceae	Cyperaceae	pollen	percentage	18.30373		
individualtimelinenode_7ad29507-799c-4376-b56f-1351f3b39160	7593	7593	Dryas	Dryas	Genus	Life > Plantae > Angiosperms > Rosales > Rosaceae > Dryas	Dryas	pollen	percentage	0		
individualtimelinenode_7ad29507-799c-4376-b56f-1351f3b39160	7593	7593	Empetrum nigrum	Empetrum nigrum (Hagerup) Böch.	Species	Life > Plantae > Empetrum nigrum (Hagerup) Böch.	Empetrum nigrum (Hagerup) Böch.	pollen	percentage	0.23162		
individualtimelinenode_7ad29507-799c-4376-b56f-1351f3b39160	7593	7593	Gramineae	Gramineae	Genus	Life > Plantae > Gramineae	Gramineae	pollen	percentage	38.76958		
individualtimelinenode_7ad29507-799c-4376-b56f-1351f3b39160	7593	7593	Huperzia selago	Huperzia selago (L.) Bernh. ex Schrank. & Mart.	Species	Life > Plantae > Huperzia selago (L.) Bernh. ex Schrank. & Mart.	Huperzia selago (L.) Bernh. ex Schrank. & Mart.	pollen	percentage	0.93224		
individualtimelinenode_7ad29507-799c-4376-b56f-1351f3b39160	7593	7593	Koenigia islandica	Koenigia islandica L.	Species	Life > Plantae > Angiosperms > Caryophyllales > Polygonaceae > Koenigia > Koenigia islandica L.	Koenigia islandica L.	pollen	percentage	0.39326		
individualtimelinenode_7ad29507-799c-4376-b56f-1351f3b39160	7593	7593	Liguiflorae	Liguiflorae	Family	Life > Plantae > Liguiflorae	Liguiflorae	pollen	percentage	0		
individualtimelinenode_7ad29507-799c-4376-b56f-1351f3b39160	7593	7593	Lycopodium type	Problematic (Placeholder)	Kingdom	Life > Problematic (Placeholder)	Problematic (Placeholder)	pollen	percentage	2.64962		
individualtimelinenode_7ad29507-799c-4376-b56f-1351f3b39160	7593	7593	Oxyria	Oxyria	Genus	Life > Plantae > Angiosperms > Caryophyllales > Polygonaceae > Oxyria	Oxyria	pollen	percentage	2.33414		
individualtimelinenode_7ad29507-799c-4376-b56f-1351f3b39160	7593	7593	Pedicuralis	Pedicuralis	Genus	Life > Plantae > Pedicuralis	Pedicuralis	pollen	percentage	0		
individualtimelinenode_7ad29507-799c-4376-b56f-1351f3b39160	7593	7593	Phyllodoce corerulea	Phyllodoce corerulea (L.) Bab.	Species	Life > Plantae > Phyllodoce corerulea (L.) Bab.	Phyllodoce corerulea (L.) Bab.	pollen	percentage	0		
individualtimelinenode_7ad29507-799c-4376-b56f-1351f3b39160	7593	7593	Polygonum viviparum	Polygonum viviparum L.	Species	Life > Plantae > Polygonum viviparum L.	Polygonum viviparum L.	pollen	percentage	0.4404		
individualtimelinenode_7ad29507-799c-4376-b56f-1351f3b39160	7593	7593	Polypodiaceae	Polypodiaceae	Family	Life > Plantae > Polypodiophyta > Polypodiopsida > Polypodiales > Polypodiaceae	Polypodiaceae	pollen	percentage	2.0629		
individualtimelinenode_7ad29507-799c-4376-b56f-1351f3b39160	7593	7593	Potentilla	Potentilla	Genus	Life > Plantae > Angiosperms > Rosales > Rosaceae > Potentilla	Potentilla	pollen	percentage	0		
individualtimelinenode_7ad29507-799c-4376-b56f-1351f3b39160	7593	7593	Ranunculus	Ranunculus	Genus	Life > Plantae > Angiosperms > Ranunculales > Ranunculaceae > Ranunculus	Ranunculus	pollen	percentage	0.45158		
individualtimelinenode_7ad29507-799c-4376-b56f-1351f3b39160	7593	7593	Rhododendron lapponicum	Rhododendron lapponicum (L.) Wbg.	Species	Life > Plantae > Rhododendron lapponicum (L.) Wbg.	Rhododendron lapponicum (L.) Wbg.	pollen	percentage	0		
individualtimelinenode_7ad29507-799c-4376-b56f-1351f3b39160	7593	7593	Salix	Salix	Genus	Life > Plantae > Angiosperms > Malpighiales > Salicaceae > Salix	Salix	pollen	percentage	8.70066		
individualtimelinenode_7ad29507-799c-4376-b56f-1351f3b39160	7593	7593	Saxifraga ceruna type	Problematic (Placeholder)	Kingdom	Life > Problematic (Placeholder)	Problematic (Placeholder)	pollen	percentage	0		
individualtimelinenode_7ad29507-799c-4376-b56f-1351f3b39160	7593	7593	Saxifraga nivalis type	Saxifraga hieraciifolia W. & K.	Species	Life > Plantae > Saxifraga hieraciifolia W. & K.	Saxifraga hieraciifolia W. & K.;Saxifraga tenuis (Wbg.) H. Sm.;Saxifraga nivalis L.	pollen	percentage	0		
individualtimelinenode_7ad29507-799c-4376-b56f-1351f3b39160	7593	7593	Saxifraga nivalis type	Saxifraga tenuis (Wbg.) H. Sm.	Species	Life > Plantae > Saxifraga tenuis (Wbg.) H. Sm.	Saxifraga hieraciifolia W. & K.;Saxifraga tenuis (Wbg.) H. Sm.;Saxifraga nivalis L.	pollen	percentage	0		
individualtimelinenode_7ad29507-799c-4376-b56f-1351f3b39160	7593	7593	Saxifraga nivalis type	Saxifraga nivalis L.	Species	Life > Plantae > Angiosperms > Saxifragales > Saxifragaceae > Saxifraga > Saxifraga nivalis L.	Saxifraga hieraciifolia W. & K.;Saxifraga tenuis (Wbg.) H. Sm.;Saxifraga nivalis L.	pollen	percentage	0		
individualtimelinenode_7ad29507-799c-4376-b56f-1351f3b39160	7593	7593	Saxifraga oppositifolia type	Saxifraga paniculata Mill.	Species	Saxifraga paniculata Mill.	Saxifraga paniculata Mill.;Saxifraga aizoides L.;Saxifraga tricuspidata Rottb.;Saxifraga oppositifolia L.	pollen	percentage	0.87829		
individualtimelinenode_7ad29507-799c-4376-b56f-1351f3b39160	7593	7593	Saxifraga oppositifolia type	Saxifraga aizoides L.	Species	Saxifraga aizoides L.	Saxifraga paniculata Mill.;Saxifraga aizoides L.;Saxifraga tricuspidata Rottb.;Saxifraga oppositifolia L.	pollen	percentage	0.87829		
individualtimelinenode_7ad29507-799c-4376-b56f-1351f3b39160	7593	7593	Saxifraga oppositifolia type	Saxifraga tricuspidata Rottb.	Species	Saxifraga tricuspidata Rottb.	Saxifraga paniculata Mill.;Saxifraga aizoides L.;Saxifraga tricuspidata Rottb.;Saxifraga oppositifolia L.	pollen	percentage	0.87829		
individualtimelinenode_7ad29507-799c-4376-b56f-1351f3b39160	7593	7593	Saxifraga oppositifolia type	Saxifraga oppositifolia L.	Species	Life > Plantae > Angiosperms > Saxifragales > Saxifragaceae > Saxifraga > Saxifraga oppositifolia L.	Saxifraga paniculata Mill.;Saxifraga aizoides L.;Saxifraga tricuspidata Rottb.;Saxifraga oppositifolia L.	pollen	percentage	0.87829		
individualtimelinenode_7ad29507-799c-4376-b56f-1351f3b39160	7593	7593	Thalictrum alpinum	Thalictrum alpinum L.	Species	Life > Plantae > Angiosperms > Ranunculales > Ranunculaceae > Thalictrum > Thalictrum alpinum L.	Thalictrum alpinum L.	pollen	percentage	2.75784		
individualtimelinenode_7ad29507-799c-4376-b56f-1351f3b39160	7593	7593	Tuberiflorae	Problematic (Placeholder)	Kingdom	Life > Problematic (Placeholder)	Problematic (Placeholder)	pollen	percentage	0		
individualtimelinenode_7ad29507-799c-4376-b56f-1351f3b39160	7593	7593	Vaccinium uliginosum	Vaccinium uliginosum L.	Species	Life > Plantae > Angiosperms > Ericales > Ericaceae > Vaccinioideae > Vaccinium > Vaccinium uliginosum L.	Vaccinium uliginosum L.	pollen	percentage	0		
individualtimelinenode_7ad29507-799c-4376-b56f-1351f3b39160	7849	7849	Arctostaphylos alpina	Arctostaphylos alpina (L.) Spreng.	Species	Life > Plantae > Arctostaphylos alpina (L.) Spreng.	Arctostaphylos alpina (L.) Spreng.	pollen	percentage	0		
individualtimelinenode_7ad29507-799c-4376-b56f-1351f3b39160	7849	7849	Betula	Betula	Genus	Life > Plantae > Angiosperms > Fagales > Betulaceae > Betula	Betula	pollen	percentage	15.856595		
individualtimelinenode_7ad29507-799c-4376-b56f-1351f3b39160	7849	7849	Campanula	Campanula	Genus	Life > Plantae > Angiosperms > Asterales > Campanulaceae > Campanula	Campanula	pollen	percentage	0		
individualtimelinenode_7ad29507-799c-4376-b56f-1351f3b39160	7849	7849	Caryophyllaceae	Caryophyllaceae	Family	Life > Plantae > Angiosperms > Caryophyllales > Caryophyllaceae	Caryophyllaceae	pollen	percentage	4.28912		
individualtimelinenode_7ad29507-799c-4376-b56f-1351f3b39160	7849	7849	Cassiope type	Harrimanella hypnoides (L.) Coville	Species	Life > Plantae > Harrimanella hypnoides (L.) Coville	Harrimanella hypnoides (L.) Coville;Cassiope tetragona (L.) D.Don	pollen	percentage	3.3424		
individualtimelinenode_7ad29507-799c-4376-b56f-1351f3b39160	7849	7849	Cassiope type	Cassiope tetragona (L.) D.Don	Species	Life > Plantae > Angiosperms > Ericales > Ericaceae > Cassiopoideae > Cassiope > Cassiope tetragona (L.) D.Don	Harrimanella hypnoides (L.) Coville;Cassiope tetragona (L.) D.Don	pollen	percentage	3.3424		
individualtimelinenode_7ad29507-799c-4376-b56f-1351f3b39160	7849	7849	Chamaenerion type	Chamaenerion	Genus	Life > Plantae > Angiosperms > Myrtales > Onagraceae > Chamaenerion	Chamaenerion	pollen	percentage	0		
individualtimelinenode_7ad29507-799c-4376-b56f-1351f3b39160	7849	7849	Cruciferae	Cruciferae	Family	Life > Plantae > Cruciferae	Cruciferae	pollen	percentage	0.2506		
individualtimelinenode_7ad29507-799c-4376-b56f-1351f3b39160	7849	7849	Cyperaceae	Cyperaceae	Family	Life > Plantae > Angiosperms > Poales > Cyperaceae	Cyperaceae	pollen	percentage	3.28817		
individualtimelinenode_7ad29507-799c-4376-b56f-1351f3b39160	7849	7849	Dryas	Dryas	Genus	Life > Plantae > Angiosperms > Rosales > Rosaceae > Dryas	Dryas	pollen	percentage	0		
individualtimelinenode_7ad29507-799c-4376-b56f-1351f3b39160	7849	7849	Empetrum nigrum	Empetrum nigrum (Hagerup) Böch.	Species	Life > Plantae > Empetrum nigrum (Hagerup) Böch.	Empetrum nigrum (Hagerup) Böch.	pollen	percentage	0.20599		
individualtimelinenode_7ad29507-799c-4376-b56f-1351f3b39160	7849	7849	Gramineae	Gramineae	Genus	Life > Plantae > Gramineae	Gramineae	pollen	percentage	53.59566		
individualtimelinenode_7ad29507-799c-4376-b56f-1351f3b39160	7849	7849	Huperzia selago	Huperzia selago (L.) Bernh. ex Schrank. & Mart.	Species	Life > Plantae > Huperzia selago (L.) Bernh. ex Schrank. & Mart.	Huperzia selago (L.) Bernh. ex Schrank. & Mart.	pollen	percentage	0.2001		
individualtimelinenode_7ad29507-799c-4376-b56f-1351f3b39160	7849	7849	Koenigia islandica	Koenigia islandica L.	Species	Life > Plantae > Angiosperms > Caryophyllales > Polygonaceae > Koenigia > Koenigia islandica L.	Koenigia islandica L.	pollen	percentage	1.06506		
individualtimelinenode_7ad29507-799c-4376-b56f-1351f3b39160	7849	7849	Liguiflorae	Liguiflorae	Family	Life > Plantae > Liguiflorae	Liguiflorae	pollen	percentage	0.09		
individualtimelinenode_7ad29507-799c-4376-b56f-1351f3b39160	7849	7849	Lycopodium type	Problematic (Placeholder)	Kingdom	Life > Problematic (Placeholder)	Problematic (Placeholder)	pollen	percentage	4.91006		
individualtimelinenode_7ad29507-799c-4376-b56f-1351f3b39160	7849	7849	Oxyria	Oxyria	Genus	Life > Plantae > Angiosperms > Caryophyllales > Polygonaceae > Oxyria	Oxyria	pollen	percentage	3.74614		
individualtimelinenode_7ad29507-799c-4376-b56f-1351f3b39160	7849	7849	Pedicuralis	Pedicuralis	Genus	Life > Plantae > Pedicuralis	Pedicuralis	pollen	percentage	0		
individualtimelinenode_7ad29507-799c-4376-b56f-1351f3b39160	7849	7849	Phyllodoce corerulea	Phyllodoce corerulea (L.) Bab.	Species	Life > Plantae > Phyllodoce corerulea (L.) Bab.	Phyllodoce corerulea (L.) Bab.	pollen	percentage	0		
individualtimelinenode_7ad29507-799c-4376-b56f-1351f3b39160	7849	7849	Polygonum viviparum	Polygonum viviparum L.	Species	Life > Plantae > Polygonum viviparum L.	Polygonum viviparum L.	pollen	percentage	0		
individualtimelinenode_7ad29507-799c-4376-b56f-1351f3b39160	7849	7849	Polypodiaceae	Polypodiaceae	Family	Life > Plantae > Polypodiophyta > Polypodiopsida > Polypodiales > Polypodiaceae	Polypodiaceae	pollen	percentage	1.95276		
individualtimelinenode_7ad29507-799c-4376-b56f-1351f3b39160	7849	7849	Potentilla	Potentilla	Genus	Life > Plantae > Angiosperms > Rosales > Rosaceae > Potentilla	Potentilla	pollen	percentage	0.61329		
individualtimelinenode_7ad29507-799c-4376-b56f-1351f3b39160	7849	7849	Ranunculus	Ranunculus	Genus	Life > Plantae > Angiosperms > Ranunculales > Ranunculaceae > Ranunculus	Ranunculus	pollen	percentage	0.22107		
individualtimelinenode_7ad29507-799c-4376-b56f-1351f3b39160	7849	7849	Rhododendron lapponicum	Rhododendron lapponicum (L.) Wbg.	Species	Life > Plantae > Rhododendron lapponicum (L.) Wbg.	Rhododendron lapponicum (L.) Wbg.	pollen	percentage	0		
individualtimelinenode_7ad29507-799c-4376-b56f-1351f3b39160	7849	7849	Salix	Salix	Genus	Life > Plantae > Angiosperms > Malpighiales > Salicaceae > Salix	Salix	pollen	percentage	6.76799		
individualtimelinenode_7ad29507-799c-4376-b56f-1351f3b39160	7849	7849	Saxifraga ceruna type	Problematic (Placeholder)	Kingdom	Life > Problematic (Placeholder)	Problematic (Placeholder)	pollen	percentage	0		
individualtimelinenode_7ad29507-799c-4376-b56f-1351f3b39160	7849	7849	Saxifraga nivalis type	Saxifraga hieraciifolia W. & K.	Species	Life > Plantae > Saxifraga hieraciifolia W. & K.	Saxifraga hieraciifolia W. & K.;Saxifraga tenuis (Wbg.) H. Sm.;Saxifraga nivalis L.	pollen	percentage	0		
individualtimelinenode_7ad29507-799c-4376-b56f-1351f3b39160	7849	7849	Saxifraga nivalis type	Saxifraga tenuis (Wbg.) H. Sm.	Species	Life > Plantae > Saxifraga tenuis (Wbg.) H. Sm.	Saxifraga hieraciifolia W. & K.;Saxifraga tenuis (Wbg.) H. Sm.;Saxifraga nivalis L.	pollen	percentage	0		
individualtimelinenode_7ad29507-799c-4376-b56f-1351f3b39160	7849	7849	Saxifraga nivalis type	Saxifraga nivalis L.	Species	Life > Plantae > Angiosperms > Saxifragales > Saxifragaceae > Saxifraga > Saxifraga nivalis L.	Saxifraga hieraciifolia W. & K.;Saxifraga tenuis (Wbg.) H. Sm.;Saxifraga nivalis L.	pollen	percentage	0		
individualtimelinenode_7ad29507-799c-4376-b56f-1351f3b39160	7849	7849	Saxifraga oppositifolia type	Saxifraga paniculata Mill.	Species	Saxifraga paniculata Mill.	Saxifraga paniculata Mill.;Saxifraga aizoides L.;Saxifraga tricuspidata Rottb.;Saxifraga oppositifolia L.	pollen	percentage	0		
individualtimelinenode_7ad29507-799c-4376-b56f-1351f3b39160	7849	7849	Saxifraga oppositifolia type	Saxifraga aizoides L.	Species	Saxifraga aizoides L.	Saxifraga paniculata Mill.;Saxifraga aizoides L.;Saxifraga tricuspidata Rottb.;Saxifraga oppositifolia L.	pollen	percentage	0		
individualtimelinenode_7ad29507-799c-4376-b56f-1351f3b39160	7849	7849	Saxifraga oppositifolia type	Saxifraga tricuspidata Rottb.	Species	Saxifraga tricuspidata Rottb.	Saxifraga paniculata Mill.;Saxifraga aizoides L.;Saxifraga tricuspidata Rottb.;Saxifraga oppositifolia L.	pollen	percentage	0		
individualtimelinenode_7ad29507-799c-4376-b56f-1351f3b39160	7849	7849	Saxifraga oppositifolia type	Saxifraga oppositifolia L.	Species	Life > Plantae > Angiosperms > Saxifragales > Saxifragaceae > Saxifraga > Saxifraga oppositifolia L.	Saxifraga paniculata Mill.;Saxifraga aizoides L.;Saxifraga tricuspidata Rottb.;Saxifraga oppositifolia L.	pollen	percentage	0		
individualtimelinenode_7ad29507-799c-4376-b56f-1351f3b39160	7849	7849	Thalictrum alpinum	Thalictrum alpinum L.	Species	Life > Plantae > Angiosperms > Ranunculales > Ranunculaceae > Thalictrum > Thalictrum alpinum L.	Thalictrum alpinum L.	pollen	percentage	0.44917		
individualtimelinenode_7ad29507-799c-4376-b56f-1351f3b39160	7849	7849	Tuberiflorae	Problematic (Placeholder)	Kingdom	Life > Problematic (Placeholder)	Problematic (Placeholder)	pollen	percentage	0		
individualtimelinenode_7ad29507-799c-4376-b56f-1351f3b39160	7849	7849	Vaccinium uliginosum	Vaccinium uliginosum L.	Species	Life > Plantae > Angiosperms > Ericales > Ericaceae > Vaccinioideae > Vaccinium > Vaccinium uliginosum L.	Vaccinium uliginosum L.	pollen	percentage	0		
individualtimelinenode_7ad29507-799c-4376-b56f-1351f3b39160	8129	8129	Arctostaphylos alpina	Arctostaphylos alpina (L.) Spreng.	Species	Life > Plantae > Arctostaphylos alpina (L.) Spreng.	Arctostaphylos alpina (L.) Spreng.	pollen	percentage	0		
individualtimelinenode_7ad29507-799c-4376-b56f-1351f3b39160	8129	8129	Betula	Betula	Genus	Life > Plantae > Angiosperms > Fagales > Betulaceae > Betula	Betula	pollen	percentage	3.70522		
individualtimelinenode_7ad29507-799c-4376-b56f-1351f3b39160	8129	8129	Campanula	Campanula	Genus	Life > Plantae > Angiosperms > Asterales > Campanulaceae > Campanula	Campanula	pollen	percentage	0		
individualtimelinenode_7ad29507-799c-4376-b56f-1351f3b39160	8129	8129	Caryophyllaceae	Caryophyllaceae	Family	Life > Plantae > Angiosperms > Caryophyllales > Caryophyllaceae	Caryophyllaceae	pollen	percentage	3.12993		
individualtimelinenode_7ad29507-799c-4376-b56f-1351f3b39160	8129	8129	Cassiope type	Harrimanella hypnoides (L.) Coville	Species	Life > Plantae > Harrimanella hypnoides (L.) Coville	Harrimanella hypnoides (L.) Coville;Cassiope tetragona (L.) D.Don	pollen	percentage	0		
individualtimelinenode_7ad29507-799c-4376-b56f-1351f3b39160	8129	8129	Cassiope type	Cassiope tetragona (L.) D.Don	Species	Life > Plantae > Angiosperms > Ericales > Ericaceae > Cassiopoideae > Cassiope > Cassiope tetragona (L.) D.Don	Harrimanella hypnoides (L.) Coville;Cassiope tetragona (L.) D.Don	pollen	percentage	0		
individualtimelinenode_7ad29507-799c-4376-b56f-1351f3b39160	8129	8129	Chamaenerion type	Chamaenerion	Genus	Life > Plantae > Angiosperms > Myrtales > Onagraceae > Chamaenerion	Chamaenerion	pollen	percentage	0		
individualtimelinenode_7ad29507-799c-4376-b56f-1351f3b39160	8129	8129	Cruciferae	Cruciferae	Family	Life > Plantae > Cruciferae	Cruciferae	pollen	percentage	0		
individualtimelinenode_7ad29507-799c-4376-b56f-1351f3b39160	8129	8129	Cyperaceae	Cyperaceae	Family	Life > Plantae > Angiosperms > Poales > Cyperaceae	Cyperaceae	pollen	percentage	3.94889		
individualtimelinenode_7ad29507-799c-4376-b56f-1351f3b39160	8129	8129	Dryas	Dryas	Genus	Life > Plantae > Angiosperms > Rosales > Rosaceae > Dryas	Dryas	pollen	percentage	0		
individualtimelinenode_7ad29507-799c-4376-b56f-1351f3b39160	8129	8129	Empetrum nigrum	Empetrum nigrum (Hagerup) Böch.	Species	Life > Plantae > Empetrum nigrum (Hagerup) Böch.	Empetrum nigrum (Hagerup) Böch.	pollen	percentage	0.36177		
individualtimelinenode_7ad29507-799c-4376-b56f-1351f3b39160	8129	8129	Gramineae	Gramineae	Genus	Life > Plantae > Gramineae	Gramineae	pollen	percentage	69.57181		
individualtimelinenode_7ad29507-799c-4376-b56f-1351f3b39160	8129	8129	Huperzia selago	Huperzia selago (L.) Bernh. ex Schrank. & Mart.	Species	Life > Plantae > Huperzia selago (L.) Bernh. ex Schrank. & Mart.	Huperzia selago (L.) Bernh. ex Schrank. & Mart.	pollen	percentage	0.19614		
individualtimelinenode_7ad29507-799c-4376-b56f-1351f3b39160	8129	8129	Koenigia islandica	Koenigia islandica L.	Species	Life > Plantae > Angiosperms > Caryophyllales > Polygonaceae > Koenigia > Koenigia islandica L.	Koenigia islandica L.	pollen	percentage	0.54286		
individualtimelinenode_7ad29507-799c-4376-b56f-1351f3b39160	8129	8129	Liguiflorae	Liguiflorae	Family	Life > Plantae > Liguiflorae	Liguiflorae	pollen	percentage	0		
individualtimelinenode_7ad29507-799c-4376-b56f-1351f3b39160	8129	8129	Lycopodium type	Problematic (Placeholder)	Kingdom	Life > Problematic (Placeholder)	Problematic (Placeholder)	pollen	percentage	0.97805		
individualtimelinenode_7ad29507-799c-4376-b56f-1351f3b39160	8129	8129	Oxyria	Oxyria	Genus	Life > Plantae > Angiosperms > Caryophyllales > Polygonaceae > Oxyria	Oxyria	pollen	percentage	5.98112		
individualtimelinenode_7ad29507-799c-4376-b56f-1351f3b39160	8129	8129	Pedicuralis	Pedicuralis	Genus	Life > Plantae > Pedicuralis	Pedicuralis	pollen	percentage	0		
individualtimelinenode_7ad29507-799c-4376-b56f-1351f3b39160	8129	8129	Phyllodoce corerulea	Phyllodoce corerulea (L.) Bab.	Species	Life > Plantae > Phyllodoce corerulea (L.) Bab.	Phyllodoce corerulea (L.) Bab.	pollen	percentage	0.22686		
individualtimelinenode_7ad29507-799c-4376-b56f-1351f3b39160	8129	8129	Polygonum viviparum	Polygonum viviparum L.	Species	Life > Plantae > Polygonum viviparum L.	Polygonum viviparum L.	pollen	percentage	0		
individualtimelinenode_7ad29507-799c-4376-b56f-1351f3b39160	8129	8129	Polypodiaceae	Polypodiaceae	Family	Life > Plantae > Polypodiophyta > Polypodiopsida > Polypodiales > Polypodiaceae	Polypodiaceae	pollen	percentage	1.84408		
individualtimelinenode_7ad29507-799c-4376-b56f-1351f3b39160	8129	8129	Potentilla	Potentilla	Genus	Life > Plantae > Angiosperms > Rosales > Rosaceae > Potentilla	Potentilla	pollen	percentage	0		
individualtimelinenode_7ad29507-799c-4376-b56f-1351f3b39160	8129	8129	Ranunculus	Ranunculus	Genus	Life > Plantae > Angiosperms > Ranunculales > Ranunculaceae > Ranunculus	Ranunculus	pollen	percentage	0.4932		
individualtimelinenode_7ad29507-799c-4376-b56f-1351f3b39160	8129	8129	Rhododendron lapponicum	Rhododendron lapponicum (L.) Wbg.	Species	Life > Plantae > Rhododendron lapponicum (L.) Wbg.	Rhododendron lapponicum (L.) Wbg.	pollen	percentage	0		
individualtimelinenode_7ad29507-799c-4376-b56f-1351f3b39160	8129	8129	Salix	Salix	Genus	Life > Plantae > Angiosperms > Malpighiales > Salicaceae > Salix	Salix	pollen	percentage	6.80793		
individualtimelinenode_7ad29507-799c-4376-b56f-1351f3b39160	8129	8129	Saxifraga ceruna type	Problematic (Placeholder)	Kingdom	Life > Problematic (Placeholder)	Problematic (Placeholder)	pollen	percentage	0		
individualtimelinenode_7ad29507-799c-4376-b56f-1351f3b39160	8129	8129	Saxifraga nivalis type	Saxifraga hieraciifolia W. & K.	Species	Life > Plantae > Saxifraga hieraciifolia W. & K.	Saxifraga hieraciifolia W. & K.;Saxifraga tenuis (Wbg.) H. Sm.;Saxifraga nivalis L.	pollen	percentage	0.2078		
individualtimelinenode_7ad29507-799c-4376-b56f-1351f3b39160	8129	8129	Saxifraga nivalis type	Saxifraga tenuis (Wbg.) H. Sm.	Species	Life > Plantae > Saxifraga tenuis (Wbg.) H. Sm.	Saxifraga hieraciifolia W. & K.;Saxifraga tenuis (Wbg.) H. Sm.;Saxifraga nivalis L.	pollen	percentage	0.2078		
individualtimelinenode_7ad29507-799c-4376-b56f-1351f3b39160	8129	8129	Saxifraga nivalis type	Saxifraga nivalis L.	Species	Life > Plantae > Angiosperms > Saxifragales > Saxifragaceae > Saxifraga > Saxifraga nivalis L.	Saxifraga hieraciifolia W. & K.;Saxifraga tenuis (Wbg.) H. Sm.;Saxifraga nivalis L.	pollen	percentage	0.2078		
individualtimelinenode_7ad29507-799c-4376-b56f-1351f3b39160	8129	8129	Saxifraga oppositifolia type	Saxifraga paniculata Mill.	Species	Saxifraga paniculata Mill.	Saxifraga paniculata Mill.;Saxifraga aizoides L.;Saxifraga tricuspidata Rottb.;Saxifraga oppositifolia L.	pollen	percentage	1.1323		
individualtimelinenode_7ad29507-799c-4376-b56f-1351f3b39160	8129	8129	Saxifraga oppositifolia type	Saxifraga aizoides L.	Species	Saxifraga aizoides L.	Saxifraga paniculata Mill.;Saxifraga aizoides L.;Saxifraga tricuspidata Rottb.;Saxifraga oppositifolia L.	pollen	percentage	1.1323		
individualtimelinenode_7ad29507-799c-4376-b56f-1351f3b39160	8129	8129	Saxifraga oppositifolia type	Saxifraga tricuspidata Rottb.	Species	Saxifraga tricuspidata Rottb.	Saxifraga paniculata Mill.;Saxifraga aizoides L.;Saxifraga tricuspidata Rottb.;Saxifraga oppositifolia L.	pollen	percentage	1.1323		
individualtimelinenode_7ad29507-799c-4376-b56f-1351f3b39160	8129	8129	Saxifraga oppositifolia type	Saxifraga oppositifolia L.	Species	Life > Plantae > Angiosperms > Saxifragales > Saxifragaceae > Saxifraga > Saxifraga oppositifolia L.	Saxifraga paniculata Mill.;Saxifraga aizoides L.;Saxifraga tricuspidata Rottb.;Saxifraga oppositifolia L.	pollen	percentage	1.1323		
individualtimelinenode_7ad29507-799c-4376-b56f-1351f3b39160	8129	8129	Thalictrum alpinum	Thalictrum alpinum L.	Species	Life > Plantae > Angiosperms > Ranunculales > Ranunculaceae > Thalictrum > Thalictrum alpinum L.	Thalictrum alpinum L.	pollen	percentage	0.49989		
individualtimelinenode_7ad29507-799c-4376-b56f-1351f3b39160	8129	8129	Tuberiflorae	Problematic (Placeholder)	Kingdom	Life > Problematic (Placeholder)	Problematic (Placeholder)	pollen	percentage	0.12889		
individualtimelinenode_7ad29507-799c-4376-b56f-1351f3b39160	8129	8129	Vaccinium uliginosum	Vaccinium uliginosum L.	Species	Life > Plantae > Angiosperms > Ericales > Ericaceae > Vaccinioideae > Vaccinium > Vaccinium uliginosum L.	Vaccinium uliginosum L.	pollen	percentage	0		
individualtimelinenode_7ad29507-799c-4376-b56f-1351f3b39160	8281	8281	Arctostaphylos alpina	Arctostaphylos alpina (L.) Spreng.	Species	Life > Plantae > Arctostaphylos alpina (L.) Spreng.	Arctostaphylos alpina (L.) Spreng.	pollen	percentage	0		
individualtimelinenode_7ad29507-799c-4376-b56f-1351f3b39160	8281	8281	Betula	Betula	Genus	Life > Plantae > Angiosperms > Fagales > Betulaceae > Betula	Betula	pollen	percentage	0.9587		
individualtimelinenode_7ad29507-799c-4376-b56f-1351f3b39160	8281	8281	Campanula	Campanula	Genus	Life > Plantae > Angiosperms > Asterales > Campanulaceae > Campanula	Campanula	pollen	percentage	0		
individualtimelinenode_7ad29507-799c-4376-b56f-1351f3b39160	8281	8281	Caryophyllaceae	Caryophyllaceae	Family	Life > Plantae > Angiosperms > Caryophyllales > Caryophyllaceae	Caryophyllaceae	pollen	percentage	4.2089		
individualtimelinenode_7ad29507-799c-4376-b56f-1351f3b39160	8281	8281	Cassiope type	Harrimanella hypnoides (L.) Coville	Species	Life > Plantae > Harrimanella hypnoides (L.) Coville	Harrimanella hypnoides (L.) Coville;Cassiope tetragona (L.) D.Don	pollen	percentage	0.37534		
individualtimelinenode_7ad29507-799c-4376-b56f-1351f3b39160	8281	8281	Cassiope type	Cassiope tetragona (L.) D.Don	Species	Life > Plantae > Angiosperms > Ericales > Ericaceae > Cassiopoideae > Cassiope > Cassiope tetragona (L.) D.Don	Harrimanella hypnoides (L.) Coville;Cassiope tetragona (L.) D.Don	pollen	percentage	0.37534		
individualtimelinenode_7ad29507-799c-4376-b56f-1351f3b39160	8281	8281	Chamaenerion type	Chamaenerion	Genus	Life > Plantae > Angiosperms > Myrtales > Onagraceae > Chamaenerion	Chamaenerion	pollen	percentage	0		
individualtimelinenode_7ad29507-799c-4376-b56f-1351f3b39160	8281	8281	Cruciferae	Cruciferae	Family	Life > Plantae > Cruciferae	Cruciferae	pollen	percentage	0.19432		
individualtimelinenode_7ad29507-799c-4376-b56f-1351f3b39160	8281	8281	Cyperaceae	Cyperaceae	Family	Life > Plantae > Angiosperms > Poales > Cyperaceae	Cyperaceae	pollen	percentage	2.81597		
individualtimelinenode_7ad29507-799c-4376-b56f-1351f3b39160	8281	8281	Dryas	Dryas	Genus	Life > Plantae > Angiosperms > Rosales > Rosaceae > Dryas	Dryas	pollen	percentage	0.44663		
individualtimelinenode_7ad29507-799c-4376-b56f-1351f3b39160	8281	8281	Empetrum nigrum	Empetrum nigrum (Hagerup) Böch.	Species	Life > Plantae > Empetrum nigrum (Hagerup) Böch.	Empetrum nigrum (Hagerup) Böch.	pollen	percentage	0.66406		
individualtimelinenode_7ad29507-799c-4376-b56f-1351f3b39160	8281	8281	Gramineae	Gramineae	Genus	Life > Plantae > Gramineae	Gramineae	pollen	percentage	72.86408		
individualtimelinenode_7ad29507-799c-4376-b56f-1351f3b39160	8281	8281	Huperzia selago	Huperzia selago (L.) Bernh. ex Schrank. & Mart.	Species	Life > Plantae > Huperzia selago (L.) Bernh. ex Schrank. & Mart.	Huperzia selago (L.) Bernh. ex Schrank. & Mart.	pollen	percentage	0.98932		
individualtimelinenode_7ad29507-799c-4376-b56f-1351f3b39160	8281	8281	Koenigia islandica	Koenigia islandica L.	Species	Life > Plantae > Angiosperms > Caryophyllales > Polygonaceae > Koenigia > Koenigia islandica L.	Koenigia islandica L.	pollen	percentage	0.42445		
individualtimelinenode_7ad29507-799c-4376-b56f-1351f3b39160	8281	8281	Liguiflorae	Liguiflorae	Family	Life > Plantae > Liguiflorae	Liguiflorae	pollen	percentage	0		
individualtimelinenode_7ad29507-799c-4376-b56f-1351f3b39160	8281	8281	Lycopodium type	Problematic (Placeholder)	Kingdom	Life > Problematic (Placeholder)	Problematic (Placeholder)	pollen	percentage	0.91839		
individualtimelinenode_7ad29507-799c-4376-b56f-1351f3b39160	8281	8281	Oxyria	Oxyria	Genus	Life > Plantae > Angiosperms > Caryophyllales > Polygonaceae > Oxyria	Oxyria	pollen	percentage	6.45824		
individualtimelinenode_7ad29507-799c-4376-b56f-1351f3b39160	8281	8281	Pedicuralis	Pedicuralis	Genus	Life > Plantae > Pedicuralis	Pedicuralis	pollen	percentage	0		
individualtimelinenode_7ad29507-799c-4376-b56f-1351f3b39160	8281	8281	Phyllodoce corerulea	Phyllodoce corerulea (L.) Bab.	Species	Life > Plantae > Phyllodoce corerulea (L.) Bab.	Phyllodoce corerulea (L.) Bab.	pollen	percentage	0		
individualtimelinenode_7ad29507-799c-4376-b56f-1351f3b39160	8281	8281	Polygonum viviparum	Polygonum viviparum L.	Species	Life > Plantae > Polygonum viviparum L.	Polygonum viviparum L.	pollen	percentage	0.21364		
individualtimelinenode_7ad29507-799c-4376-b56f-1351f3b39160	8281	8281	Polypodiaceae	Polypodiaceae	Family	Life > Plantae > Polypodiophyta > Polypodiopsida > Polypodiales > Polypodiaceae	Polypodiaceae	pollen	percentage	0.85098		
individualtimelinenode_7ad29507-799c-4376-b56f-1351f3b39160	8281	8281	Potentilla	Potentilla	Genus	Life > Plantae > Angiosperms > Rosales > Rosaceae > Potentilla	Potentilla	pollen	percentage	0		
individualtimelinenode_7ad29507-799c-4376-b56f-1351f3b39160	8281	8281	Ranunculus	Ranunculus	Genus	Life > Plantae > Angiosperms > Ranunculales > Ranunculaceae > Ranunculus	Ranunculus	pollen	percentage	0.22228		
individualtimelinenode_7ad29507-799c-4376-b56f-1351f3b39160	8281	8281	Rhododendron lapponicum	Rhododendron lapponicum (L.) Wbg.	Species	Life > Plantae > Rhododendron lapponicum (L.) Wbg.	Rhododendron lapponicum (L.) Wbg.	pollen	percentage	0		
individualtimelinenode_7ad29507-799c-4376-b56f-1351f3b39160	8281	8281	Salix	Salix	Genus	Life > Plantae > Angiosperms > Malpighiales > Salicaceae > Salix	Salix	pollen	percentage	7.80647		
individualtimelinenode_7ad29507-799c-4376-b56f-1351f3b39160	8281	8281	Saxifraga ceruna type	Problematic (Placeholder)	Kingdom	Life > Problematic (Placeholder)	Problematic (Placeholder)	pollen	percentage	0		
individualtimelinenode_7ad29507-799c-4376-b56f-1351f3b39160	8281	8281	Saxifraga nivalis type	Saxifraga hieraciifolia W. & K.	Species	Life > Plantae > Saxifraga hieraciifolia W. & K.	Saxifraga hieraciifolia W. & K.;Saxifraga tenuis (Wbg.) H. Sm.;Saxifraga nivalis L.	pollen	percentage	0		
individualtimelinenode_7ad29507-799c-4376-b56f-1351f3b39160	8281	8281	Saxifraga nivalis type	Saxifraga tenuis (Wbg.) H. Sm.	Species	Life > Plantae > Saxifraga tenuis (Wbg.) H. Sm.	Saxifraga hieraciifolia W. & K.;Saxifraga tenuis (Wbg.) H. Sm.;Saxifraga nivalis L.	pollen	percentage	0		
individualtimelinenode_7ad29507-799c-4376-b56f-1351f3b39160	8281	8281	Saxifraga nivalis type	Saxifraga nivalis L.	Species	Life > Plantae > Angiosperms > Saxifragales > Saxifragaceae > Saxifraga > Saxifraga nivalis L.	Saxifraga hieraciifolia W. & K.;Saxifraga tenuis (Wbg.) H. Sm.;Saxifraga nivalis L.	pollen	percentage	0		
individualtimelinenode_7ad29507-799c-4376-b56f-1351f3b39160	8281	8281	Saxifraga oppositifolia type	Saxifraga paniculata Mill.	Species	Saxifraga paniculata Mill.	Saxifraga paniculata Mill.;Saxifraga aizoides L.;Saxifraga tricuspidata Rottb.;Saxifraga oppositifolia L.	pollen	percentage	0.20407		
individualtimelinenode_7ad29507-799c-4376-b56f-1351f3b39160	8281	8281	Saxifraga oppositifolia type	Saxifraga aizoides L.	Species	Saxifraga aizoides L.	Saxifraga paniculata Mill.;Saxifraga aizoides L.;Saxifraga tricuspidata Rottb.;Saxifraga oppositifolia L.	pollen	percentage	0.20407		
individualtimelinenode_7ad29507-799c-4376-b56f-1351f3b39160	8281	8281	Saxifraga oppositifolia type	Saxifraga tricuspidata Rottb.	Species	Saxifraga tricuspidata Rottb.	Saxifraga paniculata Mill.;Saxifraga aizoides L.;Saxifraga tricuspidata Rottb.;Saxifraga oppositifolia L.	pollen	percentage	0.20407		
individualtimelinenode_7ad29507-799c-4376-b56f-1351f3b39160	8281	8281	Saxifraga oppositifolia type	Saxifraga oppositifolia L.	Species	Life > Plantae > Angiosperms > Saxifragales > Saxifragaceae > Saxifraga > Saxifraga oppositifolia L.	Saxifraga paniculata Mill.;Saxifraga aizoides L.;Saxifraga tricuspidata Rottb.;Saxifraga oppositifolia L.	pollen	percentage	0.20407		
individualtimelinenode_7ad29507-799c-4376-b56f-1351f3b39160	8281	8281	Thalictrum alpinum	Thalictrum alpinum L.	Species	Life > Plantae > Angiosperms > Ranunculales > Ranunculaceae > Thalictrum > Thalictrum alpinum L.	Thalictrum alpinum L.	pollen	percentage	0		
individualtimelinenode_7ad29507-799c-4376-b56f-1351f3b39160	8281	8281	Tuberiflorae	Problematic (Placeholder)	Kingdom	Life > Problematic (Placeholder)	Problematic (Placeholder)	pollen	percentage	0		
individualtimelinenode_7ad29507-799c-4376-b56f-1351f3b39160	8281	8281	Vaccinium uliginosum	Vaccinium uliginosum L.	Species	Life > Plantae > Angiosperms > Ericales > Ericaceae > Vaccinioideae > Vaccinium > Vaccinium uliginosum L.	Vaccinium uliginosum L.	pollen	percentage	0		
individualtimelinenode_7ad29507-799c-4376-b56f-1351f3b39160	8360	8360	Arctostaphylos alpina	Arctostaphylos alpina (L.) Spreng.	Species	Life > Plantae > Arctostaphylos alpina (L.) Spreng.	Arctostaphylos alpina (L.) Spreng.	pollen	percentage	0		
individualtimelinenode_7ad29507-799c-4376-b56f-1351f3b39160	8360	8360	Betula	Betula	Genus	Life > Plantae > Angiosperms > Fagales > Betulaceae > Betula	Betula	pollen	percentage	0		
individualtimelinenode_7ad29507-799c-4376-b56f-1351f3b39160	8360	8360	Campanula	Campanula	Genus	Life > Plantae > Angiosperms > Asterales > Campanulaceae > Campanula	Campanula	pollen	percentage	0		
individualtimelinenode_7ad29507-799c-4376-b56f-1351f3b39160	8360	8360	Caryophyllaceae	Caryophyllaceae	Family	Life > Plantae > Angiosperms > Caryophyllales > Caryophyllaceae	Caryophyllaceae	pollen	percentage	3.73909		
individualtimelinenode_7ad29507-799c-4376-b56f-1351f3b39160	8360	8360	Cassiope type	Harrimanella hypnoides (L.) Coville	Species	Life > Plantae > Harrimanella hypnoides (L.) Coville	Harrimanella hypnoides (L.) Coville;Cassiope tetragona (L.) D.Don	pollen	percentage	0.52288		
individualtimelinenode_7ad29507-799c-4376-b56f-1351f3b39160	8360	8360	Cassiope type	Cassiope tetragona (L.) D.Don	Species	Life > Plantae > Angiosperms > Ericales > Ericaceae > Cassiopoideae > Cassiope > Cassiope tetragona (L.) D.Don	Harrimanella hypnoides (L.) Coville;Cassiope tetragona (L.) D.Don	pollen	percentage	0.52288		
individualtimelinenode_7ad29507-799c-4376-b56f-1351f3b39160	8360	8360	Chamaenerion type	Chamaenerion	Genus	Life > Plantae > Angiosperms > Myrtales > Onagraceae > Chamaenerion	Chamaenerion	pollen	percentage	0		
individualtimelinenode_7ad29507-799c-4376-b56f-1351f3b39160	8360	8360	Cruciferae	Cruciferae	Family	Life > Plantae > Cruciferae	Cruciferae	pollen	percentage	0		
individualtimelinenode_7ad29507-799c-4376-b56f-1351f3b39160	8360	8360	Cyperaceae	Cyperaceae	Family	Life > Plantae > Angiosperms > Poales > Cyperaceae	Cyperaceae	pollen	percentage	2.94777		
individualtimelinenode_7ad29507-799c-4376-b56f-1351f3b39160	8360	8360	Dryas	Dryas	Genus	Life > Plantae > Angiosperms > Rosales > Rosaceae > Dryas	Dryas	pollen	percentage	0		
individualtimelinenode_7ad29507-799c-4376-b56f-1351f3b39160	8360	8360	Empetrum nigrum	Empetrum nigrum (Hagerup) Böch.	Species	Life > Plantae > Empetrum nigrum (Hagerup) Böch.	Empetrum nigrum (Hagerup) Böch.	pollen	percentage	0.60032		
individualtimelinenode_7ad29507-799c-4376-b56f-1351f3b39160	8360	8360	Gramineae	Gramineae	Genus	Life > Plantae > Gramineae	Gramineae	pollen	percentage	77.93401		
individualtimelinenode_7ad29507-799c-4376-b56f-1351f3b39160	8360	8360	Huperzia selago	Huperzia selago (L.) Bernh. ex Schrank. & Mart.	Species	Life > Plantae > Huperzia selago (L.) Bernh. ex Schrank. & Mart.	Huperzia selago (L.) Bernh. ex Schrank. & Mart.	pollen	percentage	0.87992		
individualtimelinenode_7ad29507-799c-4376-b56f-1351f3b39160	8360	8360	Koenigia islandica	Koenigia islandica L.	Species	Life > Plantae > Angiosperms > Caryophyllales > Polygonaceae > Koenigia > Koenigia islandica L.	Koenigia islandica L.	pollen	percentage	0		
individualtimelinenode_7ad29507-799c-4376-b56f-1351f3b39160	8360	8360	Liguiflorae	Liguiflorae	Family	Life > Plantae > Liguiflorae	Liguiflorae	pollen	percentage	0		
individualtimelinenode_7ad29507-799c-4376-b56f-1351f3b39160	8360	8360	Lycopodium type	Problematic (Placeholder)	Kingdom	Life > Problematic (Placeholder)	Problematic (Placeholder)	pollen	percentage	0.48905		
individualtimelinenode_7ad29507-799c-4376-b56f-1351f3b39160	8360	8360	Oxyria	Oxyria	Genus	Life > Plantae > Angiosperms > Caryophyllales > Polygonaceae > Oxyria	Oxyria	pollen	percentage	2.5494		
individualtimelinenode_7ad29507-799c-4376-b56f-1351f3b39160	8360	8360	Pedicuralis	Pedicuralis	Genus	Life > Plantae > Pedicuralis	Pedicuralis	pollen	percentage	0		
individualtimelinenode_7ad29507-799c-4376-b56f-1351f3b39160	8360	8360	Phyllodoce corerulea	Phyllodoce corerulea (L.) Bab.	Species	Life > Plantae > Phyllodoce corerulea (L.) Bab.	Phyllodoce corerulea (L.) Bab.	pollen	percentage	0		
individualtimelinenode_7ad29507-799c-4376-b56f-1351f3b39160	8360	8360	Polygonum viviparum	Polygonum viviparum L.	Species	Life > Plantae > Polygonum viviparum L.	Polygonum viviparum L.	pollen	percentage	0.75644		
individualtimelinenode_7ad29507-799c-4376-b56f-1351f3b39160	8360	8360	Polypodiaceae	Polypodiaceae	Family	Life > Plantae > Polypodiophyta > Polypodiopsida > Polypodiales > Polypodiaceae	Polypodiaceae	pollen	percentage	1.96654		
individualtimelinenode_7ad29507-799c-4376-b56f-1351f3b39160	8360	8360	Potentilla	Potentilla	Genus	Life > Plantae > Angiosperms > Rosales > Rosaceae > Potentilla	Potentilla	pollen	percentage	0		
individualtimelinenode_7ad29507-799c-4376-b56f-1351f3b39160	8360	8360	Ranunculus	Ranunculus	Genus	Life > Plantae > Angiosperms > Ranunculales > Ranunculaceae > Ranunculus	Ranunculus	pollen	percentage	0		
individualtimelinenode_7ad29507-799c-4376-b56f-1351f3b39160	8360	8360	Rhododendron lapponicum	Rhododendron lapponicum (L.) Wbg.	Species	Life > Plantae > Rhododendron lapponicum (L.) Wbg.	Rhododendron lapponicum (L.) Wbg.	pollen	percentage	0		
individualtimelinenode_7ad29507-799c-4376-b56f-1351f3b39160	8360	8360	Salix	Salix	Genus	Life > Plantae > Angiosperms > Malpighiales > Salicaceae > Salix	Salix	pollen	percentage	9.57619		
individualtimelinenode_7ad29507-799c-4376-b56f-1351f3b39160	8360	8360	Saxifraga ceruna type	Problematic (Placeholder)	Kingdom	Life > Problematic (Placeholder)	Problematic (Placeholder)	pollen	percentage	0		
individualtimelinenode_7ad29507-799c-4376-b56f-1351f3b39160	8360	8360	Saxifraga nivalis type	Saxifraga hieraciifolia W. & K.	Species	Life > Plantae > Saxifraga hieraciifolia W. & K.	Saxifraga hieraciifolia W. & K.;Saxifraga tenuis (Wbg.) H. Sm.;Saxifraga nivalis L.	pollen	percentage	0		
individualtimelinenode_7ad29507-799c-4376-b56f-1351f3b39160	8360	8360	Saxifraga nivalis type	Saxifraga tenuis (Wbg.) H. Sm.	Species	Life > Plantae > Saxifraga tenuis (Wbg.) H. Sm.	Saxifraga hieraciifolia W. & K.;Saxifraga tenuis (Wbg.) H. Sm.;Saxifraga nivalis L.	pollen	percentage	0		
individualtimelinenode_7ad29507-799c-4376-b56f-1351f3b39160	8360	8360	Saxifraga nivalis type	Saxifraga nivalis L.	Species	Life > Plantae > Angiosperms > Saxifragales > Saxifragaceae > Saxifraga > Saxifraga nivalis L.	Saxifraga hieraciifolia W. & K.;Saxifraga tenuis (Wbg.) H. Sm.;Saxifraga nivalis L.	pollen	percentage	0		
individualtimelinenode_7ad29507-799c-4376-b56f-1351f3b39160	8360	8360	Saxifraga oppositifolia type	Saxifraga paniculata Mill.	Species	Saxifraga paniculata Mill.	Saxifraga paniculata Mill.;Saxifraga aizoides L.;Saxifraga tricuspidata Rottb.;Saxifraga oppositifolia L.	pollen	percentage	0		
individualtimelinenode_7ad29507-799c-4376-b56f-1351f3b39160	8360	8360	Saxifraga oppositifolia type	Saxifraga aizoides L.	Species	Saxifraga aizoides L.	Saxifraga paniculata Mill.;Saxifraga aizoides L.;Saxifraga tricuspidata Rottb.;Saxifraga oppositifolia L.	pollen	percentage	0		
individualtimelinenode_7ad29507-799c-4376-b56f-1351f3b39160	8360	8360	Saxifraga oppositifolia type	Saxifraga tricuspidata Rottb.	Species	Saxifraga tricuspidata Rottb.	Saxifraga paniculata Mill.;Saxifraga aizoides L.;Saxifraga tricuspidata Rottb.;Saxifraga oppositifolia L.	pollen	percentage	0		
individualtimelinenode_7ad29507-799c-4376-b56f-1351f3b39160	8360	8360	Saxifraga oppositifolia type	Saxifraga oppositifolia L.	Species	Life > Plantae > Angiosperms > Saxifragales > Saxifragaceae > Saxifraga > Saxifraga oppositifolia L.	Saxifraga paniculata Mill.;Saxifraga aizoides L.;Saxifraga tricuspidata Rottb.;Saxifraga oppositifolia L.	pollen	percentage	0		
individualtimelinenode_7ad29507-799c-4376-b56f-1351f3b39160	8360	8360	Thalictrum alpinum	Thalictrum alpinum L.	Species	Life > Plantae > Angiosperms > Ranunculales > Ranunculaceae > Thalictrum > Thalictrum alpinum L.	Thalictrum alpinum L.	pollen	percentage	0		
individualtimelinenode_7ad29507-799c-4376-b56f-1351f3b39160	8360	8360	Tuberiflorae	Problematic (Placeholder)	Kingdom	Life > Problematic (Placeholder)	Problematic (Placeholder)	pollen	percentage	0.37858		
individualtimelinenode_7ad29507-799c-4376-b56f-1351f3b39160	8360	8360	Vaccinium uliginosum	Vaccinium uliginosum L.	Species	Life > Plantae > Angiosperms > Ericales > Ericaceae > Vaccinioideae > Vaccinium > Vaccinium uliginosum L.	Vaccinium uliginosum L.	pollen	percentage	0		
individualtimelinenode_7ad29507-799c-4376-b56f-1351f3b39160	8567	8567	Arctostaphylos alpina	Arctostaphylos alpina (L.) Spreng.	Species	Life > Plantae > Arctostaphylos alpina (L.) Spreng.	Arctostaphylos alpina (L.) Spreng.	pollen	percentage	0		
individualtimelinenode_7ad29507-799c-4376-b56f-1351f3b39160	8567	8567	Betula	Betula	Genus	Life > Plantae > Angiosperms > Fagales > Betulaceae > Betula	Betula	pollen	percentage	0.53718		
individualtimelinenode_7ad29507-799c-4376-b56f-1351f3b39160	8567	8567	Campanula	Campanula	Genus	Life > Plantae > Angiosperms > Asterales > Campanulaceae > Campanula	Campanula	pollen	percentage	0		
individualtimelinenode_7ad29507-799c-4376-b56f-1351f3b39160	8567	8567	Caryophyllaceae	Caryophyllaceae	Family	Life > Plantae > Angiosperms > Caryophyllales > Caryophyllaceae	Caryophyllaceae	pollen	percentage	1.48705		
individualtimelinenode_7ad29507-799c-4376-b56f-1351f3b39160	8567	8567	Cassiope type	Harrimanella hypnoides (L.) Coville	Species	Life > Plantae > Harrimanella hypnoides (L.) Coville	Harrimanella hypnoides (L.) Coville;Cassiope tetragona (L.) D.Don	pollen	percentage	0		
individualtimelinenode_7ad29507-799c-4376-b56f-1351f3b39160	8567	8567	Cassiope type	Cassiope tetragona (L.) D.Don	Species	Life > Plantae > Angiosperms > Ericales > Ericaceae > Cassiopoideae > Cassiope > Cassiope tetragona (L.) D.Don	Harrimanella hypnoides (L.) Coville;Cassiope tetragona (L.) D.Don	pollen	percentage	0		
individualtimelinenode_7ad29507-799c-4376-b56f-1351f3b39160	8567	8567	Chamaenerion type	Chamaenerion	Genus	Life > Plantae > Angiosperms > Myrtales > Onagraceae > Chamaenerion	Chamaenerion	pollen	percentage	0		
individualtimelinenode_7ad29507-799c-4376-b56f-1351f3b39160	8567	8567	Cruciferae	Cruciferae	Family	Life > Plantae > Cruciferae	Cruciferae	pollen	percentage	0		
individualtimelinenode_7ad29507-799c-4376-b56f-1351f3b39160	8567	8567	Cyperaceae	Cyperaceae	Family	Life > Plantae > Angiosperms > Poales > Cyperaceae	Cyperaceae	pollen	percentage	4.02201		
individualtimelinenode_7ad29507-799c-4376-b56f-1351f3b39160	8567	8567	Dryas	Dryas	Genus	Life > Plantae > Angiosperms > Rosales > Rosaceae > Dryas	Dryas	pollen	percentage	0.17446		
individualtimelinenode_7ad29507-799c-4376-b56f-1351f3b39160	8567	8567	Empetrum nigrum	Empetrum nigrum (Hagerup) Böch.	Species	Life > Plantae > Empetrum nigrum (Hagerup) Böch.	Empetrum nigrum (Hagerup) Böch.	pollen	percentage	0.18477		
individualtimelinenode_7ad29507-799c-4376-b56f-1351f3b39160	8567	8567	Gramineae	Gramineae	Genus	Life > Plantae > Gramineae	Gramineae	pollen	percentage	80.577		
individualtimelinenode_7ad29507-799c-4376-b56f-1351f3b39160	8567	8567	Huperzia selago	Huperzia selago (L.) Bernh. ex Schrank. & Mart.	Species	Life > Plantae > Huperzia selago (L.) Bernh. ex Schrank. & Mart.	Huperzia selago (L.) Bernh. ex Schrank. & Mart.	pollen	percentage	0.15765		
individualtimelinenode_7ad29507-799c-4376-b56f-1351f3b39160	8567	8567	Koenigia islandica	Koenigia islandica L.	Species	Life > Plantae > Angiosperms > Caryophyllales > Polygonaceae > Koenigia > Koenigia islandica L.	Koenigia islandica L.	pollen	percentage	0.44989		
individualtimelinenode_7ad29507-799c-4376-b56f-1351f3b39160	8567	8567	Liguiflorae	Liguiflorae	Family	Life > Plantae > Liguiflorae	Liguiflorae	pollen	percentage	0		
individualtimelinenode_7ad29507-799c-4376-b56f-1351f3b39160	8567	8567	Lycopodium type	Problematic (Placeholder)	Kingdom	Life > Problematic (Placeholder)	Problematic (Placeholder)	pollen	percentage	0.6672		
individualtimelinenode_7ad29507-799c-4376-b56f-1351f3b39160	8567	8567	Oxyria	Oxyria	Genus	Life > Plantae > Angiosperms > Caryophyllales > Polygonaceae > Oxyria	Oxyria	pollen	percentage	4.18251		
individualtimelinenode_7ad29507-799c-4376-b56f-1351f3b39160	8567	8567	Pedicuralis	Pedicuralis	Genus	Life > Plantae > Pedicuralis	Pedicuralis	pollen	percentage	0		
individualtimelinenode_7ad29507-799c-4376-b56f-1351f3b39160	8567	8567	Phyllodoce corerulea	Phyllodoce corerulea (L.) Bab.	Species	Life > Plantae > Phyllodoce corerulea (L.) Bab.	Phyllodoce corerulea (L.) Bab.	pollen	percentage	0		
individualtimelinenode_7ad29507-799c-4376-b56f-1351f3b39160	8567	8567	Polygonum viviparum	Polygonum viviparum L.	Species	Life > Plantae > Polygonum viviparum L.	Polygonum viviparum L.	pollen	percentage	0.8518		
individualtimelinenode_7ad29507-799c-4376-b56f-1351f3b39160	8567	8567	Polypodiaceae	Polypodiaceae	Family	Life > Plantae > Polypodiophyta > Polypodiopsida > Polypodiales > Polypodiaceae	Polypodiaceae	pollen	percentage	0.80846		
individualtimelinenode_7ad29507-799c-4376-b56f-1351f3b39160	8567	8567	Potentilla	Potentilla	Genus	Life > Plantae > Angiosperms > Rosales > Rosaceae > Potentilla	Potentilla	pollen	percentage	0.24998		
individualtimelinenode_7ad29507-799c-4376-b56f-1351f3b39160	8567	8567	Ranunculus	Ranunculus	Genus	Life > Plantae > Angiosperms > Ranunculales > Ranunculaceae > Ranunculus	Ranunculus	pollen	percentage	0.84914		
individualtimelinenode_7ad29507-799c-4376-b56f-1351f3b39160	8567	8567	Rhododendron lapponicum	Rhododendron lapponicum (L.) Wbg.	Species	Life > Plantae > Rhododendron lapponicum (L.) Wbg.	Rhododendron lapponicum (L.) Wbg.	pollen	percentage	0		
individualtimelinenode_7ad29507-799c-4376-b56f-1351f3b39160	8567	8567	Salix	Salix	Genus	Life > Plantae > Angiosperms > Malpighiales > Salicaceae > Salix	Salix	pollen	percentage	6.86802		
individualtimelinenode_7ad29507-799c-4376-b56f-1351f3b39160	8567	8567	Saxifraga ceruna type	Problematic (Placeholder)	Kingdom	Life > Problematic (Placeholder)	Problematic (Placeholder)	pollen	percentage	0		
individualtimelinenode_7ad29507-799c-4376-b56f-1351f3b39160	8567	8567	Saxifraga nivalis type	Saxifraga hieraciifolia W. & K.	Species	Life > Plantae > Saxifraga hieraciifolia W. & K.	Saxifraga hieraciifolia W. & K.;Saxifraga tenuis (Wbg.) H. Sm.;Saxifraga nivalis L.	pollen	percentage	0.98897		
individualtimelinenode_7ad29507-799c-4376-b56f-1351f3b39160	8567	8567	Saxifraga nivalis type	Saxifraga tenuis (Wbg.) H. Sm.	Species	Life > Plantae > Saxifraga tenuis (Wbg.) H. Sm.	Saxifraga hieraciifolia W. & K.;Saxifraga tenuis (Wbg.) H. Sm.;Saxifraga nivalis L.	pollen	percentage	0.98897		
individualtimelinenode_7ad29507-799c-4376-b56f-1351f3b39160	8567	8567	Saxifraga nivalis type	Saxifraga nivalis L.	Species	Life > Plantae > Angiosperms > Saxifragales > Saxifragaceae > Saxifraga > Saxifraga nivalis L.	Saxifraga hieraciifolia W. & K.;Saxifraga tenuis (Wbg.) H. Sm.;Saxifraga nivalis L.	pollen	percentage	0.98897		
individualtimelinenode_7ad29507-799c-4376-b56f-1351f3b39160	8567	8567	Saxifraga oppositifolia type	Saxifraga paniculata Mill.	Species	Saxifraga paniculata Mill.	Saxifraga paniculata Mill.;Saxifraga aizoides L.;Saxifraga tricuspidata Rottb.;Saxifraga oppositifolia L.	pollen	percentage	0		
individualtimelinenode_7ad29507-799c-4376-b56f-1351f3b39160	8567	8567	Saxifraga oppositifolia type	Saxifraga aizoides L.	Species	Saxifraga aizoides L.	Saxifraga paniculata Mill.;Saxifraga aizoides L.;Saxifraga tricuspidata Rottb.;Saxifraga oppositifolia L.	pollen	percentage	0		
individualtimelinenode_7ad29507-799c-4376-b56f-1351f3b39160	8567	8567	Saxifraga oppositifolia type	Saxifraga tricuspidata Rottb.	Species	Saxifraga tricuspidata Rottb.	Saxifraga paniculata Mill.;Saxifraga aizoides L.;Saxifraga tricuspidata Rottb.;Saxifraga oppositifolia L.	pollen	percentage	0		
individualtimelinenode_7ad29507-799c-4376-b56f-1351f3b39160	8567	8567	Saxifraga oppositifolia type	Saxifraga oppositifolia L.	Species	Life > Plantae > Angiosperms > Saxifragales > Saxifragaceae > Saxifraga > Saxifraga oppositifolia L.	Saxifraga paniculata Mill.;Saxifraga aizoides L.;Saxifraga tricuspidata Rottb.;Saxifraga oppositifolia L.	pollen	percentage	0		
individualtimelinenode_7ad29507-799c-4376-b56f-1351f3b39160	8567	8567	Thalictrum alpinum	Thalictrum alpinum L.	Species	Life > Plantae > Angiosperms > Ranunculales > Ranunculaceae > Thalictrum > Thalictrum alpinum L.	Thalictrum alpinum L.	pollen	percentage	0.26222		
individualtimelinenode_7ad29507-799c-4376-b56f-1351f3b39160	8567	8567	Tuberiflorae	Problematic (Placeholder)	Kingdom	Life > Problematic (Placeholder)	Problematic (Placeholder)	pollen	percentage	0		
individualtimelinenode_7ad29507-799c-4376-b56f-1351f3b39160	8567	8567	Vaccinium uliginosum	Vaccinium uliginosum L.	Species	Life > Plantae > Angiosperms > Ericales > Ericaceae > Vaccinioideae > Vaccinium > Vaccinium uliginosum L.	Vaccinium uliginosum L.	pollen	percentage	0		
individualtimelinenode_7ad29507-799c-4376-b56f-1351f3b39160	8643	8643	Arctostaphylos alpina	Arctostaphylos alpina (L.) Spreng.	Species	Life > Plantae > Arctostaphylos alpina (L.) Spreng.	Arctostaphylos alpina (L.) Spreng.	pollen	percentage	0		
individualtimelinenode_7ad29507-799c-4376-b56f-1351f3b39160	8643	8643	Betula	Betula	Genus	Life > Plantae > Angiosperms > Fagales > Betulaceae > Betula	Betula	pollen	percentage	0.51873		
individualtimelinenode_7ad29507-799c-4376-b56f-1351f3b39160	8643	8643	Campanula	Campanula	Genus	Life > Plantae > Angiosperms > Asterales > Campanulaceae > Campanula	Campanula	pollen	percentage	0		
individualtimelinenode_7ad29507-799c-4376-b56f-1351f3b39160	8643	8643	Caryophyllaceae	Caryophyllaceae	Family	Life > Plantae > Angiosperms > Caryophyllales > Caryophyllaceae	Caryophyllaceae	pollen	percentage	3.23072		
individualtimelinenode_7ad29507-799c-4376-b56f-1351f3b39160	8643	8643	Cassiope type	Harrimanella hypnoides (L.) Coville	Species	Life > Plantae > Harrimanella hypnoides (L.) Coville	Harrimanella hypnoides (L.) Coville;Cassiope tetragona (L.) D.Don	pollen	percentage	0		
individualtimelinenode_7ad29507-799c-4376-b56f-1351f3b39160	8643	8643	Cassiope type	Cassiope tetragona (L.) D.Don	Species	Life > Plantae > Angiosperms > Ericales > Ericaceae > Cassiopoideae > Cassiope > Cassiope tetragona (L.) D.Don	Harrimanella hypnoides (L.) Coville;Cassiope tetragona (L.) D.Don	pollen	percentage	0		
individualtimelinenode_7ad29507-799c-4376-b56f-1351f3b39160	8643	8643	Chamaenerion type	Chamaenerion	Genus	Life > Plantae > Angiosperms > Myrtales > Onagraceae > Chamaenerion	Chamaenerion	pollen	percentage	0		
individualtimelinenode_7ad29507-799c-4376-b56f-1351f3b39160	8643	8643	Cruciferae	Cruciferae	Family	Life > Plantae > Cruciferae	Cruciferae	pollen	percentage	0.84708		
individualtimelinenode_7ad29507-799c-4376-b56f-1351f3b39160	8643	8643	Cyperaceae	Cyperaceae	Family	Life > Plantae > Angiosperms > Poales > Cyperaceae	Cyperaceae	pollen	percentage	5.28666		
individualtimelinenode_7ad29507-799c-4376-b56f-1351f3b39160	8643	8643	Dryas	Dryas	Genus	Life > Plantae > Angiosperms > Rosales > Rosaceae > Dryas	Dryas	pollen	percentage	0.4691		
individualtimelinenode_7ad29507-799c-4376-b56f-1351f3b39160	8643	8643	Empetrum nigrum	Empetrum nigrum (Hagerup) Böch.	Species	Life > Plantae > Empetrum nigrum (Hagerup) Böch.	Empetrum nigrum (Hagerup) Böch.	pollen	percentage	0.19164		
individualtimelinenode_7ad29507-799c-4376-b56f-1351f3b39160	8643	8643	Gramineae	Gramineae	Genus	Life > Plantae > Gramineae	Gramineae	pollen	percentage	70.3323		
individualtimelinenode_7ad29507-799c-4376-b56f-1351f3b39160	8643	8643	Huperzia selago	Huperzia selago (L.) Bernh. ex Schrank. & Mart.	Species	Life > Plantae > Huperzia selago (L.) Bernh. ex Schrank. & Mart.	Huperzia selago (L.) Bernh. ex Schrank. & Mart.	pollen	percentage	0.48388		
individualtimelinenode_7ad29507-799c-4376-b56f-1351f3b39160	8643	8643	Koenigia islandica	Koenigia islandica L.	Species	Life > Plantae > Angiosperms > Caryophyllales > Polygonaceae > Koenigia > Koenigia islandica L.	Koenigia islandica L.	pollen	percentage	0.80481		
individualtimelinenode_7ad29507-799c-4376-b56f-1351f3b39160	8643	8643	Liguiflorae	Liguiflorae	Family	Life > Plantae > Liguiflorae	Liguiflorae	pollen	percentage	0.46156		
individualtimelinenode_7ad29507-799c-4376-b56f-1351f3b39160	8643	8643	Lycopodium type	Problematic (Placeholder)	Kingdom	Life > Problematic (Placeholder)	Problematic (Placeholder)	pollen	percentage	1.69342		
individualtimelinenode_7ad29507-799c-4376-b56f-1351f3b39160	8643	8643	Oxyria	Oxyria	Genus	Life > Plantae > Angiosperms > Caryophyllales > Polygonaceae > Oxyria	Oxyria	pollen	percentage	5.94889		
individualtimelinenode_7ad29507-799c-4376-b56f-1351f3b39160	8643	8643	Pedicuralis	Pedicuralis	Genus	Life > Plantae > Pedicuralis	Pedicuralis	pollen	percentage	0		
individualtimelinenode_7ad29507-799c-4376-b56f-1351f3b39160	8643	8643	Phyllodoce corerulea	Phyllodoce corerulea (L.) Bab.	Species	Life > Plantae > Phyllodoce corerulea (L.) Bab.	Phyllodoce corerulea (L.) Bab.	pollen	percentage	0		
individualtimelinenode_7ad29507-799c-4376-b56f-1351f3b39160	8643	8643	Polygonum viviparum	Polygonum viviparum L.	Species	Life > Plantae > Polygonum viviparum L.	Polygonum viviparum L.	pollen	percentage	1.19016		
individualtimelinenode_7ad29507-799c-4376-b56f-1351f3b39160	8643	8643	Polypodiaceae	Polypodiaceae	Family	Life > Plantae > Polypodiophyta > Polypodiopsida > Polypodiales > Polypodiaceae	Polypodiaceae	pollen	percentage	0		
individualtimelinenode_7ad29507-799c-4376-b56f-1351f3b39160	8643	8643	Potentilla	Potentilla	Genus	Life > Plantae > Angiosperms > Rosales > Rosaceae > Potentilla	Potentilla	pollen	percentage	0		
individualtimelinenode_7ad29507-799c-4376-b56f-1351f3b39160	8643	8643	Ranunculus	Ranunculus	Genus	Life > Plantae > Angiosperms > Ranunculales > Ranunculaceae > Ranunculus	Ranunculus	pollen	percentage	0.8201		
individualtimelinenode_7ad29507-799c-4376-b56f-1351f3b39160	8643	8643	Rhododendron lapponicum	Rhododendron lapponicum (L.) Wbg.	Species	Life > Plantae > Rhododendron lapponicum (L.) Wbg.	Rhododendron lapponicum (L.) Wbg.	pollen	percentage	0		
individualtimelinenode_7ad29507-799c-4376-b56f-1351f3b39160	8643	8643	Salix	Salix	Genus	Life > Plantae > Angiosperms > Malpighiales > Salicaceae > Salix	Salix	pollen	percentage	9.61393		
individualtimelinenode_7ad29507-799c-4376-b56f-1351f3b39160	8643	8643	Saxifraga ceruna type	Problematic (Placeholder)	Kingdom	Life > Problematic (Placeholder)	Problematic (Placeholder)	pollen	percentage	0		
individualtimelinenode_7ad29507-799c-4376-b56f-1351f3b39160	8643	8643	Saxifraga nivalis type	Saxifraga hieraciifolia W. & K.	Species	Life > Plantae > Saxifraga hieraciifolia W. & K.	Saxifraga hieraciifolia W. & K.;Saxifraga tenuis (Wbg.) H. Sm.;Saxifraga nivalis L.	pollen	percentage	0		
individualtimelinenode_7ad29507-799c-4376-b56f-1351f3b39160	8643	8643	Saxifraga nivalis type	Saxifraga tenuis (Wbg.) H. Sm.	Species	Life > Plantae > Saxifraga tenuis (Wbg.) H. Sm.	Saxifraga hieraciifolia W. & K.;Saxifraga tenuis (Wbg.) H. Sm.;Saxifraga nivalis L.	pollen	percentage	0		
individualtimelinenode_7ad29507-799c-4376-b56f-1351f3b39160	8643	8643	Saxifraga nivalis type	Saxifraga nivalis L.	Species	Life > Plantae > Angiosperms > Saxifragales > Saxifragaceae > Saxifraga > Saxifraga nivalis L.	Saxifraga hieraciifolia W. & K.;Saxifraga tenuis (Wbg.) H. Sm.;Saxifraga nivalis L.	pollen	percentage	0		
individualtimelinenode_7ad29507-799c-4376-b56f-1351f3b39160	8643	8643	Saxifraga oppositifolia type	Saxifraga paniculata Mill.	Species	Saxifraga paniculata Mill.	Saxifraga paniculata Mill.;Saxifraga aizoides L.;Saxifraga tricuspidata Rottb.;Saxifraga oppositifolia L.	pollen	percentage	0.50445		
individualtimelinenode_7ad29507-799c-4376-b56f-1351f3b39160	8643	8643	Saxifraga oppositifolia type	Saxifraga aizoides L.	Species	Saxifraga aizoides L.	Saxifraga paniculata Mill.;Saxifraga aizoides L.;Saxifraga tricuspidata Rottb.;Saxifraga oppositifolia L.	pollen	percentage	0.50445		
individualtimelinenode_7ad29507-799c-4376-b56f-1351f3b39160	8643	8643	Saxifraga oppositifolia type	Saxifraga tricuspidata Rottb.	Species	Saxifraga tricuspidata Rottb.	Saxifraga paniculata Mill.;Saxifraga aizoides L.;Saxifraga tricuspidata Rottb.;Saxifraga oppositifolia L.	pollen	percentage	0.50445		
individualtimelinenode_7ad29507-799c-4376-b56f-1351f3b39160	8643	8643	Saxifraga oppositifolia type	Saxifraga oppositifolia L.	Species	Life > Plantae > Angiosperms > Saxifragales > Saxifragaceae > Saxifraga > Saxifraga oppositifolia L.	Saxifraga paniculata Mill.;Saxifraga aizoides L.;Saxifraga tricuspidata Rottb.;Saxifraga oppositifolia L.	pollen	percentage	0.50445		
individualtimelinenode_7ad29507-799c-4376-b56f-1351f3b39160	8643	8643	Thalictrum alpinum	Thalictrum alpinum L.	Species	Life > Plantae > Angiosperms > Ranunculales > Ranunculaceae > Thalictrum > Thalictrum alpinum L.	Thalictrum alpinum L.	pollen	percentage	0		
individualtimelinenode_7ad29507-799c-4376-b56f-1351f3b39160	8643	8643	Tuberiflorae	Problematic (Placeholder)	Kingdom	Life > Problematic (Placeholder)	Problematic (Placeholder)	pollen	percentage	0		
individualtimelinenode_7ad29507-799c-4376-b56f-1351f3b39160	8643	8643	Vaccinium uliginosum	Vaccinium uliginosum L.	Species	Life > Plantae > Angiosperms > Ericales > Ericaceae > Vaccinioideae > Vaccinium > Vaccinium uliginosum L.	Vaccinium uliginosum L.	pollen	percentage	0		
